query,seq1,seq2,seq3,seq4,seq5,seq6,seq7,seq8,seq9,seq10,seq11,seq12,seq13,seq14,seq15,seq16,seq17,seq18,seq19,seq20,seq21,seq22,seq23,seq24,seq25,seq26,seq27,seq28,seq29,seq30,seq31,seq32,seq33,seq34,seq35,seq36,seq37,seq38,seq39,seq40,seq41,seq42,seq43,seq44,seq45,seq46,seq47,seq48,seq49,seq50,seq51,seq52,seq53,seq54,seq55,seq56,seq57,seq58,seq59,seq60,seq61,seq62,seq63,seq64,seq65,seq66,seq67,seq68,seq69,seq70,seq71,seq72,seq73,seq74,seq75,seq76,seq77,seq78,seq79,seq80,seq81,seq82,seq83,seq84,seq85,seq86,seq87,seq88,seq89,seq90,seq91,seq92,seq93,seq94,seq95,seq96,seq97,seq98,seq99,seq100,seq101,seq102,seq103,seq104,seq105,seq106,seq107,seq108,seq109,seq110,seq111,seq112,seq113,seq114,seq115,seq116,seq117,seq118,seq119,seq120,seq121,seq122,seq123,seq124,seq125,seq126,seq127,seq128,seq129,seq130,seq131,seq132,seq133,seq134,seq135,seq136,seq137,seq138,seq139,seq140,seq141,seq142,seq143,seq144,seq145,seq146,seq147,seq148,seq149,seq150,seq151,seq152,seq153,seq154,seq155,seq156,seq157,seq158,seq159,seq160,seq161,seq162,seq163,seq164,seq165,seq166,seq167,seq168,seq169,seq170,seq171,seq172,seq173,seq174,seq175,seq176,seq177,seq178,seq179,seq180,seq181,seq182,seq183,seq184,seq185,seq186,seq187,seq188,seq189,seq190,seq191,seq192,seq193,seq194,seq195,seq196,seq197,seq198,seq199,seq200
seq1,100.0,0.0,0.0,0.0,0.0,28.7,0.0,0.0,30.5,0.0,60.6,31.3,0.0,39.7,0.0,0.0,25.0,0.0,0.0,0.0,0.0,0.0,0.0,38.3,0.0,36.7,0.0,0.0,0.0,30.9,0.0,0.0,0.0,0.0,0.0,0.0,37.1,27.5,39.7,0.0,0.0,0.0,0.0,0.0,0.0,0.0,37.1,0.0,0.0,0.0,0.0,0.0,0.0,0.0,0.0,0.0,0.0,0.0,0.0,0.0,47.0,0.0,27.1,0.0,0.0,0.0,0.0,37.0,41.6,76.8,72.7,0.0,0.0,36.5,0.0,0.0,0.0,75.5,38.3,0.0,0.0,0.0,39.0,27.7,0.0,35.7,0.0,0.0,0.0,0.0,0.0,0.0,0.0,0.0,0.0,0.0,37.5,37.5,31.5,31.5,0.0,24.6,0.0,0.0,26.5,26.5,0.0,0.0,100.0,0.0,0.0,64.8,0.0,0.0,0.0,0.0,0.0,43.6,0.0,0.0,0.0,0.0,0.0,0.0,0.0,0.0,39.5,0.0,25.0,0.0,0.0,0.0,0.0,0.0,0.0,0.0,33.7,0.0,0.0,0.0,0.0,0.0,0.0,34.4,71.0,0.0,0.0,0.0,0.0,0.0,0.0,30.3,30.0,30.0,0.0,0.0,0.0,0.0,0.0,52.4,31.7,38.2,38.2,38.2,38.2,38.2,0.0,0.0,0.0,0.0,0.0,0.0,0.0,0.0,0.0,0.0,33.7,0.0,0.0,28.5,0.0,0.0,36.9,0.0,35.0,0.0,45.4,43.0,0.0,28.4,32.9,0.0,0.0,40.3,0.0,0.0,0.0,0.0,0.0,0.0
seq2,0.0,100.0,0.0,0.0,0.0,0.0,0.0,0.0,0.0,0.0,0.0,0.0,0.0,0.0,0.0,0.0,0.0,0.0,0.0,0.0,0.0,0.0,0.0,0.0,40.8,0.0,0.0,0.0,0.0,0.0,0.0,0.0,0.0,0.0,0.0,0.0,0.0,0.0,0.0,0.0,0.0,0.0,0.0,0.0,0.0,0.0,0.0,0.0,0.0,0.0,37.4,0.0,0.0,0.0,0.0,0.0,0.0,0.0,0.0,0.0,0.0,0.0,0.0,0.0,0.0,41.5,0.0,0.0,0.0,0.0,0.0,41.8,0.0,0.0,0.0,0.0,0.0,0.0,0.0,0.0,0.0,0.0,0.0,0.0,0.0,0.0,0.0,0.0,0.0,0.0,0.0,0.0,0.0,0.0,0.0,0.0,0.0,0.0,0.0,0.0,0.0,0.0,0.0,0.0,0.0,0.0,0.0,0.0,0.0,0.0,0.0,0.0,0.0,0.0,0.0,0.0,0.0,0.0,0.0,0.0,0.0,0.0,0.0,0.0,0.0,0.0,0.0,0.0,0.0,0.0,0.0,0.0,0.0,0.0,0.0,0.0,0.0,0.0,0.0,0.0,0.0,0.0,0.0,0.0,0.0,0.0,0.0,0.0,0.0,0.0,0.0,0.0,0.0,0.0,0.0,0.0,0.0,0.0,0.0,0.0,0.0,0.0,0.0,0.0,0.0,0.0,0.0,0.0,0.0,0.0,0.0,0.0,0.0,0.0,0.0,0.0,0.0,0.0,0.0,0.0,0.0,0.0,0.0,0.0,0.0,0.0,0.0,0.0,0.0,0.0,0.0,69.6,0.0,0.0,0.0,0.0,0.0,0.0,0.0,0.0
seq3,0.0,0.0,100.0,0.0,0.0,0.0,0.0,0.0,0.0,0.0,0.0,0.0,0.0,0.0,0.0,0.0,0.0,0.0,0.0,0.0,0.0,0.0,0.0,0.0,0.0,0.0,0.0,0.0,0.0,0.0,0.0,0.0,0.0,0.0,0.0,0.0,0.0,0.0,0.0,0.0,0.0,99.7,99.7,99.7,99.7,99.7,0.0,0.0,0.0,0.0,0.0,0.0,0.0,0.0,0.0,0.0,0.0,0.0,0.0,0.0,0.0,0.0,0.0,0.0,0.0,0.0,0.0,0.0,0.0,0.0,0.0,0.0,0.0,0.0,0.0,0.0,0.0,0.0,0.0,0.0,0.0,0.0,0.0,0.0,0.0,0.0,0.0,0.0,0.0,0.0,0.0,0.0,0.0,0.0,0.0,0.0,0.0,0.0,0.0,0.0,0.0,0.0,0.0,0.0,0.0,0.0,0.0,0.0,0.0,0.0,0.0,0.0,0.0,0.0,0.0,0.0,0.0,0.0,0.0,0.0,0.0,0.0,0.0,0.0,0.0,0.0,0.0,0.0,0.0,0.0,0.0,0.0,0.0,0.0,0.0,0.0,0.0,0.0,0.0,0.0,0.0,0.0,0.0,0.0,0.0,0.0,0.0,0.0,0.0,0.0,0.0,0.0,0.0,0.0,0.0,0.0,0.0,0.0,0.0,0.0,0.0,0.0,0.0,0.0,0.0,0.0,0.0,0.0,0.0,0.0,0.0,0.0,0.0,0.0,0.0,0.0,0.0,0.0,0.0,0.0,0.0,0.0,0.0,0.0,0.0,0.0,0.0,0.0,0.0,0.0,0.0,0.0,0.0,0.0,0.0,0.0,0.0,0.0,0.0,0.0
seq4,0.0,0.0,0.0,100.0,0.0,0.0,0.0,0.0,0.0,0.0,0.0,0.0,0.0,0.0,0.0,0.0,0.0,0.0,0.0,0.0,0.0,0.0,0.0,0.0,0.0,0.0,0.0,0.0,0.0,0.0,0.0,0.0,0.0,0.0,0.0,0.0,0.0,0.0,0.0,0.0,0.0,0.0,0.0,0.0,0.0,0.0,0.0,0.0,0.0,0.0,0.0,0.0,0.0,0.0,0.0,0.0,0.0,0.0,0.0,0.0,0.0,0.0,0.0,0.0,0.0,0.0,0.0,0.0,0.0,0.0,0.0,0.0,0.0,0.0,0.0,0.0,0.0,0.0,0.0,0.0,0.0,0.0,0.0,0.0,0.0,0.0,0.0,0.0,0.0,0.0,0.0,0.0,0.0,0.0,0.0,0.0,0.0,0.0,0.0,0.0,0.0,0.0,0.0,0.0,0.0,0.0,0.0,0.0,0.0,0.0,0.0,0.0,0.0,0.0,0.0,0.0,0.0,0.0,0.0,0.0,0.0,0.0,0.0,0.0,0.0,0.0,0.0,0.0,0.0,0.0,0.0,0.0,0.0,0.0,0.0,0.0,0.0,0.0,0.0,0.0,0.0,0.0,0.0,0.0,0.0,0.0,0.0,0.0,0.0,0.0,0.0,0.0,0.0,0.0,0.0,0.0,0.0,0.0,0.0,0.0,0.0,0.0,0.0,0.0,0.0,0.0,0.0,0.0,0.0,0.0,0.0,0.0,0.0,0.0,0.0,0.0,0.0,0.0,0.0,0.0,0.0,0.0,0.0,0.0,0.0,0.0,0.0,0.0,0.0,0.0,0.0,0.0,0.0,0.0,0.0,0.0,0.0,0.0,0.0,0.0
seq5,0.0,0.0,0.0,0.0,100.0,0.0,0.0,0.0,0.0,0.0,0.0,0.0,0.0,0.0,0.0,0.0,0.0,0.0,0.0,0.0,0.0,0.0,0.0,0.0,0.0,0.0,0.0,0.0,0.0,0.0,0.0,0.0,0.0,0.0,0.0,0.0,0.0,0.0,0.0,0.0,0.0,0.0,0.0,0.0,0.0,0.0,0.0,0.0,0.0,0.0,0.0,0.0,0.0,0.0,0.0,0.0,0.0,0.0,0.0,0.0,0.0,0.0,0.0,0.0,0.0,0.0,0.0,0.0,0.0,0.0,0.0,0.0,0.0,0.0,0.0,0.0,0.0,0.0,0.0,0.0,0.0,0.0,0.0,0.0,0.0,0.0,0.0,0.0,0.0,0.0,0.0,0.0,0.0,0.0,0.0,0.0,0.0,0.0,0.0,0.0,0.0,0.0,0.0,0.0,0.0,0.0,0.0,0.0,0.0,0.0,0.0,0.0,0.0,0.0,0.0,0.0,0.0,0.0,0.0,0.0,0.0,0.0,0.0,0.0,0.0,0.0,0.0,0.0,0.0,0.0,0.0,0.0,0.0,0.0,0.0,0.0,0.0,0.0,0.0,0.0,0.0,0.0,0.0,0.0,0.0,0.0,0.0,0.0,0.0,0.0,0.0,0.0,0.0,0.0,0.0,0.0,0.0,0.0,0.0,0.0,0.0,0.0,0.0,0.0,0.0,0.0,0.0,0.0,0.0,0.0,0.0,0.0,0.0,0.0,0.0,0.0,0.0,0.0,0.0,0.0,0.0,0.0,0.0,0.0,0.0,0.0,0.0,0.0,0.0,0.0,0.0,0.0,0.0,0.0,0.0,0.0,0.0,0.0,0.0,0.0
seq6,30.1,0.0,0.0,0.0,0.0,100.0,30.4,0.0,88.0,0.0,32.8,27.2,0.0,0.0,0.0,0.0,0.0,0.0,32.0,32.0,0.0,0.0,0.0,0.0,0.0,0.0,30.5,0.0,35.1,32.1,0.0,0.0,0.0,0.0,0.0,0.0,0.0,0.0,27.0,0.0,0.0,0.0,0.0,0.0,0.0,0.0,35.2,0.0,0.0,0.0,0.0,0.0,25.6,0.0,0.0,0.0,0.0,0.0,0.0,0.0,0.0,0.0,0.0,0.0,0.0,0.0,0.0,31.2,30.8,29.1,28.7,0.0,29.4,0.0,34.4,0.0,0.0,30.5,0.0,0.0,0.0,0.0,0.0,0.0,0.0,36.8,0.0,0.0,43.7,0.0,0.0,0.0,0.0,0.0,0.0,0.0,38.8,38.8,24.0,26.9,0.0,30.0,0.0,0.0,27.2,27.2,0.0,0.0,31.1,0.0,0.0,33.8,0.0,0.0,0.0,0.0,0.0,0.0,0.0,0.0,0.0,0.0,0.0,0.0,0.0,28.8,0.0,0.0,28.1,35.4,35.4,0.0,0.0,30.0,30.0,30.0,0.0,0.0,0.0,76.4,32.5,0.0,0.0,0.0,33.3,0.0,0.0,0.0,0.0,0.0,0.0,0.0,0.0,0.0,0.0,0.0,0.0,0.0,0.0,33.3,0.0,45.8,45.8,45.8,45.8,45.8,0.0,0.0,0.0,0.0,38.6,38.6,38.6,38.6,0.0,0.0,32.5,0.0,0.0,36.0,0.0,0.0,31.8,0.0,32.4,0.0,0.0,40.2,0.0,66.6,0.0,0.0,0.0,28.3,35.4,30.0,30.0,0.0,32.0,0.0
seq7,31.3,0.0,0.0,0.0,0.0,27.0,100.0,25.3,26.1,0.0,27.8,100.0,29.9,0.0,0.0,28.3,0.0,0.0,38.8,38.8,28.5,0.0,0.0,28.5,0.0,25.4,27.1,27.0,0.0,33.8,0.0,0.0,19.5,0.0,0.0,0.0,0.0,0.0,0.0,0.0,0.0,0.0,0.0,0.0,0.0,0.0,26.6,0.0,0.0,25.4,0.0,0.0,0.0,0.0,0.0,0.0,0.0,0.0,0.0,28.0,25.0,31.6,49.7,0.0,28.1,0.0,27.5,25.4,35.7,39.5,29.4,0.0,39.4,30.9,0.0,0.0,0.0,28.5,0.0,25.3,0.0,0.0,34.3,0.0,0.0,35.2,0.0,0.0,20.9,21.9,0.0,0.0,0.0,0.0,0.0,0.0,25.3,25.0,42.3,42.3,0.0,37.9,0.0,0.0,58.6,58.6,0.0,0.0,31.0,0.0,27.1,28.7,0.0,0.0,0.0,0.0,0.0,0.0,36.6,44.0,0.0,36.6,0.0,0.0,0.0,0.0,26.0,0.0,45.7,25.2,25.8,0.0,0.0,0.0,0.0,0.0,0.0,0.0,0.0,0.0,30.6,0.0,0.0,26.7,29.4,0.0,0.0,0.0,0.0,0.0,0.0,34.6,0.0,0.0,0.0,38.0,37.0,0.0,0.0,22.8,0.0,0.0,0.0,0.0,0.0,0.0,0.0,0.0,0.0,0.0,36.6,36.6,36.6,36.6,0.0,0.0,45.4,0.0,0.0,35.7,0.0,0.0,24.6,26.6,33.3,26.9,0.0,19.4,0.0,26.2,29.8,0.0,0.0,39.7,0.0,0.0,0.0,0.0,38.8,40.8
seq8,0.0,0.0,0.0,0.0,0.0,0.0,25.6,100.0,32.2,0.0,28.9,32.8,32.8,25.3,0.0,24.8,23.6,0.0,25.0,25.0,62.3,0.0,0.0,22.7,0.0,25.7,64.2,65.5,27.7,0.0,0.0,0.0,20.7,56.2,55.9,25.6,30.0,0.0,30.6,0.0,32.8,0.0,0.0,0.0,0.0,0.0,20.7,0.0,0.0,26.8,0.0,0.0,0.0,0.0,0.0,0.0,0.0,0.0,0.0,39.0,25.6,0.0,0.0,0.0,0.0,0.0,28.2,21.8,27.6,0.0,0.0,0.0,29.8,27.3,0.0,0.0,22.4,27.0,0.0,0.0,0.0,0.0,28.2,0.0,0.0,28.3,0.0,0.0,0.0,23.6,0.0,0.0,0.0,0.0,0.0,0.0,25.2,24.4,24.8,24.8,0.0,26.5,0.0,0.0,0.0,0.0,0.0,25.7,26.6,0.0,0.0,0.0,0.0,25.5,0.0,0.0,0.0,0.0,32.4,32.4,0.0,29.6,0.0,0.0,0.0,0.0,25.6,0.0,0.0,24.5,25.5,0.0,0.0,0.0,0.0,0.0,0.0,0.0,0.0,0.0,34.1,0.0,0.0,23.8,24.5,0.0,0.0,0.0,0.0,0.0,0.0,0.0,0.0,0.0,0.0,26.5,27.2,0.0,0.0,29.2,0.0,19.7,19.7,19.7,19.7,19.7,0.0,0.0,0.0,0.0,0.0,0.0,0.0,0.0,0.0,0.0,30.6,0.0,0.0,0.0,0.0,0.0,24.8,27.5,0.0,27.8,28.2,24.1,0.0,0.0,23.9,0.0,0.0,0.0,27.2,0.0,0.0,0.0,25.0,0.0
seq9,30.5,0.0,0.0,0.0,0.0,88.0,28.0,31.3,100.0,0.0,34.3,28.5,0.0,25.3,0.0,0.0,0.0,0.0,33.3,33.3,31.4,0.0,0.0,30.3,0.0,0.0,31.4,0.0,25.2,32.7,0.0,0.0,0.0,0.0,25.0,0.0,0.0,0.0,23.0,0.0,30.0,0.0,0.0,0.0,0.0,0.0,31.7,0.0,0.0,0.0,0.0,0.0,0.0,0.0,0.0,0.0,0.0,0.0,0.0,0.0,0.0,0.0,28.1,0.0,0.0,0.0,0.0,26.7,30.8,31.9,29.1,0.0,0.0,29.0,35.8,0.0,0.0,33.3,0.0,39.3,0.0,0.0,0.0,31.5,0.0,33.7,0.0,0.0,0.0,27.8,0.0,0.0,0.0,0.0,0.0,0.0,29.8,30.3,27.4,27.4,0.0,32.2,25.0,0.0,24.5,24.5,0.0,0.0,30.5,0.0,0.0,29.1,0.0,0.0,36.6,0.0,0.0,0.0,35.1,35.2,0.0,34.6,0.0,0.0,0.0,30.5,37.1,0.0,29.5,37.1,37.1,0.0,0.0,0.0,0.0,0.0,29.5,28.5,28.5,67.6,35.4,0.0,0.0,32.0,31.9,33.8,33.8,33.8,33.8,33.8,33.8,0.0,0.0,0.0,30.4,33.3,32.9,0.0,0.0,33.8,0.0,47.9,47.9,47.9,47.9,47.9,0.0,0.0,0.0,30.6,38.8,38.8,38.8,38.8,0.0,0.0,32.8,35.2,0.0,34.7,0.0,0.0,35.0,0.0,33.8,0.0,34.0,32.2,0.0,65.4,0.0,0.0,0.0,28.7,0.0,30.1,30.1,0.0,33.3,36.4
seq10,0.0,0.0,0.0,0.0,0.0,0.0,0.0,20.9,0.0,100.0,0.0,0.0,0.0,0.0,0.0,0.0,0.0,0.0,28.5,28.5,0.0,0.0,0.0,0.0,0.0,0.0,0.0,0.0,26.5,0.0,0.0,0.0,0.0,0.0,0.0,0.0,28.8,0.0,0.0,0.0,0.0,0.0,0.0,0.0,0.0,0.0,0.0,0.0,0.0,0.0,0.0,0.0,0.0,0.0,0.0,0.0,0.0,0.0,0.0,0.0,29.0,32.1,0.0,0.0,0.0,0.0,0.0,0.0,28.8,0.0,0.0,0.0,27.2,0.0,0.0,0.0,0.0,0.0,0.0,0.0,0.0,0.0,0.0,0.0,0.0,0.0,0.0,0.0,0.0,0.0,0.0,0.0,0.0,0.0,0.0,0.0,0.0,0.0,0.0,0.0,0.0,0.0,0.0,0.0,0.0,0.0,0.0,0.0,0.0,0.0,0.0,0.0,0.0,0.0,0.0,0.0,0.0,0.0,0.0,0.0,0.0,0.0,0.0,0.0,0.0,32.7,0.0,0.0,32.8,0.0,0.0,0.0,0.0,0.0,0.0,0.0,0.0,30.5,30.6,0.0,0.0,0.0,0.0,0.0,0.0,0.0,0.0,0.0,0.0,0.0,0.0,0.0,0.0,0.0,0.0,23.5,30.9,0.0,0.0,0.0,0.0,0.0,0.0,0.0,0.0,0.0,0.0,0.0,0.0,33.3,32.8,32.8,32.8,32.8,0.0,0.0,0.0,30.5,0.0,32.2,0.0,0.0,0.0,0.0,0.0,0.0,0.0,0.0,0.0,0.0,0.0,0.0,0.0,0.0,0.0,0.0,0.0,0.0,28.5,0.0
seq11,61.2,0.0,0.0,0.0,0.0,31.3,27.8,0.0,31.3,27.5,100.0,27.0,0.0,25.2,0.0,0.0,24.2,0.0,30.4,30.4,27.6,0.0,0.0,24.0,0.0,0.0,27.6,27.1,0.0,0.0,0.0,0.0,0.0,29.4,29.1,26.3,0.0,0.0,0.0,0.0,0.0,0.0,0.0,0.0,0.0,0.0,0.0,0.0,0.0,27.3,0.0,0.0,0.0,0.0,0.0,0.0,0.0,0.0,0.0,0.0,27.2,0.0,29.3,0.0,0.0,0.0,23.4,23.6,28.4,53.9,67.9,0.0,0.0,0.0,24.5,0.0,0.0,67.8,0.0,0.0,0.0,0.0,31.2,0.0,0.0,33.8,0.0,0.0,0.0,28.1,0.0,0.0,0.0,0.0,0.0,0.0,24.4,24.1,24.7,24.7,0.0,0.0,0.0,0.0,27.9,27.9,0.0,0.0,41.6,0.0,0.0,48.8,0.0,0.0,0.0,0.0,0.0,0.0,38.0,38.0,0.0,36.5,0.0,0.0,0.0,0.0,0.0,0.0,0.0,28.7,29.0,0.0,0.0,26.2,26.2,26.2,23.0,0.0,0.0,30.2,0.0,0.0,0.0,27.1,33.8,0.0,0.0,0.0,0.0,0.0,0.0,0.0,26.8,26.8,0.0,0.0,0.0,0.0,0.0,43.2,0.0,27.2,27.2,27.2,27.2,27.2,0.0,0.0,0.0,0.0,0.0,0.0,0.0,0.0,0.0,0.0,38.8,0.0,0.0,0.0,0.0,0.0,0.0,0.0,0.0,27.7,0.0,26.5,0.0,0.0,29.1,0.0,0.0,0.0,0.0,27.8,27.8,0.0,30.4,40.3
seq12,31.3,0.0,0.0,0.0,0.0,27.2,100.0,33.3,26.1,0.0,27.0,100.0,0.0,0.0,0.0,37.2,0.0,0.0,35.3,35.3,0.0,0.0,0.0,25.0,0.0,0.0,0.0,0.0,0.0,0.0,0.0,0.0,25.5,0.0,0.0,0.0,0.0,0.0,0.0,0.0,0.0,0.0,0.0,0.0,0.0,0.0,33.7,0.0,0.0,27.8,0.0,0.0,0.0,0.0,0.0,0.0,0.0,0.0,0.0,0.0,0.0,31.6,45.0,0.0,0.0,0.0,0.0,0.0,30.8,26.3,33.3,0.0,34.1,0.0,0.0,0.0,0.0,35.4,0.0,25.9,0.0,0.0,29.8,0.0,0.0,34.7,0.0,0.0,0.0,0.0,0.0,0.0,0.0,0.0,0.0,0.0,0.0,0.0,35.8,35.8,0.0,39.4,0.0,0.0,62.6,62.6,0.0,0.0,31.3,0.0,0.0,31.7,0.0,0.0,0.0,0.0,0.0,0.0,42.3,44.0,0.0,40.6,0.0,0.0,0.0,0.0,0.0,0.0,47.3,30.7,30.7,0.0,0.0,0.0,0.0,0.0,0.0,0.0,0.0,0.0,32.4,0.0,0.0,0.0,0.0,0.0,0.0,0.0,0.0,0.0,0.0,0.0,0.0,0.0,0.0,39.5,37.2,0.0,0.0,27.1,0.0,0.0,0.0,0.0,0.0,0.0,0.0,0.0,0.0,0.0,36.6,36.6,36.6,36.6,0.0,0.0,46.1,0.0,0.0,31.0,0.0,0.0,29.3,31.8,0.0,0.0,0.0,31.2,0.0,27.5,31.8,0.0,0.0,41.7,0.0,0.0,0.0,0.0,35.3,44.0
seq13,0.0,0.0,0.0,0.0,0.0,0.0,36.3,34.3,0.0,0.0,0.0,0.0,100.0,38.1,0.0,0.0,0.0,0.0,32.8,32.8,0.0,0.0,0.0,47.6,0.0,53.2,0.0,0.0,0.0,0.0,0.0,0.0,22.2,0.0,0.0,0.0,0.0,0.0,34.9,0.0,28.9,0.0,0.0,0.0,0.0,0.0,32.8,0.0,0.0,0.0,0.0,0.0,0.0,0.0,0.0,0.0,0.0,0.0,0.0,0.0,0.0,0.0,0.0,0.0,0.0,0.0,30.3,47.9,34.5,0.0,0.0,0.0,33.3,37.3,0.0,0.0,0.0,0.0,0.0,0.0,0.0,0.0,42.8,0.0,0.0,45.4,0.0,0.0,0.0,34.6,0.0,0.0,0.0,0.0,0.0,0.0,36.7,38.2,33.3,33.3,0.0,26.9,0.0,0.0,31.7,31.7,0.0,0.0,31.7,0.0,28.2,0.0,32.8,32.0,0.0,0.0,0.0,0.0,32.5,32.5,0.0,36.7,0.0,0.0,0.0,0.0,37.9,0.0,42.0,34.7,0.0,0.0,0.0,0.0,0.0,0.0,40.4,0.0,0.0,0.0,32.5,0.0,0.0,41.7,34.7,0.0,0.0,0.0,0.0,0.0,0.0,0.0,0.0,0.0,0.0,38.7,38.7,0.0,0.0,36.4,0.0,0.0,0.0,0.0,0.0,0.0,0.0,0.0,0.0,0.0,0.0,0.0,0.0,0.0,0.0,0.0,28.3,0.0,0.0,32.0,0.0,0.0,34.7,0.0,0.0,0.0,0.0,0.0,0.0,0.0,0.0,0.0,0.0,0.0,0.0,0.0,0.0,0.0,32.8,33.3
seq14,44.2,0.0,0.0,0.0,0.0,0.0,21.3,0.0,0.0,0.0,25.8,0.0,40.4,100.0,0.0,28.6,0.0,0.0,0.0,0.0,0.0,0.0,0.0,29.4,0.0,36.0,24.5,25.4,28.7,29.5,0.0,0.0,22.3,0.0,0.0,31.4,31.2,0.0,58.3,0.0,0.0,0.0,0.0,0.0,0.0,0.0,32.6,0.0,0.0,0.0,0.0,0.0,55.5,0.0,0.0,0.0,0.0,0.0,0.0,0.0,0.0,25.8,0.0,0.0,0.0,0.0,30.7,22.5,25.6,42.6,25.5,0.0,0.0,31.6,0.0,0.0,0.0,25.8,0.0,0.0,0.0,0.0,38.1,0.0,0.0,37.3,0.0,0.0,0.0,0.0,0.0,0.0,0.0,0.0,0.0,0.0,26.0,26.0,0.0,0.0,0.0,0.0,0.0,0.0,23.2,23.2,0.0,21.8,44.2,0.0,0.0,0.0,0.0,28.6,0.0,0.0,0.0,28.1,43.1,41.3,0.0,41.3,0.0,0.0,0.0,0.0,0.0,0.0,26.5,0.0,0.0,0.0,0.0,0.0,0.0,0.0,60.3,0.0,0.0,0.0,0.0,0.0,0.0,25.4,29.0,0.0,0.0,0.0,0.0,0.0,0.0,0.0,0.0,0.0,0.0,0.0,0.0,0.0,0.0,36.0,0.0,34.9,34.9,34.9,34.9,34.9,0.0,0.0,0.0,0.0,0.0,0.0,0.0,0.0,0.0,0.0,0.0,0.0,0.0,0.0,0.0,0.0,31.8,28.7,0.0,28.7,36.3,32.5,36.1,0.0,0.0,0.0,0.0,26.3,0.0,0.0,0.0,0.0,0.0,37.9
seq15,0.0,0.0,0.0,0.0,0.0,0.0,0.0,0.0,0.0,0.0,0.0,0.0,0.0,0.0,100.0,0.0,0.0,0.0,0.0,0.0,0.0,0.0,0.0,0.0,0.0,0.0,0.0,0.0,0.0,0.0,0.0,0.0,0.0,0.0,0.0,0.0,0.0,0.0,0.0,0.0,0.0,0.0,0.0,0.0,0.0,0.0,0.0,0.0,0.0,0.0,0.0,0.0,0.0,0.0,0.0,0.0,0.0,0.0,0.0,0.0,0.0,0.0,0.0,0.0,0.0,0.0,0.0,0.0,0.0,0.0,0.0,0.0,0.0,0.0,0.0,0.0,0.0,0.0,0.0,0.0,0.0,0.0,0.0,0.0,0.0,0.0,0.0,0.0,0.0,0.0,0.0,0.0,56.8,0.0,0.0,0.0,0.0,0.0,0.0,0.0,0.0,0.0,0.0,0.0,0.0,0.0,0.0,0.0,0.0,0.0,0.0,0.0,0.0,0.0,0.0,0.0,0.0,0.0,0.0,0.0,0.0,0.0,0.0,0.0,0.0,0.0,0.0,0.0,0.0,0.0,0.0,0.0,0.0,0.0,0.0,0.0,0.0,0.0,0.0,0.0,0.0,0.0,0.0,0.0,0.0,0.0,0.0,0.0,0.0,0.0,0.0,0.0,0.0,0.0,0.0,0.0,0.0,0.0,0.0,0.0,0.0,0.0,0.0,0.0,0.0,0.0,0.0,0.0,0.0,0.0,0.0,0.0,0.0,0.0,0.0,0.0,0.0,0.0,0.0,0.0,0.0,0.0,0.0,0.0,0.0,0.0,0.0,0.0,0.0,0.0,0.0,0.0,0.0,0.0,0.0,0.0,0.0,0.0,0.0,0.0
seq16,0.0,0.0,0.0,0.0,0.0,0.0,26.4,24.7,0.0,0.0,0.0,33.3,0.0,28.6,0.0,100.0,0.0,0.0,27.2,27.2,25.7,0.0,23.2,34.2,0.0,36.2,25.7,24.5,0.0,0.0,0.0,0.0,21.9,25.0,25.5,0.0,29.2,0.0,0.0,35.8,26.5,0.0,0.0,0.0,0.0,0.0,33.1,0.0,0.0,29.6,0.0,22.7,0.0,27.1,0.0,0.0,0.0,0.0,0.0,0.0,30.4,0.0,0.0,0.0,34.6,0.0,34.2,27.1,25.3,27.1,29.4,0.0,26.9,29.6,26.7,0.0,26.7,28.6,0.0,36.8,0.0,0.0,32.8,0.0,0.0,35.0,0.0,0.0,0.0,36.8,0.0,0.0,0.0,0.0,0.0,0.0,37.0,34.8,22.2,22.2,0.0,25.3,0.0,0.0,26.1,26.1,0.0,0.0,28.1,0.0,23.2,25.5,33.8,39.4,0.0,0.0,0.0,26.6,33.3,34.6,0.0,33.3,0.0,0.0,0.0,0.0,40.9,0.0,25.6,39.3,36.6,0.0,0.0,0.0,0.0,0.0,28.6,0.0,0.0,0.0,30.8,0.0,0.0,34.2,0.0,0.0,0.0,0.0,0.0,0.0,0.0,32.5,0.0,0.0,0.0,26.6,26.6,0.0,0.0,0.0,0.0,0.0,0.0,0.0,0.0,0.0,0.0,0.0,0.0,0.0,0.0,0.0,0.0,0.0,0.0,0.0,37.9,0.0,0.0,32.8,0.0,0.0,36.6,88.2,0.0,0.0,33.7,0.0,0.0,0.0,75.1,0.0,0.0,29.1,0.0,0.0,0.0,0.0,27.2,0.0
seq17,0.0,0.0,0.0,0.0,0.0,0.0,0.0,24.0,0.0,0.0,23.6,0.0,0.0,0.0,0.0,0.0,100.0,0.0,0.0,0.0,0.0,0.0,0.0,0.0,0.0,0.0,0.0,0.0,0.0,27.4,0.0,0.0,0.0,0.0,0.0,0.0,0.0,0.0,0.0,0.0,0.0,0.0,0.0,0.0,0.0,0.0,0.0,0.0,0.0,0.0,0.0,0.0,0.0,0.0,0.0,0.0,0.0,0.0,0.0,0.0,0.0,0.0,0.0,0.0,0.0,0.0,0.0,0.0,25.9,27.0,0.0,0.0,0.0,24.2,0.0,0.0,0.0,0.0,27.5,0.0,0.0,0.0,0.0,0.0,0.0,0.0,0.0,0.0,28.0,0.0,0.0,0.0,0.0,0.0,0.0,0.0,0.0,0.0,28.8,28.8,0.0,0.0,0.0,0.0,20.9,20.9,0.0,0.0,22.6,0.0,0.0,0.0,0.0,0.0,32.7,0.0,0.0,0.0,0.0,0.0,0.0,0.0,0.0,0.0,0.0,0.0,0.0,0.0,0.0,0.0,0.0,0.0,0.0,0.0,0.0,0.0,0.0,0.0,0.0,0.0,0.0,0.0,0.0,22.7,0.0,0.0,0.0,0.0,0.0,0.0,0.0,0.0,0.0,0.0,0.0,0.0,0.0,0.0,0.0,0.0,0.0,0.0,0.0,0.0,0.0,0.0,0.0,0.0,0.0,0.0,0.0,0.0,0.0,0.0,0.0,0.0,0.0,0.0,0.0,0.0,0.0,0.0,0.0,0.0,0.0,0.0,0.0,0.0,0.0,0.0,0.0,0.0,0.0,0.0,0.0,0.0,0.0,0.0,0.0,0.0
seq18,0.0,0.0,0.0,0.0,0.0,0.0,0.0,0.0,0.0,0.0,0.0,0.0,0.0,0.0,0.0,0.0,0.0,100.0,0.0,0.0,0.0,32.5,0.0,0.0,0.0,0.0,0.0,0.0,0.0,0.0,0.0,0.0,0.0,0.0,0.0,0.0,0.0,0.0,0.0,0.0,0.0,0.0,0.0,0.0,0.0,0.0,0.0,0.0,0.0,36.1,0.0,0.0,0.0,0.0,0.0,0.0,0.0,0.0,0.0,0.0,0.0,0.0,33.3,0.0,0.0,0.0,33.3,0.0,0.0,0.0,0.0,0.0,0.0,0.0,0.0,0.0,0.0,0.0,0.0,0.0,0.0,0.0,0.0,0.0,0.0,0.0,0.0,0.0,0.0,0.0,28.3,28.3,0.0,0.0,0.0,0.0,35.8,35.9,0.0,0.0,0.0,0.0,0.0,0.0,0.0,0.0,0.0,0.0,0.0,0.0,0.0,0.0,0.0,0.0,0.0,0.0,0.0,0.0,0.0,0.0,0.0,0.0,0.0,0.0,0.0,0.0,28.3,0.0,0.0,0.0,0.0,0.0,0.0,0.0,0.0,0.0,0.0,28.5,0.0,0.0,0.0,0.0,0.0,0.0,0.0,0.0,0.0,0.0,0.0,0.0,0.0,0.0,0.0,0.0,0.0,30.3,30.3,0.0,0.0,0.0,38.0,0.0,0.0,0.0,0.0,0.0,0.0,0.0,0.0,0.0,0.0,0.0,0.0,0.0,0.0,0.0,0.0,0.0,0.0,0.0,0.0,0.0,0.0,0.0,0.0,0.0,0.0,0.0,0.0,0.0,0.0,0.0,0.0,0.0,0.0,0.0,0.0,0.0,0.0,23.1
seq19,0.0,0.0,0.0,0.0,0.0,30.5,38.8,25.0,28.5,28.5,0.0,32.2,32.8,0.0,0.0,28.4,0.0,0.0,100.0,100.0,26.2,0.0,22.1,30.9,0.0,24.6,29.4,28.7,0.0,35.5,0.0,26.6,27.7,27.5,29.9,0.0,28.9,35.2,0.0,0.0,0.0,0.0,0.0,0.0,0.0,0.0,20.5,0.0,0.0,17.7,0.0,23.7,0.0,0.0,0.0,0.0,0.0,0.0,0.0,0.0,28.4,29.5,37.3,0.0,0.0,0.0,28.1,22.4,31.7,0.0,0.0,0.0,77.6,23.7,26.8,0.0,22.0,0.0,0.0,26.4,0.0,0.0,33.7,28.1,0.0,41.1,0.0,0.0,23.1,26.1,0.0,0.0,0.0,0.0,0.0,0.0,25.7,25.7,38.2,38.2,0.0,56.6,0.0,0.0,39.0,39.0,0.0,27.0,25.8,0.0,0.0,28.7,21.3,0.0,0.0,0.0,0.0,0.0,44.1,47.0,0.0,42.8,0.0,0.0,0.0,19.2,0.0,0.0,36.2,27.7,26.5,0.0,0.0,0.0,0.0,0.0,0.0,0.0,0.0,0.0,30.3,0.0,0.0,24.4,32.6,0.0,0.0,0.0,0.0,0.0,0.0,27.6,0.0,0.0,0.0,59.2,59.4,0.0,0.0,0.0,0.0,22.1,22.1,22.1,22.1,22.1,0.0,0.0,0.0,0.0,33.8,33.8,33.8,33.8,0.0,0.0,43.6,0.0,0.0,34.6,0.0,0.0,31.1,28.0,0.0,0.0,26.3,20.2,0.0,0.0,34.2,0.0,0.0,59.2,0.0,0.0,0.0,0.0,100.0,42.6
seq20,0.0,0.0,0.0,0.0,0.0,30.5,38.8,25.0,28.5,28.5,0.0,32.2,32.8,0.0,0.0,28.4,0.0,0.0,100.0,100.0,26.2,0.0,22.1,30.9,0.0,24.6,29.4,28.7,0.0,35.5,0.0,26.6,27.7,27.5,29.9,0.0,28.9,35.2,0.0,0.0,0.0,0.0,0.0,0.0,0.0,0.0,20.5,0.0,0.0,17.7,0.0,23.7,0.0,0.0,0.0,0.0,0.0,0.0,0.0,0.0,28.4,29.5,37.3,0.0,0.0,0.0,28.1,22.4,31.7,0.0,0.0,0.0,77.6,23.7,26.8,0.0,22.0,0.0,0.0,26.4,0.0,0.0,33.7,28.1,0.0,41.1,0.0,0.0,23.1,26.1,0.0,0.0,0.0,0.0,0.0,0.0,25.7,25.7,38.2,38.2,0.0,56.6,0.0,0.0,39.0,39.0,0.0,27.0,25.8,0.0,0.0,28.7,21.3,0.0,0.0,0.0,0.0,0.0,44.1,47.0,0.0,42.8,0.0,0.0,0.0,19.2,0.0,0.0,36.2,27.7,26.5,0.0,0.0,0.0,0.0,0.0,0.0,0.0,0.0,0.0,30.3,0.0,0.0,24.4,32.6,0.0,0.0,0.0,0.0,0.0,0.0,27.6,0.0,0.0,0.0,59.2,59.4,0.0,0.0,0.0,0.0,22.1,22.1,22.1,22.1,22.1,0.0,0.0,0.0,0.0,33.8,33.8,33.8,33.8,0.0,0.0,43.6,0.0,0.0,34.6,0.0,0.0,31.1,28.0,0.0,0.0,26.3,20.2,0.0,0.0,34.2,0.0,0.0,59.2,0.0,0.0,0.0,0.0,100.0,42.6
seq21,0.0,0.0,0.0,0.0,0.0,0.0,28.3,62.3,31.9,0.0,27.6,0.0,32.6,23.7,0.0,25.7,21.5,0.0,25.4,25.4,100.0,0.0,27.7,25.2,0.0,25.7,84.6,83.4,0.0,32.7,0.0,0.0,22.8,54.1,54.4,35.8,29.9,0.0,0.0,0.0,28.3,0.0,0.0,0.0,0.0,0.0,0.0,0.0,0.0,25.7,0.0,26.7,0.0,0.0,0.0,0.0,0.0,0.0,0.0,0.0,0.0,0.0,0.0,0.0,0.0,0.0,29.1,25.8,0.0,0.0,31.1,0.0,26.2,0.0,0.0,0.0,0.0,30.3,0.0,23.8,0.0,0.0,0.0,0.0,0.0,37.9,0.0,0.0,0.0,21.5,0.0,0.0,0.0,0.0,0.0,0.0,28.5,27.0,24.5,24.5,0.0,26.4,0.0,0.0,25.3,25.3,0.0,30.3,23.5,0.0,0.0,26.7,0.0,23.7,0.0,0.0,0.0,0.0,32.6,32.6,0.0,33.6,0.0,0.0,0.0,0.0,25.9,0.0,24.8,26.2,26.6,0.0,0.0,0.0,0.0,0.0,0.0,0.0,0.0,0.0,0.0,0.0,0.0,23.3,28.5,0.0,0.0,0.0,0.0,0.0,0.0,0.0,0.0,0.0,0.0,25.9,25.9,0.0,0.0,29.7,0.0,20.1,20.1,20.1,20.1,20.1,0.0,0.0,0.0,0.0,0.0,0.0,0.0,0.0,0.0,0.0,0.0,0.0,0.0,0.0,0.0,0.0,23.5,23.9,0.0,0.0,0.0,0.0,0.0,0.0,0.0,0.0,32.8,0.0,23.1,0.0,0.0,0.0,25.3,28.4
seq22,0.0,0.0,0.0,0.0,0.0,0.0,0.0,0.0,0.0,0.0,0.0,0.0,0.0,0.0,0.0,0.0,0.0,30.7,0.0,0.0,0.0,100.0,0.0,0.0,0.0,0.0,0.0,0.0,0.0,0.0,0.0,0.0,0.0,0.0,0.0,0.0,26.3,0.0,0.0,0.0,0.0,0.0,0.0,0.0,0.0,0.0,0.0,0.0,0.0,0.0,0.0,0.0,0.0,0.0,0.0,0.0,0.0,0.0,0.0,0.0,0.0,0.0,0.0,0.0,0.0,0.0,0.0,0.0,0.0,0.0,0.0,0.0,0.0,0.0,0.0,0.0,0.0,0.0,0.0,0.0,0.0,0.0,0.0,0.0,0.0,0.0,0.0,0.0,0.0,0.0,0.0,0.0,0.0,0.0,0.0,0.0,0.0,0.0,0.0,0.0,0.0,0.0,0.0,0.0,0.0,0.0,0.0,0.0,0.0,0.0,0.0,0.0,25.5,0.0,0.0,0.0,0.0,0.0,0.0,0.0,0.0,0.0,0.0,0.0,0.0,0.0,0.0,0.0,0.0,0.0,0.0,0.0,0.0,0.0,0.0,0.0,0.0,0.0,0.0,0.0,0.0,0.0,0.0,0.0,0.0,0.0,0.0,0.0,0.0,0.0,0.0,0.0,0.0,0.0,0.0,0.0,0.0,0.0,0.0,0.0,0.0,0.0,0.0,0.0,0.0,0.0,0.0,0.0,0.0,0.0,0.0,0.0,0.0,0.0,0.0,0.0,0.0,0.0,0.0,0.0,0.0,0.0,0.0,0.0,0.0,0.0,0.0,0.0,0.0,0.0,0.0,0.0,0.0,0.0,0.0,0.0,0.0,0.0,0.0,0.0
seq23,0.0,0.0,0.0,0.0,0.0,0.0,0.0,0.0,0.0,0.0,0.0,0.0,0.0,0.0,0.0,31.0,0.0,0.0,22.1,22.1,27.7,0.0,100.0,24.3,0.0,24.3,0.0,0.0,0.0,0.0,0.0,0.0,34.7,0.0,0.0,0.0,22.6,0.0,0.0,0.0,31.4,0.0,0.0,0.0,0.0,0.0,30.7,0.0,0.0,25.8,0.0,72.6,0.0,0.0,0.0,0.0,0.0,0.0,0.0,0.0,0.0,0.0,0.0,0.0,0.0,0.0,0.0,0.0,30.6,0.0,26.1,0.0,24.0,20.1,0.0,0.0,0.0,0.0,0.0,0.0,0.0,0.0,32.2,0.0,0.0,0.0,0.0,0.0,25.3,0.0,0.0,0.0,0.0,0.0,0.0,0.0,24.0,26.1,0.0,0.0,0.0,21.5,0.0,0.0,32.8,32.8,0.0,0.0,31.4,0.0,41.2,26.1,29.7,0.0,0.0,0.0,0.0,0.0,30.8,33.3,0.0,32.0,0.0,0.0,0.0,0.0,0.0,0.0,0.0,0.0,0.0,0.0,0.0,0.0,0.0,0.0,0.0,0.0,0.0,0.0,22.3,0.0,0.0,0.0,0.0,0.0,0.0,0.0,0.0,0.0,0.0,0.0,0.0,0.0,0.0,0.0,0.0,0.0,0.0,0.0,0.0,0.0,0.0,0.0,0.0,0.0,0.0,0.0,0.0,0.0,0.0,0.0,0.0,0.0,0.0,0.0,0.0,0.0,0.0,0.0,0.0,0.0,0.0,22.5,0.0,0.0,31.2,0.0,0.0,26.7,0.0,0.0,25.3,0.0,0.0,0.0,0.0,0.0,22.1,0.0
seq24,38.3,0.0,0.0,0.0,0.0,0.0,28.5,25.3,30.3,0.0,23.4,25.0,49.4,26.2,0.0,34.7,0.0,0.0,32.8,32.8,24.2,0.0,26.3,100.0,0.0,65.2,26.9,23.2,0.0,31.6,0.0,0.0,28.3,24.3,20.7,28.5,32.8,0.0,27.3,0.0,27.2,0.0,0.0,0.0,0.0,0.0,31.9,0.0,0.0,27.3,0.0,24.3,0.0,0.0,0.0,0.0,0.0,0.0,0.0,0.0,23.7,29.7,32.8,0.0,0.0,0.0,34.9,38.8,34.4,32.8,34.2,0.0,36.8,33.7,0.0,0.0,29.3,34.2,0.0,33.8,0.0,0.0,50.0,0.0,0.0,38.2,0.0,0.0,39.4,41.5,0.0,0.0,0.0,0.0,0.0,0.0,42.4,42.6,29.7,29.7,0.0,29.8,0.0,0.0,37.2,37.2,0.0,0.0,38.3,0.0,30.0,0.0,0.0,40.0,0.0,0.0,0.0,23.9,35.8,34.5,0.0,34.5,0.0,0.0,0.0,39.4,39.4,0.0,29.7,35.1,35.1,0.0,0.0,0.0,0.0,0.0,26.0,0.0,0.0,0.0,35.9,0.0,0.0,39.7,0.0,0.0,0.0,0.0,0.0,0.0,0.0,0.0,0.0,0.0,0.0,0.0,0.0,0.0,0.0,35.6,0.0,0.0,0.0,0.0,0.0,0.0,0.0,0.0,0.0,24.6,0.0,0.0,0.0,0.0,0.0,0.0,31.5,0.0,0.0,33.3,0.0,0.0,0.0,34.7,35.0,0.0,29.8,31.9,0.0,27.8,33.3,0.0,0.0,35.4,0.0,0.0,0.0,0.0,32.8,34.5
seq25,0.0,40.8,0.0,0.0,0.0,0.0,0.0,0.0,0.0,0.0,0.0,0.0,0.0,0.0,0.0,0.0,0.0,0.0,0.0,0.0,0.0,0.0,0.0,0.0,100.0,0.0,0.0,0.0,0.0,0.0,0.0,0.0,0.0,0.0,0.0,0.0,0.0,0.0,0.0,0.0,0.0,0.0,0.0,0.0,0.0,0.0,0.0,0.0,0.0,0.0,56.0,0.0,0.0,0.0,0.0,0.0,0.0,0.0,0.0,0.0,0.0,0.0,0.0,0.0,0.0,68.2,0.0,0.0,0.0,0.0,0.0,78.7,0.0,0.0,0.0,0.0,0.0,0.0,0.0,0.0,0.0,0.0,0.0,0.0,0.0,0.0,0.0,0.0,0.0,0.0,0.0,0.0,0.0,0.0,0.0,0.0,0.0,0.0,0.0,0.0,0.0,0.0,0.0,0.0,0.0,0.0,0.0,0.0,0.0,0.0,0.0,0.0,0.0,0.0,0.0,0.0,0.0,0.0,0.0,0.0,0.0,0.0,0.0,0.0,0.0,0.0,0.0,0.0,0.0,0.0,0.0,0.0,0.0,0.0,0.0,0.0,0.0,0.0,0.0,0.0,0.0,0.0,0.0,0.0,0.0,0.0,0.0,0.0,0.0,0.0,0.0,0.0,0.0,0.0,0.0,0.0,0.0,0.0,0.0,0.0,0.0,0.0,0.0,0.0,0.0,0.0,0.0,0.0,0.0,0.0,0.0,0.0,0.0,0.0,0.0,0.0,0.0,0.0,0.0,0.0,0.0,0.0,0.0,0.0,0.0,0.0,0.0,0.0,0.0,0.0,0.0,38.7,0.0,0.0,0.0,0.0,0.0,0.0,0.0,0.0
seq26,36.7,0.0,0.0,0.0,0.0,0.0,25.4,27.5,0.0,0.0,37.5,0.0,54.8,25.0,0.0,38.0,0.0,0.0,0.0,0.0,31.9,0.0,26.7,66.1,0.0,100.0,0.0,0.0,0.0,0.0,0.0,0.0,0.0,38.4,38.4,32.0,28.2,0.0,31.9,0.0,0.0,0.0,0.0,0.0,0.0,0.0,30.5,0.0,0.0,0.0,0.0,25.5,0.0,0.0,0.0,0.0,0.0,0.0,0.0,0.0,28.2,25.5,25.3,0.0,0.0,0.0,34.2,42.4,31.3,31.6,33.3,0.0,0.0,32.3,28.2,0.0,0.0,31.6,0.0,36.7,0.0,0.0,50.0,0.0,0.0,45.6,0.0,0.0,34.2,36.0,0.0,0.0,0.0,0.0,0.0,0.0,39.4,40.0,25.6,25.6,0.0,30.0,0.0,0.0,0.0,0.0,0.0,0.0,36.7,0.0,28.0,0.0,0.0,38.5,0.0,0.0,0.0,0.0,33.3,33.3,0.0,33.3,0.0,0.0,0.0,0.0,37.5,0.0,36.5,34.0,32.9,0.0,0.0,0.0,0.0,0.0,30.5,0.0,0.0,0.0,32.0,0.0,0.0,45.2,0.0,0.0,0.0,0.0,0.0,0.0,0.0,0.0,0.0,0.0,0.0,0.0,0.0,0.0,0.0,33.3,0.0,0.0,0.0,0.0,0.0,0.0,0.0,0.0,0.0,34.2,0.0,0.0,0.0,0.0,0.0,0.0,29.8,0.0,0.0,0.0,0.0,0.0,34.5,36.9,29.8,0.0,27.7,0.0,0.0,0.0,30.0,0.0,0.0,32.0,0.0,0.0,0.0,0.0,0.0,37.0
seq27,0.0,0.0,0.0,0.0,0.0,0.0,27.3,64.2,29.8,27.1,27.6,0.0,32.9,24.5,0.0,25.7,23.7,0.0,28.7,28.7,84.6,0.0,0.0,28.0,0.0,0.0,100.0,91.4,0.0,30.9,0.0,0.0,20.5,53.4,53.4,29.6,27.8,0.0,0.0,29.7,30.5,0.0,0.0,0.0,0.0,0.0,0.0,0.0,0.0,25.0,0.0,0.0,0.0,0.0,0.0,0.0,0.0,0.0,0.0,27.0,23.4,0.0,0.0,0.0,29.7,0.0,27.3,26.4,35.4,0.0,29.8,0.0,29.1,25.9,0.0,0.0,21.8,30.2,0.0,24.1,0.0,0.0,0.0,0.0,0.0,36.2,0.0,0.0,0.0,21.5,0.0,0.0,0.0,0.0,0.0,0.0,22.7,22.1,26.4,26.4,0.0,27.8,0.0,0.0,0.0,0.0,0.0,33.8,0.0,0.0,0.0,25.2,0.0,22.6,0.0,0.0,0.0,0.0,30.7,30.7,0.0,31.5,0.0,0.0,0.0,0.0,25.6,0.0,25.6,24.8,25.1,0.0,0.0,0.0,0.0,0.0,0.0,0.0,0.0,0.0,28.0,0.0,0.0,24.1,26.8,0.0,0.0,0.0,0.0,0.0,0.0,0.0,0.0,0.0,0.0,26.0,26.6,0.0,0.0,29.7,0.0,0.0,0.0,0.0,0.0,0.0,0.0,0.0,0.0,0.0,0.0,0.0,0.0,0.0,0.0,0.0,33.7,0.0,0.0,0.0,0.0,0.0,23.2,27.9,0.0,0.0,0.0,0.0,0.0,0.0,25.7,0.0,31.3,31.4,26.8,0.0,0.0,0.0,28.7,0.0
seq28,0.0,0.0,0.0,0.0,0.0,0.0,27.0,65.5,0.0,25.4,27.1,0.0,0.0,25.4,0.0,24.5,0.0,0.0,29.3,29.3,83.4,0.0,0.0,24.2,0.0,0.0,91.4,100.0,0.0,29.0,0.0,0.0,20.9,52.8,55.6,30.5,29.1,0.0,0.0,30.9,29.7,0.0,0.0,0.0,0.0,0.0,0.0,31.5,0.0,24.5,0.0,0.0,0.0,0.0,0.0,0.0,0.0,0.0,0.0,0.0,23.4,0.0,0.0,0.0,30.6,0.0,26.1,28.2,33.3,0.0,29.7,0.0,29.8,26.5,0.0,0.0,0.0,30.7,0.0,24.2,0.0,0.0,0.0,0.0,0.0,34.4,0.0,0.0,0.0,21.1,0.0,0.0,0.0,0.0,0.0,0.0,28.0,26.4,26.9,26.9,0.0,27.3,0.0,0.0,24.5,24.5,0.0,25.5,22.6,0.0,0.0,24.8,0.0,24.9,0.0,0.0,0.0,0.0,30.7,30.7,0.0,30.4,0.0,0.0,0.0,0.0,26.3,0.0,24.8,24.8,27.1,0.0,0.0,0.0,0.0,0.0,21.3,0.0,0.0,0.0,0.0,0.0,0.0,23.1,26.8,0.0,0.0,0.0,0.0,0.0,0.0,30.0,0.0,0.0,0.0,27.2,27.2,0.0,0.0,32.8,0.0,0.0,0.0,0.0,0.0,0.0,0.0,0.0,0.0,0.0,0.0,0.0,0.0,0.0,0.0,0.0,0.0,0.0,0.0,0.0,0.0,0.0,24.1,27.9,0.0,0.0,0.0,0.0,0.0,0.0,26.3,0.0,35.2,0.0,25.4,29.5,29.5,0.0,29.3,27.3
seq29,0.0,0.0,0.0,0.0,0.0,0.0,0.0,27.7,0.0,0.0,0.0,0.0,0.0,23.3,0.0,0.0,0.0,0.0,0.0,0.0,0.0,0.0,0.0,0.0,0.0,0.0,0.0,0.0,100.0,29.5,0.0,0.0,0.0,28.5,28.5,0.0,0.0,0.0,0.0,0.0,0.0,0.0,0.0,0.0,0.0,0.0,0.0,0.0,0.0,21.2,0.0,0.0,0.0,0.0,0.0,0.0,0.0,32.2,0.0,0.0,0.0,25.0,0.0,0.0,0.0,0.0,0.0,0.0,0.0,0.0,0.0,0.0,0.0,0.0,0.0,0.0,0.0,0.0,0.0,0.0,0.0,0.0,0.0,29.8,0.0,0.0,0.0,0.0,0.0,0.0,0.0,0.0,0.0,0.0,0.0,0.0,0.0,0.0,0.0,0.0,0.0,0.0,22.3,0.0,0.0,0.0,0.0,0.0,0.0,0.0,0.0,0.0,0.0,0.0,0.0,0.0,0.0,0.0,0.0,0.0,0.0,0.0,0.0,0.0,0.0,26.9,0.0,0.0,0.0,0.0,0.0,0.0,0.0,0.0,0.0,0.0,0.0,0.0,0.0,0.0,0.0,0.0,0.0,0.0,0.0,0.0,0.0,0.0,0.0,0.0,0.0,27.8,0.0,0.0,0.0,0.0,0.0,0.0,0.0,0.0,0.0,0.0,0.0,0.0,0.0,0.0,0.0,0.0,0.0,0.0,0.0,0.0,0.0,0.0,0.0,0.0,27.5,0.0,0.0,0.0,0.0,0.0,0.0,0.0,30.0,0.0,24.1,0.0,34.9,0.0,0.0,0.0,0.0,0.0,0.0,0.0,0.0,0.0,0.0,0.0
seq30,30.9,0.0,0.0,0.0,0.0,32.1,34.4,0.0,29.1,0.0,0.0,0.0,27.8,29.5,0.0,0.0,0.0,0.0,37.6,37.6,32.7,0.0,0.0,31.2,0.0,0.0,30.9,29.0,26.2,100.0,0.0,0.0,0.0,30.0,25.8,0.0,0.0,0.0,0.0,33.8,38.4,0.0,0.0,0.0,0.0,0.0,28.8,0.0,0.0,0.0,0.0,26.5,0.0,33.8,0.0,0.0,0.0,0.0,0.0,0.0,41.8,24.1,33.3,0.0,33.8,0.0,0.0,0.0,30.4,0.0,30.5,0.0,37.1,0.0,34.1,0.0,32.8,29.6,0.0,0.0,0.0,0.0,34.4,0.0,0.0,28.5,0.0,0.0,0.0,34.6,0.0,0.0,0.0,0.0,0.0,0.0,0.0,0.0,0.0,0.0,0.0,39.3,0.0,0.0,0.0,0.0,0.0,0.0,30.9,0.0,0.0,0.0,0.0,0.0,39.6,0.0,0.0,0.0,0.0,0.0,0.0,0.0,0.0,0.0,0.0,0.0,0.0,0.0,33.3,0.0,0.0,0.0,0.0,0.0,0.0,0.0,0.0,0.0,0.0,0.0,0.0,0.0,0.0,0.0,0.0,0.0,0.0,0.0,0.0,0.0,0.0,0.0,32.5,32.5,0.0,31.8,32.8,0.0,38.8,35.7,0.0,0.0,0.0,0.0,0.0,0.0,0.0,0.0,0.0,0.0,0.0,0.0,0.0,0.0,0.0,0.0,34.6,0.0,0.0,0.0,0.0,0.0,0.0,0.0,31.3,30.6,0.0,0.0,40.6,0.0,40.3,0.0,0.0,38.3,0.0,0.0,0.0,0.0,34.8,0.0
seq31,0.0,0.0,0.0,0.0,0.0,0.0,0.0,0.0,0.0,0.0,0.0,0.0,0.0,0.0,0.0,0.0,0.0,0.0,0.0,0.0,0.0,0.0,0.0,0.0,0.0,0.0,0.0,0.0,0.0,0.0,100.0,0.0,0.0,0.0,0.0,0.0,0.0,0.0,0.0,0.0,0.0,0.0,0.0,0.0,0.0,0.0,0.0,0.0,0.0,0.0,0.0,0.0,0.0,0.0,0.0,0.0,0.0,0.0,0.0,0.0,0.0,0.0,0.0,0.0,0.0,0.0,0.0,0.0,0.0,0.0,0.0,0.0,0.0,0.0,0.0,0.0,0.0,0.0,0.0,0.0,0.0,0.0,0.0,0.0,0.0,0.0,0.0,0.0,0.0,0.0,0.0,0.0,0.0,0.0,0.0,0.0,0.0,0.0,0.0,0.0,0.0,0.0,0.0,0.0,0.0,0.0,0.0,0.0,0.0,0.0,0.0,0.0,0.0,0.0,0.0,0.0,0.0,0.0,0.0,0.0,0.0,0.0,0.0,0.0,0.0,0.0,0.0,0.0,0.0,0.0,0.0,0.0,0.0,0.0,0.0,0.0,0.0,0.0,0.0,0.0,0.0,0.0,0.0,0.0,0.0,0.0,0.0,0.0,0.0,0.0,0.0,0.0,0.0,0.0,0.0,0.0,0.0,0.0,0.0,0.0,0.0,0.0,0.0,0.0,0.0,0.0,0.0,0.0,0.0,0.0,0.0,0.0,0.0,0.0,0.0,0.0,0.0,0.0,0.0,0.0,0.0,0.0,0.0,0.0,0.0,0.0,0.0,0.0,0.0,0.0,0.0,0.0,0.0,0.0,0.0,0.0,0.0,0.0,0.0,0.0
seq32,0.0,0.0,0.0,0.0,0.0,0.0,0.0,0.0,0.0,0.0,0.0,0.0,0.0,0.0,0.0,0.0,0.0,0.0,0.0,0.0,0.0,0.0,0.0,0.0,0.0,0.0,0.0,0.0,0.0,0.0,0.0,100.0,0.0,0.0,0.0,0.0,0.0,0.0,0.0,0.0,0.0,0.0,0.0,0.0,0.0,0.0,29.2,0.0,0.0,0.0,0.0,0.0,0.0,0.0,0.0,0.0,0.0,0.0,0.0,0.0,0.0,0.0,0.0,0.0,0.0,0.0,0.0,29.2,0.0,0.0,0.0,0.0,0.0,0.0,0.0,0.0,0.0,0.0,25.8,30.2,0.0,0.0,0.0,29.0,0.0,0.0,0.0,0.0,0.0,0.0,0.0,0.0,0.0,0.0,0.0,25.8,0.0,0.0,0.0,0.0,0.0,0.0,29.0,0.0,0.0,0.0,0.0,0.0,0.0,0.0,0.0,0.0,0.0,0.0,0.0,0.0,0.0,0.0,0.0,0.0,0.0,0.0,0.0,0.0,0.0,0.0,0.0,0.0,0.0,0.0,0.0,0.0,0.0,0.0,0.0,0.0,0.0,0.0,0.0,0.0,0.0,0.0,0.0,0.0,0.0,0.0,0.0,0.0,0.0,0.0,0.0,0.0,0.0,0.0,0.0,0.0,0.0,0.0,0.0,0.0,0.0,33.8,33.8,33.8,33.8,33.8,0.0,0.0,0.0,0.0,0.0,0.0,0.0,0.0,0.0,0.0,0.0,0.0,0.0,0.0,0.0,28.9,27.1,0.0,25.0,0.0,0.0,24.2,0.0,0.0,0.0,0.0,0.0,0.0,0.0,0.0,0.0,0.0,0.0,0.0
seq33,30.3,0.0,0.0,0.0,0.0,0.0,20.0,20.7,0.0,0.0,0.0,25.5,23.5,20.9,0.0,0.0,0.0,0.0,0.0,0.0,0.0,0.0,28.7,28.7,0.0,26.0,0.0,0.0,0.0,0.0,0.0,0.0,100.0,0.0,0.0,33.3,20.0,0.0,21.9,0.0,0.0,0.0,0.0,0.0,0.0,0.0,22.5,0.0,0.0,0.0,0.0,28.1,0.0,0.0,0.0,0.0,0.0,0.0,0.0,0.0,0.0,0.0,31.7,0.0,0.0,0.0,35.0,22.7,28.2,27.8,29.1,0.0,0.0,22.9,0.0,0.0,0.0,0.0,0.0,27.8,0.0,0.0,40.8,0.0,0.0,37.3,0.0,0.0,22.1,21.3,0.0,0.0,0.0,0.0,0.0,0.0,0.0,0.0,0.0,0.0,0.0,0.0,0.0,0.0,24.4,24.4,0.0,26.0,30.3,0.0,0.0,30.9,0.0,24.4,0.0,0.0,0.0,28.5,0.0,0.0,0.0,0.0,0.0,0.0,0.0,0.0,24.1,0.0,24.8,24.8,24.7,0.0,0.0,0.0,0.0,0.0,41.4,0.0,0.0,0.0,0.0,0.0,0.0,22.1,29.2,0.0,0.0,0.0,0.0,0.0,0.0,0.0,0.0,0.0,0.0,21.7,21.2,0.0,0.0,36.6,0.0,22.3,22.3,22.3,22.3,22.3,0.0,0.0,0.0,0.0,0.0,0.0,0.0,0.0,0.0,0.0,0.0,0.0,0.0,27.9,0.0,0.0,0.0,22.3,32.1,0.0,21.2,26.9,0.0,0.0,0.0,0.0,0.0,0.0,0.0,0.0,0.0,0.0,0.0,34.5
seq34,0.0,0.0,0.0,0.0,0.0,0.0,0.0,56.2,0.0,0.0,28.3,0.0,0.0,24.1,0.0,0.0,0.0,0.0,27.5,27.5,51.2,0.0,0.0,0.0,0.0,34.0,53.4,52.8,0.0,0.0,0.0,0.0,0.0,100.0,92.9,0.0,30.4,0.0,0.0,21.7,25.5,0.0,0.0,0.0,0.0,0.0,23.6,0.0,0.0,24.8,0.0,0.0,0.0,24.5,0.0,0.0,0.0,0.0,0.0,39.0,28.2,0.0,0.0,0.0,21.7,0.0,28.1,22.4,0.0,31.3,29.1,0.0,29.9,0.0,0.0,0.0,0.0,30.2,0.0,23.9,0.0,0.0,0.0,0.0,0.0,0.0,0.0,0.0,0.0,25.0,0.0,0.0,0.0,0.0,0.0,0.0,22.2,21.8,0.0,0.0,0.0,27.0,0.0,0.0,25.3,25.3,0.0,0.0,0.0,0.0,26.7,0.0,0.0,27.0,32.8,0.0,0.0,0.0,35.1,35.1,0.0,36.4,0.0,0.0,0.0,21.2,26.7,0.0,0.0,26.9,26.5,0.0,0.0,0.0,0.0,0.0,0.0,35.3,34.0,0.0,32.9,0.0,0.0,25.0,25.5,28.3,28.3,28.3,28.3,28.3,28.3,0.0,0.0,0.0,0.0,25.8,25.8,0.0,0.0,33.3,28.2,22.8,22.8,22.8,22.8,22.8,0.0,0.0,0.0,31.1,0.0,0.0,0.0,0.0,0.0,0.0,35.0,30.7,0.0,0.0,0.0,0.0,27.3,0.0,0.0,0.0,24.1,24.2,0.0,0.0,0.0,0.0,0.0,0.0,0.0,27.9,27.9,0.0,28.9,0.0
seq35,0.0,0.0,0.0,0.0,0.0,0.0,0.0,55.9,0.0,0.0,28.1,0.0,0.0,25.1,0.0,0.0,0.0,0.0,29.9,29.9,50.4,0.0,0.0,0.0,0.0,0.0,53.4,52.8,0.0,25.8,0.0,0.0,0.0,92.9,100.0,0.0,30.7,0.0,0.0,21.7,26.5,0.0,0.0,0.0,0.0,0.0,0.0,0.0,0.0,24.5,0.0,0.0,0.0,24.5,0.0,0.0,0.0,0.0,0.0,39.0,28.2,0.0,0.0,0.0,21.7,0.0,27.4,23.5,0.0,30.1,29.1,0.0,30.4,0.0,24.2,0.0,0.0,30.0,0.0,23.0,0.0,0.0,0.0,0.0,0.0,0.0,0.0,0.0,0.0,25.6,0.0,0.0,0.0,0.0,0.0,0.0,24.3,23.7,0.0,0.0,0.0,28.7,0.0,0.0,26.5,26.5,0.0,0.0,0.0,0.0,25.7,0.0,0.0,25.6,32.8,0.0,0.0,0.0,35.4,35.4,0.0,37.0,0.0,0.0,0.0,21.9,25.0,0.0,0.0,26.2,25.8,0.0,0.0,28.4,28.4,28.4,0.0,34.8,32.9,0.0,32.9,0.0,0.0,24.5,26.3,28.3,28.3,28.3,28.3,28.3,28.3,0.0,0.0,0.0,0.0,25.1,25.1,0.0,0.0,35.6,28.2,0.0,0.0,0.0,0.0,0.0,0.0,0.0,0.0,0.0,0.0,0.0,0.0,0.0,0.0,0.0,31.9,28.3,0.0,36.3,0.0,0.0,26.0,26.1,0.0,0.0,23.5,0.0,0.0,0.0,0.0,0.0,0.0,0.0,23.2,29.2,29.2,0.0,29.7,0.0
seq36,0.0,0.0,0.0,0.0,0.0,0.0,0.0,35.2,0.0,0.0,0.0,0.0,0.0,0.0,0.0,0.0,0.0,0.0,0.0,0.0,38.2,0.0,0.0,28.5,0.0,31.2,0.0,0.0,0.0,0.0,0.0,31.5,31.0,0.0,0.0,100.0,29.5,0.0,0.0,0.0,0.0,0.0,0.0,0.0,0.0,0.0,0.0,0.0,0.0,0.0,0.0,0.0,0.0,0.0,0.0,0.0,0.0,0.0,0.0,0.0,22.7,0.0,0.0,0.0,0.0,0.0,34.0,0.0,26.8,33.7,29.1,0.0,0.0,0.0,0.0,0.0,0.0,28.2,0.0,28.7,0.0,0.0,0.0,0.0,0.0,41.3,0.0,0.0,30.6,0.0,0.0,0.0,0.0,0.0,0.0,20.9,0.0,0.0,25.4,25.4,0.0,0.0,0.0,0.0,0.0,0.0,0.0,23.6,25.6,0.0,0.0,23.8,0.0,28.2,30.8,0.0,0.0,29.3,0.0,0.0,0.0,0.0,0.0,0.0,0.0,0.0,26.7,0.0,24.5,27.4,28.0,0.0,0.0,0.0,0.0,0.0,0.0,0.0,0.0,0.0,29.5,0.0,0.0,0.0,24.7,0.0,0.0,0.0,0.0,0.0,0.0,0.0,0.0,0.0,0.0,0.0,0.0,0.0,0.0,0.0,0.0,0.0,0.0,0.0,0.0,0.0,0.0,0.0,0.0,0.0,30.7,30.7,30.7,30.7,0.0,0.0,0.0,0.0,0.0,35.2,0.0,0.0,24.7,0.0,0.0,47.7,0.0,0.0,0.0,0.0,0.0,0.0,0.0,0.0,0.0,0.0,0.0,0.0,0.0,0.0
seq37,35.9,0.0,0.0,0.0,0.0,28.9,0.0,30.0,0.0,28.8,28.6,0.0,32.4,32.8,0.0,29.9,23.6,0.0,0.0,0.0,29.9,26.3,0.0,32.8,0.0,27.1,27.8,29.2,0.0,27.9,0.0,0.0,0.0,30.0,30.1,29.5,100.0,0.0,0.0,23.9,24.6,0.0,0.0,0.0,0.0,0.0,42.6,0.0,0.0,0.0,0.0,0.0,0.0,0.0,0.0,0.0,0.0,0.0,0.0,31.3,29.4,20.9,0.0,0.0,23.9,0.0,33.5,0.0,26.3,35.8,28.0,0.0,0.0,29.6,0.0,0.0,0.0,26.8,32.1,0.0,0.0,0.0,0.0,0.0,0.0,30.3,0.0,0.0,29.8,0.0,20.6,20.6,0.0,0.0,0.0,0.0,28.6,26.7,24.3,24.3,0.0,25.5,0.0,0.0,25.4,25.4,0.0,0.0,26.8,0.0,0.0,27.0,0.0,32.2,0.0,0.0,0.0,0.0,0.0,0.0,0.0,0.0,0.0,0.0,0.0,0.0,29.3,0.0,0.0,28.8,29.5,0.0,0.0,26.9,26.9,26.9,0.0,0.0,0.0,0.0,28.5,0.0,0.0,0.0,28.7,0.0,0.0,0.0,0.0,0.0,0.0,34.7,0.0,0.0,0.0,25.5,25.5,0.0,0.0,41.0,42.4,46.1,46.1,46.1,46.1,46.1,0.0,0.0,0.0,0.0,0.0,0.0,0.0,0.0,0.0,0.0,0.0,0.0,0.0,33.3,0.0,0.0,0.0,26.6,40.8,27.8,43.7,39.1,0.0,0.0,32.2,0.0,0.0,0.0,0.0,26.7,26.7,0.0,0.0,0.0
seq38,27.5,0.0,0.0,0.0,0.0,0.0,0.0,0.0,0.0,0.0,0.0,0.0,0.0,0.0,0.0,0.0,0.0,0.0,31.5,31.5,0.0,0.0,0.0,0.0,0.0,0.0,0.0,0.0,0.0,0.0,0.0,0.0,0.0,0.0,0.0,0.0,0.0,100.0,0.0,0.0,0.0,0.0,0.0,0.0,0.0,0.0,0.0,0.0,0.0,0.0,0.0,0.0,0.0,0.0,0.0,0.0,0.0,0.0,0.0,0.0,0.0,0.0,0.0,0.0,0.0,0.0,0.0,0.0,0.0,27.5,31.3,0.0,0.0,0.0,0.0,0.0,0.0,28.7,0.0,0.0,0.0,0.0,0.0,0.0,0.0,0.0,0.0,0.0,0.0,0.0,0.0,0.0,0.0,0.0,0.0,0.0,0.0,0.0,0.0,0.0,0.0,0.0,0.0,0.0,37.5,37.5,0.0,0.0,27.5,0.0,0.0,0.0,0.0,0.0,0.0,0.0,0.0,0.0,0.0,0.0,0.0,0.0,0.0,0.0,0.0,0.0,0.0,0.0,0.0,0.0,0.0,0.0,0.0,0.0,0.0,0.0,0.0,0.0,0.0,0.0,0.0,0.0,0.0,0.0,0.0,0.0,0.0,0.0,0.0,0.0,0.0,0.0,0.0,0.0,0.0,0.0,0.0,0.0,0.0,0.0,0.0,0.0,0.0,0.0,0.0,0.0,0.0,0.0,0.0,0.0,0.0,0.0,0.0,0.0,0.0,0.0,0.0,0.0,0.0,0.0,0.0,39.5,0.0,0.0,0.0,0.0,0.0,0.0,0.0,0.0,0.0,0.0,0.0,0.0,0.0,0.0,0.0,0.0,34.0,0.0
seq39,39.7,0.0,0.0,0.0,0.0,24.0,0.0,32.4,21.9,0.0,0.0,0.0,34.9,58.3,0.0,0.0,0.0,0.0,0.0,0.0,0.0,0.0,0.0,27.7,0.0,31.9,0.0,0.0,0.0,0.0,0.0,0.0,22.6,0.0,0.0,0.0,0.0,0.0,100.0,0.0,23.8,0.0,0.0,0.0,0.0,0.0,33.6,0.0,0.0,0.0,0.0,0.0,98.4,0.0,0.0,0.0,0.0,0.0,0.0,0.0,0.0,22.2,0.0,0.0,0.0,0.0,31.0,26.6,0.0,36.9,22.4,0.0,0.0,28.4,0.0,0.0,0.0,23.1,0.0,25.7,0.0,0.0,31.9,0.0,0.0,34.1,0.0,0.0,0.0,0.0,0.0,0.0,0.0,0.0,0.0,0.0,25.7,23.8,0.0,0.0,0.0,0.0,0.0,0.0,35.1,35.1,0.0,0.0,25.8,0.0,25.0,0.0,0.0,0.0,0.0,0.0,0.0,28.7,32.2,28.8,0.0,31.6,0.0,0.0,0.0,29.9,0.0,0.0,24.6,27.9,26.7,0.0,0.0,0.0,0.0,0.0,56.9,0.0,0.0,35.2,0.0,0.0,0.0,24.6,0.0,0.0,0.0,0.0,0.0,0.0,0.0,0.0,0.0,0.0,0.0,0.0,0.0,0.0,0.0,22.0,0.0,35.3,35.3,35.3,35.3,35.3,0.0,0.0,0.0,26.2,0.0,0.0,0.0,0.0,0.0,0.0,25.0,0.0,0.0,0.0,0.0,0.0,0.0,0.0,0.0,0.0,34.3,32.1,0.0,0.0,0.0,0.0,0.0,28.7,0.0,0.0,0.0,0.0,0.0,34.1
seq40,0.0,0.0,0.0,0.0,0.0,0.0,0.0,0.0,0.0,0.0,0.0,0.0,0.0,0.0,0.0,37.5,0.0,0.0,36.0,36.0,0.0,0.0,0.0,0.0,0.0,0.0,29.7,30.9,0.0,33.8,0.0,0.0,0.0,21.7,21.7,0.0,22.7,0.0,0.0,100.0,33.3,0.0,0.0,0.0,0.0,0.0,0.0,29.6,0.0,0.0,0.0,0.0,0.0,86.6,0.0,0.0,0.0,0.0,0.0,0.0,0.0,0.0,21.5,0.0,91.8,0.0,0.0,0.0,0.0,0.0,0.0,0.0,0.0,23.3,0.0,0.0,0.0,0.0,0.0,0.0,0.0,0.0,0.0,0.0,0.0,0.0,0.0,0.0,0.0,34.8,0.0,0.0,0.0,0.0,0.0,0.0,0.0,0.0,0.0,0.0,0.0,0.0,0.0,0.0,0.0,0.0,0.0,0.0,0.0,0.0,32.0,0.0,0.0,0.0,30.3,0.0,0.0,0.0,0.0,0.0,0.0,0.0,0.0,0.0,0.0,0.0,0.0,0.0,25.9,0.0,0.0,0.0,0.0,0.0,0.0,0.0,0.0,0.0,0.0,0.0,0.0,0.0,0.0,0.0,0.0,0.0,0.0,0.0,0.0,0.0,0.0,0.0,0.0,0.0,0.0,0.0,0.0,0.0,0.0,24.5,0.0,0.0,0.0,0.0,0.0,0.0,0.0,0.0,0.0,0.0,0.0,0.0,0.0,0.0,0.0,0.0,0.0,0.0,0.0,0.0,0.0,0.0,0.0,35.8,0.0,0.0,0.0,0.0,0.0,0.0,31.6,0.0,0.0,0.0,0.0,0.0,0.0,0.0,36.0,0.0
seq41,0.0,0.0,0.0,0.0,0.0,0.0,0.0,0.0,30.3,0.0,0.0,0.0,26.4,0.0,0.0,26.5,0.0,0.0,0.0,0.0,28.0,0.0,31.4,0.0,0.0,0.0,29.0,28.0,0.0,38.4,0.0,0.0,0.0,27.3,26.5,0.0,0.0,0.0,0.0,33.3,100.0,0.0,0.0,0.0,0.0,0.0,25.3,0.0,0.0,0.0,0.0,26.2,0.0,0.0,0.0,0.0,0.0,0.0,0.0,0.0,25.3,0.0,0.0,0.0,33.3,0.0,0.0,24.4,0.0,0.0,0.0,0.0,0.0,0.0,27.5,0.0,0.0,0.0,36.5,0.0,0.0,0.0,0.0,0.0,0.0,0.0,0.0,0.0,0.0,26.7,0.0,0.0,0.0,0.0,0.0,0.0,28.5,26.5,0.0,0.0,0.0,0.0,0.0,0.0,0.0,0.0,0.0,0.0,0.0,0.0,0.0,26.0,0.0,29.9,36.1,0.0,0.0,0.0,0.0,0.0,0.0,0.0,0.0,0.0,0.0,0.0,27.2,0.0,0.0,29.1,29.7,0.0,0.0,0.0,0.0,0.0,0.0,0.0,0.0,37.3,0.0,0.0,0.0,26.6,0.0,35.6,35.6,35.6,35.6,35.6,35.6,28.0,38.8,38.8,0.0,0.0,0.0,0.0,0.0,34.8,31.0,27.5,27.5,27.5,27.5,27.5,0.0,0.0,0.0,0.0,0.0,0.0,0.0,0.0,0.0,0.0,0.0,0.0,0.0,33.7,0.0,0.0,0.0,28.0,28.6,0.0,0.0,24.2,0.0,0.0,31.3,0.0,0.0,24.3,0.0,32.1,32.1,0.0,0.0,29.6
seq42,0.0,0.0,99.7,0.0,0.0,0.0,0.0,0.0,0.0,0.0,0.0,0.0,0.0,0.0,0.0,0.0,0.0,0.0,0.0,0.0,0.0,0.0,0.0,0.0,0.0,0.0,0.0,0.0,0.0,0.0,0.0,0.0,0.0,0.0,0.0,0.0,0.0,0.0,0.0,0.0,0.0,100.0,100.0,100.0,100.0,100.0,0.0,0.0,0.0,0.0,0.0,0.0,0.0,0.0,0.0,0.0,0.0,0.0,0.0,0.0,0.0,0.0,0.0,0.0,0.0,0.0,0.0,0.0,0.0,0.0,0.0,0.0,0.0,0.0,0.0,0.0,0.0,0.0,0.0,0.0,0.0,0.0,0.0,0.0,0.0,0.0,0.0,0.0,0.0,0.0,0.0,0.0,0.0,0.0,0.0,0.0,0.0,0.0,0.0,0.0,0.0,0.0,0.0,0.0,0.0,0.0,0.0,0.0,0.0,0.0,0.0,0.0,0.0,0.0,0.0,0.0,0.0,0.0,0.0,0.0,0.0,0.0,0.0,0.0,0.0,0.0,0.0,0.0,0.0,0.0,0.0,0.0,0.0,0.0,0.0,0.0,0.0,0.0,0.0,0.0,0.0,0.0,0.0,0.0,0.0,0.0,0.0,0.0,0.0,0.0,0.0,0.0,0.0,0.0,0.0,0.0,0.0,0.0,0.0,0.0,0.0,0.0,0.0,0.0,0.0,0.0,0.0,0.0,0.0,0.0,0.0,0.0,0.0,0.0,0.0,0.0,0.0,0.0,0.0,0.0,0.0,0.0,0.0,0.0,0.0,0.0,0.0,0.0,0.0,0.0,0.0,0.0,0.0,0.0,0.0,0.0,0.0,0.0,0.0,0.0
seq43,0.0,0.0,99.7,0.0,0.0,0.0,0.0,0.0,0.0,0.0,0.0,0.0,0.0,0.0,0.0,0.0,0.0,0.0,0.0,0.0,0.0,0.0,0.0,0.0,0.0,0.0,0.0,0.0,0.0,0.0,0.0,0.0,0.0,0.0,0.0,0.0,0.0,0.0,0.0,0.0,0.0,100.0,100.0,100.0,100.0,100.0,0.0,0.0,0.0,0.0,0.0,0.0,0.0,0.0,0.0,0.0,0.0,0.0,0.0,0.0,0.0,0.0,0.0,0.0,0.0,0.0,0.0,0.0,0.0,0.0,0.0,0.0,0.0,0.0,0.0,0.0,0.0,0.0,0.0,0.0,0.0,0.0,0.0,0.0,0.0,0.0,0.0,0.0,0.0,0.0,0.0,0.0,0.0,0.0,0.0,0.0,0.0,0.0,0.0,0.0,0.0,0.0,0.0,0.0,0.0,0.0,0.0,0.0,0.0,0.0,0.0,0.0,0.0,0.0,0.0,0.0,0.0,0.0,0.0,0.0,0.0,0.0,0.0,0.0,0.0,0.0,0.0,0.0,0.0,0.0,0.0,0.0,0.0,0.0,0.0,0.0,0.0,0.0,0.0,0.0,0.0,0.0,0.0,0.0,0.0,0.0,0.0,0.0,0.0,0.0,0.0,0.0,0.0,0.0,0.0,0.0,0.0,0.0,0.0,0.0,0.0,0.0,0.0,0.0,0.0,0.0,0.0,0.0,0.0,0.0,0.0,0.0,0.0,0.0,0.0,0.0,0.0,0.0,0.0,0.0,0.0,0.0,0.0,0.0,0.0,0.0,0.0,0.0,0.0,0.0,0.0,0.0,0.0,0.0,0.0,0.0,0.0,0.0,0.0,0.0
seq44,0.0,0.0,99.7,0.0,0.0,0.0,0.0,0.0,0.0,0.0,0.0,0.0,0.0,0.0,0.0,0.0,0.0,0.0,0.0,0.0,0.0,0.0,0.0,0.0,0.0,0.0,0.0,0.0,0.0,0.0,0.0,0.0,0.0,0.0,0.0,0.0,0.0,0.0,0.0,0.0,0.0,100.0,100.0,100.0,100.0,100.0,0.0,0.0,0.0,0.0,0.0,0.0,0.0,0.0,0.0,0.0,0.0,0.0,0.0,0.0,0.0,0.0,0.0,0.0,0.0,0.0,0.0,0.0,0.0,0.0,0.0,0.0,0.0,0.0,0.0,0.0,0.0,0.0,0.0,0.0,0.0,0.0,0.0,0.0,0.0,0.0,0.0,0.0,0.0,0.0,0.0,0.0,0.0,0.0,0.0,0.0,0.0,0.0,0.0,0.0,0.0,0.0,0.0,0.0,0.0,0.0,0.0,0.0,0.0,0.0,0.0,0.0,0.0,0.0,0.0,0.0,0.0,0.0,0.0,0.0,0.0,0.0,0.0,0.0,0.0,0.0,0.0,0.0,0.0,0.0,0.0,0.0,0.0,0.0,0.0,0.0,0.0,0.0,0.0,0.0,0.0,0.0,0.0,0.0,0.0,0.0,0.0,0.0,0.0,0.0,0.0,0.0,0.0,0.0,0.0,0.0,0.0,0.0,0.0,0.0,0.0,0.0,0.0,0.0,0.0,0.0,0.0,0.0,0.0,0.0,0.0,0.0,0.0,0.0,0.0,0.0,0.0,0.0,0.0,0.0,0.0,0.0,0.0,0.0,0.0,0.0,0.0,0.0,0.0,0.0,0.0,0.0,0.0,0.0,0.0,0.0,0.0,0.0,0.0,0.0
seq45,0.0,0.0,99.7,0.0,0.0,0.0,0.0,0.0,0.0,0.0,0.0,0.0,0.0,0.0,0.0,0.0,0.0,0.0,0.0,0.0,0.0,0.0,0.0,0.0,0.0,0.0,0.0,0.0,0.0,0.0,0.0,0.0,0.0,0.0,0.0,0.0,0.0,0.0,0.0,0.0,0.0,100.0,100.0,100.0,100.0,100.0,0.0,0.0,0.0,0.0,0.0,0.0,0.0,0.0,0.0,0.0,0.0,0.0,0.0,0.0,0.0,0.0,0.0,0.0,0.0,0.0,0.0,0.0,0.0,0.0,0.0,0.0,0.0,0.0,0.0,0.0,0.0,0.0,0.0,0.0,0.0,0.0,0.0,0.0,0.0,0.0,0.0,0.0,0.0,0.0,0.0,0.0,0.0,0.0,0.0,0.0,0.0,0.0,0.0,0.0,0.0,0.0,0.0,0.0,0.0,0.0,0.0,0.0,0.0,0.0,0.0,0.0,0.0,0.0,0.0,0.0,0.0,0.0,0.0,0.0,0.0,0.0,0.0,0.0,0.0,0.0,0.0,0.0,0.0,0.0,0.0,0.0,0.0,0.0,0.0,0.0,0.0,0.0,0.0,0.0,0.0,0.0,0.0,0.0,0.0,0.0,0.0,0.0,0.0,0.0,0.0,0.0,0.0,0.0,0.0,0.0,0.0,0.0,0.0,0.0,0.0,0.0,0.0,0.0,0.0,0.0,0.0,0.0,0.0,0.0,0.0,0.0,0.0,0.0,0.0,0.0,0.0,0.0,0.0,0.0,0.0,0.0,0.0,0.0,0.0,0.0,0.0,0.0,0.0,0.0,0.0,0.0,0.0,0.0,0.0,0.0,0.0,0.0,0.0,0.0
seq46,0.0,0.0,99.7,0.0,0.0,0.0,0.0,0.0,0.0,0.0,0.0,0.0,0.0,0.0,0.0,0.0,0.0,0.0,0.0,0.0,0.0,0.0,0.0,0.0,0.0,0.0,0.0,0.0,0.0,0.0,0.0,0.0,0.0,0.0,0.0,0.0,0.0,0.0,0.0,0.0,0.0,100.0,100.0,100.0,100.0,100.0,0.0,0.0,0.0,0.0,0.0,0.0,0.0,0.0,0.0,0.0,0.0,0.0,0.0,0.0,0.0,0.0,0.0,0.0,0.0,0.0,0.0,0.0,0.0,0.0,0.0,0.0,0.0,0.0,0.0,0.0,0.0,0.0,0.0,0.0,0.0,0.0,0.0,0.0,0.0,0.0,0.0,0.0,0.0,0.0,0.0,0.0,0.0,0.0,0.0,0.0,0.0,0.0,0.0,0.0,0.0,0.0,0.0,0.0,0.0,0.0,0.0,0.0,0.0,0.0,0.0,0.0,0.0,0.0,0.0,0.0,0.0,0.0,0.0,0.0,0.0,0.0,0.0,0.0,0.0,0.0,0.0,0.0,0.0,0.0,0.0,0.0,0.0,0.0,0.0,0.0,0.0,0.0,0.0,0.0,0.0,0.0,0.0,0.0,0.0,0.0,0.0,0.0,0.0,0.0,0.0,0.0,0.0,0.0,0.0,0.0,0.0,0.0,0.0,0.0,0.0,0.0,0.0,0.0,0.0,0.0,0.0,0.0,0.0,0.0,0.0,0.0,0.0,0.0,0.0,0.0,0.0,0.0,0.0,0.0,0.0,0.0,0.0,0.0,0.0,0.0,0.0,0.0,0.0,0.0,0.0,0.0,0.0,0.0,0.0,0.0,0.0,0.0,0.0,0.0
seq47,37.1,0.0,0.0,0.0,0.0,35.2,27.1,0.0,27.4,0.0,28.9,33.3,33.3,35.0,0.0,34.7,23.6,0.0,21.0,21.0,0.0,0.0,30.7,31.5,0.0,29.8,25.0,23.2,0.0,28.8,0.0,0.0,22.6,21.6,23.8,0.0,43.7,0.0,34.4,0.0,25.7,0.0,0.0,0.0,0.0,0.0,100.0,23.4,0.0,28.2,0.0,30.4,31.6,0.0,0.0,0.0,0.0,0.0,0.0,0.0,25.4,0.0,0.0,0.0,0.0,0.0,31.4,33.1,27.4,27.0,23.9,0.0,25.9,0.0,23.2,0.0,26.4,24.9,0.0,24.9,0.0,0.0,40.2,0.0,0.0,36.2,0.0,0.0,26.3,32.1,0.0,0.0,0.0,0.0,0.0,0.0,26.3,25.5,26.6,26.6,0.0,25.1,0.0,0.0,0.0,0.0,0.0,0.0,25.4,0.0,26.8,25.5,29.0,26.9,0.0,0.0,0.0,28.3,33.7,32.4,0.0,32.1,0.0,0.0,0.0,0.0,24.6,0.0,26.5,25.2,24.3,0.0,0.0,27.3,27.3,27.3,30.8,0.0,0.0,0.0,29.5,0.0,0.0,24.2,29.2,0.0,0.0,0.0,0.0,0.0,0.0,28.2,0.0,0.0,0.0,26.5,27.1,0.0,0.0,26.2,0.0,60.2,60.2,60.2,60.2,60.2,0.0,0.0,0.0,0.0,0.0,0.0,0.0,0.0,0.0,0.0,37.5,26.9,0.0,34.6,0.0,0.0,31.3,30.5,37.6,31.0,45.9,67.9,0.0,36.7,34.1,0.0,0.0,26.6,0.0,0.0,0.0,0.0,21.0,27.4
seq48,0.0,0.0,0.0,0.0,0.0,0.0,0.0,0.0,0.0,0.0,23.4,0.0,0.0,0.0,0.0,28.0,0.0,0.0,0.0,0.0,28.7,0.0,0.0,0.0,0.0,0.0,31.5,31.5,0.0,0.0,0.0,28.3,0.0,31.4,24.2,0.0,0.0,0.0,0.0,0.0,0.0,0.0,0.0,0.0,0.0,0.0,0.0,100.0,0.0,0.0,0.0,0.0,0.0,0.0,0.0,0.0,0.0,0.0,0.0,0.0,0.0,0.0,0.0,0.0,0.0,0.0,0.0,22.9,0.0,0.0,0.0,0.0,0.0,0.0,0.0,0.0,0.0,0.0,0.0,0.0,0.0,0.0,0.0,0.0,0.0,0.0,0.0,0.0,0.0,25.8,0.0,0.0,0.0,0.0,0.0,0.0,25.2,25.2,0.0,0.0,0.0,0.0,0.0,0.0,0.0,0.0,0.0,25.2,0.0,0.0,25.5,0.0,0.0,0.0,0.0,0.0,0.0,0.0,0.0,0.0,0.0,0.0,0.0,0.0,0.0,23.6,0.0,0.0,0.0,0.0,0.0,0.0,0.0,0.0,0.0,0.0,0.0,0.0,0.0,0.0,0.0,0.0,0.0,0.0,0.0,0.0,0.0,0.0,0.0,0.0,0.0,0.0,0.0,0.0,0.0,0.0,0.0,0.0,0.0,0.0,0.0,25.4,25.4,25.4,25.4,25.4,0.0,0.0,0.0,0.0,0.0,0.0,0.0,0.0,0.0,0.0,0.0,0.0,27.6,0.0,0.0,0.0,26.9,28.0,19.3,0.0,0.0,0.0,0.0,0.0,0.0,0.0,0.0,0.0,0.0,24.2,24.2,0.0,0.0,0.0
seq49,0.0,0.0,0.0,0.0,0.0,0.0,0.0,0.0,0.0,0.0,0.0,0.0,0.0,0.0,0.0,0.0,0.0,0.0,0.0,0.0,0.0,0.0,0.0,0.0,0.0,0.0,0.0,0.0,0.0,0.0,0.0,0.0,0.0,0.0,0.0,0.0,0.0,0.0,0.0,0.0,0.0,0.0,0.0,0.0,0.0,0.0,0.0,0.0,100.0,0.0,0.0,0.0,0.0,0.0,0.0,0.0,0.0,0.0,0.0,0.0,0.0,0.0,0.0,0.0,0.0,0.0,0.0,0.0,0.0,0.0,0.0,0.0,0.0,0.0,0.0,0.0,0.0,0.0,0.0,0.0,0.0,0.0,0.0,0.0,0.0,0.0,0.0,0.0,0.0,0.0,0.0,0.0,0.0,0.0,0.0,0.0,0.0,0.0,0.0,0.0,0.0,0.0,0.0,0.0,0.0,0.0,0.0,0.0,0.0,0.0,0.0,0.0,0.0,0.0,0.0,0.0,0.0,0.0,0.0,0.0,0.0,0.0,0.0,29.2,0.0,0.0,0.0,0.0,0.0,0.0,0.0,0.0,0.0,0.0,0.0,0.0,0.0,0.0,0.0,0.0,0.0,0.0,0.0,0.0,0.0,0.0,0.0,0.0,0.0,0.0,0.0,0.0,0.0,0.0,0.0,0.0,0.0,0.0,0.0,0.0,0.0,0.0,0.0,0.0,0.0,0.0,0.0,0.0,0.0,0.0,0.0,0.0,0.0,0.0,0.0,0.0,0.0,0.0,0.0,0.0,0.0,0.0,0.0,0.0,0.0,0.0,0.0,0.0,0.0,0.0,0.0,0.0,0.0,0.0,0.0,0.0,0.0,0.0,0.0,0.0
seq50,0.0,0.0,0.0,0.0,0.0,0.0,25.4,27.1,0.0,0.0,26.5,27.8,26.6,20.4,0.0,0.0,0.0,36.1,0.0,0.0,25.7,0.0,22.3,27.3,0.0,27.0,25.0,23.7,0.0,0.0,0.0,0.0,0.0,24.8,24.5,0.0,0.0,0.0,24.6,0.0,0.0,0.0,0.0,0.0,0.0,0.0,0.0,0.0,0.0,100.0,0.0,24.6,0.0,0.0,0.0,0.0,0.0,0.0,0.0,0.0,23.2,0.0,25.1,0.0,0.0,0.0,23.2,26.0,0.0,0.0,25.3,0.0,0.0,24.7,20.8,0.0,0.0,25.9,0.0,28.9,24.3,23.5,0.0,0.0,0.0,0.0,0.0,0.0,29.2,28.0,0.0,0.0,0.0,0.0,0.0,0.0,0.0,30.6,0.0,0.0,0.0,18.8,0.0,0.0,23.3,23.3,0.0,0.0,0.0,0.0,26.5,23.6,0.0,26.2,29.3,0.0,0.0,0.0,0.0,0.0,0.0,0.0,0.0,0.0,0.0,0.0,0.0,0.0,0.0,0.0,29.0,0.0,0.0,0.0,0.0,0.0,0.0,0.0,0.0,0.0,0.0,0.0,0.0,34.4,0.0,23.0,23.0,23.0,23.0,23.0,23.0,0.0,0.0,0.0,0.0,20.7,20.7,27.8,0.0,0.0,0.0,0.0,0.0,0.0,0.0,0.0,0.0,0.0,0.0,31.2,0.0,0.0,0.0,0.0,0.0,0.0,35.6,0.0,0.0,0.0,0.0,0.0,0.0,30.2,0.0,0.0,28.4,0.0,0.0,0.0,27.6,0.0,0.0,20.6,0.0,20.9,20.9,0.0,0.0,0.0
seq51,0.0,37.4,0.0,0.0,0.0,0.0,0.0,0.0,0.0,0.0,0.0,0.0,0.0,0.0,0.0,0.0,0.0,0.0,0.0,0.0,0.0,0.0,0.0,0.0,56.0,0.0,0.0,0.0,0.0,0.0,0.0,0.0,0.0,0.0,0.0,0.0,0.0,0.0,0.0,0.0,0.0,0.0,0.0,0.0,0.0,0.0,0.0,0.0,0.0,0.0,100.0,0.0,0.0,0.0,0.0,0.0,0.0,0.0,0.0,0.0,0.0,0.0,0.0,0.0,0.0,51.6,0.0,0.0,0.0,0.0,0.0,57.3,0.0,0.0,0.0,0.0,0.0,0.0,0.0,0.0,0.0,0.0,0.0,0.0,0.0,0.0,0.0,0.0,0.0,0.0,0.0,0.0,0.0,0.0,0.0,0.0,0.0,0.0,0.0,0.0,0.0,0.0,0.0,0.0,0.0,0.0,0.0,0.0,0.0,0.0,0.0,0.0,0.0,0.0,0.0,0.0,0.0,0.0,0.0,0.0,0.0,0.0,0.0,0.0,0.0,0.0,0.0,0.0,0.0,0.0,0.0,0.0,0.0,0.0,0.0,0.0,0.0,0.0,0.0,0.0,0.0,0.0,0.0,0.0,0.0,0.0,0.0,0.0,0.0,0.0,0.0,0.0,0.0,0.0,0.0,0.0,0.0,0.0,0.0,0.0,0.0,0.0,0.0,0.0,0.0,0.0,0.0,0.0,0.0,0.0,0.0,0.0,0.0,0.0,0.0,0.0,0.0,0.0,0.0,0.0,0.0,0.0,0.0,0.0,0.0,0.0,0.0,0.0,0.0,0.0,0.0,36.3,0.0,0.0,0.0,0.0,0.0,0.0,0.0,0.0
seq52,0.0,0.0,0.0,0.0,0.0,0.0,0.0,0.0,0.0,0.0,0.0,0.0,0.0,0.0,0.0,22.7,0.0,0.0,23.8,23.8,26.7,0.0,72.6,24.3,0.0,25.5,0.0,0.0,0.0,25.8,0.0,0.0,27.3,0.0,0.0,0.0,0.0,0.0,0.0,0.0,26.2,0.0,0.0,0.0,0.0,0.0,35.4,0.0,0.0,25.2,0.0,100.0,0.0,0.0,0.0,0.0,0.0,0.0,0.0,0.0,27.3,21.1,0.0,0.0,0.0,0.0,27.7,0.0,32.6,0.0,24.5,0.0,25.6,21.0,20.6,0.0,0.0,25.3,0.0,0.0,0.0,0.0,28.8,0.0,0.0,0.0,0.0,0.0,0.0,0.0,0.0,0.0,0.0,0.0,0.0,0.0,24.4,25.1,0.0,0.0,0.0,21.0,0.0,0.0,0.0,0.0,0.0,0.0,30.6,0.0,40.1,0.0,0.0,0.0,0.0,0.0,0.0,0.0,30.8,32.0,0.0,28.7,0.0,0.0,0.0,0.0,0.0,0.0,0.0,0.0,0.0,0.0,0.0,0.0,0.0,0.0,0.0,0.0,0.0,0.0,21.3,0.0,0.0,0.0,0.0,0.0,0.0,0.0,0.0,0.0,0.0,0.0,0.0,0.0,0.0,19.2,19.0,0.0,0.0,0.0,25.3,33.3,33.3,33.3,33.3,33.3,0.0,0.0,0.0,0.0,0.0,0.0,0.0,0.0,0.0,0.0,0.0,0.0,0.0,0.0,0.0,0.0,0.0,21.8,21.8,0.0,35.0,0.0,0.0,28.9,0.0,0.0,0.0,36.0,0.0,0.0,0.0,0.0,23.8,0.0
seq53,0.0,0.0,0.0,0.0,0.0,23.0,0.0,0.0,0.0,0.0,0.0,0.0,0.0,55.5,0.0,0.0,0.0,0.0,0.0,0.0,0.0,0.0,0.0,0.0,0.0,0.0,0.0,0.0,0.0,0.0,0.0,0.0,0.0,0.0,0.0,0.0,0.0,0.0,98.4,0.0,0.0,0.0,0.0,0.0,0.0,0.0,31.9,0.0,0.0,0.0,0.0,0.0,100.0,0.0,0.0,0.0,0.0,0.0,0.0,0.0,0.0,0.0,0.0,0.0,0.0,0.0,32.3,0.0,0.0,0.0,0.0,0.0,0.0,0.0,0.0,0.0,0.0,0.0,0.0,0.0,0.0,0.0,0.0,0.0,0.0,0.0,0.0,0.0,0.0,0.0,0.0,0.0,0.0,0.0,0.0,0.0,0.0,0.0,0.0,0.0,0.0,0.0,0.0,0.0,0.0,0.0,0.0,0.0,0.0,0.0,0.0,0.0,0.0,0.0,0.0,0.0,0.0,26.4,0.0,0.0,0.0,0.0,0.0,0.0,0.0,28.1,0.0,0.0,0.0,0.0,0.0,0.0,0.0,0.0,0.0,0.0,53.7,0.0,0.0,0.0,0.0,0.0,0.0,0.0,0.0,0.0,0.0,0.0,0.0,0.0,0.0,0.0,0.0,0.0,0.0,0.0,0.0,0.0,0.0,0.0,0.0,32.5,32.5,32.5,32.5,32.5,0.0,0.0,0.0,0.0,0.0,0.0,0.0,0.0,0.0,0.0,0.0,0.0,0.0,0.0,0.0,0.0,0.0,0.0,0.0,0.0,0.0,29.7,0.0,0.0,0.0,0.0,0.0,0.0,0.0,0.0,0.0,0.0,0.0,0.0
seq54,0.0,0.0,0.0,0.0,0.0,0.0,0.0,0.0,0.0,0.0,0.0,0.0,0.0,0.0,0.0,27.6,0.0,0.0,32.7,32.7,27.6,0.0,0.0,0.0,0.0,0.0,31.7,30.9,0.0,33.8,0.0,0.0,0.0,24.5,24.5,0.0,0.0,0.0,0.0,86.6,0.0,0.0,0.0,0.0,0.0,0.0,0.0,0.0,0.0,0.0,0.0,0.0,0.0,100.0,0.0,0.0,0.0,0.0,0.0,0.0,0.0,0.0,24.5,0.0,88.3,0.0,0.0,0.0,0.0,0.0,0.0,0.0,0.0,22.5,0.0,0.0,0.0,0.0,0.0,0.0,0.0,0.0,0.0,0.0,0.0,0.0,0.0,0.0,0.0,0.0,0.0,0.0,0.0,0.0,0.0,0.0,36.3,36.3,23.4,23.4,0.0,0.0,0.0,0.0,0.0,0.0,0.0,0.0,0.0,0.0,32.0,0.0,0.0,0.0,34.4,0.0,0.0,0.0,0.0,0.0,0.0,0.0,0.0,0.0,0.0,0.0,0.0,0.0,37.5,0.0,0.0,0.0,0.0,0.0,0.0,0.0,0.0,0.0,0.0,0.0,0.0,0.0,0.0,0.0,0.0,0.0,0.0,0.0,0.0,0.0,0.0,0.0,0.0,0.0,0.0,0.0,0.0,0.0,0.0,28.1,0.0,0.0,0.0,0.0,0.0,0.0,0.0,0.0,0.0,0.0,0.0,0.0,0.0,0.0,0.0,0.0,0.0,0.0,0.0,0.0,0.0,0.0,0.0,31.6,0.0,0.0,0.0,0.0,0.0,0.0,30.3,0.0,0.0,0.0,0.0,0.0,0.0,0.0,32.7,0.0
seq55,0.0,0.0,0.0,0.0,0.0,0.0,0.0,0.0,0.0,0.0,0.0,0.0,0.0,0.0,0.0,0.0,0.0,0.0,0.0,0.0,0.0,0.0,0.0,0.0,0.0,0.0,0.0,0.0,0.0,0.0,0.0,0.0,0.0,0.0,0.0,0.0,0.0,0.0,0.0,0.0,0.0,0.0,0.0,0.0,0.0,0.0,0.0,0.0,0.0,0.0,0.0,0.0,0.0,0.0,100.0,63.1,79.0,0.0,58.3,0.0,0.0,0.0,0.0,0.0,0.0,0.0,0.0,0.0,0.0,0.0,0.0,0.0,0.0,0.0,0.0,0.0,0.0,0.0,0.0,0.0,0.0,0.0,0.0,0.0,0.0,0.0,0.0,0.0,0.0,0.0,0.0,0.0,0.0,0.0,0.0,0.0,0.0,0.0,0.0,0.0,0.0,0.0,0.0,0.0,0.0,0.0,31.1,0.0,0.0,0.0,0.0,0.0,0.0,0.0,0.0,0.0,0.0,0.0,0.0,0.0,0.0,0.0,0.0,0.0,0.0,0.0,0.0,0.0,0.0,0.0,0.0,0.0,0.0,0.0,0.0,0.0,0.0,0.0,0.0,0.0,0.0,0.0,0.0,0.0,0.0,0.0,0.0,0.0,0.0,0.0,0.0,0.0,0.0,0.0,0.0,0.0,0.0,0.0,0.0,0.0,0.0,0.0,0.0,0.0,0.0,0.0,0.0,0.0,0.0,0.0,0.0,0.0,0.0,0.0,0.0,0.0,0.0,0.0,0.0,0.0,0.0,0.0,0.0,0.0,0.0,0.0,0.0,0.0,0.0,0.0,0.0,0.0,0.0,0.0,0.0,0.0,0.0,0.0,0.0,0.0
seq56,0.0,0.0,0.0,0.0,0.0,0.0,0.0,0.0,0.0,0.0,0.0,0.0,0.0,0.0,0.0,0.0,0.0,0.0,0.0,0.0,0.0,0.0,0.0,0.0,0.0,0.0,0.0,0.0,0.0,0.0,0.0,0.0,0.0,0.0,0.0,0.0,0.0,0.0,0.0,0.0,0.0,0.0,0.0,0.0,0.0,0.0,0.0,0.0,0.0,0.0,0.0,0.0,0.0,0.0,63.1,100.0,61.3,0.0,48.4,0.0,0.0,0.0,0.0,0.0,0.0,0.0,0.0,0.0,0.0,0.0,0.0,0.0,0.0,0.0,0.0,0.0,0.0,0.0,0.0,0.0,0.0,0.0,0.0,0.0,0.0,0.0,0.0,0.0,0.0,0.0,0.0,0.0,0.0,0.0,0.0,0.0,0.0,0.0,0.0,0.0,0.0,0.0,0.0,0.0,0.0,0.0,0.0,0.0,0.0,0.0,0.0,0.0,0.0,0.0,0.0,0.0,0.0,0.0,0.0,0.0,0.0,0.0,0.0,0.0,0.0,0.0,0.0,0.0,0.0,0.0,0.0,0.0,0.0,0.0,0.0,0.0,0.0,0.0,0.0,0.0,0.0,0.0,0.0,0.0,0.0,0.0,0.0,0.0,0.0,0.0,0.0,0.0,0.0,0.0,0.0,0.0,0.0,0.0,0.0,0.0,0.0,0.0,0.0,0.0,0.0,0.0,0.0,0.0,0.0,0.0,0.0,0.0,0.0,0.0,0.0,0.0,0.0,0.0,0.0,0.0,0.0,0.0,0.0,0.0,0.0,0.0,0.0,0.0,0.0,0.0,0.0,0.0,0.0,0.0,0.0,0.0,0.0,0.0,0.0,0.0
seq57,0.0,0.0,0.0,0.0,0.0,0.0,0.0,0.0,0.0,0.0,0.0,0.0,0.0,0.0,0.0,0.0,0.0,0.0,0.0,0.0,0.0,0.0,0.0,0.0,0.0,0.0,0.0,0.0,0.0,0.0,0.0,0.0,0.0,0.0,0.0,0.0,0.0,0.0,0.0,0.0,0.0,0.0,0.0,0.0,0.0,0.0,0.0,0.0,0.0,0.0,0.0,0.0,0.0,0.0,74.6,61.3,100.0,0.0,59.3,0.0,0.0,0.0,0.0,0.0,0.0,0.0,0.0,0.0,0.0,0.0,0.0,0.0,0.0,0.0,0.0,0.0,0.0,0.0,0.0,0.0,0.0,0.0,0.0,0.0,0.0,0.0,0.0,0.0,0.0,0.0,0.0,0.0,0.0,0.0,0.0,0.0,0.0,0.0,0.0,0.0,0.0,0.0,0.0,0.0,0.0,0.0,31.2,0.0,0.0,0.0,0.0,0.0,0.0,0.0,0.0,0.0,0.0,0.0,0.0,0.0,0.0,0.0,0.0,0.0,0.0,0.0,0.0,0.0,0.0,0.0,0.0,0.0,0.0,0.0,0.0,0.0,0.0,0.0,0.0,0.0,0.0,0.0,0.0,0.0,0.0,0.0,0.0,0.0,0.0,0.0,0.0,0.0,0.0,0.0,0.0,0.0,0.0,0.0,0.0,0.0,0.0,0.0,0.0,0.0,0.0,0.0,0.0,0.0,0.0,0.0,0.0,0.0,0.0,0.0,0.0,0.0,0.0,0.0,0.0,0.0,0.0,0.0,0.0,0.0,0.0,0.0,0.0,0.0,0.0,0.0,0.0,0.0,0.0,0.0,0.0,0.0,0.0,0.0,0.0,0.0
seq58,0.0,0.0,0.0,0.0,0.0,0.0,0.0,0.0,0.0,0.0,0.0,0.0,0.0,0.0,0.0,0.0,0.0,0.0,0.0,0.0,34.6,0.0,0.0,0.0,0.0,0.0,0.0,0.0,0.0,0.0,0.0,0.0,0.0,27.7,0.0,0.0,0.0,0.0,0.0,0.0,0.0,0.0,0.0,0.0,0.0,0.0,0.0,0.0,0.0,0.0,0.0,0.0,0.0,0.0,0.0,0.0,0.0,100.0,0.0,0.0,0.0,43.7,38.9,0.0,0.0,0.0,0.0,0.0,0.0,0.0,0.0,0.0,0.0,0.0,0.0,0.0,0.0,0.0,0.0,0.0,0.0,0.0,0.0,0.0,0.0,0.0,0.0,0.0,0.0,0.0,0.0,0.0,0.0,0.0,0.0,0.0,0.0,0.0,28.4,28.4,0.0,0.0,0.0,0.0,0.0,0.0,0.0,35.4,0.0,0.0,0.0,0.0,0.0,0.0,0.0,0.0,0.0,0.0,0.0,0.0,0.0,0.0,0.0,0.0,0.0,30.7,0.0,0.0,31.5,0.0,0.0,0.0,0.0,0.0,0.0,0.0,0.0,0.0,0.0,0.0,0.0,0.0,0.0,0.0,0.0,0.0,0.0,0.0,0.0,0.0,0.0,0.0,0.0,0.0,0.0,0.0,0.0,0.0,0.0,0.0,0.0,0.0,0.0,0.0,0.0,0.0,0.0,0.0,0.0,0.0,0.0,0.0,0.0,0.0,0.0,0.0,0.0,0.0,0.0,0.0,0.0,0.0,0.0,33.3,0.0,0.0,0.0,0.0,0.0,0.0,0.0,0.0,0.0,0.0,0.0,0.0,0.0,0.0,0.0,34.5
seq59,0.0,0.0,0.0,0.0,0.0,0.0,0.0,0.0,0.0,0.0,0.0,0.0,0.0,0.0,0.0,0.0,0.0,0.0,0.0,0.0,0.0,0.0,0.0,0.0,0.0,0.0,0.0,0.0,0.0,0.0,0.0,0.0,0.0,0.0,0.0,0.0,0.0,0.0,0.0,0.0,0.0,0.0,0.0,0.0,0.0,0.0,0.0,0.0,0.0,0.0,0.0,0.0,0.0,0.0,58.3,48.4,59.3,0.0,100.0,0.0,0.0,0.0,0.0,0.0,0.0,0.0,0.0,0.0,0.0,0.0,0.0,0.0,0.0,0.0,0.0,0.0,0.0,0.0,0.0,0.0,0.0,0.0,0.0,0.0,0.0,0.0,0.0,0.0,0.0,0.0,0.0,0.0,0.0,0.0,0.0,0.0,0.0,0.0,0.0,0.0,0.0,0.0,0.0,0.0,0.0,0.0,33.8,0.0,0.0,0.0,0.0,0.0,0.0,0.0,0.0,0.0,0.0,0.0,0.0,0.0,0.0,0.0,0.0,0.0,0.0,0.0,0.0,0.0,0.0,0.0,0.0,0.0,0.0,0.0,0.0,0.0,0.0,0.0,0.0,0.0,0.0,0.0,0.0,0.0,0.0,0.0,0.0,0.0,0.0,0.0,0.0,0.0,0.0,0.0,0.0,0.0,0.0,0.0,0.0,0.0,0.0,0.0,0.0,0.0,0.0,0.0,0.0,0.0,0.0,0.0,0.0,0.0,0.0,0.0,0.0,0.0,0.0,0.0,0.0,0.0,0.0,0.0,0.0,0.0,0.0,0.0,0.0,0.0,0.0,0.0,0.0,0.0,0.0,0.0,0.0,0.0,0.0,0.0,0.0,0.0
seq60,0.0,0.0,0.0,0.0,0.0,0.0,0.0,39.0,0.0,0.0,0.0,0.0,0.0,34.3,0.0,0.0,0.0,0.0,0.0,0.0,0.0,0.0,0.0,0.0,0.0,0.0,0.0,0.0,0.0,0.0,0.0,0.0,0.0,39.0,39.0,0.0,31.3,0.0,0.0,0.0,0.0,0.0,0.0,0.0,0.0,0.0,0.0,0.0,0.0,0.0,0.0,0.0,0.0,0.0,0.0,0.0,0.0,0.0,0.0,100.0,0.0,0.0,0.0,0.0,0.0,0.0,0.0,0.0,0.0,0.0,0.0,0.0,0.0,0.0,30.6,0.0,0.0,0.0,0.0,0.0,0.0,0.0,0.0,0.0,0.0,0.0,0.0,0.0,0.0,0.0,0.0,0.0,0.0,0.0,0.0,0.0,0.0,0.0,0.0,0.0,0.0,0.0,0.0,0.0,0.0,0.0,0.0,0.0,0.0,0.0,0.0,0.0,0.0,0.0,0.0,0.0,0.0,0.0,0.0,0.0,0.0,0.0,0.0,0.0,0.0,0.0,0.0,0.0,0.0,0.0,0.0,0.0,0.0,0.0,0.0,0.0,0.0,0.0,0.0,0.0,0.0,0.0,0.0,0.0,0.0,0.0,0.0,0.0,0.0,0.0,0.0,0.0,0.0,0.0,0.0,0.0,0.0,0.0,0.0,0.0,0.0,0.0,0.0,0.0,0.0,0.0,0.0,0.0,0.0,0.0,0.0,0.0,0.0,0.0,0.0,0.0,0.0,0.0,0.0,0.0,0.0,0.0,0.0,0.0,0.0,0.0,0.0,0.0,0.0,0.0,0.0,0.0,0.0,0.0,0.0,0.0,0.0,0.0,0.0,0.0
seq61,48.7,0.0,0.0,0.0,0.0,0.0,24.6,26.3,0.0,29.0,27.4,27.5,32.8,0.0,0.0,30.4,0.0,0.0,27.9,27.9,24.4,0.0,25.4,23.7,0.0,27.7,24.4,23.9,0.0,41.8,0.0,30.3,0.0,29.0,28.4,25.3,29.4,0.0,0.0,0.0,28.1,0.0,0.0,0.0,0.0,0.0,25.2,0.0,0.0,24.2,0.0,26.2,0.0,0.0,0.0,0.0,0.0,0.0,0.0,0.0,100.0,0.0,22.9,0.0,0.0,0.0,34.7,29.0,24.4,26.7,28.2,0.0,28.0,23.6,0.0,0.0,0.0,28.1,0.0,22.7,0.0,0.0,30.7,0.0,0.0,37.5,0.0,0.0,29.5,27.4,0.0,0.0,0.0,0.0,0.0,0.0,25.8,25.8,24.5,24.5,0.0,27.2,0.0,0.0,0.0,0.0,0.0,0.0,28.6,0.0,0.0,25.1,0.0,22.8,0.0,0.0,0.0,26.6,32.2,30.7,0.0,28.2,0.0,0.0,0.0,25.9,22.5,0.0,0.0,21.5,22.3,33.7,0.0,25.2,25.2,25.2,0.0,0.0,0.0,0.0,22.7,0.0,0.0,0.0,23.5,0.0,0.0,0.0,0.0,0.0,0.0,0.0,0.0,0.0,0.0,25.8,25.8,0.0,0.0,33.9,0.0,0.0,0.0,0.0,0.0,0.0,0.0,0.0,23.8,0.0,0.0,0.0,0.0,0.0,0.0,0.0,0.0,0.0,0.0,0.0,0.0,0.0,21.8,28.2,24.2,0.0,29.1,25.0,0.0,0.0,27.8,0.0,0.0,27.8,31.7,27.7,27.7,23.8,27.9,27.8
seq62,0.0,0.0,0.0,0.0,0.0,0.0,21.0,0.0,0.0,32.1,0.0,31.6,0.0,25.8,0.0,0.0,0.0,0.0,0.0,0.0,0.0,0.0,0.0,28.7,0.0,0.0,0.0,0.0,25.0,26.7,0.0,0.0,0.0,0.0,0.0,0.0,20.9,0.0,22.2,0.0,0.0,0.0,0.0,0.0,0.0,0.0,0.0,0.0,0.0,0.0,0.0,0.0,0.0,0.0,0.0,0.0,0.0,45.1,0.0,0.0,0.0,100.0,0.0,0.0,0.0,0.0,0.0,0.0,28.5,0.0,0.0,0.0,26.0,0.0,28.4,0.0,27.4,0.0,0.0,0.0,0.0,0.0,27.3,0.0,0.0,0.0,0.0,0.0,0.0,0.0,0.0,0.0,0.0,0.0,0.0,0.0,24.2,35.1,0.0,0.0,0.0,0.0,0.0,0.0,33.6,33.6,0.0,25.5,30.5,0.0,0.0,0.0,0.0,0.0,0.0,0.0,0.0,27.5,25.3,26.6,0.0,29.3,0.0,0.0,0.0,0.0,0.0,0.0,29.5,0.0,0.0,0.0,0.0,0.0,0.0,0.0,20.9,0.0,0.0,0.0,32.4,0.0,0.0,0.0,0.0,0.0,0.0,0.0,0.0,0.0,0.0,0.0,0.0,0.0,0.0,30.4,30.4,0.0,0.0,0.0,0.0,24.2,24.2,24.2,24.2,24.2,0.0,0.0,0.0,0.0,0.0,0.0,0.0,0.0,0.0,0.0,0.0,0.0,0.0,0.0,0.0,0.0,0.0,0.0,0.0,0.0,24.0,26.0,0.0,0.0,0.0,0.0,0.0,29.5,0.0,0.0,0.0,0.0,0.0,0.0
seq63,27.1,0.0,0.0,0.0,0.0,25.6,49.4,28.1,27.0,0.0,29.1,44.4,0.0,19.6,0.0,0.0,0.0,0.0,37.3,37.3,29.7,0.0,0.0,32.8,0.0,25.3,27.0,27.7,0.0,33.3,0.0,0.0,31.7,0.0,0.0,0.0,0.0,0.0,19.7,31.1,0.0,0.0,0.0,0.0,0.0,0.0,0.0,0.0,0.0,24.6,0.0,0.0,0.0,29.5,0.0,0.0,0.0,38.9,0.0,0.0,22.9,0.0,100.0,0.0,30.1,0.0,25.7,25.1,32.7,28.3,30.0,0.0,36.7,32.8,23.8,0.0,0.0,28.0,0.0,27.8,0.0,0.0,33.8,0.0,0.0,36.7,0.0,0.0,0.0,26.1,0.0,0.0,0.0,0.0,0.0,0.0,25.4,25.4,39.0,39.0,0.0,38.0,0.0,0.0,46.1,46.1,0.0,29.8,25.5,0.0,0.0,0.0,0.0,25.0,0.0,0.0,0.0,0.0,38.2,35.2,0.0,38.2,0.0,0.0,0.0,23.0,23.0,0.0,37.2,0.0,0.0,0.0,0.0,0.0,0.0,0.0,0.0,0.0,0.0,29.4,30.4,0.0,0.0,22.8,28.6,23.9,23.9,23.9,23.9,23.9,23.9,37.1,0.0,0.0,0.0,40.5,37.8,0.0,0.0,33.9,0.0,24.4,24.4,24.4,24.4,24.4,0.0,0.0,0.0,30.0,0.0,0.0,0.0,0.0,0.0,0.0,40.8,0.0,0.0,36.7,0.0,0.0,29.2,0.0,0.0,0.0,0.0,21.2,0.0,0.0,31.6,0.0,0.0,37.1,0.0,0.0,0.0,0.0,35.8,44.1
seq64,0.0,0.0,0.0,0.0,0.0,0.0,0.0,0.0,0.0,0.0,0.0,0.0,0.0,0.0,0.0,0.0,0.0,0.0,0.0,0.0,0.0,0.0,0.0,0.0,0.0,0.0,0.0,0.0,0.0,0.0,0.0,0.0,0.0,0.0,0.0,0.0,0.0,0.0,0.0,0.0,0.0,0.0,0.0,0.0,0.0,0.0,0.0,0.0,0.0,0.0,0.0,0.0,0.0,0.0,0.0,0.0,0.0,0.0,0.0,0.0,0.0,0.0,0.0,100.0,0.0,0.0,0.0,0.0,0.0,0.0,0.0,0.0,0.0,0.0,0.0,0.0,0.0,0.0,0.0,0.0,0.0,0.0,0.0,0.0,0.0,0.0,0.0,0.0,0.0,0.0,0.0,0.0,0.0,0.0,0.0,0.0,0.0,0.0,0.0,0.0,0.0,0.0,0.0,0.0,0.0,0.0,0.0,0.0,0.0,0.0,0.0,0.0,0.0,0.0,0.0,0.0,0.0,0.0,0.0,0.0,0.0,0.0,0.0,0.0,0.0,0.0,0.0,0.0,0.0,0.0,0.0,0.0,0.0,0.0,0.0,0.0,0.0,0.0,0.0,0.0,0.0,0.0,0.0,0.0,0.0,0.0,0.0,0.0,0.0,0.0,0.0,0.0,0.0,0.0,0.0,0.0,0.0,0.0,0.0,0.0,0.0,0.0,0.0,0.0,0.0,0.0,0.0,0.0,0.0,0.0,0.0,0.0,0.0,0.0,0.0,0.0,0.0,0.0,0.0,0.0,0.0,0.0,0.0,0.0,0.0,0.0,0.0,0.0,0.0,0.0,0.0,0.0,0.0,0.0,0.0,0.0,0.0,0.0,0.0,0.0
seq65,0.0,0.0,0.0,0.0,0.0,0.0,26.7,0.0,0.0,0.0,0.0,0.0,0.0,0.0,0.0,33.3,0.0,0.0,31.1,31.1,0.0,0.0,28.5,0.0,0.0,0.0,29.7,30.6,0.0,32.4,0.0,0.0,0.0,21.7,21.7,0.0,22.6,0.0,0.0,91.8,28.8,0.0,0.0,0.0,0.0,0.0,0.0,27.1,0.0,0.0,0.0,0.0,0.0,88.3,0.0,0.0,0.0,0.0,0.0,0.0,0.0,0.0,30.1,0.0,100.0,0.0,0.0,0.0,0.0,0.0,0.0,0.0,0.0,22.8,0.0,0.0,0.0,0.0,0.0,0.0,0.0,0.0,0.0,0.0,0.0,0.0,0.0,0.0,0.0,32.3,0.0,0.0,0.0,0.0,0.0,0.0,36.3,30.8,0.0,0.0,0.0,0.0,0.0,0.0,0.0,0.0,0.0,0.0,0.0,0.0,0.0,0.0,0.0,0.0,29.7,0.0,0.0,0.0,0.0,0.0,0.0,0.0,0.0,0.0,0.0,0.0,0.0,0.0,25.9,0.0,0.0,0.0,0.0,0.0,0.0,0.0,0.0,0.0,0.0,0.0,0.0,0.0,0.0,0.0,0.0,0.0,0.0,0.0,0.0,0.0,0.0,0.0,0.0,0.0,0.0,0.0,0.0,0.0,0.0,24.6,0.0,0.0,0.0,0.0,0.0,0.0,0.0,0.0,0.0,0.0,0.0,0.0,0.0,0.0,0.0,0.0,0.0,0.0,0.0,0.0,0.0,0.0,0.0,34.6,0.0,0.0,0.0,0.0,0.0,0.0,30.3,0.0,0.0,0.0,0.0,0.0,0.0,0.0,31.1,0.0
seq66,0.0,45.9,0.0,0.0,0.0,0.0,0.0,0.0,0.0,0.0,0.0,0.0,0.0,0.0,0.0,0.0,0.0,0.0,0.0,0.0,0.0,0.0,0.0,0.0,68.2,0.0,0.0,0.0,0.0,0.0,0.0,0.0,0.0,0.0,0.0,0.0,0.0,0.0,0.0,0.0,0.0,0.0,0.0,0.0,0.0,0.0,0.0,0.0,0.0,0.0,52.0,0.0,0.0,0.0,0.0,0.0,0.0,0.0,0.0,0.0,0.0,0.0,0.0,0.0,0.0,100.0,0.0,0.0,0.0,0.0,0.0,72.7,0.0,0.0,0.0,0.0,0.0,0.0,0.0,0.0,0.0,0.0,0.0,0.0,0.0,0.0,0.0,0.0,0.0,0.0,0.0,0.0,0.0,0.0,0.0,0.0,0.0,0.0,0.0,0.0,0.0,0.0,0.0,0.0,0.0,0.0,0.0,0.0,0.0,0.0,0.0,0.0,0.0,0.0,0.0,0.0,0.0,0.0,0.0,0.0,0.0,0.0,0.0,0.0,0.0,0.0,0.0,0.0,0.0,0.0,0.0,0.0,0.0,0.0,0.0,0.0,0.0,0.0,0.0,0.0,0.0,0.0,0.0,0.0,0.0,0.0,0.0,0.0,0.0,0.0,0.0,0.0,0.0,0.0,0.0,0.0,0.0,0.0,0.0,0.0,0.0,0.0,0.0,0.0,0.0,0.0,0.0,0.0,0.0,0.0,0.0,0.0,0.0,0.0,0.0,0.0,0.0,0.0,0.0,0.0,0.0,0.0,0.0,0.0,0.0,0.0,0.0,0.0,0.0,0.0,0.0,43.6,0.0,0.0,0.0,0.0,0.0,0.0,0.0,0.0
seq67,39.7,0.0,0.0,0.0,0.0,0.0,28.2,28.2,0.0,0.0,0.0,0.0,0.0,0.0,0.0,34.2,0.0,33.3,28.9,28.9,29.1,0.0,0.0,31.7,0.0,34.2,26.6,26.1,0.0,0.0,0.0,0.0,35.0,28.1,27.4,33.8,32.3,28.1,30.8,0.0,0.0,0.0,0.0,0.0,0.0,0.0,30.7,0.0,0.0,23.2,0.0,0.0,32.0,0.0,0.0,0.0,0.0,0.0,0.0,0.0,31.2,0.0,25.7,0.0,0.0,0.0,100.0,26.6,29.0,35.7,38.0,0.0,33.8,35.7,0.0,0.0,0.0,35.7,0.0,25.8,0.0,0.0,38.2,0.0,0.0,30.3,0.0,0.0,29.3,26.4,0.0,0.0,0.0,0.0,0.0,0.0,25.8,24.8,30.4,30.4,0.0,0.0,0.0,0.0,30.9,30.9,0.0,0.0,0.0,0.0,0.0,35.7,0.0,29.3,0.0,0.0,0.0,27.1,0.0,0.0,0.0,0.0,0.0,0.0,0.0,35.8,28.7,0.0,27.7,28.7,26.1,32.1,0.0,29.4,29.4,29.4,0.0,0.0,0.0,0.0,32.3,0.0,0.0,27.9,26.2,0.0,0.0,0.0,0.0,0.0,0.0,30.8,0.0,0.0,0.0,28.1,27.4,28.0,0.0,0.0,0.0,30.3,30.3,30.3,30.3,30.3,0.0,0.0,0.0,0.0,0.0,0.0,0.0,0.0,0.0,0.0,0.0,27.9,0.0,28.2,0.0,0.0,0.0,35.2,29.3,40.4,30.4,26.9,0.0,0.0,31.6,0.0,27.7,29.6,33.9,23.3,23.3,0.0,28.9,0.0
seq68,38.7,0.0,0.0,0.0,0.0,32.2,25.9,22.8,26.7,0.0,24.1,44.0,47.9,22.4,0.0,31.9,0.0,0.0,0.0,0.0,25.2,0.0,0.0,38.8,0.0,42.1,26.4,27.6,0.0,0.0,0.0,31.3,22.7,21.6,29.5,0.0,0.0,0.0,26.4,0.0,32.3,0.0,0.0,0.0,0.0,0.0,32.9,0.0,0.0,26.0,0.0,0.0,0.0,0.0,0.0,0.0,0.0,0.0,0.0,0.0,27.3,0.0,0.0,0.0,0.0,0.0,26.4,100.0,30.0,37.5,40.2,0.0,0.0,29.4,25.5,0.0,29.2,31.5,0.0,30.3,0.0,0.0,46.4,0.0,0.0,46.5,0.0,0.0,30.5,36.5,0.0,0.0,0.0,0.0,0.0,0.0,40.2,38.4,22.8,22.8,0.0,0.0,0.0,0.0,23.8,23.8,0.0,0.0,36.1,0.0,0.0,0.0,0.0,0.0,0.0,0.0,0.0,25.9,44.2,42.6,0.0,44.2,0.0,0.0,0.0,0.0,35.5,0.0,0.0,35.0,32.2,0.0,0.0,0.0,0.0,0.0,25.0,0.0,0.0,0.0,29.4,0.0,0.0,50.0,41.6,0.0,0.0,0.0,0.0,0.0,0.0,0.0,0.0,0.0,0.0,0.0,0.0,33.8,0.0,42.4,0.0,29.1,29.1,29.1,29.1,29.1,0.0,0.0,0.0,0.0,0.0,0.0,0.0,0.0,0.0,0.0,34.9,0.0,0.0,32.2,0.0,0.0,25.3,34.0,28.9,0.0,27.0,25.5,0.0,35.9,33.0,0.0,0.0,0.0,0.0,0.0,0.0,0.0,0.0,38.5
seq69,41.6,0.0,0.0,0.0,0.0,30.8,35.7,27.6,30.8,28.8,30.0,0.0,33.9,25.2,0.0,25.3,0.0,0.0,31.7,31.7,22.2,0.0,25.8,35.7,0.0,29.2,0.0,0.0,0.0,29.6,0.0,0.0,28.2,0.0,0.0,26.8,26.3,0.0,0.0,0.0,0.0,0.0,0.0,0.0,0.0,0.0,26.9,20.9,0.0,0.0,0.0,23.1,0.0,0.0,0.0,0.0,0.0,0.0,0.0,0.0,24.4,28.5,31.6,0.0,0.0,0.0,29.0,30.9,100.0,34.7,0.0,0.0,33.3,0.0,0.0,0.0,0.0,0.0,0.0,28.1,0.0,0.0,35.7,0.0,0.0,38.3,0.0,0.0,31.1,23.1,0.0,0.0,0.0,0.0,0.0,0.0,30.8,28.8,35.6,35.6,0.0,33.3,0.0,0.0,33.7,33.7,0.0,24.4,26.9,0.0,21.7,0.0,28.1,27.9,0.0,0.0,0.0,26.0,37.3,37.3,0.0,33.3,0.0,0.0,0.0,0.0,23.4,0.0,35.3,22.9,23.0,0.0,0.0,0.0,0.0,0.0,0.0,0.0,0.0,0.0,25.7,0.0,0.0,30.9,27.0,0.0,0.0,0.0,0.0,0.0,0.0,0.0,0.0,0.0,0.0,33.6,33.1,0.0,0.0,0.0,0.0,24.3,24.3,24.3,24.3,24.3,0.0,0.0,0.0,0.0,0.0,0.0,0.0,0.0,0.0,0.0,42.6,0.0,0.0,31.0,0.0,0.0,26.8,25.3,29.0,27.7,0.0,42.5,0.0,0.0,25.3,0.0,0.0,32.1,25.6,0.0,0.0,0.0,33.0,34.3
seq70,76.8,0.0,0.0,0.0,0.0,29.1,39.5,0.0,31.9,0.0,52.8,30.5,0.0,41.4,0.0,36.3,28.1,0.0,0.0,0.0,0.0,0.0,0.0,33.3,0.0,0.0,0.0,0.0,0.0,30.5,0.0,0.0,30.3,31.3,31.3,33.7,35.8,0.0,39.6,0.0,0.0,0.0,0.0,0.0,0.0,0.0,25.5,0.0,0.0,0.0,0.0,0.0,0.0,0.0,0.0,0.0,0.0,0.0,0.0,0.0,26.9,0.0,28.3,0.0,0.0,0.0,33.6,40.2,0.0,100.0,54.1,0.0,0.0,34.9,32.5,0.0,0.0,53.0,37.1,0.0,0.0,0.0,42.8,0.0,0.0,33.9,0.0,0.0,34.6,43.5,0.0,0.0,0.0,0.0,0.0,0.0,36.1,36.1,33.3,33.3,0.0,0.0,0.0,0.0,40.3,40.3,0.0,0.0,44.3,0.0,0.0,46.6,0.0,36.9,0.0,0.0,0.0,47.8,0.0,0.0,0.0,0.0,0.0,0.0,0.0,0.0,0.0,0.0,27.4,37.3,36.4,0.0,0.0,32.2,32.2,32.2,38.7,0.0,0.0,33.7,0.0,0.0,0.0,33.7,35.0,0.0,0.0,0.0,0.0,0.0,0.0,0.0,0.0,0.0,0.0,0.0,0.0,0.0,0.0,47.8,0.0,44.8,44.8,44.8,44.8,44.8,0.0,0.0,0.0,0.0,0.0,0.0,0.0,0.0,0.0,0.0,35.0,0.0,0.0,33.8,0.0,0.0,36.5,0.0,37.5,0.0,25.8,40.4,0.0,0.0,0.0,0.0,0.0,36.8,0.0,36.0,36.0,0.0,0.0,0.0
seq71,76.3,0.0,0.0,0.0,0.0,28.9,29.6,0.0,27.7,0.0,67.2,30.3,0.0,26.3,0.0,29.4,0.0,0.0,0.0,0.0,31.1,0.0,26.6,34.7,0.0,0.0,29.7,30.4,0.0,30.5,0.0,0.0,31.8,29.1,29.1,28.9,28.7,0.0,0.0,0.0,0.0,0.0,0.0,0.0,0.0,0.0,24.9,0.0,0.0,26.5,0.0,24.5,0.0,0.0,0.0,0.0,0.0,0.0,0.0,0.0,28.5,0.0,30.0,0.0,0.0,0.0,38.0,24.7,28.5,53.8,100.0,0.0,0.0,36.5,24.5,0.0,0.0,67.4,0.0,0.0,0.0,0.0,44.4,0.0,0.0,33.8,0.0,0.0,0.0,29.4,0.0,0.0,0.0,0.0,0.0,0.0,25.8,25.4,25.8,25.8,0.0,0.0,0.0,0.0,0.0,0.0,0.0,0.0,46.1,0.0,0.0,49.7,0.0,0.0,0.0,0.0,0.0,34.3,39.6,39.6,0.0,38.0,0.0,0.0,0.0,0.0,27.7,0.0,23.8,27.0,28.7,39.6,0.0,26.5,26.5,26.5,23.7,0.0,0.0,0.0,0.0,0.0,0.0,26.7,36.0,0.0,0.0,0.0,0.0,0.0,0.0,0.0,25.8,25.8,0.0,0.0,0.0,0.0,0.0,48.4,0.0,22.6,22.6,22.6,22.6,22.6,0.0,0.0,0.0,0.0,0.0,0.0,0.0,0.0,0.0,0.0,38.8,0.0,0.0,0.0,0.0,0.0,27.3,0.0,27.3,0.0,0.0,23.3,38.9,0.0,30.9,0.0,0.0,0.0,0.0,0.0,0.0,0.0,0.0,0.0
seq72,0.0,42.5,0.0,0.0,0.0,0.0,0.0,0.0,0.0,0.0,0.0,0.0,0.0,0.0,0.0,0.0,0.0,0.0,0.0,0.0,0.0,0.0,0.0,0.0,78.7,0.0,0.0,0.0,0.0,0.0,0.0,0.0,0.0,0.0,0.0,0.0,0.0,0.0,0.0,0.0,0.0,0.0,0.0,0.0,0.0,0.0,0.0,0.0,0.0,0.0,56.4,0.0,0.0,0.0,0.0,0.0,0.0,0.0,0.0,0.0,0.0,0.0,0.0,0.0,0.0,72.7,0.0,0.0,0.0,0.0,0.0,100.0,0.0,0.0,0.0,0.0,0.0,0.0,0.0,0.0,0.0,0.0,0.0,0.0,0.0,0.0,0.0,0.0,0.0,0.0,0.0,0.0,0.0,0.0,0.0,0.0,0.0,0.0,0.0,0.0,0.0,0.0,0.0,0.0,0.0,0.0,0.0,0.0,0.0,0.0,0.0,0.0,0.0,0.0,0.0,0.0,0.0,0.0,0.0,0.0,0.0,0.0,0.0,0.0,0.0,0.0,0.0,0.0,0.0,0.0,0.0,0.0,0.0,0.0,0.0,0.0,0.0,0.0,0.0,0.0,0.0,0.0,0.0,0.0,0.0,0.0,0.0,0.0,0.0,0.0,0.0,0.0,0.0,0.0,0.0,0.0,0.0,0.0,0.0,0.0,0.0,0.0,0.0,0.0,0.0,0.0,0.0,0.0,0.0,0.0,0.0,0.0,0.0,0.0,0.0,0.0,0.0,0.0,0.0,0.0,0.0,0.0,0.0,0.0,0.0,0.0,0.0,0.0,0.0,0.0,0.0,42.6,0.0,0.0,0.0,0.0,0.0,0.0,0.0,0.0
seq73,0.0,0.0,0.0,0.0,0.0,29.1,39.4,29.8,0.0,27.2,0.0,33.3,33.3,28.3,0.0,29.3,0.0,0.0,78.4,78.4,26.2,0.0,0.0,37.5,0.0,28.0,30.4,30.1,0.0,35.5,0.0,0.0,35.8,29.9,30.4,0.0,30.7,0.0,0.0,0.0,26.4,0.0,0.0,0.0,0.0,0.0,25.9,0.0,0.0,23.4,0.0,25.7,0.0,0.0,0.0,0.0,0.0,0.0,0.0,0.0,28.0,25.3,36.0,0.0,0.0,0.0,33.8,22.3,32.1,0.0,0.0,0.0,100.0,0.0,27.2,0.0,0.0,0.0,0.0,29.2,0.0,0.0,33.7,0.0,0.0,39.7,0.0,0.0,0.0,28.6,0.0,0.0,0.0,0.0,0.0,0.0,25.1,25.1,36.0,36.0,0.0,55.6,0.0,0.0,38.7,38.7,0.0,28.1,27.8,0.0,0.0,26.3,32.0,0.0,0.0,0.0,0.0,0.0,42.6,44.1,0.0,33.6,0.0,0.0,0.0,21.2,0.0,0.0,37.9,0.0,0.0,0.0,0.0,0.0,0.0,0.0,0.0,0.0,0.0,0.0,27.4,0.0,0.0,25.3,32.8,0.0,0.0,0.0,0.0,0.0,0.0,29.5,0.0,0.0,0.0,57.3,57.8,0.0,0.0,0.0,0.0,25.7,25.7,25.7,25.7,25.7,0.0,0.0,0.0,0.0,42.8,42.8,42.8,42.8,0.0,0.0,45.0,0.0,0.0,36.0,0.0,0.0,30.5,28.3,0.0,26.7,26.5,21.6,0.0,0.0,33.3,0.0,0.0,62.9,23.6,0.0,0.0,0.0,76.6,41.1
seq74,36.5,0.0,0.0,0.0,0.0,0.0,29.1,0.0,29.8,0.0,0.0,0.0,37.3,31.4,0.0,29.6,24.2,0.0,0.0,0.0,0.0,0.0,25.0,33.7,0.0,31.2,26.9,27.0,0.0,0.0,0.0,0.0,0.0,0.0,0.0,0.0,28.7,0.0,28.2,32.8,0.0,0.0,0.0,0.0,0.0,0.0,24.5,0.0,0.0,24.7,0.0,28.9,0.0,22.5,0.0,0.0,0.0,0.0,0.0,0.0,21.4,0.0,32.8,0.0,31.5,0.0,0.0,26.3,26.2,34.9,34.5,0.0,0.0,100.0,0.0,0.0,0.0,36.5,0.0,41.4,0.0,0.0,0.0,0.0,0.0,37.2,0.0,0.0,0.0,0.0,0.0,0.0,0.0,0.0,0.0,0.0,23.7,27.1,27.1,27.1,0.0,0.0,0.0,0.0,28.5,28.5,0.0,0.0,36.5,0.0,22.4,33.3,0.0,37.1,0.0,0.0,0.0,23.9,34.7,34.7,0.0,31.8,0.0,0.0,25.7,25.9,40.2,0.0,29.8,39.7,38.7,0.0,0.0,25.2,25.2,25.2,0.0,0.0,0.0,0.0,28.5,0.0,0.0,23.8,27.1,24.8,24.8,24.8,24.8,24.8,24.8,0.0,25.4,25.4,0.0,0.0,0.0,0.0,0.0,0.0,0.0,0.0,0.0,0.0,0.0,0.0,0.0,0.0,0.0,0.0,0.0,0.0,0.0,0.0,0.0,0.0,37.5,0.0,0.0,31.1,0.0,0.0,35.9,32.0,0.0,32.2,0.0,0.0,0.0,0.0,28.7,0.0,0.0,0.0,0.0,0.0,0.0,0.0,0.0,42.8
seq75,0.0,0.0,0.0,0.0,0.0,34.4,0.0,0.0,35.8,0.0,25.9,0.0,0.0,0.0,0.0,26.7,0.0,0.0,0.0,0.0,0.0,0.0,0.0,0.0,0.0,0.0,0.0,0.0,0.0,34.1,0.0,0.0,0.0,0.0,0.0,0.0,0.0,0.0,0.0,0.0,24.2,0.0,0.0,0.0,0.0,0.0,22.1,0.0,0.0,20.3,0.0,28.1,0.0,0.0,0.0,0.0,0.0,0.0,0.0,31.2,24.7,28.4,23.8,0.0,0.0,0.0,0.0,24.4,43.1,36.0,24.5,0.0,0.0,0.0,100.0,0.0,0.0,24.3,0.0,25.9,0.0,0.0,0.0,39.6,0.0,0.0,0.0,0.0,0.0,25.9,0.0,0.0,0.0,0.0,0.0,0.0,24.3,24.3,0.0,0.0,0.0,29.9,36.5,0.0,0.0,0.0,0.0,0.0,25.8,0.0,0.0,26.8,0.0,0.0,0.0,0.0,0.0,25.3,0.0,0.0,0.0,0.0,0.0,0.0,0.0,0.0,31.4,0.0,27.8,0.0,0.0,0.0,0.0,0.0,0.0,0.0,0.0,0.0,0.0,35.8,27.5,0.0,0.0,26.5,28.0,0.0,0.0,0.0,0.0,0.0,0.0,31.4,0.0,0.0,0.0,28.6,28.0,0.0,0.0,21.4,0.0,0.0,0.0,0.0,0.0,0.0,0.0,0.0,0.0,0.0,0.0,0.0,0.0,0.0,0.0,0.0,31.7,0.0,0.0,36.0,0.0,0.0,23.8,0.0,0.0,0.0,25.1,24.6,0.0,37.3,27.4,0.0,24.1,0.0,0.0,0.0,0.0,0.0,0.0,0.0
seq76,0.0,0.0,0.0,0.0,0.0,0.0,0.0,0.0,0.0,0.0,0.0,0.0,0.0,0.0,0.0,0.0,0.0,0.0,0.0,0.0,0.0,0.0,0.0,0.0,0.0,0.0,0.0,0.0,0.0,0.0,0.0,0.0,0.0,0.0,0.0,0.0,0.0,0.0,0.0,0.0,0.0,0.0,0.0,0.0,0.0,0.0,0.0,0.0,0.0,0.0,0.0,0.0,0.0,0.0,0.0,0.0,0.0,0.0,0.0,0.0,0.0,0.0,0.0,0.0,0.0,0.0,0.0,0.0,0.0,0.0,0.0,0.0,0.0,0.0,0.0,100.0,0.0,0.0,0.0,0.0,0.0,0.0,0.0,0.0,0.0,0.0,0.0,0.0,0.0,0.0,0.0,0.0,0.0,0.0,0.0,0.0,0.0,0.0,0.0,0.0,0.0,0.0,0.0,0.0,0.0,0.0,0.0,0.0,0.0,0.0,0.0,0.0,0.0,0.0,0.0,0.0,0.0,0.0,0.0,0.0,0.0,0.0,0.0,0.0,0.0,0.0,0.0,0.0,0.0,0.0,0.0,0.0,0.0,0.0,0.0,0.0,0.0,0.0,0.0,0.0,0.0,0.0,0.0,0.0,0.0,0.0,0.0,0.0,0.0,0.0,0.0,0.0,0.0,0.0,0.0,0.0,0.0,0.0,0.0,0.0,0.0,0.0,0.0,0.0,0.0,0.0,0.0,0.0,0.0,0.0,0.0,0.0,0.0,0.0,0.0,0.0,0.0,0.0,0.0,0.0,0.0,0.0,0.0,0.0,0.0,0.0,0.0,0.0,0.0,0.0,0.0,0.0,0.0,0.0,0.0,0.0,0.0,0.0,0.0,0.0
seq77,0.0,0.0,0.0,0.0,0.0,0.0,0.0,0.0,0.0,0.0,0.0,0.0,25.6,0.0,0.0,26.7,0.0,0.0,0.0,0.0,0.0,0.0,0.0,0.0,0.0,0.0,21.8,0.0,0.0,32.8,0.0,0.0,0.0,0.0,0.0,0.0,0.0,0.0,0.0,0.0,0.0,0.0,0.0,0.0,0.0,0.0,26.4,0.0,0.0,0.0,0.0,0.0,0.0,0.0,0.0,0.0,0.0,0.0,0.0,0.0,0.0,27.4,0.0,0.0,0.0,0.0,0.0,29.2,0.0,0.0,0.0,0.0,0.0,0.0,0.0,0.0,100.0,0.0,0.0,25.0,0.0,0.0,0.0,0.0,0.0,0.0,0.0,0.0,0.0,0.0,0.0,0.0,0.0,0.0,0.0,0.0,0.0,0.0,0.0,0.0,0.0,25.1,0.0,0.0,0.0,0.0,0.0,0.0,26.0,0.0,0.0,0.0,0.0,22.5,0.0,0.0,0.0,0.0,0.0,0.0,0.0,0.0,0.0,0.0,0.0,0.0,25.7,0.0,0.0,26.0,25.4,0.0,0.0,0.0,0.0,0.0,0.0,0.0,0.0,0.0,0.0,0.0,0.0,0.0,0.0,0.0,0.0,0.0,0.0,0.0,0.0,0.0,0.0,0.0,0.0,20.9,21.4,0.0,0.0,32.0,31.4,22.9,22.9,22.9,22.9,22.9,0.0,0.0,0.0,0.0,0.0,0.0,0.0,0.0,0.0,0.0,0.0,0.0,0.0,0.0,0.0,0.0,24.8,25.0,0.0,0.0,0.0,0.0,0.0,0.0,25.9,0.0,0.0,0.0,0.0,0.0,0.0,0.0,0.0,0.0
seq78,75.5,0.0,0.0,0.0,0.0,30.5,25.6,27.5,30.7,0.0,67.8,35.4,0.0,25.4,0.0,0.0,27.0,0.0,32.6,32.6,30.3,0.0,0.0,34.2,0.0,0.0,30.2,30.2,0.0,29.6,0.0,0.0,29.1,30.6,31.2,27.6,26.4,25.8,23.3,0.0,0.0,0.0,0.0,0.0,0.0,0.0,0.0,0.0,0.0,25.0,0.0,24.8,0.0,0.0,0.0,0.0,0.0,0.0,0.0,0.0,28.1,0.0,27.8,0.0,0.0,0.0,36.7,31.5,25.8,55.1,67.3,0.0,0.0,36.5,24.5,0.0,0.0,100.0,37.0,0.0,0.0,0.0,40.8,0.0,0.0,35.4,0.0,0.0,31.2,30.1,0.0,0.0,0.0,0.0,0.0,0.0,28.2,28.3,25.1,25.1,0.0,0.0,0.0,0.0,0.0,0.0,0.0,0.0,44.5,0.0,0.0,50.1,0.0,26.1,26.5,0.0,0.0,47.8,39.0,39.0,0.0,37.3,0.0,0.0,0.0,0.0,26.9,0.0,22.0,39.7,38.8,40.3,0.0,0.0,0.0,0.0,39.1,0.0,0.0,0.0,0.0,0.0,0.0,27.2,35.8,0.0,0.0,0.0,0.0,0.0,0.0,0.0,0.0,0.0,0.0,0.0,0.0,0.0,0.0,48.7,0.0,22.4,22.4,22.4,22.4,22.4,0.0,0.0,0.0,0.0,0.0,0.0,0.0,0.0,0.0,0.0,35.5,0.0,0.0,0.0,0.0,0.0,23.7,0.0,36.4,27.9,25.3,22.1,0.0,0.0,29.8,0.0,0.0,24.8,30.9,26.6,26.6,0.0,32.6,0.0
seq79,35.9,0.0,0.0,0.0,0.0,0.0,0.0,0.0,0.0,0.0,29.7,0.0,0.0,0.0,0.0,0.0,27.5,0.0,0.0,0.0,0.0,0.0,0.0,0.0,0.0,0.0,0.0,0.0,0.0,0.0,0.0,25.8,0.0,0.0,0.0,0.0,0.0,0.0,0.0,0.0,0.0,0.0,0.0,0.0,0.0,0.0,0.0,0.0,0.0,0.0,0.0,0.0,0.0,0.0,0.0,0.0,0.0,0.0,0.0,0.0,0.0,0.0,0.0,0.0,0.0,0.0,0.0,0.0,0.0,36.1,34.8,0.0,0.0,0.0,0.0,0.0,0.0,35.9,100.0,0.0,0.0,0.0,0.0,32.3,0.0,0.0,0.0,0.0,0.0,0.0,0.0,0.0,0.0,0.0,0.0,29.5,0.0,0.0,0.0,0.0,0.0,0.0,35.0,0.0,0.0,0.0,0.0,0.0,35.9,0.0,0.0,0.0,0.0,0.0,0.0,0.0,0.0,0.0,0.0,0.0,0.0,0.0,0.0,0.0,0.0,35.5,0.0,0.0,0.0,33.9,33.9,0.0,0.0,0.0,0.0,0.0,0.0,0.0,0.0,0.0,0.0,0.0,0.0,0.0,33.7,0.0,0.0,0.0,0.0,0.0,0.0,33.7,0.0,0.0,0.0,0.0,0.0,0.0,0.0,0.0,0.0,27.9,27.9,27.9,27.9,27.9,0.0,0.0,0.0,0.0,0.0,0.0,0.0,0.0,0.0,0.0,0.0,33.3,0.0,0.0,0.0,31.6,0.0,0.0,0.0,0.0,0.0,0.0,0.0,0.0,0.0,0.0,0.0,0.0,0.0,0.0,0.0,0.0,0.0,0.0
seq80,38.4,0.0,0.0,0.0,0.0,36.6,22.8,0.0,36.6,0.0,24.5,26.3,37.3,27.4,0.0,39.6,0.0,0.0,0.0,0.0,0.0,0.0,0.0,36.2,0.0,36.7,24.1,24.2,0.0,35.1,0.0,30.1,26.6,0.0,0.0,27.7,30.1,0.0,27.6,0.0,0.0,0.0,0.0,0.0,0.0,0.0,26.7,0.0,0.0,27.9,0.0,0.0,0.0,0.0,0.0,0.0,0.0,0.0,0.0,0.0,23.3,0.0,24.6,0.0,0.0,0.0,25.8,30.3,28.1,37.8,22.5,0.0,29.2,41.7,24.1,0.0,25.3,21.1,0.0,100.0,0.0,0.0,42.8,0.0,0.0,42.3,0.0,0.0,0.0,25.7,0.0,0.0,0.0,0.0,0.0,27.2,27.4,27.5,31.5,31.5,0.0,28.9,0.0,0.0,24.4,24.4,0.0,28.0,23.4,0.0,23.8,37.3,0.0,57.5,0.0,0.0,0.0,29.4,0.0,0.0,0.0,0.0,0.0,0.0,0.0,26.1,71.1,0.0,25.1,69.6,65.1,0.0,0.0,26.4,26.4,26.4,28.7,0.0,0.0,0.0,34.4,0.0,0.0,28.9,27.6,0.0,0.0,0.0,0.0,0.0,0.0,0.0,0.0,0.0,0.0,28.2,27.1,0.0,0.0,19.2,0.0,28.2,28.2,28.2,28.2,28.2,0.0,0.0,0.0,0.0,34.1,34.1,34.1,34.1,0.0,0.0,36.1,0.0,0.0,0.0,0.0,0.0,41.9,40.2,0.0,27.5,29.4,24.3,0.0,0.0,35.1,0.0,0.0,0.0,0.0,29.9,29.9,0.0,0.0,0.0
seq81,0.0,0.0,0.0,0.0,0.0,0.0,0.0,0.0,0.0,0.0,0.0,0.0,0.0,0.0,0.0,0.0,0.0,0.0,0.0,0.0,0.0,0.0,0.0,0.0,0.0,0.0,0.0,0.0,0.0,0.0,0.0,0.0,0.0,0.0,0.0,0.0,0.0,0.0,0.0,0.0,0.0,0.0,0.0,0.0,0.0,0.0,0.0,0.0,0.0,0.0,0.0,0.0,0.0,0.0,0.0,0.0,0.0,0.0,0.0,0.0,0.0,0.0,0.0,0.0,0.0,0.0,32.6,0.0,0.0,0.0,0.0,0.0,0.0,0.0,0.0,0.0,0.0,0.0,30.2,0.0,100.0,82.4,0.0,0.0,0.0,0.0,0.0,0.0,0.0,0.0,0.0,0.0,0.0,0.0,0.0,0.0,0.0,0.0,0.0,0.0,0.0,0.0,0.0,0.0,0.0,0.0,0.0,0.0,0.0,0.0,0.0,0.0,0.0,0.0,0.0,0.0,0.0,0.0,0.0,0.0,0.0,0.0,0.0,0.0,0.0,0.0,30.2,0.0,0.0,0.0,0.0,0.0,0.0,0.0,0.0,0.0,0.0,0.0,0.0,0.0,0.0,0.0,0.0,0.0,0.0,36.0,36.0,36.0,36.0,36.0,36.0,0.0,0.0,0.0,0.0,0.0,0.0,62.3,0.0,0.0,0.0,0.0,0.0,0.0,0.0,0.0,0.0,0.0,0.0,0.0,0.0,0.0,0.0,0.0,0.0,0.0,0.0,36.1,0.0,0.0,0.0,0.0,0.0,0.0,0.0,0.0,0.0,0.0,0.0,0.0,0.0,0.0,0.0,0.0,29.1,0.0,0.0,0.0,0.0,0.0
seq82,0.0,0.0,0.0,0.0,0.0,0.0,0.0,0.0,0.0,0.0,0.0,0.0,0.0,0.0,0.0,0.0,0.0,0.0,0.0,0.0,0.0,0.0,0.0,0.0,0.0,0.0,0.0,0.0,0.0,0.0,0.0,0.0,0.0,0.0,0.0,0.0,0.0,0.0,0.0,0.0,0.0,0.0,0.0,0.0,0.0,0.0,0.0,0.0,0.0,0.0,0.0,0.0,0.0,0.0,0.0,0.0,0.0,0.0,0.0,0.0,0.0,0.0,0.0,0.0,0.0,0.0,27.1,0.0,0.0,0.0,0.0,0.0,0.0,0.0,0.0,0.0,0.0,0.0,0.0,0.0,82.4,100.0,0.0,0.0,0.0,0.0,0.0,0.0,0.0,0.0,0.0,0.0,0.0,0.0,0.0,0.0,0.0,0.0,0.0,0.0,0.0,0.0,0.0,0.0,0.0,0.0,0.0,0.0,0.0,0.0,0.0,0.0,0.0,0.0,0.0,0.0,0.0,0.0,0.0,0.0,0.0,0.0,0.0,0.0,0.0,0.0,0.0,0.0,0.0,0.0,0.0,0.0,0.0,0.0,0.0,0.0,0.0,0.0,0.0,0.0,0.0,0.0,0.0,0.0,0.0,34.1,34.1,34.1,34.1,34.1,34.1,26.1,0.0,0.0,0.0,0.0,0.0,63.0,0.0,0.0,0.0,0.0,0.0,0.0,0.0,0.0,0.0,0.0,0.0,0.0,0.0,0.0,0.0,0.0,0.0,0.0,0.0,30.3,0.0,0.0,0.0,0.0,0.0,0.0,35.9,0.0,0.0,0.0,0.0,0.0,0.0,0.0,0.0,0.0,0.0,0.0,0.0,0.0,0.0,0.0
seq83,38.0,0.0,0.0,0.0,0.0,0.0,34.3,0.0,0.0,0.0,29.2,25.3,53.0,38.1,0.0,37.7,0.0,26.5,33.7,33.7,0.0,0.0,32.2,50.0,0.0,50.0,0.0,0.0,0.0,34.4,0.0,0.0,40.8,0.0,0.0,0.0,0.0,0.0,31.9,0.0,32.7,0.0,0.0,0.0,0.0,0.0,43.1,0.0,0.0,0.0,0.0,29.0,0.0,0.0,0.0,0.0,0.0,0.0,0.0,0.0,0.0,27.3,33.8,0.0,0.0,0.0,38.2,46.4,35.7,42.8,44.4,0.0,33.7,0.0,0.0,0.0,0.0,40.8,0.0,0.0,0.0,0.0,100.0,0.0,0.0,39.4,0.0,0.0,0.0,43.1,0.0,0.0,0.0,0.0,0.0,0.0,46.8,46.8,0.0,0.0,0.0,0.0,0.0,0.0,0.0,0.0,0.0,0.0,40.0,0.0,38.7,42.0,0.0,0.0,0.0,0.0,0.0,31.3,40.2,38.8,0.0,40.2,0.0,0.0,0.0,41.4,40.8,0.0,34.7,0.0,0.0,0.0,0.0,0.0,0.0,0.0,45.7,0.0,0.0,0.0,43.8,0.0,0.0,0.0,40.8,0.0,0.0,0.0,0.0,0.0,0.0,0.0,0.0,0.0,0.0,0.0,0.0,0.0,0.0,42.6,41.6,0.0,0.0,0.0,0.0,0.0,0.0,0.0,0.0,0.0,0.0,0.0,0.0,0.0,0.0,0.0,0.0,0.0,0.0,0.0,0.0,0.0,39.3,39.6,26.8,38.2,37.5,0.0,0.0,0.0,37.7,0.0,0.0,35.8,0.0,0.0,0.0,0.0,33.7,0.0
seq84,0.0,0.0,0.0,0.0,0.0,0.0,0.0,0.0,0.0,0.0,0.0,0.0,0.0,0.0,0.0,0.0,0.0,0.0,0.0,0.0,0.0,0.0,0.0,0.0,0.0,0.0,0.0,0.0,29.8,0.0,0.0,30.1,0.0,0.0,0.0,0.0,0.0,0.0,0.0,0.0,0.0,0.0,0.0,0.0,0.0,0.0,0.0,0.0,0.0,0.0,0.0,0.0,0.0,0.0,0.0,0.0,0.0,0.0,0.0,0.0,0.0,0.0,0.0,0.0,0.0,0.0,0.0,0.0,0.0,0.0,0.0,0.0,0.0,0.0,39.6,0.0,0.0,0.0,32.0,0.0,0.0,0.0,0.0,100.0,0.0,0.0,0.0,0.0,33.3,0.0,0.0,0.0,0.0,0.0,0.0,29.8,0.0,0.0,0.0,0.0,0.0,0.0,56.1,0.0,0.0,0.0,0.0,0.0,0.0,0.0,0.0,0.0,0.0,0.0,0.0,0.0,0.0,0.0,0.0,0.0,0.0,0.0,0.0,0.0,0.0,0.0,0.0,0.0,0.0,0.0,0.0,0.0,0.0,0.0,0.0,0.0,0.0,0.0,0.0,0.0,0.0,0.0,0.0,0.0,32.3,0.0,0.0,0.0,0.0,0.0,0.0,0.0,0.0,0.0,0.0,0.0,0.0,0.0,0.0,0.0,0.0,0.0,0.0,0.0,0.0,0.0,0.0,0.0,0.0,0.0,0.0,0.0,0.0,0.0,0.0,0.0,0.0,0.0,0.0,0.0,30.4,37.5,0.0,0.0,0.0,0.0,0.0,0.0,0.0,0.0,0.0,0.0,0.0,0.0,0.0,0.0,0.0,0.0,0.0,0.0
seq85,0.0,0.0,0.0,0.0,0.0,0.0,0.0,0.0,0.0,0.0,0.0,0.0,0.0,0.0,0.0,0.0,0.0,0.0,0.0,0.0,0.0,0.0,0.0,0.0,0.0,0.0,0.0,0.0,0.0,0.0,0.0,0.0,0.0,0.0,0.0,0.0,0.0,0.0,0.0,0.0,0.0,0.0,0.0,0.0,0.0,0.0,0.0,0.0,0.0,0.0,0.0,0.0,0.0,0.0,0.0,0.0,0.0,0.0,0.0,0.0,0.0,0.0,0.0,0.0,0.0,0.0,0.0,0.0,0.0,0.0,0.0,0.0,0.0,0.0,0.0,0.0,0.0,0.0,0.0,0.0,0.0,0.0,0.0,0.0,100.0,0.0,0.0,0.0,0.0,0.0,0.0,0.0,0.0,0.0,0.0,0.0,0.0,0.0,0.0,0.0,0.0,0.0,0.0,0.0,0.0,0.0,0.0,0.0,0.0,0.0,0.0,0.0,0.0,0.0,0.0,0.0,0.0,0.0,0.0,0.0,0.0,0.0,0.0,0.0,0.0,0.0,0.0,0.0,0.0,0.0,0.0,0.0,35.0,0.0,0.0,0.0,0.0,0.0,0.0,0.0,0.0,0.0,0.0,0.0,0.0,0.0,0.0,0.0,0.0,0.0,0.0,0.0,0.0,0.0,0.0,0.0,0.0,0.0,0.0,0.0,0.0,0.0,0.0,0.0,0.0,0.0,0.0,0.0,0.0,0.0,0.0,0.0,0.0,0.0,0.0,0.0,0.0,0.0,0.0,0.0,0.0,0.0,0.0,0.0,0.0,0.0,0.0,0.0,0.0,0.0,0.0,0.0,0.0,0.0,0.0,0.0,0.0,0.0,0.0,0.0
seq86,35.7,0.0,0.0,0.0,0.0,32.4,35.3,32.8,33.7,0.0,33.8,32.9,45.4,37.3,0.0,0.0,0.0,0.0,41.1,41.1,37.9,0.0,0.0,38.2,0.0,45.6,36.2,0.0,0.0,28.5,0.0,0.0,36.7,33.3,35.0,41.3,30.3,0.0,34.1,0.0,0.0,0.0,0.0,0.0,0.0,0.0,36.2,0.0,0.0,0.0,0.0,0.0,0.0,0.0,0.0,0.0,0.0,0.0,0.0,0.0,37.5,0.0,36.7,0.0,0.0,0.0,30.3,43.4,38.3,33.9,33.3,0.0,31.6,31.8,0.0,0.0,0.0,35.4,0.0,42.3,0.0,0.0,39.4,0.0,0.0,100.0,0.0,0.0,37.0,37.1,0.0,0.0,0.0,0.0,0.0,0.0,37.2,37.2,40.4,40.4,0.0,44.2,0.0,0.0,37.2,37.2,0.0,0.0,0.0,0.0,31.6,0.0,0.0,0.0,0.0,0.0,0.0,32.2,64.3,64.3,0.0,64.4,0.0,0.0,0.0,0.0,32.0,0.0,40.0,30.8,29.6,0.0,0.0,0.0,0.0,0.0,35.4,0.0,0.0,0.0,33.8,0.0,0.0,44.0,39.6,0.0,0.0,0.0,0.0,0.0,0.0,0.0,0.0,0.0,0.0,44.1,44.1,0.0,0.0,33.1,0.0,33.3,33.3,33.3,33.3,33.3,0.0,0.0,0.0,36.1,0.0,0.0,0.0,0.0,0.0,0.0,45.7,0.0,0.0,35.3,0.0,0.0,44.6,36.8,0.0,0.0,37.9,39.6,0.0,33.7,0.0,0.0,35.2,38.7,0.0,40.3,40.3,0.0,41.1,54.0
seq87,0.0,0.0,0.0,0.0,0.0,0.0,0.0,0.0,0.0,0.0,0.0,0.0,0.0,0.0,0.0,0.0,0.0,0.0,0.0,0.0,0.0,0.0,0.0,0.0,0.0,0.0,0.0,0.0,0.0,0.0,0.0,0.0,0.0,0.0,0.0,0.0,0.0,0.0,0.0,0.0,0.0,0.0,0.0,0.0,0.0,0.0,0.0,0.0,0.0,0.0,0.0,0.0,0.0,0.0,0.0,0.0,0.0,0.0,0.0,0.0,0.0,0.0,0.0,0.0,0.0,0.0,0.0,0.0,0.0,0.0,0.0,0.0,0.0,0.0,0.0,0.0,0.0,0.0,0.0,0.0,0.0,0.0,0.0,0.0,0.0,0.0,100.0,100.0,0.0,0.0,0.0,0.0,0.0,72.0,81.0,0.0,0.0,0.0,0.0,0.0,0.0,0.0,0.0,66.2,0.0,0.0,28.6,0.0,0.0,0.0,0.0,0.0,0.0,0.0,0.0,0.0,0.0,0.0,0.0,0.0,0.0,0.0,0.0,0.0,0.0,0.0,0.0,0.0,0.0,0.0,0.0,0.0,0.0,0.0,0.0,0.0,0.0,0.0,0.0,0.0,0.0,0.0,0.0,0.0,0.0,0.0,0.0,0.0,0.0,0.0,0.0,0.0,0.0,0.0,0.0,0.0,0.0,0.0,0.0,0.0,0.0,0.0,0.0,0.0,0.0,0.0,0.0,0.0,0.0,0.0,0.0,0.0,0.0,0.0,0.0,0.0,0.0,0.0,0.0,0.0,0.0,0.0,0.0,0.0,0.0,0.0,0.0,0.0,0.0,0.0,0.0,0.0,0.0,0.0,0.0,0.0,0.0,0.0,0.0,0.0
seq88,0.0,0.0,0.0,0.0,0.0,0.0,0.0,0.0,0.0,0.0,0.0,0.0,0.0,0.0,0.0,0.0,0.0,0.0,0.0,0.0,0.0,0.0,0.0,0.0,0.0,0.0,0.0,0.0,0.0,0.0,0.0,0.0,0.0,0.0,0.0,0.0,0.0,0.0,0.0,0.0,0.0,0.0,0.0,0.0,0.0,0.0,0.0,0.0,0.0,0.0,0.0,0.0,0.0,0.0,0.0,0.0,0.0,0.0,0.0,0.0,0.0,0.0,0.0,0.0,0.0,0.0,0.0,0.0,0.0,0.0,0.0,0.0,0.0,0.0,0.0,0.0,0.0,0.0,0.0,0.0,0.0,0.0,0.0,0.0,0.0,0.0,100.0,100.0,0.0,0.0,0.0,0.0,0.0,72.0,81.0,0.0,0.0,0.0,0.0,0.0,0.0,0.0,0.0,66.2,0.0,0.0,28.6,0.0,0.0,0.0,0.0,0.0,0.0,0.0,0.0,0.0,0.0,0.0,0.0,0.0,0.0,0.0,0.0,0.0,0.0,0.0,0.0,0.0,0.0,0.0,0.0,0.0,0.0,0.0,0.0,0.0,0.0,0.0,0.0,0.0,0.0,0.0,0.0,0.0,0.0,0.0,0.0,0.0,0.0,0.0,0.0,0.0,0.0,0.0,0.0,0.0,0.0,0.0,0.0,0.0,0.0,0.0,0.0,0.0,0.0,0.0,0.0,0.0,0.0,0.0,0.0,0.0,0.0,0.0,0.0,0.0,0.0,0.0,0.0,0.0,0.0,0.0,0.0,0.0,0.0,0.0,0.0,0.0,0.0,0.0,0.0,0.0,0.0,0.0,0.0,0.0,0.0,0.0,0.0,0.0
seq89,28.5,0.0,0.0,0.0,0.0,0.0,23.6,0.0,0.0,0.0,0.0,0.0,31.9,0.0,0.0,0.0,26.5,0.0,22.2,22.2,0.0,0.0,0.0,38.3,0.0,32.9,0.0,0.0,26.8,0.0,0.0,0.0,22.5,0.0,0.0,26.7,28.5,0.0,0.0,0.0,0.0,0.0,0.0,0.0,0.0,0.0,26.5,0.0,0.0,0.0,0.0,0.0,0.0,0.0,0.0,0.0,0.0,0.0,0.0,0.0,0.0,0.0,22.7,0.0,0.0,0.0,29.3,30.2,26.6,31.7,0.0,0.0,24.6,0.0,0.0,0.0,0.0,31.2,0.0,0.0,0.0,0.0,0.0,31.6,0.0,37.0,0.0,0.0,100.0,28.9,33.3,33.3,0.0,0.0,0.0,0.0,27.3,25.8,23.1,23.1,0.0,30.2,27.9,0.0,25.5,25.5,0.0,0.0,31.2,0.0,0.0,0.0,0.0,30.6,0.0,0.0,0.0,0.0,34.2,35.7,0.0,29.5,0.0,0.0,0.0,0.0,0.0,0.0,0.0,0.0,0.0,0.0,0.0,0.0,0.0,0.0,0.0,0.0,0.0,0.0,0.0,0.0,0.0,29.6,27.6,0.0,0.0,0.0,0.0,0.0,0.0,33.8,0.0,0.0,0.0,30.7,30.5,0.0,0.0,0.0,0.0,28.0,28.0,28.0,28.0,28.0,0.0,0.0,0.0,0.0,0.0,0.0,0.0,0.0,0.0,0.0,35.0,0.0,0.0,36.5,0.0,0.0,32.4,0.0,25.2,29.0,30.7,0.0,0.0,0.0,0.0,0.0,0.0,0.0,0.0,27.8,27.8,0.0,22.2,39.2
seq90,0.0,0.0,0.0,0.0,0.0,27.3,26.4,23.8,27.0,0.0,28.1,0.0,31.7,0.0,0.0,36.8,0.0,0.0,26.1,26.1,21.5,0.0,0.0,37.7,0.0,35.6,21.5,21.8,0.0,29.0,0.0,0.0,0.0,26.5,28.0,0.0,0.0,0.0,0.0,0.0,26.7,0.0,0.0,0.0,0.0,0.0,32.1,22.8,0.0,28.0,0.0,0.0,0.0,0.0,0.0,0.0,0.0,0.0,0.0,0.0,27.2,0.0,26.1,0.0,0.0,0.0,26.2,35.5,0.0,37.5,29.4,0.0,28.6,0.0,27.5,0.0,0.0,30.1,0.0,26.0,0.0,0.0,43.1,0.0,0.0,37.1,0.0,0.0,26.0,100.0,0.0,0.0,0.0,0.0,0.0,0.0,50.5,48.8,0.0,0.0,0.0,33.3,0.0,0.0,23.6,23.6,0.0,0.0,0.0,26.2,0.0,25.9,0.0,28.2,24.2,0.0,0.0,28.0,37.8,34.8,0.0,39.3,0.0,0.0,22.0,23.2,27.0,0.0,27.7,27.3,27.3,0.0,0.0,0.0,0.0,0.0,0.0,0.0,0.0,0.0,0.0,0.0,0.0,47.2,30.4,28.1,28.1,28.1,28.1,28.1,28.1,0.0,0.0,0.0,0.0,25.1,23.1,0.0,0.0,0.0,0.0,32.0,32.0,32.0,32.0,32.0,0.0,0.0,0.0,0.0,0.0,0.0,0.0,0.0,0.0,0.0,34.6,0.0,0.0,0.0,0.0,0.0,27.2,37.1,0.0,0.0,30.8,29.6,0.0,0.0,35.4,0.0,0.0,0.0,0.0,0.0,0.0,0.0,25.9,40.9
seq91,0.0,0.0,0.0,0.0,0.0,0.0,0.0,0.0,0.0,0.0,0.0,0.0,0.0,0.0,0.0,0.0,0.0,0.0,0.0,0.0,0.0,0.0,0.0,0.0,0.0,0.0,0.0,0.0,0.0,0.0,0.0,0.0,0.0,0.0,0.0,0.0,0.0,0.0,0.0,0.0,0.0,0.0,0.0,0.0,0.0,0.0,0.0,0.0,0.0,0.0,0.0,0.0,0.0,0.0,0.0,0.0,0.0,0.0,0.0,0.0,0.0,0.0,0.0,0.0,0.0,0.0,0.0,0.0,0.0,0.0,0.0,0.0,0.0,0.0,0.0,0.0,0.0,0.0,0.0,0.0,0.0,0.0,0.0,0.0,0.0,0.0,0.0,0.0,0.0,0.0,100.0,100.0,0.0,0.0,0.0,0.0,0.0,0.0,0.0,0.0,0.0,0.0,0.0,0.0,0.0,0.0,0.0,0.0,0.0,0.0,0.0,0.0,0.0,0.0,0.0,0.0,0.0,0.0,0.0,0.0,0.0,0.0,0.0,0.0,0.0,26.8,0.0,0.0,0.0,0.0,0.0,0.0,0.0,0.0,0.0,0.0,0.0,0.0,0.0,0.0,0.0,0.0,0.0,0.0,0.0,0.0,0.0,0.0,0.0,0.0,0.0,0.0,0.0,0.0,0.0,0.0,0.0,0.0,0.0,0.0,0.0,0.0,0.0,0.0,0.0,0.0,0.0,0.0,27.1,0.0,0.0,0.0,0.0,0.0,0.0,0.0,0.0,0.0,27.2,0.0,0.0,0.0,0.0,0.0,0.0,0.0,0.0,0.0,30.9,0.0,0.0,0.0,0.0,0.0,0.0,0.0,0.0,27.1,0.0,0.0
seq92,0.0,0.0,0.0,0.0,0.0,0.0,0.0,0.0,0.0,0.0,0.0,0.0,0.0,0.0,0.0,0.0,0.0,0.0,0.0,0.0,0.0,0.0,0.0,0.0,0.0,0.0,0.0,0.0,0.0,0.0,0.0,0.0,0.0,0.0,0.0,0.0,0.0,0.0,0.0,0.0,0.0,0.0,0.0,0.0,0.0,0.0,0.0,0.0,0.0,0.0,0.0,0.0,0.0,0.0,0.0,0.0,0.0,0.0,0.0,0.0,0.0,0.0,0.0,0.0,0.0,0.0,0.0,0.0,0.0,0.0,0.0,0.0,0.0,0.0,0.0,0.0,0.0,0.0,0.0,0.0,0.0,0.0,0.0,0.0,0.0,0.0,0.0,0.0,0.0,0.0,100.0,100.0,0.0,0.0,0.0,0.0,0.0,0.0,0.0,0.0,0.0,0.0,0.0,0.0,0.0,0.0,0.0,0.0,0.0,0.0,0.0,0.0,0.0,0.0,0.0,0.0,0.0,0.0,0.0,0.0,0.0,0.0,0.0,0.0,0.0,26.8,0.0,0.0,0.0,0.0,0.0,0.0,0.0,0.0,0.0,0.0,0.0,0.0,0.0,0.0,0.0,0.0,0.0,0.0,0.0,0.0,0.0,0.0,0.0,0.0,0.0,0.0,0.0,0.0,0.0,0.0,0.0,0.0,0.0,0.0,0.0,0.0,0.0,0.0,0.0,0.0,0.0,0.0,27.1,0.0,0.0,0.0,0.0,0.0,0.0,0.0,0.0,0.0,27.2,0.0,0.0,0.0,0.0,0.0,0.0,0.0,0.0,0.0,30.9,0.0,0.0,0.0,0.0,0.0,0.0,0.0,0.0,27.1,0.0,0.0
seq93,0.0,0.0,0.0,0.0,0.0,0.0,0.0,0.0,0.0,0.0,0.0,0.0,0.0,0.0,66.0,0.0,0.0,0.0,0.0,0.0,0.0,0.0,0.0,0.0,0.0,0.0,0.0,0.0,0.0,0.0,0.0,0.0,0.0,0.0,0.0,0.0,0.0,0.0,0.0,0.0,0.0,0.0,0.0,0.0,0.0,0.0,0.0,0.0,0.0,0.0,0.0,0.0,0.0,0.0,0.0,0.0,0.0,0.0,0.0,0.0,0.0,0.0,0.0,0.0,0.0,0.0,0.0,0.0,0.0,0.0,0.0,0.0,0.0,0.0,0.0,0.0,0.0,0.0,0.0,0.0,0.0,0.0,0.0,0.0,0.0,0.0,0.0,0.0,0.0,0.0,0.0,0.0,100.0,0.0,0.0,0.0,0.0,0.0,0.0,0.0,0.0,0.0,0.0,0.0,0.0,0.0,0.0,0.0,0.0,0.0,0.0,0.0,0.0,0.0,0.0,0.0,0.0,0.0,0.0,0.0,0.0,0.0,0.0,0.0,0.0,0.0,0.0,0.0,0.0,0.0,0.0,0.0,0.0,0.0,0.0,0.0,0.0,0.0,0.0,0.0,0.0,0.0,0.0,0.0,0.0,0.0,0.0,0.0,0.0,0.0,0.0,0.0,0.0,0.0,0.0,0.0,0.0,0.0,0.0,0.0,0.0,0.0,0.0,0.0,0.0,0.0,0.0,0.0,0.0,0.0,0.0,0.0,0.0,0.0,0.0,0.0,0.0,0.0,0.0,0.0,0.0,0.0,0.0,0.0,0.0,0.0,0.0,0.0,0.0,0.0,0.0,0.0,0.0,0.0,0.0,0.0,0.0,0.0,0.0,0.0
seq94,0.0,0.0,0.0,0.0,0.0,0.0,0.0,0.0,0.0,0.0,0.0,0.0,0.0,0.0,0.0,0.0,0.0,0.0,0.0,0.0,0.0,0.0,0.0,0.0,0.0,0.0,0.0,0.0,0.0,0.0,0.0,0.0,0.0,0.0,0.0,0.0,0.0,0.0,0.0,0.0,0.0,0.0,0.0,0.0,0.0,0.0,0.0,0.0,0.0,0.0,0.0,0.0,0.0,0.0,0.0,0.0,0.0,0.0,0.0,0.0,0.0,0.0,0.0,0.0,0.0,0.0,0.0,0.0,0.0,0.0,0.0,0.0,0.0,0.0,0.0,0.0,0.0,0.0,0.0,0.0,0.0,0.0,0.0,0.0,0.0,0.0,72.0,72.0,0.0,0.0,0.0,0.0,0.0,100.0,85.8,0.0,0.0,0.0,0.0,0.0,0.0,0.0,0.0,77.2,0.0,0.0,27.1,0.0,0.0,0.0,0.0,0.0,0.0,0.0,0.0,0.0,0.0,0.0,0.0,0.0,0.0,0.0,0.0,0.0,25.1,0.0,0.0,25.5,0.0,0.0,0.0,0.0,0.0,0.0,0.0,0.0,0.0,0.0,0.0,0.0,0.0,0.0,0.0,0.0,0.0,0.0,0.0,0.0,0.0,0.0,0.0,0.0,0.0,0.0,0.0,0.0,0.0,0.0,0.0,0.0,0.0,0.0,0.0,0.0,0.0,0.0,0.0,0.0,0.0,0.0,0.0,0.0,0.0,0.0,0.0,0.0,0.0,0.0,0.0,0.0,0.0,0.0,0.0,0.0,0.0,0.0,0.0,0.0,0.0,0.0,0.0,0.0,0.0,0.0,0.0,0.0,0.0,0.0,0.0,0.0
seq95,0.0,0.0,0.0,0.0,0.0,0.0,0.0,0.0,0.0,0.0,0.0,0.0,0.0,0.0,0.0,0.0,0.0,0.0,0.0,0.0,0.0,0.0,0.0,0.0,0.0,0.0,0.0,0.0,0.0,0.0,0.0,0.0,0.0,0.0,0.0,0.0,0.0,0.0,0.0,0.0,0.0,0.0,0.0,0.0,0.0,0.0,0.0,0.0,0.0,0.0,0.0,0.0,0.0,0.0,0.0,0.0,0.0,0.0,0.0,0.0,0.0,0.0,0.0,0.0,0.0,0.0,0.0,0.0,0.0,0.0,0.0,0.0,0.0,0.0,0.0,0.0,0.0,0.0,0.0,0.0,0.0,0.0,0.0,0.0,0.0,0.0,80.7,80.7,0.0,0.0,0.0,0.0,0.0,85.8,100.0,0.0,0.0,0.0,0.0,0.0,0.0,0.0,0.0,77.1,0.0,0.0,26.9,0.0,0.0,0.0,0.0,0.0,0.0,0.0,0.0,0.0,0.0,0.0,0.0,0.0,0.0,0.0,0.0,0.0,0.0,0.0,0.0,29.9,0.0,0.0,0.0,0.0,0.0,0.0,0.0,0.0,0.0,0.0,0.0,0.0,0.0,0.0,0.0,0.0,0.0,0.0,0.0,0.0,0.0,0.0,0.0,0.0,0.0,0.0,0.0,0.0,0.0,0.0,0.0,0.0,0.0,0.0,0.0,0.0,0.0,0.0,0.0,0.0,0.0,0.0,0.0,0.0,0.0,0.0,0.0,0.0,0.0,0.0,0.0,0.0,0.0,0.0,0.0,0.0,0.0,0.0,0.0,0.0,0.0,0.0,0.0,0.0,0.0,0.0,0.0,0.0,0.0,0.0,0.0,0.0
seq96,0.0,0.0,0.0,0.0,0.0,0.0,0.0,0.0,0.0,0.0,0.0,0.0,0.0,0.0,0.0,0.0,0.0,0.0,0.0,0.0,0.0,0.0,0.0,0.0,0.0,0.0,0.0,0.0,0.0,0.0,0.0,25.9,0.0,0.0,0.0,0.0,0.0,0.0,0.0,0.0,0.0,0.0,0.0,0.0,0.0,0.0,0.0,0.0,0.0,0.0,0.0,0.0,0.0,0.0,0.0,0.0,0.0,0.0,0.0,0.0,0.0,0.0,0.0,0.0,0.0,0.0,0.0,0.0,0.0,0.0,0.0,0.0,0.0,0.0,0.0,0.0,27.2,0.0,28.7,0.0,0.0,0.0,0.0,29.8,0.0,0.0,0.0,0.0,0.0,0.0,0.0,0.0,0.0,0.0,0.0,100.0,0.0,0.0,0.0,0.0,0.0,0.0,38.2,0.0,0.0,0.0,0.0,0.0,0.0,0.0,0.0,0.0,0.0,0.0,0.0,0.0,0.0,0.0,0.0,0.0,0.0,0.0,0.0,0.0,0.0,0.0,0.0,0.0,0.0,0.0,0.0,0.0,0.0,0.0,0.0,0.0,0.0,0.0,0.0,0.0,0.0,0.0,0.0,0.0,0.0,0.0,0.0,0.0,0.0,0.0,0.0,0.0,0.0,0.0,0.0,0.0,0.0,0.0,0.0,0.0,0.0,0.0,0.0,0.0,0.0,0.0,0.0,0.0,0.0,0.0,0.0,0.0,0.0,0.0,0.0,0.0,0.0,0.0,0.0,0.0,0.0,33.8,0.0,0.0,34.4,0.0,0.0,0.0,0.0,0.0,0.0,0.0,0.0,0.0,0.0,0.0,0.0,0.0,0.0,0.0
seq97,34.9,0.0,0.0,0.0,0.0,38.8,25.2,25.2,31.0,0.0,23.6,0.0,36.7,25.1,0.0,0.0,0.0,35.7,24.1,24.1,28.6,0.0,24.0,37.6,0.0,37.6,29.5,0.0,0.0,0.0,0.0,0.0,0.0,0.0,24.3,0.0,0.0,0.0,25.7,0.0,0.0,0.0,0.0,0.0,0.0,0.0,26.2,23.2,0.0,29.7,0.0,22.4,0.0,0.0,0.0,0.0,0.0,0.0,0.0,42.8,22.5,23.3,25.6,0.0,0.0,0.0,25.7,39.0,28.4,36.1,34.5,0.0,23.7,23.7,25.9,0.0,0.0,0.0,0.0,27.8,0.0,0.0,42.8,26.7,0.0,37.2,0.0,0.0,27.3,50.5,0.0,0.0,0.0,0.0,0.0,0.0,100.0,96.5,30.3,30.3,0.0,0.0,21.8,0.0,28.1,28.1,0.0,0.0,26.4,20.6,0.0,28.2,23.3,25.0,23.3,0.0,0.0,25.3,36.9,35.7,0.0,36.1,0.0,0.0,20.0,0.0,29.7,0.0,0.0,27.3,28.9,0.0,0.0,0.0,0.0,0.0,0.0,0.0,0.0,31.2,30.3,0.0,0.0,49.0,30.7,22.6,22.6,22.6,22.6,22.6,22.6,0.0,0.0,0.0,0.0,0.0,0.0,28.3,0.0,23.7,0.0,27.8,27.8,27.8,27.8,27.8,0.0,0.0,0.0,31.0,0.0,0.0,0.0,0.0,0.0,0.0,39.5,0.0,0.0,34.1,0.0,0.0,24.6,35.2,0.0,0.0,30.2,26.8,0.0,0.0,34.7,0.0,0.0,0.0,0.0,0.0,0.0,0.0,24.1,31.0
seq98,34.9,0.0,0.0,0.0,0.0,38.8,25.0,24.4,36.1,0.0,23.7,0.0,38.2,25.8,0.0,0.0,0.0,35.8,24.1,24.1,27.1,0.0,26.1,41.2,0.0,38.0,28.1,0.0,0.0,0.0,0.0,0.0,0.0,0.0,23.7,0.0,0.0,0.0,23.8,0.0,0.0,0.0,0.0,0.0,0.0,0.0,25.4,25.2,0.0,28.4,0.0,25.1,0.0,0.0,0.0,0.0,0.0,0.0,0.0,42.8,25.4,32.8,25.6,0.0,0.0,0.0,25.7,43.5,29.7,36.1,28.0,0.0,23.8,27.1,24.3,0.0,0.0,0.0,0.0,27.1,0.0,0.0,46.8,26.7,0.0,37.2,0.0,0.0,26.4,48.8,0.0,0.0,0.0,0.0,0.0,0.0,96.5,100.0,30.3,30.3,0.0,0.0,21.8,0.0,27.4,27.4,0.0,0.0,34.9,25.8,0.0,26.7,23.3,24.8,23.0,0.0,0.0,25.5,35.7,34.5,0.0,35.7,0.0,0.0,0.0,0.0,25.9,0.0,0.0,27.0,28.9,0.0,0.0,0.0,0.0,0.0,0.0,0.0,0.0,32.1,30.6,0.0,0.0,47.3,28.0,22.6,22.6,22.6,22.6,22.6,22.6,0.0,0.0,0.0,0.0,0.0,0.0,29.8,0.0,23.8,0.0,26.8,26.8,26.8,26.8,26.8,0.0,0.0,0.0,31.0,0.0,0.0,0.0,0.0,0.0,0.0,41.3,0.0,0.0,34.1,0.0,0.0,24.3,32.9,0.0,0.0,28.4,25.9,0.0,0.0,0.0,0.0,0.0,0.0,0.0,0.0,0.0,0.0,24.1,34.6
seq99,26.8,0.0,0.0,0.0,0.0,24.0,42.3,29.8,24.8,29.4,0.0,35.8,27.6,0.0,0.0,22.8,25.8,0.0,39.2,39.2,24.5,0.0,0.0,29.2,0.0,25.9,26.4,26.9,22.5,0.0,0.0,0.0,22.5,24.0,24.0,25.4,24.0,0.0,24.6,0.0,0.0,0.0,0.0,0.0,0.0,0.0,26.6,0.0,0.0,0.0,0.0,0.0,22.6,23.4,0.0,0.0,0.0,26.1,0.0,0.0,24.5,0.0,37.6,0.0,0.0,0.0,30.5,22.2,35.6,33.3,25.3,0.0,33.4,27.0,0.0,0.0,0.0,26.9,0.0,31.5,0.0,0.0,31.5,0.0,0.0,39.1,0.0,0.0,23.2,0.0,0.0,0.0,0.0,0.0,0.0,22.6,30.3,30.3,100.0,100.0,0.0,38.4,0.0,0.0,45.8,45.8,0.0,0.0,27.4,0.0,24.5,25.8,26.2,0.0,0.0,0.0,0.0,24.3,42.6,42.6,0.0,38.3,0.0,0.0,0.0,0.0,28.8,0.0,52.6,28.0,28.5,0.0,0.0,25.4,25.4,25.4,0.0,0.0,0.0,0.0,28.8,0.0,0.0,0.0,25.6,0.0,0.0,0.0,0.0,0.0,0.0,36.2,0.0,0.0,0.0,38.4,39.0,0.0,0.0,21.9,0.0,0.0,0.0,0.0,0.0,0.0,0.0,0.0,0.0,28.5,36.2,36.2,36.2,36.2,0.0,0.0,41.4,0.0,0.0,28.5,0.0,0.0,27.2,24.1,0.0,27.2,0.0,0.0,0.0,0.0,27.4,0.0,0.0,34.9,22.8,26.0,26.0,0.0,37.4,39.7
seq100,26.8,0.0,0.0,0.0,0.0,26.9,42.3,29.8,24.8,29.4,0.0,35.8,27.6,0.0,0.0,22.8,25.8,0.0,39.2,39.2,24.5,0.0,0.0,29.2,0.0,25.9,26.4,26.9,22.5,0.0,0.0,0.0,22.5,24.0,24.0,25.4,24.0,0.0,24.6,0.0,0.0,0.0,0.0,0.0,0.0,0.0,26.6,0.0,0.0,0.0,0.0,0.0,22.6,23.4,0.0,0.0,0.0,26.1,0.0,0.0,24.5,0.0,37.6,0.0,0.0,0.0,30.5,22.2,33.6,33.3,25.3,0.0,33.4,27.0,0.0,0.0,0.0,26.9,0.0,31.5,0.0,0.0,31.5,0.0,0.0,39.1,0.0,0.0,23.2,0.0,0.0,0.0,0.0,0.0,0.0,0.0,30.3,30.3,100.0,100.0,0.0,38.4,0.0,0.0,45.8,45.8,0.0,0.0,27.4,0.0,24.5,25.8,26.2,0.0,0.0,0.0,0.0,24.3,42.6,42.6,0.0,38.3,0.0,0.0,0.0,0.0,28.8,0.0,44.1,28.0,28.5,0.0,0.0,25.4,25.4,25.4,0.0,0.0,0.0,0.0,28.8,0.0,0.0,0.0,25.6,0.0,0.0,0.0,0.0,0.0,0.0,36.2,0.0,0.0,0.0,38.4,39.0,0.0,0.0,21.9,0.0,0.0,0.0,0.0,0.0,0.0,0.0,0.0,0.0,0.0,36.2,36.2,36.2,36.2,0.0,0.0,41.4,0.0,0.0,28.5,0.0,0.0,27.2,24.1,0.0,27.2,0.0,0.0,0.0,0.0,27.4,0.0,0.0,34.9,22.8,26.0,26.0,0.0,37.4,39.7
seq101,0.0,0.0,0.0,37.3,0.0,0.0,0.0,0.0,0.0,0.0,0.0,0.0,0.0,0.0,0.0,0.0,0.0,0.0,0.0,0.0,0.0,0.0,0.0,0.0,0.0,0.0,0.0,0.0,0.0,0.0,0.0,0.0,0.0,0.0,0.0,0.0,0.0,0.0,0.0,0.0,0.0,0.0,0.0,0.0,0.0,0.0,0.0,0.0,0.0,0.0,0.0,0.0,0.0,0.0,0.0,0.0,0.0,0.0,0.0,0.0,0.0,0.0,0.0,0.0,0.0,0.0,0.0,0.0,0.0,0.0,0.0,0.0,0.0,0.0,0.0,0.0,0.0,0.0,0.0,0.0,0.0,0.0,0.0,0.0,0.0,0.0,0.0,0.0,0.0,0.0,0.0,0.0,0.0,0.0,0.0,0.0,0.0,0.0,0.0,0.0,100.0,0.0,0.0,0.0,0.0,0.0,0.0,0.0,0.0,0.0,0.0,0.0,0.0,0.0,0.0,0.0,0.0,0.0,0.0,0.0,0.0,0.0,0.0,0.0,0.0,0.0,0.0,0.0,0.0,0.0,0.0,0.0,0.0,0.0,0.0,0.0,0.0,0.0,0.0,0.0,0.0,0.0,0.0,0.0,0.0,0.0,0.0,0.0,0.0,0.0,0.0,0.0,0.0,0.0,0.0,0.0,0.0,0.0,0.0,0.0,0.0,0.0,0.0,0.0,0.0,0.0,0.0,0.0,0.0,0.0,0.0,0.0,0.0,0.0,0.0,0.0,0.0,0.0,0.0,0.0,0.0,0.0,0.0,0.0,0.0,0.0,0.0,0.0,0.0,0.0,0.0,0.0,0.0,0.0,0.0,0.0,0.0,0.0,0.0,0.0
seq102,0.0,0.0,0.0,0.0,0.0,30.0,37.9,26.5,32.2,0.0,0.0,39.4,36.7,22.9,0.0,25.3,0.0,0.0,56.6,56.6,28.0,0.0,0.0,28.2,0.0,30.0,26.8,29.5,0.0,33.3,0.0,0.0,0.0,27.2,28.9,0.0,25.5,0.0,0.0,0.0,0.0,0.0,0.0,0.0,0.0,0.0,24.5,0.0,0.0,0.0,0.0,0.0,0.0,0.0,0.0,0.0,0.0,0.0,0.0,0.0,27.2,21.4,38.6,0.0,0.0,0.0,0.0,26.5,0.0,34.1,0.0,0.0,54.7,0.0,27.4,0.0,24.4,26.9,0.0,29.4,0.0,0.0,0.0,0.0,0.0,44.2,0.0,0.0,30.2,37.2,0.0,0.0,0.0,0.0,0.0,0.0,0.0,0.0,39.1,39.1,0.0,100.0,0.0,0.0,43.0,43.0,0.0,27.0,26.3,0.0,0.0,24.6,0.0,26.9,0.0,0.0,0.0,23.5,42.6,44.0,0.0,44.0,0.0,0.0,0.0,0.0,27.4,0.0,39.2,25.0,26.7,0.0,0.0,0.0,0.0,0.0,0.0,0.0,0.0,0.0,29.7,0.0,0.0,0.0,0.0,0.0,0.0,0.0,0.0,0.0,0.0,0.0,0.0,0.0,0.0,72.8,74.6,0.0,0.0,23.1,0.0,21.3,21.3,21.3,21.3,21.3,0.0,0.0,0.0,0.0,0.0,0.0,0.0,0.0,0.0,0.0,42.2,0.0,0.0,35.2,0.0,0.0,28.3,24.8,0.0,0.0,0.0,24.2,0.0,0.0,29.5,0.0,0.0,50.0,0.0,30.9,30.9,0.0,55.7,33.6
seq103,0.0,0.0,0.0,0.0,0.0,0.0,0.0,0.0,0.0,0.0,0.0,0.0,0.0,0.0,0.0,0.0,0.0,0.0,0.0,0.0,0.0,0.0,0.0,0.0,0.0,0.0,0.0,0.0,20.8,0.0,0.0,29.0,0.0,0.0,0.0,0.0,0.0,0.0,0.0,0.0,0.0,0.0,0.0,0.0,0.0,0.0,0.0,0.0,0.0,0.0,0.0,0.0,0.0,0.0,0.0,0.0,0.0,0.0,0.0,0.0,0.0,0.0,0.0,0.0,0.0,0.0,0.0,0.0,0.0,0.0,0.0,0.0,0.0,0.0,36.5,0.0,0.0,0.0,33.8,0.0,0.0,0.0,0.0,54.5,0.0,0.0,0.0,0.0,28.3,0.0,0.0,0.0,0.0,0.0,0.0,38.2,0.0,0.0,0.0,0.0,0.0,0.0,100.0,0.0,0.0,0.0,0.0,0.0,0.0,0.0,0.0,0.0,0.0,0.0,0.0,0.0,0.0,0.0,0.0,0.0,0.0,0.0,0.0,0.0,0.0,0.0,0.0,0.0,0.0,0.0,0.0,0.0,0.0,0.0,0.0,0.0,0.0,0.0,0.0,0.0,0.0,0.0,0.0,0.0,29.3,0.0,0.0,0.0,0.0,0.0,0.0,0.0,0.0,0.0,0.0,0.0,0.0,0.0,0.0,0.0,0.0,0.0,0.0,0.0,0.0,0.0,0.0,0.0,0.0,0.0,0.0,0.0,0.0,0.0,0.0,0.0,0.0,0.0,0.0,0.0,32.5,46.7,0.0,0.0,0.0,25.0,0.0,0.0,0.0,0.0,0.0,0.0,0.0,0.0,0.0,0.0,0.0,0.0,0.0,0.0
seq104,0.0,0.0,0.0,0.0,0.0,0.0,0.0,0.0,0.0,0.0,0.0,0.0,0.0,0.0,0.0,0.0,0.0,0.0,0.0,0.0,0.0,0.0,0.0,0.0,0.0,0.0,0.0,0.0,0.0,0.0,0.0,0.0,0.0,0.0,0.0,0.0,0.0,0.0,0.0,0.0,0.0,0.0,0.0,0.0,0.0,0.0,0.0,0.0,0.0,0.0,0.0,0.0,0.0,0.0,0.0,0.0,0.0,0.0,0.0,0.0,0.0,0.0,0.0,0.0,0.0,37.7,0.0,0.0,0.0,0.0,0.0,0.0,0.0,0.0,0.0,0.0,0.0,0.0,0.0,0.0,0.0,0.0,0.0,0.0,0.0,0.0,66.5,66.5,0.0,0.0,0.0,0.0,0.0,77.2,76.9,0.0,0.0,0.0,0.0,0.0,0.0,0.0,0.0,100.0,0.0,0.0,27.6,0.0,0.0,0.0,0.0,0.0,0.0,0.0,0.0,0.0,0.0,0.0,0.0,0.0,0.0,0.0,23.7,0.0,26.3,0.0,0.0,25.2,0.0,0.0,0.0,0.0,0.0,0.0,0.0,0.0,0.0,0.0,0.0,0.0,0.0,0.0,0.0,0.0,0.0,0.0,0.0,0.0,0.0,0.0,0.0,0.0,0.0,0.0,0.0,0.0,0.0,0.0,0.0,0.0,0.0,0.0,0.0,0.0,0.0,0.0,0.0,0.0,0.0,0.0,0.0,0.0,0.0,0.0,0.0,0.0,0.0,0.0,0.0,0.0,0.0,0.0,0.0,0.0,0.0,0.0,0.0,0.0,0.0,0.0,0.0,0.0,0.0,0.0,0.0,0.0,0.0,0.0,0.0,0.0
seq105,30.5,0.0,0.0,0.0,0.0,24.7,58.6,24.5,24.5,0.0,28.5,60.2,31.8,23.2,0.0,26.1,0.0,0.0,39.0,39.0,25.3,0.0,32.8,37.2,0.0,0.0,0.0,25.3,0.0,31.1,0.0,0.0,23.3,25.3,26.5,0.0,25.4,37.5,20.9,0.0,0.0,0.0,0.0,0.0,0.0,0.0,29.1,0.0,0.0,22.9,0.0,0.0,0.0,0.0,0.0,0.0,0.0,0.0,0.0,0.0,25.3,33.3,46.1,0.0,0.0,0.0,30.9,23.8,34.9,40.3,30.5,0.0,39.2,27.6,29.3,0.0,0.0,30.0,0.0,28.4,0.0,0.0,0.0,0.0,0.0,38.0,0.0,0.0,27.9,23.6,0.0,0.0,0.0,0.0,0.0,0.0,28.1,27.4,45.8,45.8,0.0,42.3,0.0,0.0,100.0,100.0,0.0,28.4,30.0,0.0,0.0,27.0,0.0,26.5,0.0,0.0,0.0,0.0,38.3,38.3,0.0,36.8,0.0,0.0,0.0,26.1,28.3,0.0,42.5,26.7,26.7,0.0,0.0,0.0,0.0,0.0,0.0,0.0,0.0,31.1,30.1,0.0,0.0,23.1,31.3,0.0,0.0,0.0,0.0,0.0,0.0,0.0,0.0,0.0,0.0,43.2,43.2,0.0,0.0,0.0,22.3,28.2,28.2,28.2,28.2,28.2,0.0,0.0,0.0,0.0,34.7,34.7,34.7,34.7,0.0,0.0,38.0,0.0,0.0,30.4,0.0,0.0,25.0,26.4,0.0,24.1,28.3,0.0,0.0,24.6,28.0,0.0,0.0,42.8,0.0,0.0,0.0,0.0,38.6,31.0
seq106,30.5,0.0,0.0,0.0,0.0,24.7,58.6,24.5,24.5,0.0,28.5,60.2,31.8,23.2,0.0,26.1,0.0,0.0,39.0,39.0,25.3,0.0,32.8,37.2,0.0,0.0,0.0,25.3,0.0,31.1,0.0,0.0,23.3,25.3,26.5,0.0,25.4,0.0,20.9,0.0,0.0,0.0,0.0,0.0,0.0,0.0,29.1,0.0,0.0,22.9,0.0,0.0,0.0,0.0,0.0,0.0,0.0,0.0,0.0,0.0,25.3,33.3,46.1,0.0,0.0,0.0,30.9,23.8,34.9,40.3,30.5,0.0,39.2,27.6,29.3,0.0,0.0,30.0,0.0,28.4,0.0,0.0,0.0,0.0,0.0,38.0,0.0,0.0,27.9,23.6,0.0,0.0,0.0,0.0,0.0,0.0,28.1,27.4,45.8,45.8,0.0,42.3,0.0,0.0,100.0,100.0,0.0,28.4,30.0,0.0,0.0,27.0,0.0,26.5,0.0,0.0,0.0,0.0,38.3,38.3,0.0,36.8,0.0,0.0,0.0,26.1,28.3,0.0,42.5,26.7,26.7,0.0,0.0,0.0,0.0,0.0,0.0,0.0,0.0,31.1,30.1,0.0,0.0,23.1,31.3,0.0,0.0,0.0,0.0,0.0,0.0,0.0,0.0,0.0,0.0,43.2,43.2,0.0,0.0,0.0,22.3,28.2,28.2,28.2,28.2,28.2,0.0,0.0,0.0,0.0,34.7,34.7,34.7,34.7,0.0,0.0,38.0,0.0,0.0,30.4,0.0,0.0,25.0,26.4,0.0,24.1,28.3,0.0,0.0,24.6,28.0,0.0,0.0,42.8,0.0,0.0,0.0,0.0,38.6,31.0
seq107,0.0,0.0,0.0,0.0,0.0,0.0,0.0,0.0,0.0,0.0,0.0,0.0,0.0,0.0,0.0,0.0,0.0,0.0,0.0,0.0,0.0,0.0,0.0,0.0,0.0,0.0,0.0,0.0,0.0,0.0,0.0,0.0,0.0,0.0,0.0,0.0,0.0,0.0,0.0,0.0,0.0,0.0,0.0,0.0,0.0,0.0,0.0,0.0,0.0,0.0,0.0,0.0,0.0,0.0,31.1,0.0,31.2,0.0,33.8,0.0,0.0,0.0,0.0,0.0,0.0,0.0,0.0,0.0,0.0,0.0,0.0,0.0,0.0,0.0,0.0,0.0,0.0,0.0,0.0,0.0,0.0,0.0,0.0,0.0,0.0,0.0,27.9,27.9,0.0,0.0,0.0,0.0,0.0,26.8,26.9,0.0,0.0,0.0,0.0,0.0,0.0,0.0,0.0,27.6,0.0,0.0,100.0,0.0,0.0,0.0,0.0,0.0,0.0,0.0,0.0,0.0,0.0,0.0,0.0,0.0,0.0,0.0,0.0,0.0,24.0,0.0,0.0,26.0,0.0,0.0,0.0,0.0,0.0,0.0,0.0,0.0,0.0,0.0,0.0,0.0,0.0,0.0,0.0,0.0,0.0,0.0,0.0,0.0,0.0,0.0,0.0,0.0,0.0,0.0,0.0,0.0,0.0,0.0,0.0,0.0,0.0,0.0,0.0,0.0,0.0,0.0,0.0,0.0,0.0,0.0,0.0,0.0,0.0,0.0,0.0,0.0,0.0,0.0,0.0,0.0,0.0,0.0,0.0,0.0,0.0,0.0,0.0,0.0,0.0,0.0,0.0,0.0,0.0,0.0,0.0,0.0,0.0,0.0,0.0,0.0
seq108,0.0,0.0,0.0,0.0,0.0,0.0,24.4,26.0,0.0,31.9,0.0,0.0,0.0,24.0,0.0,0.0,0.0,0.0,26.3,26.3,24.6,0.0,0.0,0.0,0.0,22.0,0.0,0.0,0.0,0.0,0.0,0.0,27.1,0.0,0.0,25.2,0.0,0.0,0.0,0.0,0.0,0.0,0.0,0.0,0.0,0.0,0.0,25.4,0.0,25.2,0.0,0.0,0.0,0.0,0.0,0.0,0.0,35.4,0.0,0.0,26.4,25.5,0.0,0.0,0.0,0.0,0.0,0.0,24.6,0.0,0.0,0.0,26.1,0.0,0.0,0.0,0.0,24.6,0.0,27.7,0.0,0.0,0.0,0.0,0.0,0.0,0.0,0.0,0.0,0.0,0.0,0.0,0.0,0.0,0.0,0.0,0.0,0.0,0.0,0.0,0.0,26.7,0.0,0.0,27.8,27.8,0.0,100.0,0.0,0.0,0.0,0.0,0.0,27.8,0.0,0.0,0.0,0.0,0.0,0.0,0.0,0.0,0.0,0.0,0.0,0.0,0.0,0.0,0.0,30.4,31.2,0.0,0.0,0.0,0.0,0.0,0.0,0.0,0.0,0.0,25.6,0.0,0.0,24.1,0.0,0.0,0.0,0.0,0.0,0.0,0.0,0.0,0.0,0.0,0.0,28.1,28.1,0.0,0.0,0.0,0.0,0.0,0.0,0.0,0.0,0.0,0.0,0.0,0.0,0.0,0.0,0.0,0.0,0.0,0.0,0.0,0.0,0.0,0.0,0.0,0.0,0.0,35.2,0.0,27.8,0.0,0.0,0.0,0.0,0.0,0.0,0.0,0.0,0.0,0.0,0.0,0.0,0.0,26.9,0.0
seq109,100.0,0.0,0.0,0.0,0.0,31.6,0.0,26.6,30.5,0.0,40.8,0.0,37.5,39.7,0.0,29.4,24.5,0.0,27.2,27.2,25.0,0.0,31.4,38.3,0.0,36.7,0.0,0.0,0.0,30.9,0.0,0.0,0.0,0.0,0.0,26.2,26.8,0.0,25.8,0.0,0.0,0.0,0.0,0.0,0.0,0.0,25.1,0.0,0.0,25.1,0.0,30.6,0.0,0.0,0.0,0.0,0.0,0.0,0.0,0.0,28.7,0.0,25.0,0.0,0.0,0.0,0.0,37.0,26.9,44.3,46.1,0.0,27.0,36.5,25.8,0.0,0.0,44.5,38.3,29.4,0.0,0.0,40.0,0.0,0.0,43.8,0.0,0.0,31.8,0.0,0.0,0.0,0.0,0.0,0.0,0.0,28.0,37.5,27.4,27.4,0.0,26.0,0.0,0.0,28.4,28.4,0.0,0.0,100.0,35.7,39.6,39.4,0.0,30.4,0.0,0.0,0.0,43.6,44.2,44.2,0.0,0.0,0.0,0.0,0.0,0.0,32.2,0.0,26.8,0.0,0.0,0.0,0.0,28.4,28.4,28.4,29.3,0.0,0.0,0.0,0.0,0.0,0.0,29.2,41.8,0.0,0.0,0.0,0.0,0.0,0.0,30.3,0.0,0.0,0.0,29.1,28.4,0.0,0.0,52.4,31.7,32.3,32.3,32.3,32.3,32.3,0.0,0.0,0.0,0.0,0.0,0.0,0.0,0.0,0.0,0.0,34.7,0.0,0.0,0.0,0.0,0.0,29.4,27.1,29.4,28.3,25.8,22.8,0.0,30.8,27.5,0.0,0.0,27.6,29.4,0.0,0.0,0.0,27.2,0.0
seq110,0.0,0.0,0.0,0.0,0.0,0.0,0.0,0.0,0.0,0.0,0.0,0.0,0.0,0.0,0.0,0.0,0.0,0.0,0.0,0.0,0.0,0.0,0.0,0.0,0.0,0.0,0.0,0.0,0.0,0.0,0.0,0.0,0.0,0.0,0.0,0.0,0.0,0.0,0.0,0.0,0.0,0.0,0.0,0.0,0.0,0.0,0.0,0.0,0.0,0.0,0.0,0.0,0.0,0.0,0.0,0.0,0.0,0.0,0.0,0.0,0.0,0.0,0.0,0.0,0.0,0.0,0.0,0.0,0.0,0.0,0.0,0.0,0.0,0.0,0.0,0.0,0.0,0.0,0.0,0.0,0.0,0.0,0.0,0.0,0.0,0.0,0.0,0.0,0.0,25.7,0.0,0.0,0.0,0.0,0.0,0.0,0.0,0.0,0.0,0.0,0.0,0.0,0.0,0.0,0.0,0.0,0.0,0.0,0.0,100.0,0.0,0.0,0.0,0.0,0.0,0.0,0.0,0.0,0.0,0.0,0.0,0.0,0.0,0.0,0.0,0.0,0.0,0.0,0.0,0.0,0.0,0.0,0.0,0.0,0.0,0.0,0.0,0.0,0.0,0.0,0.0,0.0,0.0,0.0,0.0,0.0,0.0,0.0,0.0,0.0,0.0,0.0,0.0,0.0,0.0,0.0,0.0,0.0,0.0,0.0,0.0,0.0,0.0,0.0,0.0,0.0,0.0,0.0,0.0,0.0,0.0,0.0,0.0,0.0,0.0,0.0,0.0,0.0,0.0,0.0,0.0,0.0,0.0,0.0,0.0,0.0,0.0,0.0,0.0,0.0,0.0,0.0,0.0,0.0,0.0,0.0,0.0,0.0,0.0,0.0
seq111,0.0,0.0,0.0,0.0,0.0,0.0,23.9,0.0,0.0,0.0,0.0,0.0,28.2,0.0,0.0,23.4,0.0,0.0,0.0,0.0,0.0,0.0,41.2,28.8,0.0,28.0,0.0,0.0,0.0,0.0,0.0,0.0,0.0,26.7,25.7,0.0,0.0,0.0,0.0,32.0,0.0,0.0,0.0,0.0,0.0,0.0,26.2,0.0,0.0,26.7,0.0,40.1,0.0,32.0,0.0,0.0,0.0,0.0,0.0,0.0,0.0,0.0,0.0,0.0,0.0,0.0,0.0,0.0,30.6,0.0,0.0,0.0,0.0,0.0,0.0,0.0,0.0,0.0,0.0,23.8,0.0,0.0,33.3,0.0,0.0,36.2,0.0,0.0,0.0,0.0,0.0,0.0,0.0,0.0,0.0,0.0,20.3,21.8,0.0,0.0,0.0,0.0,0.0,0.0,0.0,0.0,0.0,0.0,0.0,0.0,100.0,0.0,0.0,27.1,0.0,0.0,0.0,28.1,39.1,39.1,0.0,34.6,0.0,0.0,0.0,0.0,26.0,0.0,0.0,26.8,25.7,0.0,0.0,0.0,0.0,0.0,25.6,0.0,0.0,0.0,21.6,0.0,0.0,0.0,31.1,0.0,0.0,0.0,0.0,0.0,0.0,0.0,0.0,0.0,0.0,0.0,0.0,0.0,0.0,0.0,0.0,25.1,25.1,25.1,25.1,25.1,0.0,0.0,0.0,0.0,0.0,0.0,0.0,0.0,0.0,0.0,0.0,36.0,0.0,0.0,0.0,0.0,24.4,26.7,29.1,33.7,28.4,24.3,0.0,0.0,23.5,0.0,29.1,0.0,0.0,0.0,0.0,0.0,0.0,36.3
seq112,64.8,0.0,0.0,0.0,0.0,33.8,0.0,0.0,28.7,0.0,48.2,31.8,0.0,0.0,0.0,0.0,0.0,0.0,28.2,28.2,26.7,0.0,26.3,0.0,0.0,0.0,26.0,26.0,0.0,0.0,0.0,0.0,31.8,0.0,0.0,23.9,27.5,0.0,0.0,0.0,26.0,0.0,0.0,0.0,0.0,0.0,26.4,0.0,0.0,24.0,0.0,35.4,0.0,0.0,0.0,0.0,0.0,0.0,0.0,0.0,25.5,0.0,25.5,0.0,0.0,0.0,35.7,23.4,25.6,46.6,48.3,0.0,0.0,33.3,27.4,0.0,0.0,50.2,0.0,35.6,0.0,0.0,41.1,0.0,0.0,37.3,0.0,0.0,0.0,34.7,0.0,0.0,0.0,0.0,0.0,0.0,28.0,26.5,25.6,25.6,0.0,24.6,0.0,0.0,0.0,0.0,0.0,0.0,39.9,0.0,27.5,100.0,0.0,23.8,0.0,0.0,0.0,38.2,38.7,38.7,0.0,37.0,0.0,0.0,0.0,0.0,37.9,0.0,28.4,35.6,36.4,0.0,0.0,0.0,0.0,0.0,0.0,0.0,0.0,28.5,22.6,0.0,0.0,27.2,38.1,0.0,0.0,0.0,0.0,0.0,0.0,33.3,0.0,0.0,0.0,24.8,25.1,0.0,0.0,47.5,0.0,28.1,28.1,28.1,28.1,28.1,0.0,0.0,0.0,0.0,0.0,0.0,0.0,0.0,0.0,0.0,0.0,0.0,0.0,0.0,0.0,0.0,34.9,0.0,26.5,28.4,25.4,35.2,31.7,0.0,0.0,0.0,0.0,29.4,0.0,28.7,28.7,0.0,28.6,0.0
seq113,0.0,0.0,0.0,0.0,0.0,0.0,0.0,0.0,0.0,0.0,0.0,0.0,37.0,0.0,0.0,33.8,0.0,0.0,0.0,0.0,0.0,25.5,29.7,0.0,0.0,0.0,0.0,0.0,0.0,0.0,0.0,0.0,0.0,0.0,0.0,0.0,0.0,0.0,0.0,0.0,0.0,0.0,0.0,0.0,0.0,0.0,27.7,0.0,0.0,0.0,0.0,0.0,0.0,0.0,0.0,0.0,0.0,0.0,0.0,0.0,21.5,23.6,0.0,0.0,0.0,0.0,30.3,0.0,0.0,0.0,0.0,0.0,0.0,0.0,24.7,0.0,0.0,0.0,0.0,23.7,0.0,0.0,0.0,0.0,0.0,0.0,0.0,0.0,0.0,0.0,0.0,0.0,0.0,0.0,0.0,0.0,23.3,20.4,26.2,26.2,0.0,0.0,0.0,0.0,0.0,0.0,0.0,0.0,0.0,0.0,0.0,0.0,100.0,0.0,0.0,0.0,0.0,0.0,0.0,0.0,0.0,0.0,0.0,0.0,0.0,0.0,0.0,0.0,0.0,0.0,0.0,0.0,0.0,0.0,0.0,0.0,0.0,0.0,0.0,0.0,24.2,0.0,0.0,0.0,31.8,0.0,0.0,0.0,0.0,0.0,0.0,0.0,0.0,0.0,0.0,0.0,0.0,0.0,0.0,0.0,0.0,0.0,0.0,0.0,0.0,0.0,0.0,0.0,0.0,0.0,0.0,0.0,0.0,0.0,0.0,0.0,33.3,0.0,0.0,23.5,0.0,0.0,0.0,0.0,0.0,0.0,0.0,0.0,0.0,0.0,0.0,0.0,0.0,0.0,0.0,0.0,0.0,0.0,21.2,0.0
seq114,0.0,0.0,0.0,0.0,0.0,0.0,22.3,25.5,30.2,0.0,25.7,0.0,32.0,28.6,0.0,39.4,0.0,0.0,0.0,0.0,24.2,0.0,0.0,37.5,0.0,36.8,23.7,26.4,0.0,32.7,0.0,0.0,25.0,27.4,26.3,27.8,32.2,0.0,27.0,0.0,30.0,0.0,0.0,0.0,0.0,0.0,27.0,0.0,0.0,26.2,0.0,0.0,0.0,0.0,0.0,0.0,0.0,0.0,0.0,33.7,22.8,0.0,25.0,0.0,0.0,0.0,30.6,0.0,27.2,35.8,0.0,0.0,0.0,36.6,27.2,0.0,23.2,26.1,0.0,57.5,0.0,0.0,0.0,0.0,0.0,0.0,0.0,0.0,30.6,27.8,0.0,0.0,0.0,0.0,0.0,23.5,25.7,25.5,0.0,0.0,0.0,26.9,31.3,0.0,26.7,26.7,0.0,29.2,0.0,0.0,27.1,0.0,0.0,100.0,0.0,0.0,0.0,29.4,0.0,0.0,0.0,0.0,0.0,0.0,0.0,29.4,66.9,0.0,0.0,65.5,62.2,0.0,0.0,28.9,28.9,28.9,25.4,0.0,0.0,0.0,32.0,0.0,0.0,28.0,26.0,0.0,0.0,0.0,0.0,0.0,0.0,0.0,0.0,0.0,0.0,0.0,0.0,0.0,0.0,23.0,0.0,0.0,0.0,0.0,0.0,0.0,0.0,0.0,0.0,31.5,0.0,0.0,0.0,0.0,0.0,0.0,0.0,0.0,0.0,0.0,0.0,0.0,37.2,36.5,26.1,30.8,0.0,0.0,0.0,0.0,36.1,0.0,0.0,0.0,0.0,0.0,0.0,0.0,0.0,31.0
seq115,0.0,0.0,0.0,0.0,0.0,32.3,0.0,0.0,36.6,0.0,0.0,0.0,0.0,0.0,0.0,32.3,32.7,0.0,0.0,0.0,0.0,0.0,0.0,0.0,0.0,0.0,0.0,0.0,0.0,39.6,0.0,0.0,0.0,0.0,0.0,30.8,0.0,0.0,0.0,0.0,36.1,0.0,0.0,0.0,0.0,0.0,0.0,0.0,0.0,29.3,0.0,0.0,0.0,0.0,0.0,0.0,0.0,0.0,0.0,0.0,0.0,0.0,0.0,0.0,0.0,0.0,0.0,0.0,0.0,0.0,0.0,0.0,0.0,0.0,0.0,0.0,0.0,25.6,0.0,0.0,0.0,0.0,0.0,0.0,0.0,0.0,0.0,0.0,0.0,24.8,0.0,0.0,0.0,0.0,0.0,0.0,28.2,27.5,0.0,0.0,0.0,0.0,0.0,0.0,0.0,0.0,0.0,0.0,0.0,0.0,0.0,24.3,0.0,0.0,100.0,0.0,0.0,0.0,0.0,0.0,0.0,0.0,0.0,0.0,0.0,0.0,0.0,0.0,0.0,30.9,30.9,0.0,0.0,0.0,0.0,0.0,0.0,46.6,43.2,35.2,0.0,0.0,0.0,24.2,0.0,70.5,70.5,70.5,70.5,70.5,70.5,0.0,60.9,60.9,0.0,0.0,0.0,0.0,0.0,25.0,40.0,25.7,25.7,25.7,25.7,25.7,0.0,0.0,0.0,43.4,33.7,33.7,33.7,33.7,0.0,0.0,0.0,39.6,0.0,39.7,0.0,0.0,0.0,0.0,0.0,0.0,0.0,0.0,0.0,0.0,32.3,0.0,41.1,0.0,0.0,0.0,0.0,0.0,0.0,0.0
seq116,0.0,0.0,0.0,0.0,0.0,0.0,0.0,0.0,0.0,0.0,0.0,0.0,0.0,0.0,0.0,0.0,0.0,0.0,0.0,0.0,0.0,0.0,0.0,0.0,0.0,0.0,0.0,0.0,0.0,0.0,0.0,0.0,0.0,0.0,0.0,0.0,0.0,0.0,0.0,0.0,0.0,0.0,0.0,0.0,0.0,0.0,0.0,0.0,0.0,0.0,0.0,0.0,0.0,0.0,0.0,0.0,0.0,0.0,0.0,0.0,0.0,0.0,0.0,0.0,0.0,0.0,0.0,0.0,0.0,0.0,0.0,0.0,0.0,0.0,0.0,0.0,0.0,0.0,0.0,0.0,0.0,0.0,0.0,0.0,0.0,0.0,0.0,0.0,0.0,0.0,0.0,0.0,0.0,0.0,0.0,0.0,0.0,0.0,0.0,0.0,0.0,0.0,0.0,0.0,0.0,0.0,0.0,0.0,0.0,0.0,0.0,0.0,0.0,0.0,0.0,100.0,100.0,0.0,0.0,0.0,0.0,0.0,0.0,0.0,0.0,0.0,0.0,0.0,0.0,0.0,0.0,0.0,0.0,0.0,0.0,0.0,0.0,0.0,0.0,0.0,0.0,0.0,39.0,0.0,0.0,0.0,0.0,0.0,0.0,0.0,0.0,0.0,0.0,0.0,0.0,0.0,0.0,0.0,0.0,0.0,0.0,0.0,0.0,0.0,0.0,0.0,0.0,0.0,0.0,0.0,0.0,0.0,0.0,0.0,42.8,42.8,0.0,0.0,0.0,0.0,0.0,0.0,0.0,0.0,0.0,0.0,0.0,0.0,0.0,0.0,0.0,0.0,0.0,0.0,0.0,0.0,0.0,0.0,0.0,0.0
seq117,0.0,0.0,0.0,0.0,0.0,0.0,0.0,0.0,0.0,0.0,0.0,0.0,0.0,0.0,0.0,0.0,0.0,0.0,0.0,0.0,0.0,0.0,0.0,0.0,0.0,0.0,0.0,0.0,0.0,0.0,0.0,0.0,0.0,0.0,0.0,0.0,0.0,0.0,0.0,0.0,0.0,0.0,0.0,0.0,0.0,0.0,0.0,0.0,0.0,0.0,0.0,0.0,0.0,0.0,0.0,0.0,0.0,0.0,0.0,0.0,0.0,0.0,0.0,0.0,0.0,0.0,0.0,0.0,0.0,0.0,0.0,0.0,0.0,0.0,0.0,0.0,0.0,0.0,0.0,0.0,0.0,0.0,0.0,0.0,0.0,0.0,0.0,0.0,0.0,0.0,0.0,0.0,0.0,0.0,0.0,0.0,0.0,0.0,0.0,0.0,0.0,0.0,0.0,0.0,0.0,0.0,0.0,0.0,0.0,0.0,0.0,0.0,0.0,0.0,0.0,100.0,100.0,0.0,0.0,0.0,0.0,0.0,0.0,0.0,0.0,0.0,0.0,0.0,0.0,0.0,0.0,0.0,0.0,0.0,0.0,0.0,0.0,0.0,0.0,0.0,0.0,0.0,39.0,0.0,0.0,0.0,0.0,0.0,0.0,0.0,0.0,0.0,0.0,0.0,0.0,0.0,0.0,0.0,0.0,0.0,0.0,0.0,0.0,0.0,0.0,0.0,0.0,0.0,0.0,0.0,0.0,0.0,0.0,0.0,42.8,42.8,0.0,0.0,0.0,0.0,0.0,0.0,0.0,0.0,0.0,0.0,0.0,0.0,0.0,0.0,0.0,0.0,0.0,0.0,0.0,0.0,0.0,0.0,0.0,0.0
seq118,43.6,0.0,0.0,0.0,0.0,0.0,0.0,0.0,0.0,0.0,29.1,0.0,0.0,28.0,0.0,0.0,0.0,0.0,0.0,0.0,0.0,0.0,0.0,24.2,0.0,0.0,0.0,0.0,0.0,0.0,0.0,0.0,26.7,0.0,0.0,29.3,0.0,0.0,28.7,0.0,0.0,0.0,0.0,0.0,0.0,0.0,27.0,0.0,0.0,0.0,0.0,0.0,26.4,0.0,0.0,0.0,0.0,0.0,0.0,0.0,26.6,0.0,0.0,0.0,0.0,0.0,27.1,0.0,23.1,47.8,38.1,0.0,0.0,23.8,0.0,0.0,0.0,47.8,0.0,0.0,0.0,0.0,31.3,0.0,0.0,32.5,0.0,0.0,0.0,0.0,0.0,0.0,0.0,0.0,0.0,0.0,0.0,0.0,21.8,21.8,0.0,24.3,0.0,0.0,0.0,0.0,0.0,0.0,43.6,0.0,22.3,38.2,25.2,0.0,0.0,0.0,0.0,100.0,0.0,0.0,0.0,0.0,0.0,0.0,0.0,22.5,29.7,0.0,22.0,0.0,0.0,0.0,0.0,0.0,0.0,0.0,0.0,0.0,0.0,0.0,0.0,0.0,0.0,0.0,0.0,0.0,0.0,0.0,0.0,0.0,0.0,0.0,0.0,0.0,0.0,0.0,0.0,0.0,0.0,0.0,0.0,0.0,0.0,0.0,0.0,0.0,0.0,0.0,0.0,0.0,0.0,0.0,0.0,0.0,0.0,0.0,26.6,0.0,0.0,0.0,0.0,0.0,0.0,0.0,30.9,27.5,0.0,24.6,0.0,25.5,0.0,0.0,0.0,0.0,0.0,0.0,0.0,0.0,0.0,0.0
seq119,0.0,0.0,0.0,0.0,0.0,0.0,35.3,32.4,35.5,0.0,0.0,42.3,43.6,43.1,0.0,0.0,0.0,0.0,44.1,44.1,38.5,0.0,30.8,35.8,0.0,33.3,30.7,30.7,0.0,0.0,0.0,0.0,33.6,35.1,35.1,0.0,0.0,34.3,32.2,0.0,0.0,0.0,0.0,0.0,0.0,0.0,33.7,0.0,0.0,0.0,0.0,30.8,0.0,0.0,0.0,0.0,0.0,0.0,0.0,26.8,0.0,25.3,38.2,0.0,0.0,0.0,35.4,42.0,35.6,0.0,0.0,0.0,42.6,34.7,0.0,0.0,0.0,0.0,0.0,0.0,0.0,0.0,40.2,0.0,0.0,64.3,0.0,0.0,0.0,40.9,0.0,0.0,0.0,0.0,0.0,0.0,36.9,35.7,42.6,42.6,0.0,42.3,0.0,0.0,38.3,38.3,0.0,0.0,44.2,0.0,39.1,0.0,0.0,0.0,0.0,0.0,0.0,29.4,100.0,92.3,0.0,80.9,0.0,0.0,0.0,0.0,26.2,0.0,38.3,28.7,37.5,0.0,0.0,0.0,0.0,0.0,0.0,0.0,0.0,0.0,36.8,0.0,0.0,42.6,31.9,0.0,0.0,0.0,0.0,0.0,0.0,0.0,0.0,0.0,0.0,44.1,44.1,0.0,0.0,33.7,0.0,41.2,41.2,41.2,41.2,41.2,0.0,0.0,0.0,0.0,0.0,0.0,0.0,0.0,0.0,0.0,40.7,0.0,0.0,34.9,0.0,0.0,28.0,32.2,41.0,0.0,36.5,34.4,0.0,0.0,0.0,0.0,0.0,34.6,0.0,35.0,35.0,0.0,44.1,68.2
seq120,0.0,0.0,0.0,0.0,0.0,0.0,34.1,32.4,35.5,0.0,0.0,38.6,32.2,41.3,0.0,0.0,0.0,0.0,47.0,47.0,32.6,0.0,33.3,34.5,0.0,33.3,30.7,30.7,0.0,0.0,0.0,0.0,33.6,35.1,35.1,0.0,0.0,34.3,30.3,0.0,0.0,0.0,0.0,0.0,0.0,0.0,32.4,0.0,0.0,0.0,0.0,32.0,0.0,0.0,0.0,0.0,0.0,0.0,0.0,25.7,0.0,26.6,35.2,0.0,0.0,0.0,36.5,40.5,35.6,0.0,0.0,0.0,44.1,34.7,0.0,0.0,0.0,0.0,0.0,0.0,0.0,0.0,38.8,0.0,0.0,64.3,0.0,0.0,0.0,37.7,0.0,0.0,0.0,0.0,0.0,0.0,35.7,34.5,42.6,42.6,0.0,43.5,0.0,0.0,38.3,38.3,0.0,0.0,44.2,0.0,39.1,0.0,0.0,0.0,0.0,0.0,0.0,30.8,91.6,100.0,0.0,78.7,0.0,0.0,0.0,0.0,26.2,0.0,38.3,28.7,27.5,0.0,0.0,0.0,0.0,0.0,0.0,0.0,0.0,0.0,38.1,0.0,0.0,41.3,45.0,0.0,0.0,0.0,0.0,0.0,0.0,0.0,0.0,0.0,0.0,45.5,45.5,0.0,0.0,33.7,0.0,31.6,31.6,31.6,31.6,31.6,0.0,0.0,0.0,0.0,0.0,0.0,0.0,0.0,0.0,0.0,40.7,0.0,0.0,34.9,0.0,0.0,39.4,29.8,42.8,0.0,32.9,32.7,0.0,0.0,0.0,0.0,0.0,36.0,0.0,33.3,33.3,0.0,47.0,81.8
seq121,0.0,0.0,0.0,0.0,0.0,0.0,0.0,0.0,0.0,0.0,0.0,0.0,0.0,0.0,0.0,0.0,0.0,0.0,0.0,0.0,0.0,0.0,0.0,0.0,0.0,0.0,0.0,0.0,0.0,0.0,0.0,0.0,0.0,0.0,0.0,0.0,0.0,0.0,0.0,0.0,0.0,0.0,0.0,0.0,0.0,0.0,0.0,0.0,0.0,0.0,0.0,0.0,0.0,0.0,0.0,0.0,0.0,0.0,0.0,0.0,0.0,0.0,0.0,0.0,0.0,0.0,0.0,0.0,0.0,0.0,0.0,0.0,0.0,0.0,0.0,0.0,0.0,0.0,0.0,0.0,0.0,0.0,0.0,0.0,0.0,0.0,0.0,0.0,0.0,0.0,0.0,0.0,0.0,0.0,0.0,0.0,0.0,0.0,0.0,0.0,0.0,0.0,0.0,0.0,0.0,0.0,0.0,0.0,0.0,0.0,0.0,0.0,0.0,0.0,0.0,0.0,0.0,0.0,0.0,0.0,100.0,0.0,0.0,0.0,0.0,0.0,0.0,0.0,0.0,0.0,0.0,0.0,0.0,0.0,0.0,0.0,0.0,0.0,0.0,0.0,0.0,0.0,0.0,0.0,0.0,0.0,0.0,0.0,0.0,0.0,0.0,0.0,0.0,0.0,0.0,0.0,0.0,0.0,0.0,0.0,0.0,0.0,0.0,0.0,0.0,0.0,0.0,0.0,0.0,0.0,0.0,0.0,0.0,0.0,0.0,0.0,0.0,0.0,0.0,0.0,0.0,0.0,0.0,0.0,0.0,0.0,0.0,0.0,0.0,0.0,0.0,0.0,0.0,0.0,0.0,0.0,0.0,0.0,0.0,0.0
seq122,0.0,0.0,0.0,0.0,0.0,0.0,35.3,29.6,35.0,0.0,0.0,36.0,32.5,41.3,0.0,0.0,0.0,0.0,38.5,38.5,33.6,0.0,29.2,34.5,0.0,33.3,31.5,30.4,0.0,0.0,0.0,0.0,32.4,0.0,0.0,0.0,0.0,31.5,29.1,0.0,0.0,0.0,0.0,0.0,0.0,0.0,32.1,0.0,0.0,0.0,0.0,28.3,0.0,0.0,0.0,0.0,0.0,0.0,0.0,26.8,0.0,29.3,35.0,0.0,0.0,0.0,33.9,42.0,33.3,0.0,0.0,0.0,37.9,31.8,0.0,0.0,0.0,0.0,0.0,0.0,0.0,0.0,40.2,0.0,0.0,64.4,0.0,0.0,29.2,34.7,0.0,0.0,0.0,0.0,0.0,0.0,36.1,34.2,38.3,38.3,0.0,43.5,0.0,0.0,36.8,36.8,0.0,0.0,0.0,0.0,34.6,0.0,0.0,0.0,0.0,0.0,0.0,29.8,80.9,78.7,0.0,100.0,0.0,0.0,0.0,31.3,27.3,0.0,38.6,30.0,28.7,0.0,0.0,0.0,0.0,0.0,0.0,0.0,0.0,0.0,39.5,0.0,0.0,36.6,30.2,0.0,0.0,0.0,0.0,0.0,0.0,0.0,0.0,0.0,0.0,42.6,42.6,0.0,0.0,33.7,0.0,31.6,31.6,31.6,31.6,31.6,0.0,0.0,0.0,0.0,0.0,0.0,0.0,0.0,0.0,0.0,40.7,0.0,0.0,36.4,0.0,0.0,38.1,0.0,36.2,34.6,28.5,29.8,0.0,28.0,30.3,0.0,0.0,30.3,0.0,30.6,30.6,0.0,38.5,67.4
seq123,0.0,0.0,0.0,0.0,0.0,0.0,0.0,0.0,0.0,0.0,0.0,0.0,0.0,0.0,0.0,0.0,0.0,0.0,0.0,0.0,0.0,0.0,0.0,0.0,0.0,0.0,0.0,0.0,0.0,0.0,0.0,0.0,0.0,0.0,0.0,0.0,0.0,0.0,0.0,0.0,0.0,0.0,0.0,0.0,0.0,0.0,0.0,0.0,0.0,0.0,0.0,0.0,0.0,0.0,0.0,0.0,0.0,0.0,0.0,0.0,0.0,0.0,0.0,0.0,0.0,0.0,0.0,0.0,0.0,0.0,0.0,0.0,0.0,0.0,0.0,0.0,0.0,0.0,0.0,0.0,0.0,0.0,0.0,0.0,0.0,0.0,0.0,0.0,0.0,0.0,0.0,0.0,0.0,21.8,0.0,0.0,0.0,0.0,0.0,0.0,0.0,0.0,0.0,23.3,0.0,0.0,0.0,0.0,0.0,0.0,0.0,0.0,0.0,0.0,0.0,0.0,0.0,0.0,0.0,0.0,0.0,0.0,100.0,0.0,0.0,0.0,0.0,0.0,0.0,0.0,0.0,0.0,0.0,0.0,0.0,0.0,0.0,0.0,0.0,0.0,0.0,0.0,0.0,0.0,0.0,0.0,0.0,0.0,0.0,0.0,0.0,0.0,0.0,0.0,0.0,0.0,0.0,0.0,0.0,0.0,0.0,0.0,0.0,0.0,0.0,0.0,0.0,0.0,0.0,0.0,0.0,0.0,0.0,0.0,0.0,0.0,0.0,0.0,0.0,0.0,0.0,0.0,0.0,0.0,0.0,0.0,0.0,0.0,0.0,0.0,0.0,0.0,0.0,0.0,0.0,0.0,0.0,0.0,0.0,0.0
seq124,0.0,0.0,0.0,0.0,0.0,0.0,0.0,0.0,0.0,0.0,0.0,0.0,0.0,0.0,0.0,0.0,0.0,0.0,0.0,0.0,0.0,0.0,0.0,0.0,0.0,0.0,0.0,0.0,32.8,0.0,0.0,0.0,0.0,0.0,0.0,0.0,0.0,0.0,0.0,0.0,0.0,0.0,0.0,0.0,0.0,0.0,0.0,0.0,29.8,0.0,0.0,0.0,0.0,0.0,0.0,0.0,0.0,0.0,0.0,0.0,0.0,0.0,0.0,0.0,0.0,0.0,0.0,0.0,0.0,0.0,0.0,0.0,0.0,0.0,0.0,0.0,0.0,0.0,0.0,0.0,0.0,0.0,0.0,0.0,0.0,0.0,0.0,0.0,0.0,0.0,0.0,0.0,0.0,0.0,0.0,0.0,0.0,0.0,0.0,0.0,0.0,0.0,0.0,0.0,0.0,0.0,0.0,0.0,0.0,0.0,0.0,0.0,0.0,0.0,0.0,0.0,0.0,0.0,0.0,0.0,0.0,0.0,0.0,100.0,0.0,0.0,0.0,0.0,0.0,0.0,0.0,0.0,0.0,0.0,0.0,0.0,0.0,0.0,0.0,0.0,0.0,0.0,0.0,0.0,0.0,0.0,0.0,0.0,0.0,0.0,0.0,0.0,0.0,0.0,0.0,0.0,0.0,0.0,0.0,0.0,0.0,0.0,0.0,0.0,0.0,0.0,0.0,0.0,0.0,0.0,0.0,0.0,0.0,0.0,0.0,0.0,0.0,0.0,0.0,0.0,0.0,0.0,0.0,0.0,0.0,0.0,0.0,0.0,0.0,0.0,0.0,0.0,0.0,0.0,0.0,0.0,0.0,0.0,0.0,0.0
seq125,0.0,0.0,0.0,0.0,0.0,0.0,0.0,0.0,0.0,0.0,0.0,0.0,0.0,0.0,0.0,0.0,0.0,0.0,0.0,0.0,0.0,0.0,0.0,0.0,0.0,0.0,0.0,0.0,0.0,0.0,0.0,0.0,0.0,0.0,0.0,0.0,28.7,0.0,0.0,0.0,0.0,0.0,0.0,0.0,0.0,0.0,26.0,0.0,0.0,0.0,0.0,0.0,0.0,0.0,0.0,0.0,0.0,0.0,0.0,0.0,0.0,0.0,0.0,0.0,0.0,0.0,0.0,35.0,0.0,0.0,0.0,0.0,0.0,25.7,0.0,0.0,0.0,0.0,0.0,0.0,0.0,0.0,0.0,0.0,0.0,0.0,0.0,0.0,0.0,0.0,0.0,0.0,0.0,25.3,0.0,0.0,20.0,0.0,0.0,0.0,0.0,0.0,0.0,0.0,0.0,0.0,24.0,0.0,0.0,0.0,0.0,0.0,0.0,0.0,0.0,0.0,0.0,0.0,0.0,0.0,0.0,0.0,0.0,0.0,100.0,0.0,29.0,65.5,0.0,25.4,0.0,0.0,0.0,0.0,0.0,0.0,0.0,0.0,0.0,0.0,21.9,0.0,0.0,25.6,0.0,0.0,0.0,0.0,0.0,0.0,0.0,0.0,0.0,0.0,0.0,0.0,0.0,0.0,0.0,0.0,0.0,0.0,0.0,0.0,0.0,0.0,0.0,0.0,0.0,0.0,0.0,0.0,0.0,0.0,0.0,0.0,0.0,0.0,0.0,0.0,0.0,0.0,0.0,0.0,0.0,0.0,0.0,0.0,0.0,0.0,0.0,0.0,32.8,0.0,0.0,29.0,29.0,0.0,0.0,0.0
seq126,0.0,0.0,0.0,0.0,0.0,27.6,0.0,0.0,30.5,23.8,0.0,0.0,0.0,0.0,0.0,0.0,0.0,0.0,0.0,0.0,0.0,0.0,0.0,39.4,0.0,25.3,0.0,0.0,0.0,0.0,0.0,0.0,0.0,0.0,21.9,0.0,26.7,0.0,29.9,0.0,0.0,0.0,0.0,0.0,0.0,0.0,0.0,23.0,0.0,0.0,0.0,0.0,28.1,0.0,0.0,0.0,0.0,0.0,0.0,0.0,25.9,0.0,23.0,0.0,0.0,0.0,35.8,0.0,0.0,0.0,0.0,0.0,0.0,25.9,0.0,0.0,0.0,0.0,23.5,25.9,0.0,0.0,0.0,0.0,0.0,0.0,0.0,0.0,0.0,23.2,0.0,0.0,0.0,0.0,0.0,0.0,24.6,24.0,0.0,0.0,0.0,0.0,0.0,0.0,26.1,26.1,0.0,0.0,0.0,23.8,0.0,0.0,0.0,29.1,0.0,0.0,0.0,22.5,29.1,28.0,0.0,31.3,0.0,0.0,0.0,100.0,28.0,0.0,26.8,26.1,26.2,30.4,0.0,0.0,0.0,0.0,0.0,0.0,0.0,0.0,0.0,0.0,0.0,0.0,24.5,0.0,0.0,0.0,0.0,0.0,0.0,0.0,0.0,0.0,0.0,0.0,0.0,32.9,0.0,20.8,0.0,22.4,22.4,22.4,22.4,22.4,0.0,0.0,0.0,25.3,31.0,31.0,31.0,31.0,0.0,0.0,0.0,0.0,0.0,0.0,0.0,0.0,26.9,0.0,0.0,0.0,29.0,24.9,25.4,0.0,0.0,0.0,0.0,0.0,0.0,28.0,28.0,0.0,0.0,27.7
seq127,41.1,0.0,0.0,0.0,0.0,34.0,24.4,25.4,37.1,0.0,27.8,0.0,37.3,27.5,0.0,43.2,22.9,28.3,27.3,27.3,26.7,0.0,24.3,40.0,0.0,35.4,25.6,26.3,0.0,32.7,0.0,0.0,24.6,25.5,25.5,28.2,28.7,0.0,27.9,0.0,26.1,0.0,0.0,0.0,0.0,0.0,25.0,0.0,0.0,0.0,0.0,21.6,0.0,0.0,0.0,0.0,0.0,0.0,0.0,0.0,23.7,0.0,25.3,0.0,0.0,0.0,28.7,34.8,25.0,40.2,38.6,0.0,26.4,40.7,31.3,0.0,25.7,40.9,0.0,71.1,29.8,0.0,34.3,30.3,0.0,32.0,0.0,0.0,29.1,28.0,0.0,0.0,0.0,0.0,0.0,0.0,29.7,25.9,23.9,23.9,0.0,28.4,29.7,0.0,28.3,28.3,0.0,0.0,23.9,0.0,25.8,37.9,0.0,66.9,0.0,0.0,0.0,31.1,32.8,32.8,0.0,32.8,0.0,0.0,0.0,27.9,100.0,0.0,23.6,85.7,79.4,0.0,0.0,27.9,27.9,27.9,27.5,0.0,0.0,25.9,36.6,0.0,0.0,31.6,44.1,0.0,0.0,0.0,0.0,0.0,0.0,0.0,0.0,0.0,0.0,28.2,27.7,0.0,0.0,37.0,0.0,28.4,28.4,28.4,28.4,28.4,0.0,0.0,0.0,0.0,36.5,36.5,36.5,36.5,0.0,0.0,34.7,0.0,0.0,31.6,0.0,0.0,42.9,43.9,27.3,33.8,32.3,24.5,0.0,29.3,39.8,0.0,0.0,29.2,0.0,0.0,0.0,0.0,27.3,27.7
seq128,0.0,0.0,0.0,0.0,0.0,0.0,0.0,0.0,0.0,0.0,0.0,0.0,0.0,0.0,0.0,0.0,0.0,0.0,0.0,0.0,0.0,0.0,0.0,0.0,0.0,0.0,0.0,0.0,0.0,0.0,0.0,0.0,0.0,0.0,0.0,0.0,0.0,0.0,0.0,0.0,0.0,0.0,0.0,0.0,0.0,0.0,0.0,0.0,0.0,0.0,0.0,0.0,0.0,0.0,0.0,0.0,0.0,0.0,0.0,0.0,0.0,0.0,0.0,0.0,0.0,0.0,0.0,0.0,0.0,0.0,0.0,0.0,0.0,0.0,0.0,0.0,0.0,0.0,0.0,0.0,0.0,0.0,0.0,0.0,0.0,0.0,0.0,0.0,0.0,0.0,0.0,0.0,0.0,31.6,0.0,0.0,0.0,0.0,0.0,0.0,0.0,0.0,0.0,0.0,0.0,0.0,23.4,0.0,0.0,0.0,0.0,0.0,0.0,0.0,0.0,0.0,0.0,0.0,0.0,0.0,0.0,0.0,0.0,0.0,65.3,0.0,0.0,100.0,0.0,0.0,0.0,0.0,0.0,0.0,0.0,0.0,0.0,0.0,0.0,0.0,0.0,0.0,0.0,0.0,0.0,0.0,0.0,0.0,0.0,0.0,0.0,0.0,0.0,0.0,0.0,0.0,0.0,0.0,0.0,0.0,0.0,0.0,0.0,0.0,0.0,0.0,0.0,0.0,0.0,0.0,0.0,0.0,0.0,0.0,0.0,0.0,0.0,0.0,0.0,0.0,0.0,0.0,0.0,0.0,0.0,0.0,0.0,0.0,0.0,0.0,0.0,0.0,35.7,0.0,0.0,0.0,0.0,0.0,0.0,0.0
seq129,27.1,0.0,0.0,0.0,0.0,28.1,46.0,0.0,29.4,33.3,0.0,48.3,30.7,25.9,0.0,24.6,0.0,0.0,36.2,36.2,24.3,0.0,0.0,29.4,0.0,32.0,25.8,25.0,25.7,33.3,0.0,0.0,24.8,35.5,32.0,25.1,0.0,0.0,24.5,24.5,0.0,0.0,0.0,0.0,0.0,0.0,26.7,0.0,0.0,0.0,0.0,0.0,0.0,37.5,0.0,0.0,0.0,31.5,0.0,0.0,0.0,29.5,37.2,0.0,24.5,0.0,28.8,23.8,35.3,27.5,23.0,0.0,35.3,29.8,28.9,0.0,0.0,21.9,0.0,0.0,0.0,0.0,32.8,0.0,0.0,36.5,0.0,0.0,0.0,27.3,0.0,0.0,0.0,0.0,0.0,0.0,0.0,0.0,52.6,43.8,0.0,38.4,0.0,0.0,42.5,42.5,0.0,0.0,26.8,0.0,24.5,25.2,0.0,0.0,0.0,0.0,0.0,21.3,38.3,38.3,0.0,36.6,0.0,0.0,0.0,0.0,0.0,0.0,100.0,0.0,0.0,0.0,0.0,26.6,26.6,25.8,24.2,0.0,0.0,34.6,28.4,0.0,0.0,0.0,26.9,0.0,0.0,0.0,0.0,0.0,0.0,36.6,0.0,0.0,0.0,36.4,36.5,0.0,0.0,40.0,0.0,27.5,27.5,27.5,27.5,27.5,0.0,0.0,0.0,0.0,28.9,28.9,28.9,28.9,0.0,0.0,42.1,0.0,0.0,40.0,0.0,0.0,0.0,0.0,24.5,0.0,26.7,0.0,0.0,31.6,0.0,0.0,0.0,38.4,24.2,25.6,25.6,0.0,35.7,41.3
seq130,40.0,0.0,0.0,0.0,0.0,35.4,24.4,24.7,36.8,0.0,28.7,30.7,34.6,28.7,0.0,41.4,24.0,0.0,27.6,27.6,25.9,0.0,25.3,35.7,0.0,31.6,24.8,24.8,0.0,29.7,0.0,0.0,24.5,26.6,26.3,27.3,28.8,0.0,27.9,0.0,26.1,0.0,0.0,0.0,0.0,0.0,25.2,0.0,0.0,28.1,0.0,23.3,25.4,0.0,0.0,0.0,0.0,0.0,0.0,0.0,24.2,0.0,22.6,0.0,0.0,0.0,28.7,34.8,22.6,37.3,38.5,0.0,26.9,39.6,30.8,0.0,26.0,39.7,33.9,69.6,0.0,0.0,34.3,0.0,0.0,41.0,0.0,0.0,30.5,27.2,0.0,0.0,0.0,0.0,0.0,0.0,30.3,27.0,28.5,28.5,0.0,25.1,0.0,0.0,24.6,24.6,0.0,29.1,31.0,0.0,26.8,37.3,0.0,65.5,0.0,0.0,0.0,27.3,28.7,28.7,0.0,30.0,0.0,0.0,0.0,26.2,85.7,0.0,24.7,100.0,91.5,0.0,0.0,27.9,27.9,27.9,28.0,32.3,32.3,38.4,34.6,0.0,0.0,30.0,28.7,28.1,28.1,28.1,28.1,28.1,28.1,0.0,0.0,0.0,0.0,29.4,29.4,0.0,0.0,23.9,0.0,27.7,27.7,27.7,27.7,27.7,0.0,0.0,0.0,34.1,36.5,36.5,36.5,36.5,0.0,0.0,38.9,38.3,0.0,30.6,0.0,0.0,43.6,42.0,26.8,27.9,32.9,24.2,0.0,33.3,38.0,0.0,31.5,27.9,0.0,26.3,26.3,0.0,27.6,34.0
seq131,40.2,0.0,0.0,0.0,0.0,35.4,25.8,25.7,37.1,0.0,0.0,30.7,36.0,27.5,0.0,38.4,0.0,0.0,26.4,26.4,25.9,0.0,0.0,35.7,0.0,32.9,26.7,27.1,0.0,0.0,0.0,0.0,25.0,26.6,25.9,27.8,28.8,0.0,26.7,0.0,29.7,0.0,0.0,0.0,0.0,0.0,24.6,0.0,0.0,29.0,0.0,0.0,24.2,0.0,0.0,0.0,0.0,0.0,0.0,0.0,24.0,0.0,25.2,0.0,0.0,0.0,26.1,33.7,23.9,36.4,37.6,0.0,0.0,38.6,30.7,0.0,25.0,38.8,31.7,64.9,0.0,0.0,35.8,0.0,0.0,38.9,0.0,0.0,27.7,27.6,0.0,0.0,0.0,0.0,0.0,0.0,31.0,28.9,29.1,29.1,0.0,27.1,0.0,0.0,27.2,27.2,0.0,31.5,32.6,0.0,26.1,36.4,0.0,62.2,0.0,0.0,0.0,26.9,34.8,27.5,0.0,35.2,0.0,0.0,0.0,26.4,79.4,0.0,25.1,91.5,100.0,0.0,0.0,27.6,27.6,27.6,26.9,32.3,32.3,38.4,34.0,0.0,0.0,28.1,30.0,28.1,28.1,28.1,28.1,28.1,28.1,0.0,0.0,0.0,0.0,27.6,27.6,0.0,0.0,23.5,32.3,26.4,26.4,26.4,26.4,26.4,0.0,0.0,0.0,32.3,31.7,31.7,31.7,31.7,0.0,0.0,38.9,38.0,0.0,31.8,0.0,0.0,40.8,36.5,27.2,27.4,32.5,23.6,0.0,33.3,35.5,0.0,32.3,29.8,0.0,25.1,25.1,0.0,26.4,0.0
seq132,0.0,0.0,0.0,0.0,0.0,0.0,0.0,0.0,0.0,0.0,0.0,0.0,0.0,0.0,0.0,0.0,0.0,0.0,0.0,0.0,0.0,0.0,0.0,0.0,0.0,0.0,0.0,0.0,0.0,0.0,0.0,0.0,0.0,0.0,0.0,0.0,0.0,0.0,0.0,0.0,0.0,0.0,0.0,0.0,0.0,0.0,0.0,0.0,0.0,0.0,0.0,0.0,0.0,0.0,0.0,0.0,0.0,0.0,0.0,0.0,0.0,0.0,0.0,0.0,0.0,0.0,35.7,0.0,0.0,0.0,0.0,0.0,0.0,0.0,24.3,0.0,0.0,0.0,0.0,0.0,0.0,0.0,0.0,0.0,0.0,0.0,0.0,0.0,0.0,0.0,0.0,0.0,0.0,0.0,0.0,0.0,0.0,0.0,0.0,0.0,0.0,0.0,0.0,0.0,0.0,0.0,0.0,0.0,0.0,0.0,0.0,0.0,0.0,0.0,0.0,0.0,0.0,0.0,0.0,0.0,0.0,0.0,0.0,0.0,0.0,30.4,0.0,0.0,0.0,0.0,0.0,100.0,0.0,43.2,43.2,43.2,0.0,0.0,0.0,0.0,0.0,0.0,0.0,0.0,36.2,0.0,0.0,0.0,0.0,0.0,0.0,0.0,0.0,0.0,0.0,0.0,0.0,0.0,0.0,0.0,0.0,0.0,0.0,0.0,0.0,0.0,0.0,0.0,0.0,0.0,0.0,0.0,0.0,0.0,0.0,0.0,0.0,0.0,0.0,0.0,0.0,0.0,37.2,0.0,0.0,0.0,0.0,0.0,0.0,0.0,0.0,0.0,34.2,0.0,42.2,42.0,42.0,0.0,0.0,0.0
seq133,0.0,0.0,0.0,0.0,0.0,0.0,0.0,0.0,0.0,0.0,0.0,0.0,0.0,0.0,0.0,0.0,0.0,0.0,0.0,0.0,0.0,0.0,0.0,0.0,0.0,0.0,0.0,0.0,0.0,0.0,0.0,0.0,0.0,0.0,0.0,0.0,0.0,0.0,0.0,0.0,0.0,0.0,0.0,0.0,0.0,0.0,0.0,0.0,0.0,0.0,0.0,0.0,0.0,0.0,0.0,0.0,0.0,0.0,0.0,0.0,0.0,0.0,0.0,0.0,0.0,0.0,0.0,0.0,0.0,0.0,0.0,0.0,0.0,0.0,0.0,0.0,0.0,0.0,0.0,0.0,0.0,0.0,0.0,0.0,31.5,0.0,0.0,0.0,0.0,0.0,0.0,0.0,0.0,0.0,0.0,0.0,0.0,0.0,0.0,0.0,0.0,0.0,0.0,0.0,0.0,0.0,0.0,0.0,0.0,0.0,0.0,0.0,0.0,0.0,0.0,0.0,0.0,0.0,0.0,0.0,0.0,0.0,0.0,0.0,0.0,0.0,0.0,0.0,0.0,0.0,0.0,0.0,100.0,0.0,0.0,0.0,0.0,0.0,0.0,0.0,0.0,0.0,0.0,0.0,0.0,0.0,0.0,0.0,0.0,0.0,0.0,0.0,0.0,0.0,0.0,0.0,0.0,0.0,0.0,0.0,0.0,0.0,0.0,0.0,0.0,0.0,0.0,0.0,0.0,0.0,0.0,0.0,0.0,0.0,0.0,0.0,0.0,0.0,0.0,0.0,0.0,0.0,0.0,0.0,0.0,0.0,0.0,0.0,0.0,0.0,0.0,0.0,0.0,0.0,0.0,0.0,0.0,0.0,0.0,0.0
seq134,0.0,0.0,0.0,0.0,0.0,29.6,0.0,0.0,0.0,0.0,0.0,0.0,0.0,0.0,0.0,0.0,0.0,0.0,0.0,0.0,0.0,0.0,0.0,0.0,0.0,0.0,0.0,0.0,0.0,0.0,0.0,0.0,0.0,0.0,28.7,0.0,26.9,0.0,0.0,0.0,24.3,0.0,0.0,0.0,0.0,0.0,25.8,0.0,0.0,0.0,0.0,0.0,0.0,0.0,0.0,0.0,0.0,0.0,0.0,0.0,25.2,24.8,0.0,0.0,0.0,0.0,29.4,0.0,0.0,32.2,25.6,0.0,0.0,25.1,0.0,0.0,0.0,0.0,0.0,26.4,0.0,0.0,0.0,0.0,0.0,38.0,0.0,0.0,0.0,0.0,0.0,0.0,0.0,0.0,0.0,0.0,0.0,0.0,25.4,25.4,0.0,0.0,0.0,0.0,0.0,0.0,0.0,0.0,28.4,0.0,0.0,0.0,0.0,27.8,0.0,0.0,0.0,0.0,0.0,0.0,0.0,0.0,0.0,0.0,0.0,29.9,27.4,0.0,25.0,28.0,27.1,39.7,0.0,100.0,100.0,100.0,0.0,0.0,0.0,27.3,0.0,0.0,0.0,0.0,24.6,0.0,0.0,0.0,0.0,0.0,0.0,26.7,0.0,0.0,0.0,28.3,28.8,0.0,0.0,0.0,0.0,0.0,0.0,0.0,0.0,0.0,0.0,0.0,0.0,0.0,0.0,0.0,0.0,0.0,0.0,0.0,30.8,34.8,0.0,0.0,0.0,0.0,0.0,0.0,0.0,0.0,0.0,22.9,0.0,0.0,0.0,0.0,0.0,0.0,39.5,49.7,49.7,0.0,0.0,0.0
seq135,0.0,0.0,0.0,0.0,0.0,29.6,0.0,0.0,0.0,0.0,0.0,0.0,0.0,0.0,0.0,0.0,0.0,0.0,0.0,0.0,0.0,0.0,0.0,0.0,0.0,0.0,0.0,0.0,0.0,0.0,0.0,0.0,0.0,0.0,28.7,0.0,26.9,0.0,0.0,0.0,24.3,0.0,0.0,0.0,0.0,0.0,25.8,0.0,0.0,0.0,0.0,0.0,0.0,0.0,0.0,0.0,0.0,0.0,0.0,0.0,25.2,24.8,0.0,0.0,0.0,0.0,29.4,0.0,0.0,32.2,25.6,0.0,0.0,25.1,0.0,0.0,0.0,0.0,0.0,26.4,0.0,0.0,0.0,0.0,0.0,38.0,0.0,0.0,0.0,0.0,0.0,0.0,0.0,0.0,0.0,0.0,0.0,0.0,25.4,25.4,0.0,0.0,0.0,0.0,0.0,0.0,0.0,0.0,28.4,0.0,0.0,0.0,0.0,27.8,0.0,0.0,0.0,0.0,0.0,0.0,0.0,0.0,0.0,0.0,0.0,29.9,27.4,0.0,25.0,28.0,27.1,39.7,0.0,100.0,100.0,100.0,0.0,0.0,0.0,27.3,0.0,0.0,0.0,0.0,24.6,0.0,0.0,0.0,0.0,0.0,0.0,26.7,0.0,0.0,0.0,28.3,28.8,0.0,0.0,0.0,0.0,0.0,0.0,0.0,0.0,0.0,0.0,0.0,0.0,0.0,0.0,0.0,0.0,0.0,0.0,0.0,30.8,34.8,0.0,0.0,0.0,0.0,0.0,0.0,0.0,0.0,0.0,22.9,0.0,0.0,0.0,0.0,0.0,0.0,39.5,49.7,49.7,0.0,0.0,0.0
seq136,0.0,0.0,0.0,0.0,0.0,29.6,0.0,0.0,0.0,0.0,0.0,0.0,0.0,0.0,0.0,0.0,0.0,0.0,0.0,0.0,0.0,0.0,0.0,0.0,0.0,0.0,0.0,0.0,0.0,0.0,0.0,0.0,0.0,0.0,28.7,0.0,26.9,0.0,0.0,0.0,24.3,0.0,0.0,0.0,0.0,0.0,25.8,0.0,0.0,0.0,0.0,0.0,0.0,0.0,0.0,0.0,0.0,0.0,0.0,0.0,25.2,24.8,0.0,0.0,0.0,0.0,29.4,0.0,0.0,32.2,25.6,0.0,0.0,25.1,0.0,0.0,0.0,0.0,0.0,26.4,0.0,0.0,0.0,0.0,0.0,38.0,0.0,0.0,0.0,0.0,0.0,0.0,0.0,0.0,0.0,0.0,0.0,0.0,25.4,25.4,0.0,0.0,0.0,0.0,0.0,0.0,0.0,0.0,28.4,0.0,0.0,0.0,0.0,27.8,0.0,0.0,0.0,0.0,0.0,0.0,0.0,0.0,0.0,0.0,0.0,29.9,27.4,0.0,25.4,28.0,27.1,39.7,0.0,100.0,100.0,100.0,0.0,0.0,0.0,27.3,0.0,0.0,0.0,0.0,24.6,0.0,0.0,0.0,0.0,0.0,0.0,26.7,0.0,0.0,0.0,28.3,28.8,0.0,0.0,0.0,0.0,0.0,0.0,0.0,0.0,0.0,0.0,0.0,0.0,0.0,0.0,0.0,0.0,0.0,0.0,0.0,30.8,34.8,0.0,0.0,0.0,0.0,0.0,0.0,0.0,0.0,0.0,22.9,0.0,0.0,0.0,0.0,0.0,0.0,39.2,49.7,49.7,0.0,0.0,0.0
seq137,33.7,0.0,0.0,0.0,0.0,0.0,0.0,0.0,23.2,0.0,23.4,0.0,40.4,60.3,0.0,28.6,0.0,0.0,0.0,0.0,0.0,0.0,0.0,0.0,0.0,31.7,20.1,21.9,0.0,0.0,0.0,0.0,41.4,0.0,0.0,0.0,0.0,0.0,54.8,0.0,0.0,0.0,0.0,0.0,0.0,0.0,28.6,0.0,0.0,0.0,0.0,0.0,51.7,0.0,0.0,0.0,0.0,0.0,0.0,0.0,0.0,0.0,0.0,0.0,0.0,0.0,0.0,25.1,0.0,38.7,23.2,0.0,0.0,0.0,0.0,0.0,0.0,39.1,0.0,28.7,0.0,0.0,45.7,0.0,0.0,35.5,0.0,0.0,0.0,0.0,0.0,0.0,0.0,0.0,0.0,0.0,0.0,0.0,0.0,0.0,0.0,0.0,0.0,0.0,21.7,21.7,0.0,0.0,29.3,0.0,27.3,0.0,0.0,0.0,0.0,0.0,0.0,30.0,0.0,0.0,0.0,0.0,0.0,0.0,0.0,0.0,0.0,0.0,23.5,28.2,0.0,0.0,0.0,0.0,0.0,0.0,100.0,0.0,0.0,0.0,0.0,0.0,0.0,24.6,0.0,0.0,0.0,0.0,0.0,0.0,0.0,0.0,0.0,0.0,0.0,0.0,0.0,0.0,0.0,29.0,0.0,32.3,32.3,32.3,32.3,32.3,0.0,0.0,0.0,0.0,0.0,0.0,0.0,0.0,0.0,0.0,0.0,0.0,0.0,0.0,0.0,0.0,0.0,26.2,0.0,0.0,33.7,28.7,0.0,0.0,0.0,0.0,0.0,0.0,0.0,0.0,0.0,0.0,0.0,0.0
seq138,0.0,0.0,0.0,0.0,0.0,0.0,0.0,0.0,28.5,32.0,0.0,0.0,0.0,0.0,0.0,0.0,0.0,28.5,0.0,0.0,0.0,0.0,0.0,0.0,0.0,0.0,0.0,0.0,0.0,0.0,0.0,0.0,0.0,38.0,36.6,0.0,0.0,0.0,0.0,0.0,33.7,0.0,0.0,0.0,0.0,0.0,0.0,0.0,0.0,0.0,0.0,0.0,0.0,0.0,0.0,0.0,0.0,0.0,0.0,0.0,0.0,0.0,0.0,0.0,0.0,0.0,0.0,0.0,0.0,0.0,0.0,0.0,0.0,0.0,0.0,0.0,0.0,0.0,0.0,0.0,0.0,0.0,0.0,0.0,0.0,0.0,0.0,0.0,0.0,0.0,0.0,0.0,0.0,0.0,0.0,0.0,0.0,0.0,0.0,0.0,0.0,25.6,0.0,0.0,28.8,28.8,0.0,0.0,0.0,0.0,27.1,0.0,0.0,0.0,46.6,0.0,0.0,0.0,0.0,0.0,0.0,0.0,0.0,0.0,0.0,0.0,0.0,0.0,0.0,32.3,32.3,0.0,0.0,0.0,0.0,0.0,0.0,100.0,89.7,0.0,0.0,0.0,0.0,0.0,0.0,48.3,48.3,48.3,48.3,48.3,48.3,0.0,42.4,42.4,0.0,26.9,25.7,0.0,0.0,32.7,0.0,0.0,0.0,0.0,0.0,0.0,0.0,0.0,0.0,66.6,37.6,37.6,37.6,37.6,0.0,0.0,0.0,56.7,0.0,41.6,0.0,0.0,0.0,0.0,0.0,0.0,0.0,0.0,0.0,0.0,0.0,0.0,37.2,0.0,35.1,0.0,0.0,0.0,0.0,0.0
seq139,0.0,0.0,0.0,0.0,0.0,0.0,0.0,0.0,28.5,30.6,0.0,0.0,0.0,0.0,0.0,0.0,0.0,0.0,0.0,0.0,0.0,0.0,0.0,0.0,0.0,0.0,0.0,0.0,0.0,0.0,0.0,0.0,0.0,36.1,34.7,0.0,0.0,0.0,0.0,0.0,31.7,0.0,0.0,0.0,0.0,0.0,0.0,0.0,0.0,0.0,0.0,0.0,0.0,0.0,0.0,0.0,0.0,0.0,0.0,0.0,0.0,0.0,0.0,0.0,0.0,0.0,0.0,0.0,34.0,0.0,0.0,0.0,0.0,0.0,0.0,0.0,0.0,0.0,0.0,0.0,0.0,0.0,0.0,0.0,0.0,0.0,0.0,0.0,0.0,0.0,0.0,0.0,0.0,0.0,0.0,0.0,0.0,0.0,0.0,0.0,0.0,26.5,0.0,0.0,28.8,28.8,0.0,0.0,0.0,0.0,0.0,0.0,0.0,0.0,45.3,0.0,0.0,0.0,0.0,0.0,0.0,0.0,0.0,0.0,0.0,0.0,0.0,0.0,0.0,32.3,32.3,0.0,0.0,0.0,0.0,0.0,0.0,94.3,100.0,0.0,0.0,0.0,0.0,0.0,0.0,52.7,52.7,52.7,52.7,52.7,52.7,0.0,44.0,44.0,0.0,26.0,26.0,0.0,0.0,29.5,0.0,0.0,0.0,0.0,0.0,0.0,0.0,0.0,0.0,66.6,37.6,37.6,37.6,37.6,0.0,0.0,0.0,55.6,33.3,39.7,0.0,0.0,0.0,0.0,36.0,0.0,0.0,0.0,0.0,0.0,0.0,0.0,39.4,0.0,35.5,0.0,0.0,0.0,0.0,0.0
seq140,0.0,0.0,0.0,0.0,0.0,62.9,0.0,0.0,67.6,0.0,26.2,0.0,0.0,0.0,0.0,0.0,0.0,0.0,0.0,0.0,0.0,0.0,0.0,0.0,0.0,0.0,0.0,0.0,0.0,0.0,0.0,0.0,0.0,0.0,0.0,0.0,0.0,0.0,35.2,0.0,37.3,0.0,0.0,0.0,0.0,0.0,0.0,0.0,0.0,0.0,0.0,0.0,33.8,0.0,0.0,0.0,0.0,0.0,0.0,0.0,27.1,0.0,29.4,0.0,0.0,0.0,0.0,39.1,0.0,0.0,0.0,0.0,0.0,0.0,33.3,0.0,0.0,0.0,0.0,0.0,0.0,0.0,0.0,0.0,0.0,0.0,0.0,0.0,0.0,0.0,0.0,0.0,0.0,0.0,0.0,0.0,32.5,32.5,0.0,0.0,0.0,0.0,0.0,0.0,31.1,31.1,0.0,0.0,0.0,0.0,0.0,25.2,0.0,0.0,0.0,0.0,0.0,0.0,0.0,0.0,0.0,0.0,0.0,0.0,0.0,0.0,35.8,0.0,35.6,38.4,38.4,0.0,0.0,29.6,29.6,29.6,0.0,0.0,0.0,100.0,34.1,0.0,0.0,0.0,31.7,0.0,0.0,0.0,0.0,0.0,0.0,0.0,0.0,0.0,0.0,0.0,0.0,0.0,0.0,0.0,0.0,38.0,38.0,38.0,38.0,38.0,0.0,0.0,0.0,0.0,0.0,0.0,0.0,0.0,0.0,0.0,31.5,0.0,0.0,0.0,0.0,0.0,0.0,0.0,33.8,0.0,0.0,29.4,0.0,39.3,0.0,0.0,0.0,0.0,0.0,31.2,31.2,0.0,0.0,31.6
seq141,0.0,0.0,0.0,0.0,0.0,32.9,30.2,34.1,32.1,0.0,0.0,34.4,37.8,24.2,0.0,0.0,0.0,0.0,30.7,30.7,30.4,0.0,22.3,35.9,0.0,35.0,28.0,28.0,0.0,0.0,0.0,0.0,0.0,32.9,32.9,29.0,28.9,0.0,23.0,0.0,0.0,0.0,0.0,0.0,0.0,0.0,29.5,0.0,0.0,0.0,0.0,21.8,0.0,0.0,0.0,0.0,0.0,0.0,0.0,0.0,22.8,32.4,29.5,0.0,0.0,0.0,32.3,29.4,0.0,0.0,0.0,0.0,27.4,30.0,28.8,0.0,0.0,0.0,0.0,34.4,0.0,0.0,48.0,0.0,0.0,37.2,0.0,0.0,0.0,0.0,0.0,0.0,0.0,0.0,0.0,0.0,30.3,30.5,29.1,29.1,0.0,29.7,0.0,0.0,28.9,28.9,0.0,0.0,0.0,0.0,21.6,22.8,0.0,32.0,0.0,0.0,0.0,0.0,36.8,38.1,0.0,40.7,0.0,0.0,0.0,0.0,36.6,0.0,28.9,34.6,34.0,0.0,0.0,0.0,0.0,0.0,0.0,0.0,0.0,32.9,100.0,0.0,0.0,31.9,0.0,0.0,0.0,0.0,0.0,0.0,0.0,0.0,0.0,0.0,0.0,31.7,31.6,0.0,0.0,36.1,32.4,29.5,29.5,29.5,29.5,29.5,0.0,0.0,0.0,30.4,30.2,30.2,30.2,30.2,0.0,0.0,40.5,0.0,0.0,40.0,0.0,0.0,31.8,27.7,26.2,0.0,27.7,24.0,0.0,37.1,31.5,0.0,0.0,28.0,22.2,0.0,0.0,0.0,30.7,35.5
seq142,0.0,0.0,0.0,0.0,0.0,0.0,0.0,0.0,0.0,0.0,0.0,0.0,0.0,0.0,0.0,0.0,0.0,0.0,0.0,0.0,0.0,0.0,0.0,0.0,0.0,0.0,0.0,0.0,0.0,0.0,0.0,0.0,0.0,0.0,0.0,0.0,0.0,0.0,0.0,0.0,0.0,0.0,0.0,0.0,0.0,0.0,0.0,0.0,0.0,0.0,0.0,0.0,0.0,0.0,0.0,0.0,0.0,0.0,0.0,0.0,0.0,0.0,0.0,0.0,0.0,0.0,0.0,0.0,0.0,0.0,0.0,0.0,0.0,0.0,0.0,0.0,0.0,0.0,0.0,0.0,0.0,0.0,0.0,0.0,0.0,0.0,0.0,0.0,0.0,0.0,0.0,0.0,0.0,0.0,0.0,0.0,0.0,0.0,0.0,0.0,0.0,0.0,0.0,0.0,0.0,0.0,0.0,0.0,0.0,0.0,0.0,0.0,0.0,0.0,0.0,0.0,0.0,0.0,0.0,0.0,0.0,0.0,0.0,0.0,0.0,0.0,0.0,0.0,0.0,0.0,0.0,0.0,0.0,0.0,0.0,0.0,0.0,0.0,0.0,0.0,0.0,100.0,0.0,0.0,0.0,0.0,0.0,0.0,0.0,0.0,0.0,0.0,0.0,0.0,0.0,0.0,0.0,0.0,0.0,0.0,0.0,0.0,0.0,0.0,0.0,0.0,0.0,0.0,0.0,0.0,0.0,0.0,0.0,0.0,0.0,0.0,0.0,0.0,0.0,0.0,0.0,0.0,0.0,0.0,0.0,0.0,0.0,0.0,0.0,0.0,0.0,0.0,0.0,0.0,0.0,0.0,0.0,0.0,0.0,0.0
seq143,0.0,0.0,0.0,0.0,0.0,0.0,0.0,0.0,0.0,0.0,0.0,0.0,0.0,0.0,0.0,0.0,0.0,0.0,0.0,0.0,0.0,0.0,0.0,0.0,0.0,0.0,0.0,0.0,0.0,0.0,0.0,0.0,0.0,0.0,0.0,0.0,0.0,0.0,0.0,0.0,0.0,0.0,0.0,0.0,0.0,0.0,0.0,0.0,0.0,0.0,0.0,0.0,0.0,0.0,0.0,0.0,0.0,0.0,0.0,0.0,0.0,0.0,0.0,0.0,0.0,0.0,0.0,0.0,0.0,0.0,0.0,0.0,0.0,0.0,0.0,0.0,0.0,0.0,0.0,0.0,0.0,0.0,0.0,0.0,0.0,0.0,0.0,0.0,0.0,0.0,0.0,0.0,0.0,0.0,0.0,0.0,0.0,0.0,0.0,0.0,0.0,0.0,0.0,0.0,0.0,0.0,0.0,0.0,0.0,0.0,0.0,0.0,0.0,0.0,0.0,39.0,39.0,0.0,0.0,0.0,0.0,0.0,0.0,0.0,0.0,0.0,0.0,0.0,0.0,0.0,0.0,0.0,0.0,0.0,0.0,0.0,0.0,0.0,0.0,0.0,0.0,0.0,100.0,0.0,0.0,0.0,0.0,0.0,0.0,0.0,0.0,0.0,0.0,0.0,0.0,0.0,0.0,0.0,0.0,0.0,0.0,0.0,0.0,0.0,0.0,0.0,0.0,0.0,0.0,0.0,0.0,0.0,0.0,0.0,51.3,51.3,0.0,0.0,0.0,0.0,0.0,0.0,0.0,0.0,0.0,0.0,0.0,0.0,0.0,0.0,0.0,0.0,0.0,0.0,0.0,0.0,0.0,0.0,0.0,0.0
seq144,39.0,0.0,0.0,0.0,0.0,0.0,24.7,23.2,38.7,0.0,27.1,0.0,41.7,25.4,0.0,34.2,0.0,0.0,24.4,24.4,23.3,0.0,0.0,38.4,0.0,45.2,24.1,23.1,0.0,0.0,0.0,0.0,22.5,23.8,24.1,0.0,0.0,0.0,25.1,0.0,26.6,0.0,0.0,0.0,0.0,0.0,23.4,0.0,0.0,34.4,0.0,0.0,0.0,0.0,0.0,0.0,0.0,0.0,0.0,0.0,0.0,0.0,22.8,0.0,0.0,0.0,27.2,50.0,0.0,33.7,26.7,0.0,25.3,23.8,25.2,0.0,0.0,27.2,0.0,0.0,0.0,0.0,47.3,0.0,0.0,48.2,0.0,0.0,30.8,47.2,0.0,0.0,0.0,0.0,0.0,0.0,52.3,50.3,0.0,0.0,0.0,0.0,0.0,0.0,23.0,23.0,0.0,0.0,0.0,0.0,0.0,27.8,0.0,28.0,24.2,0.0,0.0,0.0,42.4,40.9,0.0,40.2,0.0,0.0,25.6,0.0,31.2,0.0,23.9,30.0,28.2,0.0,0.0,0.0,0.0,0.0,24.6,0.0,0.0,0.0,0.0,0.0,0.0,100.0,24.7,27.3,27.3,27.3,27.3,27.3,27.3,0.0,0.0,0.0,0.0,30.3,30.3,0.0,0.0,0.0,0.0,23.7,23.7,23.7,23.7,23.7,0.0,0.0,0.0,0.0,0.0,0.0,0.0,0.0,0.0,0.0,38.6,0.0,0.0,0.0,0.0,0.0,27.9,34.6,0.0,25.4,31.5,25.0,0.0,0.0,35.7,0.0,0.0,26.6,0.0,30.3,30.3,0.0,24.4,47.5
seq145,71.0,0.0,0.0,0.0,0.0,0.0,29.4,24.5,33.3,0.0,34.8,39.2,34.9,29.2,0.0,0.0,0.0,0.0,32.8,32.8,28.5,0.0,0.0,0.0,0.0,0.0,26.8,26.8,0.0,0.0,0.0,0.0,29.2,28.0,26.3,25.3,28.5,0.0,0.0,0.0,0.0,0.0,0.0,0.0,0.0,0.0,28.8,0.0,0.0,0.0,0.0,0.0,0.0,0.0,0.0,0.0,0.0,0.0,0.0,0.0,23.5,0.0,29.2,0.0,0.0,0.0,27.3,37.6,0.0,35.8,35.7,0.0,30.1,26.5,28.1,0.0,0.0,36.2,34.2,27.6,0.0,0.0,31.1,0.0,0.0,39.6,0.0,0.0,27.9,30.3,0.0,0.0,0.0,0.0,0.0,0.0,30.7,28.0,25.6,25.6,0.0,0.0,0.0,0.0,0.0,0.0,0.0,0.0,42.3,0.0,32.4,37.4,29.5,24.5,0.0,0.0,0.0,43.6,43.3,45.0,0.0,30.2,0.0,0.0,0.0,27.2,44.1,0.0,26.9,28.7,30.0,0.0,0.0,24.6,24.6,24.6,0.0,0.0,0.0,32.9,26.1,0.0,0.0,0.0,100.0,0.0,0.0,0.0,0.0,0.0,0.0,33.8,30.6,30.6,0.0,28.1,27.4,0.0,0.0,44.2,0.0,0.0,0.0,0.0,0.0,0.0,0.0,0.0,0.0,0.0,0.0,0.0,0.0,0.0,0.0,0.0,38.0,0.0,0.0,33.6,0.0,0.0,28.7,0.0,29.6,23.9,23.5,25.7,0.0,0.0,0.0,0.0,0.0,29.6,0.0,24.3,24.3,0.0,27.9,33.8
seq146,0.0,0.0,0.0,0.0,0.0,0.0,0.0,0.0,33.8,0.0,24.3,0.0,0.0,0.0,0.0,0.0,0.0,31.0,0.0,0.0,0.0,0.0,0.0,0.0,0.0,0.0,0.0,0.0,0.0,31.1,0.0,0.0,0.0,28.3,28.3,0.0,33.8,0.0,0.0,0.0,35.6,0.0,0.0,0.0,0.0,0.0,0.0,0.0,0.0,23.0,0.0,0.0,0.0,0.0,0.0,0.0,0.0,0.0,0.0,0.0,0.0,0.0,23.9,0.0,0.0,0.0,0.0,0.0,0.0,0.0,0.0,0.0,0.0,24.8,0.0,0.0,0.0,0.0,0.0,0.0,34.9,36.5,0.0,0.0,0.0,0.0,0.0,0.0,0.0,28.1,0.0,0.0,0.0,0.0,0.0,0.0,22.6,21.4,23.1,23.1,0.0,0.0,0.0,0.0,0.0,0.0,0.0,0.0,0.0,0.0,0.0,0.0,0.0,0.0,70.5,0.0,0.0,0.0,0.0,0.0,0.0,0.0,0.0,0.0,0.0,38.5,0.0,0.0,0.0,0.0,0.0,0.0,0.0,0.0,0.0,0.0,0.0,49.3,51.9,35.4,0.0,0.0,0.0,0.0,0.0,100.0,100.0,100.0,100.0,100.0,100.0,0.0,69.9,69.9,0.0,0.0,0.0,29.3,0.0,0.0,32.9,30.4,30.4,30.4,30.4,30.4,0.0,0.0,0.0,48.6,36.5,36.5,36.5,36.5,0.0,0.0,0.0,41.9,0.0,41.4,0.0,0.0,0.0,0.0,42.3,0.0,0.0,0.0,0.0,0.0,30.8,0.0,46.7,0.0,0.0,0.0,0.0,0.0,0.0,0.0
seq147,0.0,0.0,0.0,0.0,0.0,0.0,0.0,0.0,33.8,0.0,24.3,0.0,0.0,0.0,0.0,0.0,0.0,31.0,0.0,0.0,0.0,0.0,0.0,0.0,0.0,0.0,0.0,0.0,0.0,31.1,0.0,0.0,0.0,28.3,28.3,0.0,33.8,0.0,0.0,0.0,35.6,0.0,0.0,0.0,0.0,0.0,0.0,0.0,0.0,23.0,0.0,0.0,0.0,0.0,0.0,0.0,0.0,0.0,0.0,0.0,0.0,0.0,23.9,0.0,0.0,0.0,0.0,0.0,0.0,0.0,0.0,0.0,0.0,24.8,0.0,0.0,0.0,0.0,0.0,0.0,34.9,36.5,0.0,0.0,0.0,0.0,0.0,0.0,0.0,28.1,0.0,0.0,0.0,0.0,0.0,0.0,22.6,21.4,23.1,23.1,0.0,0.0,0.0,0.0,0.0,0.0,0.0,0.0,0.0,0.0,0.0,0.0,0.0,0.0,70.5,0.0,0.0,0.0,0.0,0.0,0.0,0.0,0.0,0.0,0.0,38.5,0.0,0.0,0.0,0.0,0.0,0.0,0.0,0.0,0.0,0.0,0.0,49.3,51.9,35.4,0.0,0.0,0.0,0.0,0.0,100.0,100.0,100.0,100.0,100.0,100.0,0.0,69.9,69.9,0.0,0.0,0.0,29.3,0.0,0.0,32.9,30.4,30.4,30.4,30.4,30.4,0.0,0.0,0.0,48.6,36.5,36.5,36.5,36.5,0.0,0.0,0.0,41.9,0.0,41.4,0.0,0.0,0.0,0.0,42.3,0.0,0.0,0.0,0.0,0.0,30.8,0.0,46.7,0.0,0.0,0.0,0.0,0.0,0.0,0.0
seq148,0.0,0.0,0.0,0.0,0.0,0.0,0.0,0.0,33.8,0.0,24.3,0.0,0.0,0.0,0.0,0.0,0.0,31.0,0.0,0.0,0.0,0.0,0.0,0.0,0.0,0.0,0.0,0.0,0.0,31.1,0.0,0.0,0.0,28.3,28.3,0.0,33.8,0.0,0.0,0.0,35.6,0.0,0.0,0.0,0.0,0.0,0.0,0.0,0.0,23.0,0.0,0.0,0.0,0.0,0.0,0.0,0.0,0.0,0.0,0.0,0.0,0.0,23.9,0.0,0.0,0.0,0.0,0.0,0.0,0.0,0.0,0.0,0.0,24.8,0.0,0.0,0.0,0.0,0.0,0.0,34.9,36.5,0.0,0.0,0.0,0.0,0.0,0.0,0.0,28.1,0.0,0.0,0.0,0.0,0.0,0.0,22.6,21.4,23.1,23.1,0.0,0.0,0.0,0.0,0.0,0.0,0.0,0.0,0.0,0.0,0.0,0.0,0.0,0.0,70.5,0.0,0.0,0.0,0.0,0.0,0.0,0.0,0.0,0.0,0.0,38.5,0.0,0.0,0.0,0.0,0.0,0.0,0.0,0.0,0.0,0.0,0.0,49.3,51.9,35.4,0.0,0.0,0.0,0.0,0.0,100.0,100.0,100.0,100.0,100.0,100.0,0.0,69.9,69.9,0.0,0.0,0.0,29.3,0.0,0.0,32.9,30.4,30.4,30.4,30.4,30.4,0.0,0.0,0.0,48.6,36.5,36.5,36.5,36.5,0.0,0.0,0.0,41.9,0.0,41.4,0.0,0.0,0.0,0.0,42.3,0.0,0.0,0.0,0.0,0.0,30.8,0.0,46.7,0.0,0.0,0.0,0.0,0.0,0.0,0.0
seq149,0.0,0.0,0.0,0.0,0.0,0.0,0.0,0.0,33.8,0.0,24.3,0.0,0.0,0.0,0.0,0.0,0.0,31.0,0.0,0.0,0.0,0.0,0.0,0.0,0.0,0.0,0.0,0.0,0.0,31.1,0.0,0.0,0.0,28.3,28.3,0.0,33.8,0.0,0.0,0.0,35.6,0.0,0.0,0.0,0.0,0.0,0.0,0.0,0.0,23.0,0.0,0.0,0.0,0.0,0.0,0.0,0.0,0.0,0.0,0.0,0.0,0.0,23.9,0.0,0.0,0.0,0.0,0.0,0.0,0.0,0.0,0.0,0.0,24.8,0.0,0.0,0.0,0.0,0.0,0.0,34.9,36.5,0.0,0.0,0.0,0.0,0.0,0.0,0.0,28.1,0.0,0.0,0.0,0.0,0.0,0.0,22.6,21.4,23.1,23.1,0.0,0.0,0.0,0.0,0.0,0.0,0.0,0.0,0.0,0.0,0.0,0.0,0.0,0.0,70.5,0.0,0.0,0.0,0.0,0.0,0.0,0.0,0.0,0.0,0.0,38.5,0.0,0.0,0.0,0.0,0.0,0.0,0.0,0.0,0.0,0.0,0.0,49.3,51.9,35.4,0.0,0.0,0.0,0.0,0.0,100.0,100.0,100.0,100.0,100.0,100.0,0.0,69.9,69.9,0.0,0.0,0.0,29.3,0.0,0.0,32.9,30.4,30.4,30.4,30.4,30.4,0.0,0.0,0.0,48.6,36.5,36.5,36.5,36.5,0.0,0.0,0.0,41.9,0.0,41.4,0.0,0.0,0.0,0.0,42.3,0.0,0.0,0.0,0.0,0.0,30.8,0.0,46.7,0.0,0.0,0.0,0.0,0.0,0.0,0.0
seq150,0.0,0.0,0.0,0.0,0.0,0.0,0.0,0.0,33.8,0.0,24.3,0.0,0.0,0.0,0.0,0.0,0.0,31.0,0.0,0.0,0.0,0.0,0.0,0.0,0.0,0.0,0.0,0.0,0.0,31.1,0.0,0.0,0.0,28.3,28.3,0.0,33.8,0.0,0.0,0.0,35.6,0.0,0.0,0.0,0.0,0.0,0.0,0.0,0.0,23.0,0.0,0.0,0.0,0.0,0.0,0.0,0.0,0.0,0.0,0.0,0.0,0.0,23.9,0.0,0.0,0.0,0.0,0.0,0.0,0.0,0.0,0.0,0.0,24.8,0.0,0.0,0.0,0.0,0.0,0.0,34.9,36.5,0.0,0.0,0.0,0.0,0.0,0.0,0.0,28.1,0.0,0.0,0.0,0.0,0.0,0.0,22.6,21.4,23.1,23.1,0.0,0.0,0.0,0.0,0.0,0.0,0.0,0.0,0.0,0.0,0.0,0.0,0.0,0.0,70.5,0.0,0.0,0.0,0.0,0.0,0.0,0.0,0.0,0.0,0.0,38.5,0.0,0.0,0.0,0.0,0.0,0.0,0.0,0.0,0.0,0.0,0.0,49.3,51.9,35.4,0.0,0.0,0.0,0.0,0.0,100.0,100.0,100.0,100.0,100.0,100.0,0.0,69.9,69.9,0.0,0.0,0.0,29.3,0.0,0.0,32.9,30.4,30.4,30.4,30.4,30.4,0.0,0.0,0.0,48.6,36.5,36.5,36.5,36.5,0.0,0.0,0.0,41.9,0.0,41.4,0.0,0.0,0.0,0.0,42.3,0.0,0.0,0.0,0.0,0.0,30.8,0.0,46.7,0.0,0.0,0.0,0.0,0.0,0.0,0.0
seq151,0.0,0.0,0.0,0.0,0.0,0.0,0.0,0.0,33.8,0.0,24.3,0.0,0.0,0.0,0.0,0.0,0.0,31.0,0.0,0.0,0.0,0.0,0.0,0.0,0.0,0.0,0.0,0.0,0.0,31.1,0.0,0.0,0.0,28.3,28.3,0.0,33.8,0.0,0.0,0.0,35.6,0.0,0.0,0.0,0.0,0.0,0.0,0.0,0.0,23.0,0.0,0.0,0.0,0.0,0.0,0.0,0.0,0.0,0.0,0.0,0.0,0.0,23.9,0.0,0.0,0.0,0.0,0.0,0.0,0.0,0.0,0.0,0.0,24.8,0.0,0.0,0.0,0.0,0.0,0.0,34.9,36.5,0.0,0.0,0.0,0.0,0.0,0.0,0.0,28.1,0.0,0.0,0.0,0.0,0.0,0.0,22.6,29.0,0.0,0.0,0.0,0.0,0.0,0.0,0.0,0.0,0.0,0.0,0.0,0.0,0.0,0.0,0.0,0.0,64.0,0.0,0.0,0.0,0.0,0.0,0.0,0.0,0.0,0.0,0.0,38.5,0.0,0.0,0.0,0.0,0.0,0.0,0.0,0.0,0.0,0.0,0.0,49.3,51.9,35.4,0.0,0.0,0.0,0.0,0.0,100.0,100.0,100.0,100.0,100.0,100.0,0.0,66.8,66.8,0.0,0.0,0.0,29.3,0.0,0.0,32.9,30.4,30.4,30.4,30.4,30.4,0.0,0.0,0.0,48.6,36.5,36.5,36.5,36.5,0.0,0.0,0.0,41.9,0.0,41.4,0.0,0.0,0.0,0.0,42.3,0.0,0.0,0.0,0.0,0.0,30.8,0.0,45.0,0.0,0.0,0.0,0.0,0.0,0.0,0.0
seq152,30.3,0.0,0.0,0.0,0.0,0.0,0.0,0.0,0.0,0.0,0.0,0.0,0.0,0.0,0.0,32.5,0.0,0.0,27.6,27.6,0.0,0.0,0.0,0.0,0.0,0.0,0.0,30.0,0.0,0.0,0.0,0.0,0.0,0.0,0.0,0.0,39.4,0.0,0.0,0.0,28.0,0.0,0.0,0.0,0.0,0.0,28.2,0.0,0.0,0.0,0.0,0.0,0.0,0.0,0.0,0.0,0.0,0.0,0.0,0.0,0.0,0.0,35.5,0.0,0.0,0.0,30.8,32.0,39.2,0.0,0.0,0.0,28.9,0.0,31.1,0.0,0.0,0.0,31.9,0.0,0.0,26.1,0.0,0.0,0.0,31.4,0.0,0.0,34.4,30.1,0.0,0.0,0.0,0.0,0.0,0.0,0.0,0.0,36.2,36.2,0.0,0.0,0.0,0.0,0.0,0.0,0.0,0.0,30.3,0.0,0.0,0.0,0.0,0.0,0.0,0.0,0.0,0.0,0.0,0.0,0.0,0.0,0.0,0.0,0.0,0.0,0.0,0.0,29.7,0.0,0.0,0.0,0.0,26.7,26.7,26.7,0.0,0.0,0.0,0.0,0.0,0.0,0.0,0.0,26.1,0.0,0.0,0.0,0.0,0.0,0.0,100.0,0.0,0.0,0.0,0.0,0.0,0.0,0.0,0.0,0.0,0.0,0.0,0.0,0.0,0.0,0.0,0.0,0.0,33.0,31.3,31.3,31.3,31.3,0.0,0.0,30.1,28.8,0.0,35.0,0.0,0.0,0.0,0.0,0.0,0.0,38.0,0.0,0.0,0.0,0.0,0.0,0.0,31.9,0.0,27.1,27.1,0.0,27.6,26.2
seq153,28.3,0.0,0.0,0.0,0.0,38.1,0.0,0.0,38.1,0.0,27.3,0.0,0.0,0.0,0.0,31.8,0.0,0.0,0.0,0.0,0.0,0.0,0.0,0.0,0.0,0.0,0.0,35.5,0.0,32.5,0.0,0.0,0.0,0.0,0.0,0.0,0.0,0.0,26.0,0.0,34.7,0.0,0.0,0.0,0.0,0.0,21.1,0.0,0.0,0.0,0.0,0.0,0.0,0.0,0.0,0.0,0.0,0.0,0.0,0.0,0.0,0.0,0.0,0.0,0.0,0.0,25.3,0.0,0.0,26.3,26.3,0.0,0.0,25.9,0.0,0.0,0.0,27.6,0.0,39.6,0.0,0.0,0.0,24.3,0.0,0.0,0.0,0.0,0.0,0.0,0.0,0.0,0.0,0.0,0.0,0.0,0.0,0.0,0.0,0.0,0.0,0.0,0.0,0.0,0.0,0.0,0.0,0.0,28.3,0.0,0.0,0.0,0.0,0.0,62.4,0.0,0.0,0.0,0.0,0.0,0.0,0.0,0.0,0.0,0.0,0.0,0.0,0.0,23.8,0.0,0.0,0.0,0.0,0.0,0.0,0.0,0.0,42.4,43.4,39.3,0.0,0.0,0.0,0.0,30.3,69.9,69.9,69.9,69.9,69.9,66.8,29.5,100.0,100.0,0.0,0.0,0.0,36.0,0.0,0.0,40.6,36.3,36.3,36.3,36.3,36.3,0.0,0.0,0.0,43.4,37.7,37.7,37.7,37.7,0.0,0.0,0.0,38.6,0.0,37.5,0.0,0.0,0.0,0.0,46.1,0.0,0.0,0.0,0.0,0.0,33.3,0.0,43.0,0.0,0.0,0.0,0.0,0.0,0.0,0.0
seq154,28.3,0.0,0.0,0.0,0.0,38.1,0.0,0.0,38.1,0.0,27.3,0.0,0.0,0.0,0.0,31.8,0.0,0.0,0.0,0.0,0.0,0.0,0.0,0.0,0.0,0.0,0.0,35.5,0.0,32.5,0.0,0.0,0.0,0.0,0.0,0.0,0.0,0.0,26.0,0.0,34.7,0.0,0.0,0.0,0.0,0.0,21.1,0.0,0.0,0.0,0.0,0.0,0.0,0.0,0.0,0.0,0.0,0.0,0.0,0.0,0.0,0.0,0.0,0.0,0.0,0.0,25.3,0.0,0.0,26.3,26.3,0.0,0.0,25.9,0.0,0.0,0.0,27.6,0.0,39.6,0.0,0.0,0.0,24.3,0.0,0.0,0.0,0.0,0.0,0.0,0.0,0.0,0.0,0.0,0.0,0.0,0.0,0.0,0.0,0.0,0.0,0.0,0.0,0.0,0.0,0.0,0.0,0.0,28.3,0.0,0.0,0.0,0.0,0.0,62.4,0.0,0.0,0.0,0.0,0.0,0.0,0.0,0.0,0.0,0.0,0.0,0.0,0.0,23.8,0.0,0.0,0.0,0.0,0.0,0.0,0.0,0.0,42.4,43.4,39.3,0.0,0.0,0.0,0.0,30.3,69.9,69.9,69.9,69.9,69.9,66.8,29.5,100.0,100.0,0.0,0.0,0.0,36.0,0.0,0.0,40.6,36.3,36.3,36.3,36.3,36.3,0.0,0.0,0.0,43.4,37.7,37.7,37.7,37.7,0.0,0.0,0.0,38.6,0.0,37.5,0.0,0.0,0.0,0.0,46.1,0.0,0.0,0.0,0.0,0.0,33.3,0.0,43.0,0.0,0.0,0.0,0.0,0.0,0.0,0.0
seq155,0.0,0.0,0.0,0.0,0.0,0.0,0.0,0.0,0.0,0.0,0.0,0.0,0.0,0.0,0.0,0.0,0.0,0.0,0.0,0.0,0.0,0.0,0.0,0.0,0.0,0.0,0.0,0.0,0.0,0.0,0.0,0.0,0.0,0.0,0.0,0.0,0.0,0.0,0.0,0.0,0.0,0.0,0.0,0.0,0.0,0.0,0.0,0.0,0.0,0.0,0.0,0.0,0.0,0.0,0.0,0.0,0.0,0.0,0.0,0.0,0.0,0.0,0.0,0.0,0.0,0.0,0.0,0.0,0.0,0.0,0.0,0.0,0.0,0.0,0.0,0.0,0.0,0.0,0.0,0.0,0.0,0.0,0.0,0.0,0.0,0.0,0.0,0.0,0.0,0.0,0.0,0.0,0.0,0.0,0.0,0.0,0.0,0.0,0.0,0.0,0.0,0.0,0.0,0.0,0.0,0.0,0.0,0.0,0.0,0.0,0.0,0.0,0.0,0.0,0.0,0.0,0.0,0.0,0.0,0.0,0.0,0.0,0.0,0.0,0.0,0.0,0.0,0.0,0.0,0.0,0.0,0.0,0.0,0.0,0.0,0.0,0.0,0.0,0.0,0.0,0.0,0.0,0.0,0.0,0.0,0.0,0.0,0.0,0.0,0.0,0.0,0.0,0.0,0.0,100.0,0.0,0.0,0.0,0.0,0.0,0.0,0.0,0.0,0.0,0.0,0.0,0.0,0.0,0.0,0.0,0.0,0.0,0.0,0.0,0.0,0.0,0.0,0.0,0.0,0.0,0.0,0.0,0.0,0.0,0.0,0.0,0.0,0.0,0.0,0.0,0.0,0.0,0.0,0.0,0.0,0.0,0.0,0.0,0.0,0.0
seq156,35.0,0.0,0.0,0.0,0.0,0.0,39.4,29.4,30.0,27.9,0.0,38.7,38.7,0.0,0.0,26.6,0.0,31.2,59.6,59.6,27.2,0.0,0.0,29.8,0.0,0.0,26.0,26.3,0.0,0.0,0.0,0.0,34.7,26.1,25.4,0.0,25.5,0.0,0.0,0.0,0.0,0.0,0.0,0.0,0.0,0.0,25.7,0.0,0.0,0.0,0.0,0.0,0.0,0.0,0.0,0.0,0.0,0.0,0.0,0.0,25.8,0.0,40.5,0.0,0.0,0.0,26.8,0.0,33.6,29.9,24.8,0.0,57.3,0.0,27.3,0.0,21.3,27.7,0.0,28.8,0.0,0.0,0.0,0.0,0.0,47.0,0.0,0.0,30.5,24.5,0.0,0.0,0.0,0.0,0.0,0.0,0.0,0.0,38.4,38.4,0.0,73.5,0.0,0.0,43.2,43.2,0.0,28.1,31.1,0.0,0.0,25.1,0.0,25.7,0.0,0.0,0.0,0.0,44.1,45.5,0.0,42.6,0.0,0.0,0.0,0.0,27.5,0.0,37.1,29.4,28.9,0.0,0.0,29.0,29.0,29.0,0.0,0.0,0.0,0.0,31.7,0.0,0.0,30.3,27.4,0.0,0.0,0.0,0.0,0.0,0.0,25.3,0.0,0.0,0.0,100.0,96.9,0.0,0.0,32.3,25.6,24.8,24.8,24.8,24.8,24.8,0.0,0.0,0.0,0.0,32.3,32.3,32.3,32.3,0.0,0.0,42.2,0.0,0.0,34.9,0.0,0.0,31.5,26.5,0.0,0.0,0.0,0.0,0.0,0.0,28.8,0.0,0.0,49.1,27.0,32.0,32.0,0.0,56.5,41.1
seq157,0.0,0.0,0.0,0.0,0.0,0.0,38.2,26.5,32.9,30.9,0.0,36.5,38.7,0.0,0.0,26.6,0.0,31.2,60.2,60.2,27.8,0.0,0.0,29.8,0.0,0.0,26.6,29.2,0.0,0.0,0.0,0.0,33.3,26.1,25.4,0.0,25.5,0.0,0.0,0.0,0.0,0.0,0.0,0.0,0.0,0.0,27.1,0.0,0.0,0.0,0.0,0.0,0.0,0.0,0.0,0.0,0.0,0.0,0.0,0.0,25.8,0.0,40.0,0.0,0.0,0.0,27.6,0.0,35.7,0.0,0.0,0.0,57.8,0.0,27.3,0.0,21.4,0.0,0.0,29.4,0.0,0.0,0.0,0.0,0.0,47.0,0.0,0.0,30.5,25.0,0.0,0.0,0.0,0.0,0.0,0.0,0.0,0.0,39.0,39.0,0.0,76.7,0.0,0.0,43.2,43.2,0.0,28.1,30.0,0.0,0.0,25.1,0.0,26.4,0.0,0.0,0.0,0.0,44.1,45.5,0.0,42.6,0.0,0.0,0.0,0.0,28.4,0.0,37.1,29.0,28.5,0.0,0.0,29.0,29.0,29.0,0.0,0.0,0.0,0.0,31.6,0.0,0.0,30.3,28.0,0.0,0.0,0.0,0.0,0.0,0.0,32.6,0.0,0.0,0.0,96.9,100.0,0.0,0.0,0.0,25.6,24.5,24.5,24.5,24.5,24.5,0.0,0.0,0.0,0.0,32.3,32.3,32.3,32.3,0.0,0.0,43.6,0.0,0.0,36.1,0.0,0.0,31.1,26.6,0.0,0.0,0.0,0.0,0.0,0.0,28.8,0.0,0.0,49.1,27.0,30.4,30.4,0.0,54.7,41.1
seq158,0.0,0.0,0.0,0.0,0.0,0.0,0.0,0.0,0.0,0.0,0.0,0.0,0.0,0.0,0.0,0.0,0.0,0.0,0.0,0.0,0.0,0.0,0.0,0.0,0.0,0.0,0.0,0.0,25.2,0.0,0.0,0.0,0.0,0.0,0.0,0.0,0.0,0.0,0.0,0.0,0.0,0.0,0.0,0.0,0.0,0.0,0.0,0.0,0.0,0.0,0.0,0.0,0.0,0.0,0.0,0.0,0.0,0.0,0.0,0.0,0.0,0.0,0.0,0.0,0.0,0.0,28.4,0.0,0.0,0.0,0.0,0.0,0.0,0.0,0.0,0.0,0.0,0.0,0.0,0.0,62.3,63.0,0.0,0.0,0.0,0.0,0.0,0.0,0.0,0.0,0.0,0.0,0.0,0.0,0.0,0.0,0.0,0.0,0.0,0.0,0.0,0.0,0.0,0.0,0.0,0.0,0.0,0.0,0.0,0.0,0.0,0.0,0.0,0.0,0.0,0.0,0.0,0.0,0.0,0.0,0.0,0.0,0.0,0.0,0.0,0.0,0.0,0.0,0.0,0.0,0.0,0.0,0.0,0.0,0.0,0.0,0.0,0.0,0.0,0.0,0.0,0.0,0.0,0.0,0.0,29.7,29.7,29.7,29.7,29.7,29.7,0.0,0.0,0.0,0.0,0.0,0.0,100.0,0.0,0.0,0.0,0.0,0.0,0.0,0.0,0.0,0.0,0.0,0.0,0.0,0.0,0.0,0.0,0.0,0.0,0.0,0.0,0.0,0.0,0.0,0.0,0.0,0.0,0.0,0.0,0.0,0.0,0.0,0.0,0.0,0.0,0.0,0.0,0.0,28.9,0.0,0.0,0.0,0.0,0.0
seq159,0.0,0.0,0.0,0.0,0.0,0.0,0.0,0.0,0.0,0.0,0.0,0.0,0.0,0.0,0.0,0.0,0.0,0.0,0.0,0.0,0.0,0.0,0.0,0.0,0.0,0.0,0.0,0.0,0.0,0.0,0.0,0.0,0.0,0.0,0.0,0.0,0.0,0.0,0.0,0.0,0.0,0.0,0.0,0.0,0.0,0.0,0.0,0.0,0.0,0.0,0.0,0.0,0.0,0.0,0.0,0.0,0.0,0.0,0.0,0.0,0.0,0.0,0.0,0.0,0.0,0.0,0.0,0.0,0.0,0.0,0.0,0.0,0.0,0.0,0.0,0.0,0.0,0.0,0.0,0.0,0.0,0.0,0.0,0.0,0.0,0.0,0.0,0.0,0.0,0.0,0.0,0.0,0.0,0.0,0.0,0.0,0.0,0.0,0.0,0.0,0.0,0.0,0.0,0.0,0.0,0.0,0.0,0.0,0.0,0.0,0.0,0.0,0.0,0.0,0.0,0.0,0.0,0.0,0.0,0.0,0.0,0.0,0.0,0.0,0.0,0.0,0.0,0.0,0.0,0.0,0.0,0.0,0.0,0.0,0.0,0.0,0.0,0.0,0.0,0.0,0.0,0.0,0.0,0.0,0.0,0.0,0.0,0.0,0.0,0.0,0.0,0.0,0.0,0.0,0.0,0.0,0.0,0.0,100.0,0.0,0.0,0.0,0.0,0.0,0.0,0.0,0.0,0.0,0.0,0.0,0.0,0.0,0.0,0.0,0.0,0.0,30.5,0.0,0.0,0.0,0.0,0.0,0.0,0.0,0.0,0.0,0.0,0.0,0.0,0.0,0.0,0.0,0.0,35.8,0.0,0.0,0.0,0.0,0.0,0.0
seq160,50.5,0.0,0.0,0.0,0.0,0.0,0.0,29.2,33.8,0.0,41.6,0.0,37.6,33.7,0.0,0.0,0.0,0.0,0.0,0.0,21.4,0.0,0.0,35.6,0.0,32.8,22.7,22.3,0.0,0.0,0.0,0.0,36.6,33.3,34.6,0.0,35.0,0.0,0.0,24.6,35.7,0.0,0.0,0.0,0.0,0.0,25.0,0.0,0.0,0.0,0.0,0.0,0.0,28.1,0.0,0.0,0.0,0.0,0.0,0.0,33.9,0.0,0.0,0.0,24.6,0.0,0.0,21.4,0.0,48.2,50.5,0.0,0.0,22.8,0.0,0.0,0.0,47.0,0.0,0.0,0.0,0.0,42.6,0.0,0.0,34.9,0.0,0.0,20.4,0.0,0.0,0.0,0.0,0.0,0.0,0.0,22.7,22.7,0.0,0.0,0.0,23.7,0.0,0.0,0.0,0.0,0.0,0.0,50.5,0.0,0.0,47.5,0.0,22.2,24.5,0.0,0.0,0.0,0.0,0.0,0.0,0.0,0.0,0.0,0.0,0.0,23.7,0.0,38.7,23.3,23.5,0.0,0.0,0.0,0.0,0.0,29.0,32.7,29.5,0.0,0.0,0.0,0.0,0.0,44.2,0.0,0.0,0.0,0.0,0.0,0.0,0.0,31.5,31.5,0.0,0.0,0.0,0.0,0.0,100.0,0.0,27.3,27.3,27.3,27.3,27.3,0.0,0.0,0.0,28.7,0.0,0.0,0.0,0.0,0.0,0.0,31.9,0.0,0.0,0.0,0.0,0.0,22.9,0.0,34.5,38.0,0.0,0.0,0.0,29.1,0.0,0.0,0.0,0.0,0.0,22.1,22.1,0.0,0.0,0.0
seq161,30.7,0.0,0.0,0.0,0.0,0.0,0.0,0.0,0.0,0.0,0.0,0.0,0.0,0.0,0.0,0.0,0.0,0.0,0.0,0.0,0.0,0.0,0.0,0.0,0.0,0.0,0.0,0.0,0.0,0.0,0.0,0.0,0.0,28.2,28.2,0.0,43.0,0.0,0.0,0.0,31.0,0.0,0.0,0.0,0.0,0.0,0.0,0.0,0.0,0.0,0.0,0.0,0.0,0.0,0.0,0.0,0.0,0.0,0.0,0.0,0.0,0.0,0.0,0.0,0.0,0.0,0.0,0.0,0.0,0.0,0.0,0.0,0.0,0.0,0.0,0.0,0.0,0.0,0.0,0.0,0.0,0.0,41.6,0.0,0.0,0.0,0.0,0.0,0.0,0.0,0.0,0.0,0.0,0.0,0.0,0.0,0.0,0.0,0.0,0.0,0.0,0.0,0.0,0.0,29.0,29.0,0.0,0.0,30.7,0.0,0.0,0.0,0.0,0.0,35.4,0.0,0.0,0.0,0.0,0.0,0.0,0.0,0.0,0.0,0.0,0.0,0.0,0.0,0.0,0.0,0.0,0.0,0.0,0.0,0.0,0.0,27.6,0.0,0.0,0.0,32.4,0.0,0.0,0.0,0.0,32.9,32.9,32.9,32.9,32.9,32.9,36.3,40.0,40.0,0.0,26.8,27.6,0.0,0.0,0.0,100.0,0.0,0.0,0.0,0.0,0.0,0.0,0.0,0.0,0.0,0.0,0.0,0.0,0.0,0.0,0.0,0.0,33.3,0.0,0.0,0.0,0.0,0.0,0.0,0.0,0.0,33.3,0.0,0.0,0.0,0.0,0.0,35.5,0.0,0.0,0.0,0.0,0.0,0.0,0.0
seq162,41.0,0.0,0.0,0.0,0.0,30.6,0.0,0.0,40.3,0.0,27.2,0.0,0.0,35.6,0.0,0.0,0.0,0.0,20.8,20.8,20.1,0.0,25.0,30.2,0.0,0.0,0.0,0.0,0.0,0.0,0.0,33.8,22.3,22.8,22.2,0.0,43.6,0.0,35.3,0.0,27.3,0.0,0.0,0.0,0.0,0.0,60.1,0.0,0.0,0.0,0.0,29.7,32.5,0.0,0.0,0.0,0.0,0.0,0.0,30.0,25.6,0.0,24.4,0.0,0.0,0.0,31.6,29.5,24.2,25.3,22.7,0.0,24.8,0.0,0.0,0.0,22.9,23.5,27.9,28.1,0.0,0.0,0.0,0.0,0.0,33.3,0.0,0.0,29.7,32.0,0.0,0.0,0.0,0.0,0.0,0.0,27.2,26.2,25.8,25.8,0.0,0.0,0.0,0.0,28.2,28.2,0.0,0.0,23.5,0.0,25.1,22.5,0.0,28.8,25.7,0.0,0.0,0.0,40.2,31.3,0.0,35.0,0.0,0.0,0.0,21.8,29.1,0.0,27.5,27.7,27.3,0.0,0.0,0.0,0.0,0.0,32.3,0.0,0.0,0.0,30.3,0.0,0.0,23.9,29.8,0.0,0.0,0.0,0.0,0.0,0.0,31.7,36.3,36.3,0.0,24.8,24.5,23.2,0.0,27.3,0.0,100.0,100.0,100.0,100.0,100.0,0.0,0.0,0.0,0.0,25.6,25.6,25.6,25.6,0.0,0.0,36.1,0.0,0.0,0.0,0.0,0.0,23.5,0.0,41.8,30.3,42.2,59.1,0.0,39.3,32.4,0.0,0.0,26.8,0.0,0.0,0.0,0.0,21.1,32.7
seq163,41.0,0.0,0.0,0.0,0.0,30.6,0.0,0.0,40.3,0.0,27.2,0.0,0.0,35.6,0.0,0.0,0.0,0.0,20.8,20.8,20.1,0.0,25.0,30.2,0.0,0.0,0.0,0.0,0.0,0.0,0.0,33.8,22.3,22.8,22.2,0.0,43.6,0.0,35.3,0.0,27.3,0.0,0.0,0.0,0.0,0.0,60.1,0.0,0.0,0.0,0.0,29.7,32.5,0.0,0.0,0.0,0.0,0.0,0.0,30.0,25.6,0.0,24.4,0.0,0.0,0.0,31.6,29.5,24.2,25.3,22.7,0.0,24.8,0.0,0.0,0.0,22.9,23.5,27.9,28.1,0.0,0.0,0.0,0.0,0.0,33.3,0.0,0.0,29.7,32.0,0.0,0.0,0.0,0.0,0.0,0.0,27.2,26.2,25.8,25.8,0.0,0.0,0.0,0.0,28.2,28.2,0.0,0.0,23.5,0.0,25.1,22.5,0.0,28.8,25.7,0.0,0.0,0.0,40.2,31.3,0.0,35.0,0.0,0.0,0.0,21.8,29.1,0.0,27.5,27.7,27.3,0.0,0.0,0.0,0.0,0.0,32.3,0.0,0.0,0.0,30.3,0.0,0.0,23.9,29.8,0.0,0.0,0.0,0.0,0.0,0.0,31.7,36.3,36.3,0.0,24.8,24.5,23.2,0.0,27.3,0.0,100.0,100.0,100.0,100.0,100.0,0.0,0.0,0.0,0.0,25.6,25.6,25.6,25.6,0.0,0.0,36.1,0.0,0.0,0.0,0.0,0.0,23.5,0.0,41.8,30.3,42.2,59.1,0.0,39.3,32.4,0.0,0.0,26.8,0.0,0.0,0.0,0.0,21.1,32.7
seq164,41.0,0.0,0.0,0.0,0.0,30.6,0.0,0.0,40.3,0.0,27.2,0.0,0.0,35.6,0.0,0.0,0.0,0.0,20.8,20.8,20.1,0.0,25.0,30.2,0.0,0.0,0.0,0.0,0.0,0.0,0.0,33.8,22.3,22.8,22.2,0.0,43.6,0.0,35.3,0.0,27.3,0.0,0.0,0.0,0.0,0.0,60.1,0.0,0.0,0.0,0.0,29.7,32.5,0.0,0.0,0.0,0.0,0.0,0.0,30.0,25.6,0.0,24.4,0.0,0.0,0.0,31.6,29.5,24.2,25.3,22.7,0.0,24.8,0.0,0.0,0.0,22.9,23.5,27.9,28.1,0.0,0.0,0.0,0.0,0.0,33.3,0.0,0.0,29.7,32.0,0.0,0.0,0.0,0.0,0.0,0.0,27.2,26.2,25.8,25.8,0.0,0.0,0.0,0.0,28.2,28.2,0.0,0.0,23.5,0.0,25.1,22.5,0.0,28.8,25.7,0.0,0.0,0.0,40.2,31.3,0.0,35.0,0.0,0.0,0.0,21.8,29.1,0.0,27.5,27.7,27.3,0.0,0.0,0.0,0.0,0.0,32.3,0.0,0.0,0.0,30.3,0.0,0.0,23.9,29.8,0.0,0.0,0.0,0.0,0.0,0.0,31.7,36.3,36.3,0.0,24.8,24.5,23.2,0.0,27.3,0.0,100.0,100.0,100.0,100.0,100.0,0.0,0.0,0.0,0.0,25.6,25.6,25.6,25.6,0.0,0.0,36.1,0.0,0.0,0.0,0.0,0.0,23.5,0.0,41.8,30.3,42.2,59.1,0.0,39.3,32.4,0.0,0.0,26.8,0.0,0.0,0.0,0.0,21.1,32.7
seq165,41.0,0.0,0.0,0.0,0.0,30.6,0.0,0.0,40.3,0.0,27.2,0.0,0.0,35.6,0.0,0.0,0.0,0.0,20.8,20.8,20.1,0.0,25.0,30.2,0.0,0.0,0.0,0.0,0.0,0.0,0.0,33.8,22.3,22.8,22.2,0.0,43.6,0.0,35.3,0.0,27.3,0.0,0.0,0.0,0.0,0.0,60.1,0.0,0.0,0.0,0.0,29.7,32.5,0.0,0.0,0.0,0.0,0.0,0.0,30.0,25.6,0.0,24.4,0.0,0.0,0.0,31.6,29.5,24.2,25.3,22.7,0.0,24.8,0.0,0.0,0.0,22.9,23.5,27.9,28.1,0.0,0.0,0.0,0.0,0.0,33.3,0.0,0.0,29.7,32.0,0.0,0.0,0.0,0.0,0.0,0.0,27.2,26.2,25.8,25.8,0.0,0.0,0.0,0.0,28.2,28.2,0.0,0.0,23.5,0.0,25.1,22.5,0.0,28.8,25.7,0.0,0.0,0.0,40.2,31.3,0.0,35.0,0.0,0.0,0.0,21.8,29.1,0.0,27.5,27.7,27.3,0.0,0.0,0.0,0.0,0.0,32.3,0.0,0.0,0.0,30.3,0.0,0.0,23.9,29.8,0.0,0.0,0.0,0.0,0.0,0.0,31.7,36.3,36.3,0.0,24.8,24.5,23.2,0.0,27.3,0.0,100.0,100.0,100.0,100.0,100.0,0.0,0.0,0.0,0.0,25.6,25.6,25.6,25.6,0.0,0.0,36.1,0.0,0.0,0.0,0.0,0.0,23.5,0.0,41.8,30.3,42.2,59.1,0.0,39.3,32.4,0.0,0.0,26.8,0.0,0.0,0.0,0.0,21.1,32.7
seq166,41.0,0.0,0.0,0.0,0.0,30.6,0.0,0.0,40.3,0.0,27.2,0.0,0.0,35.6,0.0,0.0,0.0,0.0,20.8,20.8,20.1,0.0,25.0,30.2,0.0,0.0,0.0,0.0,0.0,0.0,0.0,33.8,22.3,22.8,22.2,0.0,43.6,0.0,35.3,0.0,27.3,0.0,0.0,0.0,0.0,0.0,60.1,0.0,0.0,0.0,0.0,29.7,32.5,0.0,0.0,0.0,0.0,0.0,0.0,30.0,25.6,0.0,24.4,0.0,0.0,0.0,31.6,29.5,24.2,25.3,22.7,0.0,24.8,0.0,0.0,0.0,22.9,23.5,27.9,28.1,0.0,0.0,0.0,0.0,0.0,33.3,0.0,0.0,29.7,32.0,0.0,0.0,0.0,0.0,0.0,0.0,27.2,26.2,25.8,25.8,0.0,0.0,0.0,0.0,28.2,28.2,0.0,0.0,23.5,0.0,25.1,22.5,0.0,28.8,25.7,0.0,0.0,0.0,40.2,31.3,0.0,35.0,0.0,0.0,0.0,21.8,29.1,0.0,27.5,27.7,27.3,0.0,0.0,0.0,0.0,0.0,32.3,0.0,0.0,0.0,30.3,0.0,0.0,23.9,29.8,0.0,0.0,0.0,0.0,0.0,0.0,31.7,36.3,36.3,0.0,24.8,24.5,23.2,0.0,27.3,0.0,100.0,100.0,100.0,100.0,100.0,0.0,0.0,0.0,0.0,25.6,25.6,25.6,25.6,0.0,0.0,36.1,0.0,0.0,0.0,0.0,0.0,23.5,0.0,41.8,30.3,42.2,59.1,0.0,39.3,32.4,0.0,0.0,26.8,0.0,0.0,0.0,0.0,21.1,32.7
seq167,0.0,0.0,0.0,0.0,0.0,0.0,0.0,0.0,0.0,0.0,0.0,0.0,0.0,0.0,0.0,0.0,0.0,0.0,0.0,0.0,0.0,0.0,0.0,0.0,0.0,0.0,0.0,0.0,0.0,0.0,0.0,0.0,0.0,0.0,0.0,0.0,0.0,0.0,0.0,0.0,0.0,0.0,0.0,0.0,0.0,0.0,0.0,0.0,0.0,0.0,0.0,0.0,0.0,0.0,0.0,0.0,0.0,0.0,0.0,0.0,0.0,0.0,0.0,0.0,0.0,0.0,0.0,0.0,0.0,0.0,0.0,0.0,0.0,0.0,0.0,0.0,0.0,0.0,0.0,0.0,0.0,0.0,0.0,0.0,0.0,0.0,0.0,0.0,0.0,0.0,0.0,0.0,0.0,0.0,0.0,0.0,0.0,0.0,0.0,0.0,0.0,0.0,0.0,0.0,0.0,0.0,0.0,0.0,0.0,0.0,0.0,0.0,0.0,0.0,0.0,0.0,0.0,0.0,0.0,0.0,0.0,0.0,0.0,0.0,0.0,0.0,0.0,0.0,0.0,0.0,0.0,0.0,0.0,0.0,0.0,0.0,0.0,0.0,0.0,0.0,0.0,0.0,0.0,0.0,0.0,0.0,0.0,0.0,0.0,0.0,0.0,0.0,0.0,0.0,0.0,0.0,0.0,0.0,0.0,0.0,0.0,0.0,0.0,0.0,0.0,0.0,100.0,100.0,0.0,0.0,0.0,0.0,0.0,0.0,0.0,0.0,0.0,0.0,0.0,0.0,0.0,0.0,0.0,0.0,0.0,0.0,0.0,0.0,0.0,0.0,0.0,0.0,0.0,0.0,0.0,0.0,0.0,0.0,0.0,0.0
seq168,0.0,0.0,0.0,0.0,0.0,0.0,0.0,0.0,0.0,0.0,0.0,0.0,0.0,0.0,0.0,0.0,0.0,0.0,0.0,0.0,0.0,0.0,0.0,0.0,0.0,0.0,0.0,0.0,0.0,0.0,0.0,0.0,0.0,0.0,0.0,0.0,0.0,0.0,0.0,0.0,0.0,0.0,0.0,0.0,0.0,0.0,0.0,0.0,0.0,0.0,0.0,0.0,0.0,0.0,0.0,0.0,0.0,0.0,0.0,0.0,0.0,0.0,0.0,0.0,0.0,0.0,0.0,0.0,0.0,0.0,0.0,0.0,0.0,0.0,0.0,0.0,0.0,0.0,0.0,0.0,0.0,0.0,0.0,0.0,0.0,0.0,0.0,0.0,0.0,0.0,0.0,0.0,0.0,0.0,0.0,0.0,0.0,0.0,0.0,0.0,0.0,0.0,0.0,0.0,0.0,0.0,0.0,0.0,0.0,0.0,0.0,0.0,0.0,0.0,0.0,0.0,0.0,0.0,0.0,0.0,0.0,0.0,0.0,0.0,0.0,0.0,0.0,0.0,0.0,0.0,0.0,0.0,0.0,0.0,0.0,0.0,0.0,0.0,0.0,0.0,0.0,0.0,0.0,0.0,0.0,0.0,0.0,0.0,0.0,0.0,0.0,0.0,0.0,0.0,0.0,0.0,0.0,0.0,0.0,0.0,0.0,0.0,0.0,0.0,0.0,0.0,100.0,100.0,0.0,0.0,0.0,0.0,0.0,0.0,0.0,0.0,0.0,0.0,0.0,0.0,0.0,0.0,0.0,0.0,0.0,0.0,0.0,0.0,0.0,0.0,0.0,0.0,0.0,0.0,0.0,0.0,0.0,0.0,0.0,0.0
seq169,0.0,0.0,0.0,0.0,0.0,0.0,0.0,0.0,0.0,0.0,0.0,0.0,0.0,0.0,0.0,0.0,0.0,0.0,0.0,0.0,0.0,0.0,0.0,0.0,0.0,0.0,0.0,0.0,0.0,0.0,0.0,0.0,0.0,0.0,0.0,0.0,0.0,0.0,0.0,0.0,0.0,0.0,0.0,0.0,0.0,0.0,0.0,0.0,0.0,0.0,0.0,0.0,0.0,0.0,0.0,0.0,0.0,0.0,0.0,0.0,0.0,0.0,0.0,0.0,0.0,0.0,0.0,0.0,0.0,0.0,0.0,0.0,0.0,0.0,0.0,0.0,0.0,0.0,0.0,0.0,0.0,0.0,0.0,0.0,0.0,0.0,0.0,0.0,0.0,0.0,26.7,26.7,0.0,0.0,0.0,0.0,0.0,0.0,0.0,0.0,0.0,0.0,0.0,0.0,0.0,0.0,0.0,0.0,0.0,0.0,0.0,0.0,0.0,0.0,0.0,0.0,0.0,0.0,0.0,0.0,0.0,0.0,0.0,0.0,0.0,0.0,0.0,0.0,0.0,0.0,0.0,0.0,0.0,0.0,0.0,0.0,0.0,0.0,0.0,0.0,0.0,0.0,0.0,0.0,0.0,0.0,0.0,0.0,0.0,0.0,0.0,0.0,0.0,0.0,0.0,0.0,0.0,0.0,0.0,0.0,0.0,0.0,0.0,0.0,0.0,0.0,0.0,0.0,100.0,0.0,0.0,0.0,0.0,0.0,0.0,0.0,0.0,0.0,57.2,0.0,0.0,0.0,0.0,0.0,0.0,0.0,0.0,0.0,31.8,0.0,0.0,0.0,0.0,0.0,0.0,0.0,0.0,99.8,0.0,0.0
seq170,0.0,0.0,0.0,0.0,0.0,0.0,0.0,0.0,0.0,33.3,0.0,0.0,0.0,0.0,0.0,0.0,0.0,0.0,0.0,0.0,0.0,0.0,0.0,0.0,0.0,28.9,0.0,0.0,0.0,0.0,0.0,0.0,0.0,0.0,0.0,0.0,0.0,0.0,0.0,0.0,0.0,0.0,0.0,0.0,0.0,0.0,0.0,0.0,0.0,31.2,0.0,0.0,0.0,0.0,0.0,0.0,0.0,0.0,0.0,0.0,0.0,0.0,0.0,0.0,0.0,0.0,0.0,35.2,0.0,0.0,0.0,0.0,0.0,30.3,0.0,0.0,0.0,0.0,0.0,0.0,0.0,0.0,0.0,0.0,0.0,36.1,0.0,0.0,0.0,0.0,0.0,0.0,0.0,0.0,0.0,0.0,31.0,31.0,28.0,28.0,0.0,0.0,0.0,0.0,0.0,0.0,0.0,0.0,0.0,0.0,0.0,0.0,0.0,31.5,43.4,0.0,0.0,0.0,0.0,0.0,0.0,0.0,0.0,0.0,0.0,26.8,0.0,0.0,0.0,0.0,0.0,0.0,0.0,33.3,33.3,33.3,0.0,65.5,66.6,0.0,0.0,0.0,0.0,0.0,0.0,48.6,48.6,48.6,48.6,48.6,48.6,33.0,43.4,43.4,0.0,0.0,0.0,0.0,0.0,0.0,0.0,0.0,0.0,0.0,0.0,0.0,0.0,0.0,0.0,100.0,41.5,41.5,41.5,41.5,0.0,0.0,31.5,56.2,0.0,40.8,0.0,0.0,0.0,0.0,35.7,0.0,0.0,0.0,0.0,0.0,0.0,0.0,48.1,0.0,0.0,0.0,0.0,0.0,0.0,0.0
seq171,0.0,0.0,0.0,0.0,0.0,38.6,0.0,0.0,38.6,32.8,0.0,31.5,0.0,0.0,0.0,0.0,0.0,0.0,32.0,32.0,0.0,0.0,0.0,0.0,0.0,0.0,0.0,0.0,30.6,0.0,0.0,0.0,0.0,30.2,29.4,30.7,33.7,0.0,0.0,0.0,0.0,0.0,0.0,0.0,0.0,0.0,0.0,0.0,0.0,0.0,0.0,25.0,0.0,0.0,0.0,0.0,0.0,0.0,0.0,0.0,0.0,0.0,0.0,0.0,0.0,0.0,30.7,0.0,30.1,0.0,0.0,0.0,33.3,35.3,31.6,0.0,0.0,0.0,0.0,34.1,0.0,0.0,0.0,0.0,0.0,0.0,0.0,0.0,0.0,0.0,0.0,0.0,0.0,0.0,0.0,0.0,32.0,32.0,0.0,0.0,0.0,0.0,0.0,0.0,0.0,0.0,0.0,32.1,0.0,0.0,27.3,0.0,27.5,0.0,33.7,0.0,0.0,0.0,0.0,0.0,0.0,0.0,0.0,0.0,0.0,31.0,36.5,0.0,27.8,36.5,0.0,0.0,0.0,0.0,0.0,0.0,0.0,37.6,37.6,0.0,30.2,0.0,0.0,0.0,24.0,36.5,36.5,36.5,36.5,36.5,36.5,31.3,31.1,31.1,0.0,0.0,0.0,0.0,0.0,31.7,0.0,26.5,26.5,26.5,26.5,26.5,0.0,0.0,0.0,41.5,100.0,100.0,100.0,100.0,0.0,0.0,0.0,32.9,0.0,46.0,0.0,0.0,32.9,0.0,37.6,28.3,0.0,0.0,0.0,0.0,29.8,0.0,31.1,0.0,0.0,0.0,0.0,0.0,32.0,0.0
seq172,0.0,0.0,0.0,0.0,0.0,38.6,0.0,0.0,38.6,32.8,0.0,31.5,0.0,0.0,0.0,0.0,0.0,0.0,32.0,32.0,0.0,0.0,0.0,0.0,0.0,0.0,0.0,0.0,30.6,0.0,0.0,0.0,0.0,30.2,29.4,30.7,33.7,0.0,0.0,0.0,0.0,0.0,0.0,0.0,0.0,0.0,0.0,0.0,0.0,0.0,0.0,25.0,0.0,0.0,0.0,0.0,0.0,0.0,0.0,0.0,0.0,0.0,0.0,0.0,0.0,0.0,30.7,0.0,30.1,0.0,0.0,0.0,33.3,35.3,31.6,0.0,0.0,0.0,0.0,34.1,0.0,0.0,0.0,0.0,0.0,0.0,0.0,0.0,0.0,0.0,0.0,0.0,0.0,0.0,0.0,0.0,32.0,32.0,0.0,0.0,0.0,0.0,0.0,0.0,0.0,0.0,0.0,32.1,0.0,0.0,27.3,0.0,27.5,0.0,33.7,0.0,0.0,0.0,0.0,0.0,0.0,0.0,0.0,0.0,0.0,31.0,36.5,0.0,27.8,36.5,0.0,0.0,0.0,0.0,0.0,0.0,0.0,37.6,37.6,0.0,30.2,0.0,0.0,0.0,24.0,36.5,36.5,36.5,36.5,36.5,36.5,31.3,31.1,31.1,0.0,0.0,0.0,0.0,0.0,31.7,0.0,26.5,26.5,26.5,26.5,26.5,0.0,0.0,0.0,41.5,100.0,100.0,100.0,100.0,0.0,0.0,0.0,32.9,0.0,46.0,0.0,0.0,32.9,0.0,37.6,28.3,0.0,0.0,0.0,0.0,29.8,0.0,31.1,0.0,0.0,0.0,0.0,0.0,32.0,0.0
seq173,0.0,0.0,0.0,0.0,0.0,38.6,0.0,0.0,38.6,32.8,0.0,31.5,0.0,0.0,0.0,0.0,0.0,0.0,32.0,32.0,0.0,0.0,0.0,0.0,0.0,0.0,0.0,0.0,30.6,0.0,0.0,0.0,0.0,30.2,29.4,30.7,33.7,0.0,0.0,0.0,0.0,0.0,0.0,0.0,0.0,0.0,0.0,0.0,0.0,0.0,0.0,25.0,0.0,0.0,0.0,0.0,0.0,0.0,0.0,0.0,0.0,0.0,0.0,0.0,0.0,0.0,30.7,0.0,30.1,0.0,0.0,0.0,33.3,35.3,31.6,0.0,0.0,0.0,0.0,34.1,0.0,0.0,0.0,0.0,0.0,0.0,0.0,0.0,0.0,0.0,0.0,0.0,0.0,0.0,0.0,0.0,32.0,32.0,0.0,0.0,0.0,0.0,0.0,0.0,0.0,0.0,0.0,32.1,0.0,0.0,27.3,0.0,27.5,0.0,33.7,0.0,0.0,0.0,0.0,0.0,0.0,0.0,0.0,0.0,0.0,31.0,36.5,0.0,27.8,36.5,0.0,0.0,0.0,0.0,0.0,0.0,0.0,37.6,37.6,0.0,30.2,0.0,0.0,0.0,24.0,36.5,36.5,36.5,36.5,36.5,36.5,31.3,31.1,31.1,0.0,0.0,0.0,0.0,0.0,31.7,0.0,26.5,26.5,26.5,26.5,26.5,0.0,0.0,0.0,41.5,100.0,100.0,100.0,100.0,0.0,0.0,0.0,32.9,0.0,46.0,0.0,0.0,32.9,0.0,37.6,28.3,0.0,0.0,0.0,0.0,29.8,0.0,31.1,0.0,0.0,0.0,0.0,0.0,32.0,0.0
seq174,0.0,0.0,0.0,0.0,0.0,38.6,0.0,0.0,38.6,32.8,0.0,31.5,0.0,0.0,0.0,0.0,0.0,0.0,32.0,32.0,0.0,0.0,0.0,0.0,0.0,0.0,0.0,0.0,30.6,0.0,0.0,0.0,0.0,30.2,29.4,30.7,33.7,0.0,0.0,0.0,0.0,0.0,0.0,0.0,0.0,0.0,0.0,0.0,0.0,0.0,0.0,25.0,0.0,0.0,0.0,0.0,0.0,0.0,0.0,0.0,0.0,0.0,0.0,0.0,0.0,0.0,30.7,0.0,30.1,0.0,0.0,0.0,33.3,35.3,31.6,0.0,0.0,0.0,0.0,34.1,0.0,0.0,0.0,0.0,0.0,0.0,0.0,0.0,0.0,0.0,0.0,0.0,0.0,0.0,0.0,0.0,32.0,32.0,0.0,0.0,0.0,0.0,0.0,0.0,0.0,0.0,0.0,32.1,0.0,0.0,27.3,0.0,27.5,0.0,33.7,0.0,0.0,0.0,0.0,0.0,0.0,0.0,0.0,0.0,0.0,31.0,36.5,0.0,27.8,36.5,0.0,0.0,0.0,0.0,0.0,0.0,0.0,37.6,37.6,0.0,30.2,0.0,0.0,0.0,24.0,36.5,36.5,36.5,36.5,36.5,36.5,31.3,31.1,31.1,0.0,0.0,0.0,0.0,0.0,31.7,0.0,26.5,26.5,26.5,26.5,26.5,0.0,0.0,0.0,41.5,100.0,100.0,100.0,100.0,0.0,0.0,0.0,32.9,0.0,46.0,0.0,0.0,32.9,0.0,37.6,28.3,0.0,0.0,0.0,0.0,29.8,0.0,31.1,0.0,0.0,0.0,0.0,0.0,32.0,0.0
seq175,0.0,0.0,0.0,0.0,0.0,0.0,0.0,0.0,0.0,0.0,0.0,0.0,0.0,0.0,0.0,0.0,0.0,0.0,0.0,0.0,0.0,0.0,0.0,0.0,0.0,0.0,0.0,0.0,0.0,0.0,0.0,0.0,0.0,0.0,0.0,0.0,0.0,0.0,0.0,0.0,0.0,0.0,0.0,0.0,0.0,0.0,0.0,0.0,0.0,0.0,0.0,0.0,0.0,0.0,0.0,0.0,0.0,0.0,0.0,0.0,0.0,0.0,0.0,0.0,0.0,0.0,0.0,0.0,0.0,0.0,0.0,0.0,0.0,0.0,0.0,0.0,0.0,0.0,0.0,0.0,0.0,0.0,0.0,0.0,0.0,0.0,0.0,0.0,0.0,0.0,0.0,0.0,0.0,0.0,0.0,0.0,0.0,0.0,0.0,0.0,0.0,0.0,0.0,0.0,0.0,0.0,0.0,0.0,0.0,0.0,0.0,0.0,0.0,0.0,0.0,42.8,42.8,0.0,0.0,0.0,0.0,0.0,0.0,0.0,0.0,0.0,0.0,0.0,0.0,0.0,0.0,0.0,0.0,0.0,0.0,0.0,0.0,0.0,0.0,0.0,0.0,0.0,50.7,0.0,0.0,0.0,0.0,0.0,0.0,0.0,0.0,0.0,0.0,0.0,0.0,0.0,0.0,0.0,0.0,0.0,0.0,0.0,0.0,0.0,0.0,0.0,0.0,0.0,0.0,0.0,0.0,0.0,0.0,0.0,100.0,100.0,0.0,0.0,0.0,0.0,0.0,0.0,0.0,0.0,0.0,0.0,0.0,0.0,0.0,0.0,0.0,0.0,0.0,0.0,0.0,0.0,0.0,0.0,0.0,0.0
seq176,0.0,0.0,0.0,0.0,0.0,0.0,0.0,0.0,0.0,0.0,0.0,0.0,0.0,0.0,0.0,0.0,0.0,0.0,0.0,0.0,0.0,0.0,0.0,0.0,0.0,0.0,0.0,0.0,0.0,0.0,0.0,0.0,0.0,0.0,0.0,0.0,0.0,0.0,0.0,0.0,0.0,0.0,0.0,0.0,0.0,0.0,0.0,0.0,0.0,0.0,0.0,0.0,0.0,0.0,0.0,0.0,0.0,0.0,0.0,0.0,0.0,0.0,0.0,0.0,0.0,0.0,0.0,0.0,0.0,0.0,0.0,0.0,0.0,0.0,0.0,0.0,0.0,0.0,0.0,0.0,0.0,0.0,0.0,0.0,0.0,0.0,0.0,0.0,0.0,0.0,0.0,0.0,0.0,0.0,0.0,0.0,0.0,0.0,0.0,0.0,0.0,0.0,0.0,0.0,0.0,0.0,0.0,0.0,0.0,0.0,0.0,0.0,0.0,0.0,0.0,42.8,42.8,0.0,0.0,0.0,0.0,0.0,0.0,0.0,0.0,0.0,0.0,0.0,0.0,0.0,0.0,0.0,0.0,0.0,0.0,0.0,0.0,0.0,0.0,0.0,0.0,0.0,50.7,0.0,0.0,0.0,0.0,0.0,0.0,0.0,0.0,0.0,0.0,0.0,0.0,0.0,0.0,0.0,0.0,0.0,0.0,0.0,0.0,0.0,0.0,0.0,0.0,0.0,0.0,0.0,0.0,0.0,0.0,0.0,100.0,100.0,0.0,0.0,0.0,0.0,0.0,0.0,0.0,0.0,0.0,0.0,0.0,0.0,0.0,0.0,0.0,0.0,0.0,0.0,0.0,0.0,0.0,0.0,0.0,0.0
seq177,34.7,0.0,0.0,0.0,0.0,32.5,45.4,29.3,32.5,0.0,38.8,46.1,28.9,0.0,0.0,0.0,0.0,0.0,42.1,42.1,0.0,0.0,0.0,31.5,0.0,29.8,34.7,0.0,28.2,34.6,0.0,0.0,0.0,36.1,32.4,0.0,0.0,0.0,0.0,0.0,30.2,0.0,0.0,0.0,0.0,0.0,37.5,0.0,0.0,35.6,0.0,0.0,0.0,0.0,0.0,0.0,0.0,0.0,0.0,0.0,0.0,0.0,40.8,0.0,0.0,0.0,0.0,37.3,0.0,35.0,38.8,0.0,43.4,37.5,0.0,0.0,0.0,36.1,0.0,36.1,0.0,0.0,0.0,0.0,0.0,43.4,0.0,0.0,35.7,0.0,0.0,0.0,0.0,0.0,0.0,0.0,41.3,41.3,48.0,48.0,0.0,40.7,0.0,0.0,38.0,38.0,0.0,0.0,34.7,0.0,0.0,0.0,33.3,0.0,0.0,0.0,0.0,26.6,42.1,42.1,0.0,42.1,0.0,0.0,0.0,0.0,34.7,0.0,42.1,38.9,38.9,0.0,0.0,0.0,0.0,0.0,0.0,0.0,0.0,31.5,40.5,0.0,0.0,0.0,38.0,0.0,0.0,0.0,0.0,0.0,0.0,33.3,0.0,0.0,0.0,40.7,42.1,0.0,30.5,31.9,0.0,36.1,36.1,36.1,36.1,36.1,0.0,0.0,0.0,31.5,0.0,0.0,0.0,0.0,0.0,0.0,100.0,0.0,0.0,40.0,0.0,0.0,36.0,0.0,0.0,0.0,37.5,38.8,0.0,33.7,0.0,0.0,0.0,38.4,0.0,0.0,0.0,0.0,42.1,43.4
seq178,0.0,0.0,0.0,0.0,0.0,0.0,0.0,0.0,33.7,30.5,0.0,0.0,0.0,0.0,0.0,0.0,0.0,0.0,26.8,26.8,0.0,0.0,0.0,0.0,0.0,0.0,0.0,0.0,0.0,0.0,0.0,30.2,0.0,35.2,35.2,0.0,0.0,0.0,0.0,0.0,36.6,0.0,0.0,0.0,0.0,0.0,26.9,0.0,0.0,0.0,0.0,0.0,0.0,0.0,0.0,0.0,0.0,0.0,0.0,0.0,0.0,0.0,0.0,0.0,0.0,0.0,26.9,39.7,0.0,0.0,0.0,0.0,29.9,0.0,0.0,0.0,0.0,0.0,33.3,0.0,38.3,35.6,0.0,25.9,0.0,0.0,0.0,0.0,0.0,26.9,0.0,0.0,0.0,0.0,0.0,27.2,0.0,0.0,0.0,0.0,0.0,0.0,0.0,0.0,0.0,0.0,0.0,0.0,0.0,0.0,36.0,0.0,0.0,0.0,39.6,0.0,0.0,0.0,0.0,0.0,0.0,0.0,0.0,0.0,0.0,26.7,35.6,0.0,0.0,38.3,38.0,0.0,0.0,35.0,35.0,35.0,0.0,56.7,56.0,0.0,0.0,0.0,0.0,0.0,0.0,40.2,40.2,40.2,40.2,40.2,40.2,32.0,41.3,41.3,0.0,0.0,0.0,0.0,0.0,30.6,33.3,0.0,0.0,0.0,0.0,0.0,0.0,0.0,0.0,54.4,32.9,32.9,32.9,32.9,0.0,0.0,0.0,100.0,0.0,40.1,0.0,0.0,34.1,0.0,0.0,0.0,0.0,33.3,0.0,0.0,35.2,0.0,45.3,29.8,0.0,0.0,0.0,0.0,30.8,0.0
seq179,0.0,0.0,0.0,0.0,0.0,0.0,0.0,0.0,0.0,0.0,0.0,0.0,0.0,0.0,0.0,0.0,0.0,0.0,0.0,0.0,0.0,0.0,0.0,0.0,0.0,0.0,0.0,0.0,0.0,0.0,0.0,0.0,0.0,0.0,0.0,0.0,0.0,0.0,0.0,0.0,0.0,0.0,0.0,0.0,0.0,0.0,0.0,0.0,0.0,0.0,0.0,0.0,0.0,0.0,0.0,0.0,0.0,0.0,0.0,0.0,0.0,0.0,0.0,0.0,0.0,0.0,0.0,0.0,0.0,0.0,0.0,0.0,0.0,0.0,0.0,0.0,0.0,0.0,0.0,0.0,0.0,0.0,0.0,0.0,0.0,0.0,0.0,0.0,0.0,0.0,27.2,27.2,0.0,0.0,0.0,0.0,0.0,0.0,0.0,0.0,0.0,0.0,0.0,0.0,0.0,0.0,0.0,0.0,0.0,0.0,0.0,0.0,0.0,0.0,0.0,0.0,0.0,0.0,0.0,0.0,0.0,0.0,0.0,0.0,0.0,0.0,0.0,0.0,0.0,0.0,0.0,0.0,0.0,0.0,0.0,0.0,0.0,0.0,0.0,0.0,0.0,0.0,0.0,0.0,0.0,0.0,0.0,0.0,0.0,0.0,0.0,0.0,0.0,0.0,0.0,0.0,0.0,0.0,0.0,0.0,0.0,0.0,0.0,0.0,0.0,0.0,0.0,0.0,57.1,0.0,0.0,0.0,0.0,0.0,0.0,0.0,0.0,0.0,100.0,0.0,0.0,0.0,0.0,0.0,0.0,0.0,0.0,0.0,32.0,0.0,0.0,0.0,0.0,0.0,0.0,0.0,0.0,56.9,0.0,0.0
seq180,28.5,0.0,0.0,0.0,0.0,36.0,32.9,0.0,34.6,30.8,0.0,31.2,35.3,0.0,0.0,0.0,0.0,0.0,34.6,34.6,0.0,0.0,0.0,32.7,0.0,0.0,0.0,0.0,0.0,0.0,0.0,0.0,0.0,0.0,0.0,35.2,34.7,0.0,0.0,0.0,34.6,0.0,0.0,0.0,0.0,0.0,34.6,0.0,0.0,0.0,0.0,0.0,0.0,0.0,0.0,0.0,0.0,0.0,0.0,0.0,0.0,0.0,36.7,0.0,0.0,0.0,28.2,32.2,35.8,0.0,0.0,0.0,35.0,0.0,36.0,0.0,0.0,0.0,0.0,0.0,0.0,0.0,29.5,0.0,0.0,35.3,0.0,0.0,40.0,0.0,0.0,0.0,0.0,0.0,0.0,0.0,34.2,34.2,42.5,42.5,0.0,33.3,0.0,0.0,39.5,39.5,0.0,0.0,0.0,0.0,0.0,0.0,24.6,0.0,41.2,0.0,0.0,0.0,34.9,34.9,0.0,36.4,0.0,0.0,0.0,0.0,0.0,0.0,40.0,33.3,36.5,0.0,0.0,0.0,0.0,0.0,0.0,41.0,39.3,0.0,41.0,0.0,0.0,0.0,34.9,42.5,42.5,42.5,42.5,42.5,42.5,35.0,37.5,37.5,0.0,32.9,34.1,0.0,0.0,0.0,0.0,0.0,0.0,0.0,0.0,0.0,0.0,0.0,0.0,38.6,46.5,46.5,46.5,46.5,0.0,0.0,40.0,40.1,0.0,100.0,0.0,0.0,0.0,0.0,0.0,0.0,35.3,0.0,0.0,0.0,0.0,0.0,37.0,33.3,0.0,0.0,0.0,0.0,34.6,36.1
seq181,0.0,0.0,0.0,0.0,0.0,0.0,0.0,0.0,0.0,0.0,0.0,0.0,0.0,0.0,0.0,0.0,0.0,0.0,0.0,0.0,0.0,0.0,0.0,0.0,0.0,0.0,0.0,0.0,0.0,0.0,0.0,33.3,0.0,0.0,0.0,0.0,0.0,0.0,0.0,0.0,0.0,0.0,0.0,0.0,0.0,0.0,0.0,0.0,0.0,0.0,0.0,0.0,0.0,0.0,0.0,0.0,0.0,0.0,0.0,0.0,0.0,0.0,0.0,0.0,0.0,0.0,0.0,0.0,0.0,0.0,0.0,0.0,0.0,0.0,0.0,0.0,0.0,0.0,0.0,0.0,0.0,0.0,0.0,31.4,0.0,0.0,0.0,0.0,0.0,0.0,0.0,0.0,0.0,0.0,0.0,0.0,0.0,0.0,0.0,0.0,0.0,0.0,32.0,0.0,0.0,0.0,0.0,0.0,0.0,0.0,0.0,0.0,0.0,0.0,0.0,0.0,0.0,0.0,0.0,0.0,0.0,0.0,0.0,0.0,0.0,0.0,0.0,0.0,0.0,0.0,0.0,0.0,0.0,0.0,0.0,0.0,0.0,0.0,0.0,0.0,0.0,0.0,0.0,0.0,0.0,0.0,0.0,0.0,0.0,0.0,0.0,0.0,0.0,0.0,0.0,0.0,0.0,0.0,0.0,0.0,0.0,0.0,0.0,0.0,0.0,0.0,0.0,0.0,0.0,0.0,0.0,0.0,0.0,0.0,0.0,0.0,0.0,0.0,0.0,0.0,100.0,35.5,0.0,0.0,0.0,0.0,0.0,0.0,0.0,0.0,0.0,0.0,0.0,0.0,0.0,0.0,0.0,0.0,0.0,0.0
seq182,0.0,0.0,0.0,0.0,0.0,0.0,0.0,0.0,0.0,0.0,0.0,0.0,0.0,0.0,0.0,0.0,0.0,0.0,0.0,0.0,0.0,0.0,0.0,0.0,0.0,0.0,0.0,0.0,0.0,0.0,0.0,28.9,0.0,0.0,0.0,0.0,0.0,39.5,0.0,0.0,0.0,0.0,0.0,0.0,0.0,0.0,0.0,0.0,0.0,0.0,0.0,0.0,0.0,0.0,0.0,0.0,0.0,0.0,0.0,0.0,0.0,0.0,0.0,0.0,0.0,0.0,0.0,0.0,0.0,0.0,0.0,0.0,0.0,0.0,0.0,0.0,0.0,0.0,31.8,0.0,0.0,0.0,0.0,37.5,0.0,0.0,0.0,0.0,0.0,0.0,0.0,0.0,0.0,0.0,0.0,33.8,0.0,0.0,0.0,0.0,0.0,0.0,46.7,0.0,0.0,0.0,0.0,0.0,0.0,0.0,0.0,0.0,0.0,0.0,0.0,0.0,0.0,0.0,0.0,0.0,0.0,0.0,0.0,0.0,0.0,0.0,0.0,0.0,0.0,0.0,0.0,0.0,0.0,0.0,0.0,0.0,0.0,0.0,0.0,0.0,0.0,0.0,0.0,0.0,0.0,0.0,0.0,0.0,0.0,0.0,0.0,0.0,0.0,0.0,0.0,0.0,0.0,0.0,0.0,0.0,0.0,0.0,0.0,0.0,0.0,0.0,0.0,0.0,0.0,0.0,0.0,0.0,0.0,0.0,0.0,0.0,0.0,0.0,0.0,0.0,35.9,100.0,0.0,0.0,0.0,0.0,0.0,0.0,0.0,0.0,0.0,0.0,0.0,0.0,0.0,0.0,0.0,0.0,0.0,0.0
seq183,37.8,0.0,0.0,0.0,0.0,31.8,25.1,24.0,35.1,0.0,25.4,29.3,36.3,31.8,0.0,36.6,20.9,0.0,30.6,30.6,23.5,0.0,0.0,30.0,0.0,34.5,23.3,22.7,0.0,35.0,0.0,20.8,22.4,27.4,26.1,25.7,30.4,0.0,0.0,0.0,0.0,0.0,0.0,0.0,0.0,0.0,23.9,23.1,0.0,27.8,0.0,0.0,0.0,0.0,0.0,0.0,0.0,0.0,0.0,0.0,22.4,0.0,28.5,0.0,0.0,0.0,24.5,24.8,26.1,36.5,23.6,0.0,29.7,37.6,23.9,0.0,24.9,23.6,33.3,42.8,0.0,0.0,39.3,0.0,0.0,44.6,0.0,0.0,31.8,0.0,0.0,0.0,0.0,0.0,0.0,0.0,24.6,24.3,27.7,27.7,0.0,27.9,0.0,0.0,25.0,25.0,0.0,35.2,22.6,0.0,25.0,0.0,0.0,37.2,0.0,0.0,0.0,35.0,42.6,42.6,0.0,40.9,0.0,0.0,0.0,27.5,42.3,0.0,26.8,43.4,40.8,0.0,0.0,26.4,26.4,26.4,26.4,0.0,0.0,35.1,31.8,0.0,0.0,27.9,28.7,0.0,0.0,0.0,0.0,0.0,0.0,29.8,0.0,0.0,0.0,31.5,31.2,0.0,0.0,36.8,0.0,23.5,23.5,23.5,23.5,23.5,0.0,0.0,0.0,0.0,32.9,32.9,32.9,32.9,0.0,0.0,36.0,39.3,0.0,31.5,0.0,0.0,100.0,38.7,0.0,28.3,24.5,0.0,0.0,35.0,36.1,0.0,0.0,32.0,23.7,0.0,0.0,0.0,30.6,36.2
seq184,0.0,0.0,0.0,0.0,0.0,24.4,26.6,26.4,27.0,0.0,0.0,28.5,0.0,28.7,0.0,89.3,0.0,0.0,26.2,26.2,27.0,0.0,23.9,34.2,0.0,36.2,27.6,27.5,0.0,0.0,0.0,0.0,22.3,25.5,26.1,0.0,26.6,0.0,0.0,35.8,26.0,0.0,0.0,0.0,0.0,0.0,29.9,0.0,0.0,29.1,0.0,21.3,0.0,28.5,0.0,0.0,0.0,33.3,0.0,0.0,0.0,0.0,0.0,0.0,34.6,0.0,35.2,33.6,25.3,0.0,0.0,0.0,26.3,32.0,0.0,0.0,25.0,0.0,0.0,37.3,0.0,0.0,39.6,0.0,0.0,36.8,0.0,0.0,0.0,36.7,0.0,0.0,0.0,0.0,0.0,0.0,35.2,33.1,24.1,24.1,0.0,24.8,0.0,0.0,25.5,25.5,0.0,0.0,25.1,0.0,26.6,0.0,0.0,36.5,0.0,0.0,0.0,30.9,32.2,33.8,0.0,0.0,0.0,0.0,0.0,0.0,41.5,0.0,0.0,39.8,34.9,0.0,0.0,0.0,0.0,0.0,27.3,0.0,0.0,0.0,27.7,0.0,0.0,34.6,0.0,0.0,0.0,0.0,0.0,0.0,0.0,28.7,0.0,0.0,0.0,26.7,26.7,0.0,0.0,0.0,0.0,30.3,30.3,30.3,30.3,30.3,0.0,0.0,0.0,0.0,0.0,0.0,0.0,0.0,0.0,0.0,39.0,0.0,0.0,0.0,0.0,0.0,38.7,100.0,0.0,0.0,29.0,0.0,0.0,0.0,72.2,0.0,0.0,27.8,0.0,0.0,0.0,0.0,26.2,0.0
seq185,0.0,0.0,0.0,0.0,0.0,0.0,25.8,0.0,32.4,0.0,27.7,0.0,33.8,0.0,0.0,0.0,0.0,0.0,29.7,29.7,0.0,0.0,0.0,31.3,0.0,29.8,0.0,0.0,29.2,31.3,0.0,30.5,0.0,0.0,0.0,30.6,42.1,0.0,0.0,0.0,26.1,0.0,0.0,0.0,0.0,0.0,37.4,0.0,0.0,0.0,0.0,21.8,0.0,0.0,0.0,0.0,0.0,0.0,0.0,0.0,24.2,0.0,0.0,0.0,0.0,0.0,29.3,30.3,29.0,0.0,0.0,0.0,0.0,0.0,0.0,0.0,0.0,0.0,0.0,0.0,0.0,0.0,26.8,0.0,0.0,0.0,0.0,0.0,0.0,0.0,0.0,0.0,0.0,0.0,0.0,33.3,0.0,0.0,0.0,0.0,0.0,0.0,0.0,0.0,0.0,0.0,0.0,27.8,29.6,0.0,30.7,27.1,0.0,26.1,0.0,0.0,0.0,32.3,41.0,42.8,0.0,36.2,0.0,0.0,0.0,0.0,27.8,0.0,0.0,27.0,27.7,0.0,0.0,0.0,0.0,0.0,0.0,0.0,36.0,0.0,0.0,0.0,0.0,27.5,29.5,43.4,43.4,43.4,43.4,43.4,43.4,0.0,46.1,46.1,0.0,0.0,0.0,30.0,0.0,34.5,0.0,41.5,41.5,41.5,41.5,41.5,0.0,0.0,0.0,35.7,37.6,37.6,37.6,37.6,0.0,0.0,0.0,0.0,0.0,0.0,0.0,0.0,26.2,0.0,100.0,26.4,39.1,34.0,0.0,0.0,0.0,0.0,0.0,31.5,0.0,0.0,0.0,0.0,29.7,0.0
seq186,0.0,0.0,0.0,0.0,0.0,0.0,26.0,30.3,0.0,0.0,27.3,0.0,0.0,28.7,0.0,0.0,0.0,0.0,0.0,0.0,0.0,0.0,0.0,0.0,0.0,0.0,0.0,0.0,0.0,30.6,0.0,0.0,0.0,0.0,0.0,48.4,28.4,0.0,0.0,0.0,0.0,0.0,0.0,0.0,0.0,0.0,31.0,0.0,0.0,0.0,0.0,0.0,0.0,0.0,0.0,0.0,0.0,0.0,0.0,0.0,0.0,0.0,0.0,0.0,0.0,0.0,41.6,0.0,27.9,0.0,29.4,0.0,25.4,32.2,0.0,0.0,0.0,28.2,0.0,27.5,0.0,0.0,31.5,0.0,0.0,0.0,0.0,0.0,0.0,0.0,0.0,0.0,0.0,0.0,0.0,0.0,0.0,0.0,26.7,26.7,0.0,0.0,0.0,0.0,24.1,24.1,0.0,0.0,0.0,0.0,0.0,0.0,0.0,30.8,0.0,0.0,0.0,27.5,0.0,0.0,0.0,0.0,0.0,0.0,0.0,0.0,33.8,0.0,0.0,27.9,27.4,0.0,0.0,0.0,0.0,0.0,0.0,0.0,0.0,0.0,0.0,0.0,0.0,0.0,0.0,0.0,0.0,0.0,0.0,0.0,0.0,0.0,0.0,0.0,0.0,0.0,0.0,0.0,0.0,0.0,0.0,30.3,30.3,30.3,30.3,30.3,0.0,0.0,0.0,0.0,0.0,0.0,0.0,0.0,0.0,0.0,0.0,0.0,0.0,0.0,0.0,0.0,26.2,0.0,26.4,100.0,28.0,26.1,0.0,0.0,0.0,0.0,0.0,0.0,0.0,0.0,0.0,0.0,0.0,0.0
seq187,45.4,0.0,0.0,0.0,0.0,0.0,0.0,0.0,32.5,0.0,0.0,0.0,35.6,37.5,0.0,33.7,0.0,0.0,25.9,25.9,0.0,0.0,30.4,29.8,0.0,27.7,24.1,22.7,0.0,0.0,0.0,0.0,21.3,23.5,22.8,25.4,47.3,0.0,34.5,0.0,0.0,0.0,0.0,0.0,0.0,0.0,45.8,0.0,0.0,28.4,0.0,34.1,0.0,0.0,0.0,0.0,0.0,0.0,0.0,42.8,22.3,23.5,21.9,0.0,0.0,0.0,31.8,25.8,23.7,27.0,27.1,0.0,27.1,0.0,0.0,0.0,0.0,24.8,32.0,0.0,0.0,0.0,37.5,0.0,0.0,37.9,0.0,0.0,32.3,30.8,0.0,0.0,0.0,0.0,0.0,0.0,30.2,28.4,0.0,0.0,0.0,0.0,0.0,0.0,0.0,0.0,0.0,0.0,26.3,0.0,28.6,25.7,0.0,0.0,0.0,0.0,0.0,31.4,36.5,31.5,0.0,30.5,0.0,0.0,0.0,30.5,32.3,0.0,26.7,33.5,32.5,0.0,0.0,0.0,0.0,0.0,33.7,0.0,0.0,0.0,0.0,0.0,0.0,31.0,23.8,0.0,0.0,0.0,0.0,0.0,0.0,0.0,0.0,0.0,0.0,0.0,0.0,0.0,0.0,40.2,33.8,42.2,42.2,42.2,42.2,42.2,0.0,0.0,0.0,0.0,0.0,0.0,0.0,0.0,0.0,0.0,0.0,0.0,0.0,35.3,0.0,0.0,24.8,29.0,39.3,28.0,100.0,43.7,0.0,0.0,30.6,0.0,0.0,27.2,0.0,0.0,0.0,0.0,25.9,0.0
seq188,43.0,0.0,0.0,0.0,0.0,40.2,19.5,24.1,28.7,0.0,26.1,29.5,37.3,32.5,28.7,0.0,24.7,0.0,20.2,20.2,0.0,0.0,0.0,31.9,0.0,33.3,0.0,0.0,0.0,0.0,0.0,24.4,24.7,24.2,24.1,0.0,40.8,0.0,32.1,0.0,23.8,0.0,0.0,0.0,0.0,0.0,67.5,0.0,0.0,0.0,0.0,0.0,28.8,0.0,0.0,0.0,0.0,0.0,0.0,0.0,23.5,25.4,21.1,0.0,0.0,0.0,27.6,25.6,37.7,24.6,22.6,0.0,26.5,0.0,24.6,0.0,0.0,22.0,0.0,25.7,0.0,0.0,30.5,0.0,0.0,39.6,0.0,0.0,24.1,25.9,0.0,0.0,0.0,0.0,0.0,0.0,26.2,25.3,0.0,0.0,0.0,24.4,0.0,0.0,0.0,0.0,0.0,0.0,24.0,0.0,24.8,23.7,21.6,0.0,0.0,0.0,0.0,25.1,34.4,32.7,0.0,32.7,0.0,0.0,0.0,0.0,24.5,0.0,0.0,24.5,23.6,0.0,0.0,22.9,22.9,22.9,28.8,29.0,0.0,31.6,24.6,0.0,0.0,24.0,26.8,0.0,0.0,0.0,0.0,0.0,0.0,0.0,0.0,0.0,0.0,0.0,0.0,0.0,0.0,0.0,0.0,59.7,59.7,59.7,59.7,59.7,0.0,0.0,0.0,0.0,28.3,28.3,28.3,28.3,0.0,0.0,38.8,33.3,0.0,0.0,0.0,0.0,0.0,0.0,34.4,26.1,44.4,100.0,0.0,32.9,30.9,0.0,0.0,22.7,20.6,0.0,0.0,0.0,21.1,34.4
seq189,0.0,0.0,0.0,0.0,0.0,0.0,0.0,0.0,0.0,0.0,0.0,0.0,0.0,33.3,0.0,0.0,0.0,0.0,0.0,0.0,0.0,0.0,0.0,0.0,0.0,0.0,0.0,0.0,34.9,0.0,0.0,0.0,0.0,0.0,0.0,0.0,0.0,0.0,0.0,0.0,0.0,0.0,0.0,0.0,0.0,0.0,0.0,0.0,0.0,0.0,0.0,0.0,0.0,0.0,0.0,0.0,0.0,0.0,0.0,0.0,0.0,0.0,0.0,0.0,0.0,0.0,0.0,0.0,0.0,0.0,0.0,0.0,0.0,0.0,0.0,0.0,0.0,0.0,0.0,0.0,0.0,0.0,0.0,0.0,0.0,0.0,0.0,0.0,0.0,0.0,31.1,31.1,0.0,0.0,0.0,0.0,0.0,0.0,0.0,0.0,0.0,0.0,0.0,0.0,0.0,0.0,0.0,0.0,0.0,0.0,0.0,32.7,0.0,0.0,0.0,0.0,0.0,0.0,0.0,0.0,0.0,0.0,0.0,0.0,0.0,27.2,0.0,0.0,0.0,0.0,0.0,0.0,0.0,0.0,0.0,0.0,0.0,0.0,0.0,0.0,0.0,0.0,0.0,0.0,0.0,0.0,0.0,0.0,0.0,0.0,0.0,0.0,0.0,0.0,0.0,0.0,0.0,0.0,0.0,0.0,0.0,0.0,0.0,0.0,0.0,0.0,0.0,0.0,31.8,0.0,0.0,0.0,0.0,0.0,0.0,0.0,0.0,0.0,0.0,0.0,0.0,0.0,0.0,0.0,0.0,27.0,0.0,0.0,100.0,0.0,0.0,0.0,0.0,0.0,0.0,0.0,0.0,31.8,0.0,0.0
seq190,30.8,0.0,0.0,0.0,0.0,62.3,25.8,0.0,60.2,0.0,0.0,26.8,0.0,0.0,0.0,0.0,0.0,0.0,0.0,0.0,0.0,0.0,28.8,32.8,0.0,23.1,30.1,30.3,0.0,0.0,0.0,0.0,0.0,0.0,25.3,0.0,0.0,0.0,0.0,0.0,0.0,0.0,0.0,0.0,0.0,0.0,36.7,0.0,0.0,0.0,0.0,29.9,0.0,0.0,0.0,0.0,0.0,0.0,0.0,0.0,0.0,0.0,0.0,0.0,0.0,0.0,0.0,35.9,0.0,29.8,29.2,0.0,0.0,32.3,37.3,0.0,0.0,30.8,0.0,0.0,0.0,0.0,0.0,0.0,0.0,33.7,0.0,0.0,0.0,0.0,0.0,0.0,0.0,0.0,0.0,0.0,0.0,0.0,0.0,0.0,0.0,0.0,0.0,0.0,0.0,0.0,0.0,0.0,30.8,0.0,0.0,0.0,0.0,0.0,0.0,0.0,0.0,0.0,0.0,0.0,0.0,0.0,0.0,0.0,0.0,0.0,29.6,0.0,0.0,32.0,32.0,0.0,0.0,0.0,0.0,0.0,0.0,0.0,0.0,41.5,38.4,0.0,0.0,0.0,0.0,0.0,0.0,0.0,0.0,0.0,0.0,0.0,0.0,0.0,0.0,0.0,0.0,0.0,0.0,28.1,0.0,35.0,35.0,35.0,35.0,35.0,0.0,0.0,0.0,0.0,0.0,0.0,0.0,0.0,0.0,0.0,33.7,0.0,0.0,0.0,0.0,0.0,35.0,0.0,0.0,0.0,0.0,32.9,0.0,100.0,0.0,0.0,0.0,0.0,0.0,0.0,0.0,0.0,0.0,29.9
seq191,32.9,0.0,0.0,0.0,0.0,0.0,26.3,29.3,0.0,0.0,30.2,29.0,30.2,29.6,0.0,75.1,0.0,0.0,32.0,32.0,0.0,0.0,0.0,28.0,0.0,0.0,25.7,24.7,0.0,40.3,0.0,0.0,22.1,26.7,27.2,0.0,32.2,0.0,27.3,0.0,30.0,0.0,0.0,0.0,0.0,0.0,0.0,0.0,0.0,27.1,0.0,0.0,0.0,0.0,0.0,0.0,0.0,0.0,0.0,0.0,27.8,0.0,31.6,0.0,0.0,0.0,31.6,33.0,24.8,0.0,29.9,0.0,30.8,28.7,29.1,0.0,24.5,0.0,0.0,35.7,0.0,0.0,0.0,0.0,0.0,29.1,0.0,0.0,0.0,35.0,0.0,0.0,0.0,0.0,0.0,0.0,0.0,0.0,0.0,0.0,0.0,29.2,0.0,0.0,26.3,26.3,0.0,0.0,26.4,0.0,23.1,0.0,0.0,36.1,0.0,0.0,0.0,0.0,0.0,0.0,0.0,31.0,0.0,0.0,0.0,0.0,37.9,0.0,26.4,36.2,34.2,0.0,0.0,0.0,0.0,0.0,29.4,0.0,0.0,0.0,31.5,0.0,0.0,34.3,0.0,0.0,0.0,0.0,0.0,0.0,0.0,0.0,0.0,0.0,0.0,28.6,28.6,0.0,0.0,0.0,0.0,31.9,31.9,31.9,31.9,31.9,0.0,0.0,0.0,0.0,29.8,29.8,29.8,29.8,0.0,0.0,42.5,35.2,0.0,34.2,0.0,0.0,36.1,71.1,0.0,0.0,30.6,0.0,0.0,0.0,100.0,0.0,0.0,0.0,0.0,0.0,0.0,0.0,32.0,0.0
seq192,0.0,69.6,0.0,0.0,0.0,0.0,0.0,0.0,0.0,0.0,0.0,0.0,0.0,0.0,0.0,0.0,0.0,0.0,0.0,0.0,0.0,0.0,0.0,0.0,38.7,0.0,0.0,0.0,0.0,0.0,0.0,0.0,0.0,0.0,0.0,0.0,0.0,0.0,0.0,0.0,0.0,0.0,0.0,0.0,0.0,0.0,0.0,0.0,0.0,0.0,37.3,0.0,0.0,0.0,0.0,0.0,0.0,0.0,0.0,0.0,0.0,0.0,0.0,0.0,0.0,43.8,0.0,0.0,0.0,0.0,0.0,42.6,0.0,0.0,0.0,0.0,0.0,0.0,0.0,0.0,0.0,0.0,0.0,0.0,0.0,0.0,0.0,0.0,0.0,0.0,0.0,0.0,0.0,0.0,0.0,0.0,0.0,0.0,0.0,0.0,0.0,0.0,0.0,0.0,0.0,0.0,0.0,0.0,0.0,0.0,0.0,0.0,0.0,0.0,0.0,0.0,0.0,0.0,0.0,0.0,0.0,0.0,0.0,0.0,0.0,0.0,0.0,0.0,0.0,0.0,0.0,0.0,0.0,0.0,0.0,0.0,0.0,0.0,0.0,0.0,0.0,0.0,0.0,0.0,0.0,0.0,0.0,0.0,0.0,0.0,0.0,0.0,0.0,0.0,0.0,0.0,0.0,0.0,0.0,0.0,0.0,0.0,0.0,0.0,0.0,0.0,0.0,0.0,0.0,0.0,0.0,0.0,0.0,0.0,0.0,0.0,0.0,0.0,0.0,0.0,0.0,0.0,0.0,0.0,0.0,0.0,0.0,0.0,0.0,0.0,0.0,100.0,0.0,0.0,0.0,0.0,0.0,0.0,0.0,0.0
seq193,0.0,0.0,0.0,0.0,0.0,0.0,0.0,0.0,0.0,0.0,0.0,0.0,0.0,0.0,0.0,0.0,0.0,0.0,33.3,33.3,32.8,0.0,26.3,0.0,0.0,0.0,31.2,35.9,0.0,0.0,0.0,0.0,0.0,0.0,0.0,0.0,0.0,0.0,0.0,0.0,31.3,0.0,0.0,0.0,0.0,0.0,38.5,0.0,0.0,0.0,0.0,0.0,0.0,0.0,0.0,0.0,0.0,0.0,0.0,0.0,0.0,0.0,0.0,0.0,0.0,0.0,27.7,0.0,0.0,0.0,0.0,0.0,0.0,0.0,24.1,0.0,0.0,0.0,0.0,0.0,0.0,0.0,0.0,0.0,0.0,0.0,0.0,0.0,0.0,0.0,0.0,0.0,0.0,0.0,0.0,0.0,0.0,0.0,0.0,0.0,0.0,0.0,0.0,0.0,0.0,0.0,0.0,0.0,0.0,0.0,29.7,0.0,0.0,0.0,41.4,0.0,0.0,0.0,0.0,0.0,0.0,0.0,0.0,0.0,0.0,0.0,0.0,35.7,0.0,0.0,0.0,34.2,0.0,0.0,0.0,0.0,0.0,36.9,38.3,0.0,0.0,0.0,0.0,0.0,0.0,45.1,45.1,45.1,45.1,45.1,45.1,32.8,42.9,42.9,0.0,0.0,0.0,0.0,0.0,0.0,35.5,0.0,0.0,0.0,0.0,0.0,0.0,0.0,0.0,48.1,30.3,30.3,30.3,30.3,0.0,0.0,0.0,45.7,0.0,36.4,0.0,0.0,0.0,0.0,0.0,0.0,0.0,0.0,0.0,0.0,27.2,0.0,100.0,28.8,28.3,0.0,0.0,0.0,30.9,0.0
seq194,40.3,0.0,0.0,0.0,0.0,28.3,39.7,25.6,0.0,33.9,0.0,41.7,0.0,26.3,0.0,29.1,0.0,0.0,59.6,59.6,28.9,0.0,0.0,35.4,0.0,32.0,31.4,31.4,0.0,38.3,0.0,0.0,28.9,29.3,29.3,0.0,29.6,34.2,28.0,0.0,25.6,0.0,0.0,0.0,0.0,0.0,26.6,0.0,0.0,20.6,0.0,36.0,26.7,0.0,0.0,0.0,0.0,0.0,0.0,0.0,27.8,30.4,37.1,0.0,0.0,0.0,29.7,0.0,32.7,36.8,0.0,0.0,61.5,0.0,29.3,0.0,21.4,0.0,0.0,30.4,0.0,0.0,35.8,0.0,0.0,37.8,0.0,0.0,26.0,22.2,0.0,0.0,0.0,0.0,0.0,0.0,25.3,25.1,34.9,34.9,0.0,50.0,0.0,0.0,42.8,42.8,0.0,24.8,28.8,0.0,0.0,28.0,0.0,0.0,0.0,0.0,0.0,0.0,36.7,38.2,0.0,30.3,0.0,0.0,0.0,0.0,31.0,0.0,38.4,27.9,31.3,0.0,0.0,0.0,0.0,0.0,32.4,0.0,0.0,0.0,27.5,0.0,0.0,26.0,29.6,0.0,0.0,0.0,0.0,0.0,0.0,34.3,0.0,0.0,0.0,49.1,49.1,0.0,35.8,0.0,0.0,26.8,26.8,26.8,26.8,26.8,0.0,0.0,0.0,0.0,0.0,0.0,0.0,0.0,0.0,0.0,51.0,0.0,0.0,33.3,0.0,0.0,32.0,27.8,30.9,0.0,27.5,21.5,0.0,0.0,31.5,0.0,0.0,100.0,0.0,0.0,0.0,0.0,59.6,31.0
seq195,0.0,0.0,0.0,0.0,0.0,34.4,0.0,27.2,0.0,0.0,0.0,0.0,0.0,0.0,0.0,0.0,0.0,0.0,0.0,0.0,23.1,0.0,0.0,0.0,0.0,0.0,27.3,0.0,0.0,0.0,0.0,0.0,0.0,0.0,0.0,0.0,0.0,0.0,0.0,0.0,0.0,0.0,0.0,0.0,0.0,0.0,0.0,0.0,0.0,0.0,0.0,0.0,0.0,0.0,0.0,0.0,0.0,0.0,0.0,0.0,29.9,0.0,0.0,0.0,0.0,0.0,33.9,24.7,25.6,0.0,0.0,0.0,0.0,0.0,0.0,0.0,0.0,0.0,0.0,0.0,29.1,25.0,0.0,0.0,0.0,0.0,0.0,0.0,0.0,0.0,0.0,0.0,0.0,0.0,0.0,0.0,0.0,0.0,24.1,24.1,0.0,0.0,0.0,0.0,0.0,0.0,0.0,0.0,29.4,0.0,0.0,0.0,0.0,0.0,0.0,0.0,0.0,0.0,31.6,31.6,0.0,30.0,0.0,0.0,0.0,0.0,0.0,0.0,24.5,0.0,0.0,35.4,0.0,42.7,42.7,42.7,0.0,0.0,0.0,0.0,0.0,0.0,0.0,0.0,0.0,0.0,0.0,0.0,0.0,0.0,0.0,0.0,0.0,0.0,0.0,25.1,27.0,28.9,0.0,0.0,0.0,0.0,0.0,0.0,0.0,0.0,0.0,0.0,0.0,0.0,0.0,0.0,0.0,0.0,0.0,0.0,0.0,0.0,0.0,0.0,0.0,0.0,0.0,0.0,0.0,0.0,0.0,0.0,0.0,0.0,0.0,0.0,23.3,0.0,100.0,60.2,60.2,0.0,0.0,0.0
seq196,0.0,0.0,0.0,0.0,0.0,0.0,21.3,31.7,30.7,0.0,27.8,24.6,0.0,0.0,0.0,0.0,0.0,0.0,0.0,0.0,0.0,0.0,0.0,0.0,0.0,0.0,0.0,29.5,0.0,0.0,0.0,0.0,0.0,27.3,24.2,0.0,0.0,0.0,0.0,0.0,32.1,0.0,0.0,0.0,0.0,0.0,0.0,24.2,0.0,20.9,0.0,0.0,0.0,0.0,0.0,0.0,0.0,31.2,0.0,0.0,27.7,0.0,0.0,0.0,0.0,0.0,23.3,30.1,24.3,0.0,0.0,0.0,0.0,25.2,0.0,0.0,0.0,26.6,0.0,27.8,23.9,25.3,0.0,0.0,0.0,40.3,0.0,0.0,28.9,0.0,0.0,0.0,0.0,0.0,0.0,0.0,0.0,0.0,26.5,26.5,0.0,0.0,0.0,0.0,0.0,0.0,0.0,0.0,26.7,0.0,0.0,30.6,0.0,0.0,0.0,0.0,0.0,0.0,35.5,33.8,0.0,37.2,0.0,0.0,0.0,27.5,0.0,0.0,26.1,26.3,25.1,38.0,0.0,49.7,49.7,49.7,22.9,0.0,0.0,31.2,0.0,0.0,0.0,30.3,22.9,0.0,0.0,0.0,0.0,0.0,0.0,28.1,0.0,0.0,0.0,28.0,28.5,0.0,0.0,22.1,0.0,0.0,0.0,0.0,0.0,0.0,0.0,0.0,0.0,0.0,0.0,0.0,0.0,0.0,0.0,0.0,0.0,0.0,0.0,0.0,0.0,0.0,24.5,0.0,0.0,0.0,0.0,22.2,0.0,0.0,0.0,0.0,0.0,0.0,54.5,100.0,100.0,0.0,0.0,0.0
seq197,0.0,0.0,0.0,0.0,0.0,0.0,21.3,31.7,30.7,0.0,27.8,24.6,0.0,0.0,0.0,0.0,0.0,0.0,0.0,0.0,0.0,0.0,0.0,0.0,0.0,0.0,0.0,29.5,0.0,0.0,0.0,0.0,0.0,27.3,24.2,0.0,0.0,0.0,0.0,0.0,32.1,0.0,0.0,0.0,0.0,0.0,0.0,24.2,0.0,20.9,0.0,0.0,0.0,0.0,0.0,0.0,0.0,31.2,0.0,0.0,27.7,0.0,0.0,0.0,0.0,0.0,23.3,30.1,24.3,0.0,0.0,0.0,0.0,25.2,0.0,0.0,0.0,26.6,0.0,27.8,23.9,25.3,0.0,0.0,0.0,40.3,0.0,0.0,28.9,0.0,0.0,0.0,0.0,0.0,0.0,0.0,0.0,0.0,26.5,26.5,0.0,0.0,0.0,0.0,0.0,0.0,0.0,0.0,26.7,0.0,0.0,30.6,0.0,0.0,0.0,0.0,0.0,0.0,35.5,33.8,0.0,37.2,0.0,0.0,0.0,27.5,0.0,0.0,26.1,26.3,25.1,38.0,0.0,49.7,49.7,49.7,22.9,0.0,0.0,31.2,0.0,0.0,0.0,30.3,22.9,0.0,0.0,0.0,0.0,0.0,0.0,28.1,0.0,0.0,0.0,28.0,28.5,0.0,0.0,22.1,0.0,0.0,0.0,0.0,0.0,0.0,0.0,0.0,0.0,0.0,0.0,0.0,0.0,0.0,0.0,0.0,0.0,0.0,0.0,0.0,0.0,0.0,24.5,0.0,0.0,0.0,0.0,22.2,0.0,0.0,0.0,0.0,0.0,0.0,54.5,100.0,100.0,0.0,0.0,0.0
seq198,0.0,0.0,0.0,0.0,0.0,0.0,0.0,0.0,0.0,0.0,0.0,0.0,0.0,0.0,0.0,0.0,0.0,0.0,0.0,0.0,0.0,0.0,0.0,0.0,0.0,0.0,0.0,0.0,0.0,0.0,0.0,0.0,0.0,0.0,0.0,0.0,0.0,0.0,0.0,0.0,0.0,0.0,0.0,0.0,0.0,0.0,0.0,0.0,0.0,0.0,0.0,0.0,0.0,0.0,0.0,0.0,0.0,0.0,0.0,0.0,0.0,0.0,0.0,0.0,0.0,0.0,0.0,0.0,0.0,0.0,0.0,0.0,0.0,0.0,0.0,0.0,0.0,0.0,0.0,0.0,0.0,0.0,0.0,0.0,0.0,0.0,0.0,0.0,0.0,0.0,26.7,26.7,0.0,0.0,0.0,0.0,0.0,0.0,0.0,0.0,0.0,0.0,0.0,0.0,0.0,0.0,0.0,0.0,0.0,0.0,0.0,0.0,0.0,0.0,0.0,0.0,0.0,0.0,0.0,0.0,0.0,0.0,0.0,0.0,0.0,0.0,0.0,0.0,0.0,0.0,0.0,0.0,0.0,0.0,0.0,0.0,0.0,0.0,0.0,0.0,0.0,0.0,0.0,0.0,0.0,0.0,0.0,0.0,0.0,0.0,0.0,0.0,0.0,0.0,0.0,0.0,0.0,0.0,0.0,0.0,0.0,0.0,0.0,0.0,0.0,0.0,0.0,0.0,99.8,0.0,0.0,0.0,0.0,0.0,0.0,0.0,0.0,0.0,57.0,0.0,0.0,0.0,0.0,0.0,0.0,0.0,0.0,0.0,31.8,0.0,0.0,0.0,0.0,0.0,0.0,0.0,0.0,100.0,0.0,0.0
seq199,0.0,0.0,0.0,0.0,0.0,29.9,38.8,25.0,28.5,28.5,0.0,32.2,32.8,0.0,0.0,28.4,0.0,0.0,100.0,100.0,25.9,0.0,22.1,30.9,0.0,24.6,28.7,28.7,0.0,35.5,0.0,0.0,27.7,27.5,29.9,0.0,30.0,32.7,0.0,0.0,0.0,0.0,0.0,0.0,0.0,0.0,20.7,0.0,0.0,17.7,0.0,23.7,0.0,0.0,0.0,0.0,0.0,0.0,0.0,0.0,28.0,29.5,37.3,0.0,0.0,0.0,28.9,22.4,31.2,0.0,0.0,0.0,74.8,22.5,26.8,0.0,22.0,0.0,0.0,26.4,0.0,0.0,33.7,0.0,0.0,41.1,0.0,0.0,23.1,26.1,0.0,0.0,0.0,0.0,0.0,0.0,24.1,24.1,38.2,38.2,0.0,56.6,0.0,0.0,39.0,39.0,0.0,26.8,25.8,0.0,0.0,29.1,0.0,0.0,0.0,0.0,0.0,0.0,44.1,47.0,0.0,42.8,0.0,0.0,0.0,19.2,0.0,0.0,36.3,27.7,26.5,0.0,0.0,0.0,0.0,0.0,0.0,0.0,0.0,0.0,30.2,0.0,0.0,24.4,32.8,0.0,0.0,0.0,0.0,0.0,0.0,27.6,0.0,0.0,0.0,59.2,59.4,0.0,0.0,0.0,0.0,22.3,22.3,22.3,22.3,22.3,0.0,0.0,0.0,0.0,33.8,33.8,33.8,33.8,0.0,0.0,43.6,0.0,0.0,34.6,0.0,0.0,31.1,28.0,0.0,0.0,26.3,21.2,0.0,0.0,34.2,0.0,0.0,59.2,0.0,0.0,0.0,0.0,100.0,42.6
seq200,0.0,0.0,0.0,0.0,0.0,0.0,39.0,0.0,36.4,0.0,0.0,37.0,30.1,37.9,0.0,0.0,0.0,23.1,42.6,42.6,0.0,0.0,0.0,34.5,0.0,32.0,0.0,0.0,0.0,0.0,0.0,0.0,34.5,0.0,0.0,0.0,0.0,0.0,32.5,0.0,35.6,0.0,0.0,0.0,0.0,0.0,27.4,0.0,0.0,0.0,0.0,0.0,0.0,0.0,0.0,0.0,0.0,52.0,0.0,0.0,0.0,0.0,44.1,0.0,0.0,0.0,34.8,42.0,32.8,0.0,0.0,0.0,41.1,37.3,0.0,0.0,0.0,0.0,0.0,0.0,0.0,0.0,36.1,0.0,0.0,58.9,0.0,0.0,40.0,40.9,0.0,0.0,0.0,0.0,0.0,0.0,34.6,31.9,39.7,39.7,0.0,33.6,0.0,0.0,31.0,31.0,0.0,0.0,0.0,0.0,36.3,0.0,0.0,0.0,0.0,0.0,0.0,0.0,68.2,81.8,0.0,67.4,0.0,0.0,0.0,27.7,27.7,0.0,39.0,34.0,0.0,0.0,0.0,0.0,0.0,0.0,0.0,0.0,0.0,29.2,35.5,0.0,0.0,45.5,29.5,0.0,0.0,0.0,0.0,0.0,0.0,25.3,0.0,0.0,0.0,41.1,41.1,0.0,0.0,0.0,0.0,27.7,27.7,27.7,27.7,27.7,0.0,0.0,0.0,0.0,0.0,0.0,0.0,0.0,0.0,0.0,41.9,0.0,0.0,36.1,0.0,0.0,36.2,0.0,0.0,33.3,0.0,31.7,0.0,27.5,0.0,0.0,0.0,31.6,29.3,0.0,0.0,0.0,42.6,100.0
