,0,1,2,3,4,5,6,7,8,9,10,11,12,13,14,15,16,17,18,19,20,21,22,23,24,25,26,27,28,29,30,31,32,33,34,35,36,37,38,39,40,41,42,43,44,45,46,47,48,49,50,51,52,53,54,55,56,57,58,59,60,61,62,63,64,65,66,67,68,69,70,71,72,73,74,75,76,77,78,79,80,81,82,83,84,85,86,87,88,89,90,91,92,93,94,95,96,97,98,99,100,101,102,103,104,105,106,107,108,109,110,111,112,113,114,115,116,117,118,119,120,121,122,123,124,125,126,127,128,129,130,131,132,133,134,135,136,137,138,139,140,141,142,143,144,145,146,147,148,149,150,151,152,153,154,155,156,157,158,159,160,161,162,163,164,165,166,167,168,169,170,171,172,173,174,175,176,177,178,179,180,181,182,183,184,185,186,187,188,189,190,191,192,193,194,195,196,197,198,199
0,0.0,0.26207474436102685,0.5575260859477288,0.5439661910207331,0.48468294966771086,0.25040852516614465,0.1597909478115315,0.2283529889457896,0.20903260743466076,0.26189588823149207,0.057003612920333444,0.04699593132136759,1.0310310992890175,0.19423702746150914,0.11647075689023688,0.4220227713419181,0.4556701718623113,0.030482614892523952,0.38954674422844254,0.18868659573410235,0.8044215598534941,0.3557483965594391,1.096697724523111,0.3195823099487894,0.44962896302557215,0.6617328179121298,1.408958534281311,0.7063976118265135,0.23236950396924047,0.5061738427882464,0.9973831187126071,0.6212152505013343,0.5596983625847295,0.17297157725517492,0.8188197020169375,0.2686233364822089,0.3204733008501963,0.35254404282470697,0.12974158504449856,0.1619333018445782,0.5255805946402825,0.2501187291801323,0.7076425363363662,0.2539038349989228,0.3240608644491954,0.7501870432058869,0.04287017517691711,0.2511051807288818,0.1540107061767679,0.07135205256964817,0.628571943519117,0.2604268052171896,0.13223670428744258,0.4537631548418105,0.5407236530270637,0.21201900926432335,0.6437842854538525,0.1739041498864748,0.6766776877309864,0.5109716352607766,1.1105345464790597,0.5499602247302741,0.19827504599015564,0.5484276421551566,0.5987507499295647,0.10499874873630652,0.5065552047597739,0.2120595468933857,0.2339441157460349,0.7534309567609672,0.38524310147665686,0.4362274068181443,0.05481783755116923,0.12045712557384115,0.07714704420026848,0.4817995160675517,0.4100066374981356,0.34809284210875224,0.5701978156747709,0.6923390841744147,0.333357985714049,0.2688212101625814,0.6278905019970498,0.12557313677720883,0.5201729312716485,0.818137415270389,0.3431942359004956,0.4828234309484745,0.35674693813288266,0.47345693498400704,0.058959868410149316,0.0680049884817448,0.35778011733704584,0.21438663219476625,0.7892664031555048,0.7319844296392054,0.16562976681748115,0.20598210112862325,0.11593504201262866,0.12196113624687184,0.5209255705265251,0.47414858549197036,0.5637851389648488,0.45481082715988,0.21532593347586143,0.15808648635211056,0.14651478314191482,0.03729306087273567,0.33863004027246063,0.10658240938696366,0.7395037620775949,0.06331604766403157,0.06956803228426062,0.10413737383781632,0.19842470044249993,0.15294951026699144,0.48020984769386305,0.4406213725782662,0.08881279106382274,0.7412223851903412,0.6363511741991085,0.7394236231956114,0.20909670362452154,0.183503322892325,0.06342319229685606,0.13231207013705895,0.1171831153980013,0.25127347155239554,0.15804707568902365,0.18630969190738994,0.07063242678864418,0.5802027461509142,0.7174696299242614,0.5813763154841812,0.4049530486086942,0.26579375693995594,0.2036878884303685,0.13487384610285222,0.8344611528199007,0.44951997050000825,0.047749283216493466,0.5427141235353585,0.25634105636487176,0.5394034786787981,0.1619248247402177,0.11026724009347198,0.16374027577520348,0.13755796416911126,0.21705877624753483,0.6497357513382722,1.0433936011534826,0.1537113972720795,0.2885834286282503,0.08469741792207357,0.6931357413944549,0.12279020202522413,0.12665026765441922,0.6970364523774008,0.09890061983128655,0.15417574868658745,0.22900845224481675,0.9953650872569979,0.18828696199804432,0.34381276620427914,0.14786681913853397,0.8131243888695536,0.6635712888844695,0.25082921493561383,0.05899898075871327,0.18620225724655698,0.7853529640862461,0.17669269460879372,0.047326306369015074,1.8409039924426986,0.15257916935978394,0.20428080511775137,0.22216827425048474,0.2983117055304197,0.04610353999900562,0.08034620229039262,0.5681667578183267,0.2534123121032831,0.26799521039460383,0.09391018246904985,0.7412895225310329,0.5390520227381957,0.1012863985150566,0.27238557152090687,0.07019504797891911,0.09800994381743153,0.21339016224995452,0.8692969389615341,0.23448259831949486,0.13396034902799184,0.2890360214786456,0.3251623328195695,0.218477245231111,0.24070189263991779,0.03536556787484048,0.18879449443974872
1,0.26207474436102685,0.0,0.3024638873696945,0.30741064651386335,0.22272249291503007,0.42297686405144275,0.3248222708364407,0.03597137837882629,0.09149713286597394,0.028657717230978298,0.2510418634713867,0.2185290690929582,0.7811633686338854,0.0689455907456206,0.16579202505841997,0.16209559323157496,0.21950613202074942,0.24045270057508422,0.13760224730273957,0.07511305291768174,0.5556640066955036,0.12497781700061317,0.8430047896053962,0.0845883756774226,0.19520361623493931,0.42057388256351613,1.1508102719634066,0.460671729727042,0.03029290342895972,0.2728085566548999,0.7478462354364508,0.3665201776628715,0.3226591342249623,0.0957072540148163,0.5607589950115184,0.023027602379886998,0.09885076815989659,0.1266177430849036,0.14752103117386767,0.12046133512322045,0.290168042228078,0.0656310180811747,0.463920184292083,0.03586288304413395,0.08421335288950763,0.500825502577106,0.24787282686156545,0.034222965246358095,0.10882054724141932,0.3174685609638874,0.38386213725782653,0.014860670544755452,0.1309801703707387,0.19170687283514812,0.3008500389466183,0.05245284144583112,0.4036024627521174,0.08955767414110283,0.4285834534877938,0.2729568521188618,0.8597165680571438,0.30641475662506834,0.06538233978024163,0.3073269941497208,0.35207344337824625,0.17122024726959345,0.24474554599844214,0.09287538739455412,0.04650607401514775,0.4914459387792308,0.1504134722153168,0.18600481446493983,0.21203220968196357,0.14229898573062197,0.1895803957639338,0.24912398283034196,0.1733396227978588,0.09738683107111487,0.3186068546048162,0.43092257080826674,0.07733350735013839,0.035907605363032204,0.3917030278924079,0.14779488390593157,0.26757814183198275,0.5623223371285571,0.10972490429075728,0.23626080975819955,0.10069862775319449,0.22888881154808674,0.20450170702199244,0.2017355441754089,0.113109009098593,0.07259404365335856,0.5412886773065513,0.48798403188650796,0.39595358723213847,0.07547745239397406,0.3110835032068811,0.340993072473856,0.2772493743681532,0.23700869255373808,0.31676196987023314,0.20225317787832084,0.07584511675698971,0.3372554981023883,0.11630218432522908,0.26859664561891977,0.0766473425147914,0.15630931901423623,0.4884947794958485,0.21430941845241053,0.19352466066723023,0.16341028190722412,0.36942712010474144,0.3654186927194683,0.2395476391720114,0.17997903511824861,0.1889193224945724,0.4833309716766934,0.39099977626410787,0.48114446709425096,0.05373819586005737,0.08744747178441804,0.20009148312036995,0.1715852930940188,0.19877962843268865,0.02686826099206152,0.1041833059878354,0.0762997315169294,0.19212035333697944,0.33714815459321507,0.4599509106879466,0.33067496146770736,0.14290122474684697,0.09921588856295264,0.059898316180248344,0.1291916173619052,0.5793438654932962,0.18748733820580396,0.2212135434793417,0.28713570824839657,0.02298306236430833,0.2829397487528796,0.38376027113475525,0.26051484114751655,0.3307298513399294,0.23926748868890763,0.3883373688659076,0.40222777142478333,0.7911375975737084,0.13178295961152825,0.06149081854190492,0.17832444190324664,0.45198494340310597,0.3646293939243275,0.353642594341968,0.44988971477817,0.1664586337194849,0.11010297651601784,0.05052617709938845,0.733293143737881,0.07400386151576926,0.08209014899153119,0.3317528298447108,0.553107202638426,0.41063454813636285,0.025877210427749864,0.20562865642453473,0.07819029151958107,0.5232844180380848,0.2195617842523078,0.26195152389002135,1.5790529674008522,0.29079674008518536,0.12059819519713616,0.042899095112613736,0.060444621223421,0.21668016539882995,0.32886203781965223,0.32924839655943927,0.028911790052867967,0.04414852748636872,0.1738945706756824,0.49231317224349097,0.27724330863952007,0.27946795604832697,0.023264024925835704,0.1924428810553705,0.31030088334244854,0.05100064634813309,0.6126587447587797,0.39473440892291883,0.12836226155554453,0.03563165614279321,0.12273753293889522,0.12643640928752548,0.06670661595319775,0.24127086958683439,0.3804404448200998
2,0.5575260859477288,0.3024638873696945,0.0,0.033069996188203374,0.11016760304280815,0.7019838495831884,0.603670735345299,0.329696904158173,0.37707764464111104,0.3035822685162168,0.5453477601551235,0.5198687913289913,0.4835861880375876,0.3640588756857091,0.4598508013059548,0.1474766154560069,0.10361374898490201,0.5359574238883643,0.16828569416132186,0.3695624720330135,0.25735832546114457,0.2035659855151726,0.5463818343028555,0.23917899700028175,0.1245881353685013,0.12023899965196636,0.8565599280730538,0.1611695586602363,0.32578718573393656,0.06764464111105589,0.45016799250899087,0.06988134539849858,0.028248313694293918,0.390508833424485,0.26578838727854287,0.2894034041001674,0.23768910654800393,0.20799949452261388,0.434544987487363,0.41294550788047535,0.050519216427186396,0.34705647259649647,0.1641246374649895,0.30368343857206787,0.23350953777821973,0.20247180927758163,0.5464653209367076,0.30742072291552724,0.4043265301049073,0.6129729693896154,0.0840569780738826,0.3020626874823911,0.42648393244833355,0.11825586270902734,0.044053729760188357,0.3472192528878504,0.10406989675002914,0.385029947463498,0.12965099686769752,0.056615472579923456,0.5627494738063277,0.032528721059348065,0.36086656225658365,0.03658895573343941,0.05216422214488144,0.46074094698288004,0.10726485357728834,0.3692063756442765,0.32580022042128637,0.19594366827425044,0.17416345978554507,0.12639490213626353,0.5113479341719287,0.43778799781236016,0.48508649463862513,0.08311104758116641,0.14912716485192007,0.21318884137953886,0.04362033676395042,0.13741582558544232,0.22736526956031758,0.3055811415502411,0.0947193440395101,0.4351601120336764,0.0527265615936625,0.26635046984537364,0.21513207875503418,0.07851261207510901,0.22144808498649304,0.08693698105702782,0.4994264571835795,0.49237863570824825,0.20057109000812087,0.3470204262583073,0.24293350900744135,0.18821856510714463,0.6914579956578665,0.3589124032549429,0.6099939011253087,0.6385009612356852,0.05520833126170463,0.0905866355093721,0.0630294668456554,0.12079179303601323,0.3550629443643415,0.6230246109481431,0.41180828319992047,0.5640962810122806,0.2699359038101393,0.45178727688559656,0.19033636619764996,0.5037058204478032,0.48902759409337254,0.4589146903329521,0.6459686023964601,0.6609231011451963,0.07875441256898524,0.13498641840269154,0.47911857173635625,0.18834453670097284,0.09070667395879946,0.18637575200119327,0.3484699696713569,0.37601102935083436,0.4955955269394587,0.4483231989260679,0.4756620510780756,0.3075512438058303,0.3996877144135633,0.3718041399426574,0.4876250766502593,0.04789509272609758,0.16479276255821282,0.03073904108453905,0.21093202572134107,0.35567712424799885,0.3544833026732298,0.42469592634945896,0.2825739571421469,0.12323459122623846,0.5167196423540331,0.05626523475695652,0.301409444969257,0.06237231309766494,0.6792283846268582,0.5326820878702001,0.6022843434594545,0.5055766502593679,0.6628629244767067,0.10263226105835366,0.49411950811249783,0.419150640547573,0.27047297767612993,0.47382324864515485,0.15165143605296752,0.6601338023500557,0.6491485109133399,0.15060753409900735,0.46196304214521294,0.40471045260942345,0.33016850627289146,0.43816583801521414,0.36950478960539623,0.2821534993950844,0.6247560035797742,0.25907315335023784,0.10952726263279139,0.3067269013407581,0.5011326173784784,0.37222439052685674,0.22818306567891414,0.4731196572697592,0.557979954921361,1.2855166227481396,0.5390703027892407,0.3890254893186828,0.3382013623029881,0.26043574636636335,0.5121862642735213,0.6243664462453802,0.03429651634929325,0.3050507631879878,0.2911474253799368,0.4653125673279305,0.19378279388123776,0.05221676693349245,0.5648550771474502,0.2899957987371353,0.4879482507167836,0.6071505742554568,0.34552376572366134,0.31630974162647707,0.6564191981968545,0.42389449609705165,0.276260014252805,0.35123085400818715,0.39896764944728946,0.33185332869288525,0.5367752780125624,0.6741322610583537
3,0.5439661910207331,0.30741064651386335,0.033069996188203374,0.0,0.12259759856809027,0.7129884485987502,0.6132968560963888,0.31720827325610296,0.38585907124745183,0.30607204295729123,0.5438141334791757,0.5256682825369993,0.48786062911218286,0.35374517310528836,0.4684410745952038,0.15495853428131062,0.0886442847909312,0.5208052586221185,0.1714406105503904,0.3740365849616335,0.26116028605048147,0.18844694973400283,0.5541029019373871,0.22540502825701453,0.12989618654601495,0.11777938812376734,0.8663163459785543,0.16326070203351073,0.31660973002535664,0.04107410629940832,0.45435295579973145,0.07857750377036404,0.018498574719501452,0.39480838263809476,0.2762625333532209,0.28725481860819707,0.2235184126352773,0.1929011750277598,0.43707243242347393,0.4206365286133347,0.021530063474701235,0.3569410994547474,0.16458925404796235,0.30137457531613043,0.23021570625963308,0.2070359469000149,0.5516601451797346,0.30355079633404597,0.3927674969754222,0.5978211190109217,0.08535599695056263,0.3068536767264954,0.41240742305971256,0.1282214819602579,0.02193600324831368,0.33217376820961564,0.10199403370954102,0.37036957026135664,0.13357271416496785,0.035982788909328926,0.566952965743549,0.013861814083760086,0.34651901755083775,0.012918154096024098,0.0579342299342051,0.46498331924625863,0.11526083461774309,0.3772398283034192,0.32559341387825463,0.21111592005170796,0.15927566747874514,0.1297910886822784,0.5170001242977179,0.42640250087008413,0.4699305838678135,0.06242483302673231,0.13503681698404016,0.2141829662407399,0.03720756061585375,0.1498537927376987,0.23080098278062278,0.3132327681930427,0.08455443411392295,0.4346295016490165,0.06103245827739938,0.2756287890087672,0.20230027014037355,0.07797875337675467,0.22837522166426355,0.08617593927642146,0.49202417176287294,0.4892242993751966,0.19571158786191348,0.347124944066027,0.24594160493213352,0.18897035913753962,0.6788314605810503,0.3623958799449775,0.6173033278642337,0.6423288751885181,0.05398947612655174,0.07125587928205633,0.05286278360595966,0.12521771159614842,0.36071037803079264,0.6305430898755366,0.39865611793367484,0.5496829745272542,0.280643083246325,0.4423364822088533,0.19669788196688714,0.5075886076998293,0.47724817282354687,0.44394479524022595,0.657652546445914,0.6535843567178772,0.06810041598302924,0.14314222973532872,0.48311113873282624,0.1987476176270737,0.09383308473789756,0.19697108006430336,0.3416745720015247,0.3773289249076055,0.48087253683355713,0.45477437478247895,0.4842092179187591,0.29323667942789905,0.39666007888761834,0.3627911549743948,0.4748397553820913,0.041043794229271284,0.17492835479540592,0.03895458161388147,0.22392015114602495,0.3680371318715922,0.34464045642122004,0.4095479872056216,0.2919306004408425,0.13173094515984687,0.505428827126734,0.050261911864631525,0.2898783539667545,0.05868485556605178,0.6734806178425232,0.5446731964401134,0.6144966356751024,0.5180390129103897,0.6748591375395682,0.10696157543214174,0.5008833507350139,0.4247294287276885,0.25563990951126137,0.460302731235188,0.1491970284558909,0.6458934851422797,0.6399368318997661,0.15391540297320133,0.44681119176651907,0.4040971593828203,0.3152565173436748,0.45294081771325345,0.3680859643016953,0.29483661479308576,0.6328428876845823,0.2705843732909064,0.12120805780672539,0.30216894545816136,0.4866890982614893,0.36092396294270696,0.24293799201180005,0.4866563499560815,0.5594148063441555,1.2983920184292084,0.5532747725351762,0.39991447488357446,0.32304951192429426,0.24832733389681633,0.5018453156333382,0.6092442947347485,0.024213974378097133,0.29345634664147563,0.2762022075274698,0.4642177613152355,0.198318873365485,0.050780904555925724,0.5741376887253683,0.2955708911317722,0.4807604202920168,0.6084525762773664,0.3320781252589536,0.32699506123734234,0.6694734334344289,0.424351389648486,0.2793846517177945,0.3660220089825818,0.4107359004955336,0.33769246258638697,0.5250193075788464,0.6788083660650658
4,0.48468294966771086,0.22272249291503007,0.11016760304280815,0.12259759856809027,0.0,0.5983344354397653,0.5003039244932797,0.2567115215697973,0.2820284558908832,0.22298017037073867,0.47119109531149017,0.4385906461824027,0.5660734682377899,0.29107695686040536,0.3738236215383085,0.07257423059712624,0.049741145859228696,0.46297519017550837,0.10906303551600131,0.29725061734533215,0.3447208438986393,0.1330049553356867,0.6258261572117535,0.16813668605711063,0.050655504731599785,0.21983365650739983,0.9291266096554467,0.25507036908135694,0.2528063275824924,0.09714294237557797,0.5329759276753011,0.159665697144467,0.13293163625515836,0.3117259732511311,0.342088209947132,0.2164415717860754,0.1674881585707419,0.13815256301894294,0.35514756625068367,0.32375876298911155,0.10783029218250217,0.2519343293723794,0.26018042228078025,0.2312276802731235,0.16283017617129883,0.2909105636487181,0.47043119706988856,0.23465017650275943,0.33133968908997496,0.5399910505643117,0.18149341222095164,0.22429366578829604,0.3535008866570543,0.04019291834468587,0.11000994381743145,0.2742716733787433,0.20397357430517574,0.31208364407762795,0.2246362965909279,0.09176958517708281,0.6425541606589436,0.11686460663915545,0.2878893501715309,0.11933810636570044,0.1549061303634465,0.37973367142312603,0.030255556107989873,0.2727792223934768,0.25100852682344754,0.268932464906611,0.10117650275940938,0.049820248926896335,0.4300087837053979,0.36487470790036286,0.4121005154212036,0.07531535988332587,0.08961346724340809,0.14003878917449739,0.1148558063607285,0.20884264737566083,0.15142054061220767,0.21634343459454086,0.2027494572332985,0.3595492799018877,0.0644775684051774,0.34602089858963514,0.14216263942060686,0.04529122955302539,0.13059780573095345,0.05454282470707171,0.4264445383582757,0.41893598667528464,0.13235346956363214,0.27068760668887454,0.32906730307098225,0.28231619682129305,0.6184760768325628,0.27880133081423286,0.5243380566466133,0.5636034157012877,0.07580829148643499,0.07038127910638227,0.14517481231044596,0.051586270902732885,0.26942655662175374,0.5256120751089677,0.3388672666103184,0.4911145776363547,0.171916215051625,0.3788494754636304,0.2809868741609904,0.42146102023566845,0.41605966290458907,0.3859327715076485,0.5408985316296261,0.5879508443958302,0.0644205820447803,0.056861109730025304,0.3960034057574704,0.2651105918228675,0.1934990470508295,0.26221012114884246,0.27574929150300803,0.3013326124065696,0.42261446991166585,0.3524860123634796,0.3705174016805052,0.23463966091582567,0.32672029698868055,0.29882339780241646,0.4146530353502709,0.14551066474419524,0.24226108321317882,0.13625288785031225,0.10895733273670433,0.24771786075340993,0.2815318947944115,0.35171400752415505,0.3676372329670694,0.050939077545202924,0.44373346426026283,0.07951339929398896,0.22843299524354066,0.06960387145958663,0.6063233812293871,0.4267600142528049,0.4957379472646216,0.39841216294602166,0.5569272609754885,0.1992195594888878,0.5748389598766968,0.3310138633388024,0.1975252987288487,0.4008834418866737,0.2505334360861135,0.5871596562753774,0.5761650839423922,0.24403694128175812,0.38898112331990914,0.33075278012562365,0.2574771126468785,0.5107700740814398,0.2965182800510449,0.17427630554036358,0.5325768988548036,0.3318879000314887,0.2108972223603308,0.23505352259732512,0.4281690448963356,0.29927102703061037,0.3007672483799864,0.3652544457150433,0.48448753708215253,1.3563878005933145,0.4309565455178243,0.28729211621007983,0.2652194434776844,0.18745021462072614,0.4392009148312038,0.5513845274200767,0.13988250551053222,0.23206889408177128,0.21816550655463302,0.39113107608677633,0.28399507781037137,0.08093661645038863,0.4616600291685311,0.21267305556936647,0.414983733571985,0.5328318583337477,0.272541316561428,0.3954611528199009,0.5483039659258523,0.3508038913472216,0.19592943204229432,0.24344754636304874,0.29361229055834537,0.24434259765657373,0.46380507631879875,0.5891339515073171
5,0.25040852516614465,0.42297686405144275,0.7019838495831884,0.7129884485987502,0.5983344354397653,0.0,0.09977843517459686,0.42952705546992825,0.3321994978372197,0.4121611727075358,0.1939434693979019,0.22305335686703462,1.1629735908782044,0.37773100316544866,0.25991251097963175,0.5583496743399792,0.627803203566516,0.27332624836341346,0.548294104973566,0.3698813785445566,0.9429371302142894,0.5411864548633555,1.221832662125656,0.5014286945425016,0.5850043421336117,0.8173366396526291,1.518683156830574,0.8532339697376488,0.4218140920466033,0.6817483799864102,1.129924460133579,0.7570265665655711,0.7262564759111023,0.333026201958932,0.9386434644259933,0.4401375147085632,0.5203927890750591,0.5440736008220222,0.2837010639884653,0.3029581779611859,0.6966455443411393,0.3611378876017171,0.8582060358971809,0.4420522961931754,0.5034502643398133,0.8891715805697806,0.207574777507085,0.4146173038996338,0.34222383533038325,0.18858054492119528,0.7790301214803028,0.41943035184540667,0.3430325411425446,0.5850598452079087,0.7028352226586453,0.404885115762608,0.8011448317008899,0.3665156117933675,0.8220913173900792,0.6789353569001806,1.2382719136876645,0.7091680670876218,0.3953115895192165,0.7111071032002519,0.750888753542485,0.2579827557632709,0.6111436964483999,0.3361144201925785,0.3938380483600988,0.8489050945491307,0.5626661943353386,0.5840797079832282,0.2199915394686687,0.3158630156283664,0.3031236596562754,0.6583852566333549,0.5846073766552313,0.4996826264936442,0.7116498284691493,0.802130960075573,0.4889742869454249,0.4043346426026285,0.7957428528812212,0.2875046073020766,0.6608986973599165,0.9434386632194764,0.5247780871409868,0.6361821375892872,0.48746687051492393,0.6283504366993155,0.24438299441488912,0.23991196406967302,0.5187851223918196,0.36837998641011616,0.9269454830209318,0.8805109547722036,0.10931345398498482,0.3557588955733441,0.1394204991796351,0.1500718109348846,0.6724983841296671,0.6468105785644443,0.7227619698702332,0.5936462404083593,0.35449247584481025,0.0942136677770596,0.33682769850345545,0.22703026235104984,0.4391149008104211,0.3006392880226718,0.8792159051359817,0.21786527784683202,0.25947177613152356,0.3062488440312237,0.08034775186860901,0.11061241485606321,0.6459319511427106,0.5698731500356319,0.24100435870664078,0.8623615986343824,0.7897609423424319,0.8592268019025836,0.4042320058337062,0.34692999552528214,0.2805592071462901,0.25831811929266313,0.22922826032914032,0.438997497472613,0.33756723677886613,0.38194031223586733,0.29419627438306895,0.7384489716435475,0.839264803858201,0.7307886524470077,0.49785559919786543,0.36044988316014526,0.3864022854207063,0.3597108172160626,0.9658920681482955,0.5813600241966222,0.2529513747327599,0.675940245943751,0.44159382820398085,0.6675645188021017,0.10983493263063693,0.19096630703193623,0.13380242463415035,0.22596305871824188,0.0683364407762807,0.7969048790997532,1.1713417607186065,0.2948783539667546,0.4801420722915527,0.282398689073402,0.8482533601816404,0.14770117171315403,0.13436567559952933,0.8422461840600605,0.3221959843550606,0.32997818160725234,0.4333750642204875,1.086700326488672,0.37082420988084,0.4382424551285238,0.10424896004242695,0.9266898606208258,0.8069367407481066,0.4466913273338967,0.2647280614527917,0.37061427932183166,0.8758973715175925,0.2651215548815858,0.20321462072623012,1.9385723495583287,0.21817798604550948,0.3131953877260147,0.41921298828286846,0.477357496809692,0.2510317622101792,0.18150898258174647,0.7325104824408759,0.4343258671837451,0.4602513134125523,0.2643888778402028,0.8822621438870383,0.6738736637995327,0.14925590414159998,0.42697220703027905,0.25589111519912494,0.1579646165829729,0.39960703690813576,0.9915434130496031,0.08857139660915826,0.31258510250418464,0.43505587596745054,0.4135948723048111,0.30901701221432243,0.3754197202472695,0.27251712822552576,0.07265730290525199
6,0.1597909478115315,0.3248222708364407,0.603670735345299,0.6132968560963888,0.5003039244932797,0.09977843517459686,0.0,0.33139085831717474,0.23470703027892403,0.3128458874028407,0.10429064121049401,0.13200232851058188,1.0661038880326157,0.27960599280730547,0.16604448200997698,0.4585907787666352,0.5280329223222127,0.18155833706226496,0.44955564394504405,0.27419033295215367,0.8449672931271645,0.4416578746747543,1.1254360032483133,0.40206186711745295,0.48576895540197873,0.7182396874326722,1.4252032516283002,0.7545792853709873,0.3238710535474569,0.5819785627869208,1.033041051392963,0.6580429738643332,0.6266533336647938,0.23585223487296775,0.8418225691509635,0.341381983460117,0.4215026848307064,0.44460899252556396,0.18654129998839886,0.20524417872354528,0.59691840269146,0.2709832115215698,0.7593523757437148,0.3440430815890221,0.40462852384030223,0.791061270488407,0.11772582409386964,0.3152574702928454,0.24496329074064865,0.11422139080859811,0.6799829049205324,0.3207673312451316,0.24648350983609277,0.48682106100531997,0.603267811862974,0.3064968925570527,0.7019788859609871,0.2683804587414441,0.7230547904340475,0.5792000613202075,1.142040951954789,0.6095565057425544,0.29782169078042386,0.6114638376506074,0.6515162415684715,0.16147114635641957,0.5160802548931868,0.23644306335869003,0.2946801073932282,0.7602568239447122,0.46296861896948904,0.48454257611163587,0.12719924924178388,0.22006204113425806,0.20963472215316797,0.5586133512322048,0.48485910439351,0.39990830143025236,0.6125096537894231,0.70620762690797,0.3894124944066027,0.3051207345166477,0.6961333134456985,0.19003083412055224,0.5617330002154494,0.8462001110392946,0.42520345050464864,0.5366280349359452,0.3884898407331907,0.5288148461194253,0.151056638326787,0.14598052669086328,0.419020674853743,0.2688005767414111,0.8293641343078275,0.7819663318914796,0.1271570211637581,0.2568288669020036,0.058095170619334086,0.07830737996983707,0.5734532060524702,0.5470322594010506,0.6229851919985419,0.4945228542070634,0.25510395432473193,0.03770613533535523,0.2390872155653889,0.13981156465967282,0.349999005618257,0.20608243424650707,0.7806645536054623,0.12500420954937935,0.16391304960307598,0.21154183861184303,0.04934859709309068,0.09667459686106825,0.5461693929299456,0.4702118198843202,0.14526130694907108,0.7651689371716469,0.6904067932846085,0.7621474999585677,0.3066357911135418,0.24917378478264474,0.1880383002701404,0.15855625714711874,0.13164344785296409,0.3402550257710603,0.24023456636669482,0.2851382273488126,0.20057634365833035,0.6388887038233977,0.7422480982449161,0.6312949584845622,0.4116977908152273,0.2725134738726197,0.28821636918079524,0.2659373042310944,0.8678497903511823,0.4817121016258142,0.16150289199356962,0.5769086246043188,0.3428834584597027,0.5690640961898609,0.11499115000248604,0.10930878867730652,0.055246515520641706,0.14430782744162143,0.06386659540264175,0.6979115911765195,1.0746867448913637,0.19767361076583967,0.381074338321815,0.18661838114652218,0.7492455211388985,0.10952113889855651,0.08484753641923136,0.743574760934056,0.22811785909610702,0.23434535706591098,0.3355662341106084,1.002081390145677,0.27375601186628884,0.3505189761182652,0.039852052569648154,0.8305228542070633,0.708424982183994,0.34935239231674375,0.1718130645188021,0.2722301662274813,0.7920785644442236,0.18347827275891213,0.11280279752730407,1.8489371385008038,0.13652845589088317,0.21531814415220668,0.3209367158885629,0.3781126965975571,0.15755384577139164,0.10736933823894992,0.6328958716584634,0.33543077445764763,0.36153154676080157,0.16854965279504133,0.7838461774308492,0.5744273521271482,0.06452297850478128,0.3282038316843169,0.1602457780208488,0.07540839258191222,0.3013374931636255,0.8951760884336831,0.07479735328726032,0.21652822386847642,0.33534515818956234,0.33190359469000147,0.2252509570924278,0.2756824856228973,0.18356061585375957,0.09781419977129223
7,0.2283529889457896,0.03597137837882629,0.329696904158173,0.31720827325610296,0.2567115215697973,0.42952705546992825,0.33139085831717474,0.0,0.09826771242479984,0.050940187938149445,0.24324617577354618,0.2206372412535839,0.8029198776910456,0.052226569880177015,0.17160796499776262,0.19408805250335598,0.22875877127562608,0.20626615456006897,0.16177681101774974,0.06510715291933904,0.5761917748056814,0.1296844743863836,0.8686363214504716,0.09222938729511586,0.22139843219145167,0.43447580337758335,1.1808528480750422,0.4784368236132518,0.015949211952468564,0.28028050680322847,0.7694725799234325,0.3931166078324134,0.33308068579194217,0.09717762972538489,0.5907988200003316,0.04037286829413813,0.09599238469315029,0.12851462569813882,0.1459344951026699,0.12695033891844412,0.29932058038747744,0.0724041333134457,0.48002068314025753,0.04366554798720561,0.0961902500870084,0.5219659921443841,0.24274400470674026,0.02619716104012332,0.08875264754139116,0.2832820149488722,0.4005913671091666,0.042396128540413275,0.09700637232967073,0.22589522531032993,0.31356579492533837,0.02810578564444219,0.41686070369081346,0.06525314473226264,0.4483641094482837,0.2838300021544938,0.8823368965345798,0.3216540214454995,0.03768053829198363,0.3205145179734501,0.3708103299690084,0.1720684548965014,0.2785860637398697,0.09864188998823309,0.04068696862725598,0.5256367606357415,0.15867181259218752,0.20810479954921351,0.21602874591889162,0.11847777556804052,0.15539147980576412,0.2562852052569648,0.18271869769137702,0.11982316578000962,0.34199083511493383,0.4643806161852201,0.10542356519000977,0.04513273338968162,0.4016089925255639,0.14214223802184325,0.29221312086710083,0.590163302341769,0.11608367722368615,0.25463526077661214,0.12864014153366807,0.24549758862427284,0.19053182021578086,0.1923583254611446,0.12952918510416145,0.0672723611594491,0.5611502593679047,0.5043780556522315,0.3685094300535308,0.07546868526160527,0.3140811829828138,0.331289033626676,0.2935584945060409,0.24648047697177616,0.33547089776098377,0.2266068131722435,0.0787211173536187,0.3422561775965793,0.09395139959230352,0.23485250004143252,0.1108356949899733,0.13672604782976178,0.5112522000696068,0.21443910240474648,0.17352234044316275,0.13276617113309802,0.37603462105769053,0.34854327217885617,0.2522757254843468,0.2126771408210278,0.18971993238204138,0.513284119723562,0.40836710088002787,0.5115054773861019,0.026597938315185858,0.0834424667296442,0.16776005568537763,0.1748353469563632,0.204594524271201,0.024090704188004512,0.09267590613036346,0.05240692586884105,0.15820949966025283,0.35218096919073894,0.48946485689189406,0.3534887800593312,0.1770882348066756,0.10659360446808862,0.04339227531115856,0.09500548567261638,0.6064590480452112,0.2215883839639371,0.19431745637150105,0.3146401581066972,0.030876845821110718,0.31131482954639617,0.3646871012114884,0.26732032350552704,0.3374718589966687,0.24621427269262,0.3949676080147167,0.4214913488788346,0.8154198528315021,0.13474560400404378,0.06414537032433416,0.15196484031886506,0.46594321251595155,0.3317013871625316,0.3288312451316726,0.46873414375445405,0.13227208770446977,0.10321300485589749,0.017762491920648292,0.7674773198097417,0.06134957490180479,0.11591490578232981,0.33719763337145126,0.5851150748272264,0.43574455990321337,0.02579568769784052,0.176262723943055,0.0600027179767646,0.5574744941082881,0.2268369793997249,0.24879489219244602,1.6129276918742443,0.29806631697575364,0.1278282122673561,0.0222246391222924,0.07070180148825803,0.19056279520708,0.2946754918046371,0.34102732892490767,0.025423250302457786,0.04825771060176672,0.16697095576658547,0.5130239894595536,0.3111292530535806,0.28556228972969394,0.044471154642934066,0.17711203367639491,0.3001071280597955,0.031747443610268676,0.6415154874956495,0.40168601567808543,0.12034502560532988,0.06095401813089378,0.13034947546363046,0.13338412138086478,0.06894967599728202,0.20790112530867266,0.3815977891579243
8,0.20903260743466076,0.09149713286597394,0.37707764464111104,0.38585907124745183,0.2820284558908832,0.3321994978372197,0.23470703027892403,0.09826771242479984,0.0,0.0848246490661098,0.19559131739007937,0.16246399509438336,0.8473648220885333,0.04681841760718605,0.09463745670296161,0.23166702298679132,0.2993934602827359,0.1873754122540977,0.2178427633868643,0.048103399128258666,0.624270206665672,0.20977308208621284,0.9076141715971429,0.1696781600623145,0.26298200997696347,0.49436394371799325,1.210202166094897,0.5320952451979649,0.09110048227514542,0.3532549594789441,0.8141748703160476,0.43527152422148196,0.40008757188551347,0.038928346508891425,0.6239326720694743,0.10800429241452461,0.18821367606357411,0.21242615058254194,0.07962523409403537,0.048710601766684916,0.3691361805797246,0.04116169475795092,0.5363232652181839,0.11309660418634715,0.17145728301761715,0.5699622714993617,0.19400780589668376,0.08339728865244699,0.05574138616814994,0.2643912726429009,0.4564591391968711,0.08856811514940582,0.07790260030825834,0.25894743863835995,0.377098791826182,0.07317894728119459,0.4778127662042791,0.04318160725235748,0.4998584083262897,0.3514039510101261,0.9243941480634413,0.3830421866454532,0.06654085251661443,0.3846066391554384,0.4265571686637166,0.1041338935017153,0.30125156200798814,0.01976515189181124,0.06200315716203452,0.5445253815939941,0.232399807752863,0.25913780473657166,0.15438346674621722,0.08924947380632758,0.1365009529491705,0.32977700160758383,0.25487444273189813,0.17174284459470657,0.38910856162680857,0.4902294287276886,0.15793982333151033,0.07313128324963955,0.4694215101344072,0.0839444140605579,0.33823081257561444,0.6272520426258307,0.19367298927725018,0.31083046619930715,0.16676169641525385,0.3032148113160643,0.150844760436865,0.14333620875387396,0.19021369263660318,0.041143398133876935,0.6093636454034704,0.5595994133147715,0.34287629891115196,0.023849806924211528,0.24632614063872452,0.28758818508758843,0.3498129319345697,0.31776888910986256,0.3943452990603092,0.271550672036328,0.025628813868310712,0.2561124977212084,0.0632254760602595,0.21552149521868108,0.12972463083577784,0.1032553820911847,0.5585607815840501,0.14583926647773415,0.14045289116491821,0.11033299358623777,0.27838965677256833,0.3123414043984819,0.31796807205953037,0.2452504267554981,0.1204036278360596,0.5467065082285087,0.4655325245695155,0.5439965445234426,0.07412351049901388,0.03732033179204163,0.14701392963091858,0.08988210775783491,0.1133908003115729,0.10687347320969853,0.051107210924940735,0.06748353469563634,0.1390465122060359,0.4128559306584464,0.5238665125374965,0.4056818475612787,0.19597851306783345,0.05679512421485277,0.05524390526856594,0.08487044034538191,0.6470578232983643,0.2550830143025241,0.16813410066457846,0.3546834054260096,0.10958964351414505,0.3482859344702431,0.3307027378643996,0.16908212764546976,0.2393386864217173,0.14806992989608708,0.29721387493992274,0.4745636487180762,0.8564237723528731,0.055837841197235616,0.1483126999121629,0.12526684234077462,0.5256004076965147,0.3115521056033412,0.30056530602098147,0.5211443510830475,0.11338134539849846,0.05532468221216791,0.10288333416198474,0.7863659573410231,0.04692610914996933,0.13480939359286698,0.25529580370904387,0.6138288337559457,0.48383152687316666,0.11590358640348694,0.15256079815707912,0.03897524818111005,0.5763631316395699,0.13138770944165468,0.20887423556903492,1.6344931553390014,0.20203082583403764,0.03442758414955504,0.09207969969671356,0.14535689189413145,0.16360113690979297,0.27578474949866594,0.4063072225260611,0.10213400951291866,0.1289647740267489,0.11553129816536566,0.5620944331195412,0.3486275128855301,0.19145445731616365,0.09478028306733623,0.1393738626758812,0.25722359502146214,0.06821610401233034,0.6769438257180264,0.30355605827077015,0.07562384195959496,0.10666499279073235,0.11618431694260761,0.035533684681549264,0.050337211422131614,0.18819358126584793,0.31353347751868604
9,0.26189588823149207,0.028657717230978298,0.3035822685162168,0.30607204295729123,0.22298017037073867,0.4121611727075358,0.3128458874028407,0.050940187938149445,0.0848246490661098,0.0,0.24821238336730808,0.22378402857190205,0.774463655347288,0.07477016523309966,0.16306925868841052,0.16035262433915043,0.2191982217139827,0.23999533469232176,0.1409431545103499,0.08878603390841742,0.5492985382588377,0.1292309368733323,0.8364133479175988,0.08932870945822766,0.1884028737632377,0.4163701668904025,1.1471432904091885,0.4553402194269047,0.03817626245048809,0.27300522879066613,0.7412524072324697,0.3599652629311058,0.3206276123237044,0.09858751387991181,0.5570715291933906,0.03279599429887803,0.10943296209748248,0.13198689073401945,0.1336831982631465,0.11979781733207376,0.28920325991481455,0.06469358126584795,0.4590011766850627,0.04089180297983061,0.094303725616931,0.49460483269527167,0.25305895855085436,0.03110322511145365,0.10836652911052554,0.31701088019357304,0.3789419529657436,0.017448200997696298,0.13066002916853114,0.19216455360546242,0.2979809327300751,0.06002666600374547,0.39963577454051274,0.09290966870514916,0.42294177894893853,0.2715478629079037,0.8529273438406338,0.3037378975455344,0.0738963025572184,0.3050926846649761,0.34835833374765895,0.15908999983426975,0.24485719849516896,0.08602293707220862,0.04347561278774922,0.49190192910058184,0.15174914234574666,0.18099906362385854,0.21373677886607334,0.14191142544622878,0.18912488606042532,0.24954086080312904,0.1743879166045178,0.09267573211355838,0.3124841644707403,0.43064692818906514,0.07964158338719567,0.03174949866587116,0.3898750559339731,0.13658399211123812,0.2617803327864234,0.5564458724871145,0.11299751404564208,0.23220810752581247,0.0949360032483137,0.22461490909693566,0.20346604186347142,0.19595581630454595,0.11041345564228772,0.05598185253318749,0.534857513382721,0.4828609274267058,0.39549590646182403,0.06727731649513582,0.3127114055585939,0.3454635973416861,0.27245542683836327,0.23740661098128907,0.31438218233646564,0.1957118198843202,0.06476528447604366,0.3270751669732677,0.11592143555577657,0.2683267704138285,0.07710502328510578,0.1564569349840069,0.48244431462238346,0.20166026947745244,0.19313648718076198,0.16295260113690982,0.35806065728633224,0.3649779495848457,0.2380715126203616,0.17894232585889716,0.17713785445565886,0.4795515255473244,0.3872514377102703,0.47777144135633665,0.06733838810719434,0.09071341918162383,0.1996521321201876,0.1554605479043405,0.18532020749432374,0.036846202290392684,0.1045115514012496,0.07584793417192862,0.19169392929945805,0.3338606125391537,0.4557380301297667,0.3277260561162762,0.14335890551716135,0.09070036792124499,0.06650672864979529,0.13147940801140223,0.5734182452476839,0.18785951871923634,0.22075763602313594,0.2809213858366893,0.03336823613251795,0.2776044432290889,0.383359717595585,0.24766078324135302,0.31815015992973045,0.22501592668091938,0.37667905500588345,0.3971773894164638,0.7845391123485639,0.11996834551450963,0.06846363877425875,0.17791810437693711,0.4477364142594342,0.3641841926448897,0.3531864217172973,0.44441262699083506,0.1660009529491705,0.1103429539766983,0.06655572681018909,0.7337425048476107,0.0770043255605827,0.0821800908201992,0.326853295546827,0.5513862095825254,0.4092761232370441,0.04705029914317438,0.20520562985796906,0.08141296673793066,0.5237396791461575,0.20253182021578087,0.26374805681234353,1.579198826629543,0.27364259434196786,0.10832772336299903,0.04247512388339219,0.06528543727937157,0.2162241750774789,0.3284043570493379,0.3269173503041152,0.036128250385322934,0.05035153051923304,0.1681550158272427,0.4862698834916058,0.27826182071297173,0.270755133495749,0.027538573725119732,0.19201179999668538,0.3114247335885579,0.058305788959048074,0.6077982067982564,0.38010521387493995,0.13164453338636703,0.028940809426738927,0.11401362302988116,0.11313247650773134,0.055328104542667275,0.24096106995475564,0.3727436483866156
10,0.057003612920333444,0.2510418634713867,0.5453477601551235,0.5438141334791757,0.47119109531149017,0.1939434693979019,0.10429064121049401,0.24324617577354618,0.19559131739007937,0.24821238336730808,0.0,0.04428733489119806,1.018859518719236,0.1932345746532093,0.10312626990835114,0.4085643447852965,0.45617566582144214,0.08060482440875724,0.37902383201577766,0.1885258207792638,0.7924693564692818,0.3627258572399278,1.0831183811465224,0.3223741195578316,0.43587613318086144,0.6564086991829496,1.3953297535590583,0.6968119541258556,0.235104915560417,0.5096885679245594,0.9855941099454747,0.6075986675284641,0.5588639602910223,0.15949314705248682,0.8052808796963823,0.2584339896252838,0.3371266096554466,0.364605860223073,0.11607140489567276,0.1486014435108305,0.5266793533204064,0.23675301214803035,0.6999340890634579,0.2614815873647227,0.3263689073401946,0.7376160692089695,0.02484432125159517,0.24079128755862708,0.15533694625366679,0.06879995525282158,0.6197708032947182,0.24747345829397238,0.15303269029980612,0.44037547854621384,0.5368575299557499,0.22060004308987552,0.6394582276802732,0.1815310578564443,0.6648388770115513,0.5092868377003266,1.0980476474585263,0.5424098510084687,0.20772352872934588,0.5434260677173965,0.5884970002817418,0.09146115281990089,0.49306812343592055,0.1986795770562985,0.22018366230795997,0.7401136495467276,0.3871742239679147,0.42261496710253726,0.04220778435174597,0.1258677555146754,0.11047900197219047,0.48622864150880857,0.41035525116425525,0.33430328643166113,0.5564729776761297,0.6788578531298164,0.319905823762409,0.25539639370887823,0.6279664064701103,0.11183429456901837,0.5066887502278792,0.8046453620378194,0.3467780871409867,0.4722929448615323,0.343114677074529,0.46453767878155083,0.05308713270024361,0.05506715391372081,0.34901424451847063,0.2007885944414061,0.778052826530105,0.7241463647060773,0.1472849815210726,0.19240550887485705,0.07361021064319924,0.10105049801952304,0.5134230762856528,0.4738769701188287,0.5527139743780971,0.4410869669699531,0.20178808896401998,0.1022528464177398,0.15150343061701388,0.04686267588127083,0.32531594822585713,0.10849291503008,0.7257884038515721,0.04981461409701851,0.07075721341089507,0.11740110044912908,0.14198876348630238,0.11677257660882681,0.4759516730472828,0.42715404630504317,0.07524029234823247,0.7277624504880756,0.6272364888380649,0.7259823828701173,0.21954807007076685,0.17006451880210147,0.08679635061900268,0.11871202704718341,0.10367715739405695,0.2564043156167653,0.1521469779081523,0.19246443427965323,0.10095023119375526,0.573129294486153,0.7039438008584827,0.5687169078042392,0.39156983045791266,0.2523843368302425,0.20235472082732556,0.1665729627604037,0.820939201842921,0.43607044365998765,0.05927594093372445,0.5291170635907125,0.2590781418319826,0.5257917350304113,0.1353033692968065,0.08918082831999202,0.10783507350138385,0.12417837551169225,0.1605786555958833,0.6382864068015712,1.0299902633454314,0.14019644011335947,0.29873972886524475,0.09285028754205411,0.6878427965329221,0.11597260478297616,0.10497470127115133,0.685954946220521,0.12965268731666088,0.1411684731268334,0.24637009231177173,0.981954225293757,0.18439614511344232,0.3303918112663452,0.09418817017186232,0.7995971345232769,0.6514411077412618,0.26503249970997195,0.07174413729097263,0.18705281824359035,0.7719513995923035,0.16334338487545366,0.025578829612688307,1.8274097515702954,0.11844201097134524,0.19087390410845392,0.23458359435854093,0.29773933939906194,0.05799409171514276,0.08019596778203153,0.5653521602943371,0.25297557964169104,0.27683750145014013,0.08022180513432438,0.7289197285337841,0.5256110475811664,0.04676081804471402,0.25894804355392026,0.06632554400967863,0.06658222708364409,0.21568488042559544,0.8559842556224002,0.1788444041167404,0.12646267753857374,0.2754309236149092,0.31177563433268696,0.20511190937867715,0.2271653408243425,0.07972984305341488,0.13840348696531266
11,0.04699593132136759,0.2185290690929582,0.5198687913289913,0.5256682825369993,0.4385906461824027,0.22305335686703462,0.13200232851058188,0.2206372412535839,0.16246399509438336,0.22378402857190205,0.04428733489119806,0.0,0.9981901257892907,0.17329543910240475,0.06999488722053732,0.3788922835976731,0.43785651071446324,0.05922365302706381,0.3555271466215881,0.1567122424965611,0.7728863255937287,0.3432632294204411,1.0598370456918407,0.302942731898109,0.4121429340890635,0.6383321732212999,1.367223661313578,0.6781950976980061,0.2129904539352657,0.4912147698834916,0.9649265731947826,0.5835397421236681,0.5408286845986843,0.13241746631531845,0.7773485390874892,0.23864971245794592,0.31546107824127,0.34469310893452,0.0925419049039593,0.11548781053713186,0.5084712706541376,0.20362141401083875,0.6815275278012562,0.23444750493047614,0.3019095609804604,0.7181003745504566,0.03191259384477702,0.22280269808912978,0.13585461310263675,0.10193155339001311,0.6014639950943835,0.21903486136661193,0.12827171481131608,0.4072438804090224,0.5188436997630057,0.19981603109100252,0.6214102404746514,0.16067003099156432,0.6460121065977231,0.49118187242082223,1.0765849864929813,0.5244225045161506,0.1853542733555412,0.5254243358358608,0.5698233646563582,0.06524947380632758,0.46066665009363755,0.16760081373572644,0.20112798521685807,0.7069812559041416,0.36844132319063966,0.40350857654253475,0.012639056000265162,0.10317741427600721,0.08798619466679924,0.46754406768425066,0.3917568239447124,0.314904895672782,0.5358776164669617,0.6472001110392948,0.295070717114967,0.22236920565471757,0.6099058900545253,0.09291774805681238,0.48486307363396813,0.7790992061519083,0.3273260329140358,0.4539784302026882,0.317492583569499,0.4464346525464459,0.03846069706160195,0.04504749001474998,0.33100797162697426,0.18187420242297686,0.7584904953678383,0.7055737914118563,0.18041657965826413,0.1676779446129369,0.09348436334708894,0.12518842705381264,0.494919363927145,0.4554061883690482,0.5346885596380451,0.41937009231177186,0.17409952103946036,0.1332286912278957,0.13085932812940218,0.056084729611030976,0.29218435008866567,0.08498224199937011,0.7057965992144383,0.03071854853411558,0.05021339432208027,0.09874907605363029,0.17098346840352008,0.15105179071578906,0.4577253600490563,0.39647124579459375,0.0493746913273339,0.6999338901871095,0.608769668042228,0.697729420441174,0.19436567559952933,0.14907390742305973,0.06170028505609966,0.09014740880690764,0.07511684814133478,0.23631042112066822,0.1303303004690167,0.1686699978455063,0.07296452543131308,0.5550285056099703,0.6765992890170534,0.5484409420109712,0.3584382323207212,0.21925515835529263,0.18258938663219476,0.13866195163990125,0.7963468900710983,0.4035208240110045,0.04593562206864549,0.5040372893153682,0.2388472215316794,0.4996666998127249,0.16824035035383422,0.07431726578166689,0.1359923598336068,0.09114127678615816,0.18963847594424832,0.6197901357331078,1.0080357977427532,0.11161657468635544,0.27841295016490175,0.07065770065794927,0.6697433832181509,0.1490923863504533,0.1381070949137374,0.6673749979283713,0.10562387510565308,0.12165075655877626,0.22351890982614894,0.948821831651171,0.15951330814232922,0.29725941762375907,0.12154282470707171,0.7695145262599645,0.6280734765243043,0.23780938530635243,0.053948640182966204,0.16706459338073223,0.7388190059497173,0.13073812956794115,0.04641451631614711,1.794946344818443,0.12507331908052832,0.15775002900280083,0.21372601468370372,0.2786292861996387,0.03358335404961964,0.11332503024577804,0.5473432191451633,0.23360320853842456,0.25610789870564643,0.06240574089726379,0.7096443262235039,0.4932182750791361,0.07430400735842489,0.23078936508725698,0.046530229204991766,0.09476387576857422,0.19581097631714145,0.8294636222012296,0.2066926697492501,0.1019400719269461,0.2522447007739604,0.2786440361954955,0.17203130645188025,0.20001730224233083,0.054395291602446175,0.16891061336780527
12,1.0310310992890175,0.7811633686338854,0.4835861880375876,0.48786062911218286,0.5660734682377899,1.1629735908782044,1.0661038880326157,0.8029198776910456,0.8473648220885333,0.774463655347288,1.018859518719236,0.9981901257892907,0.0,0.8369514161653325,0.9363752713833504,0.6193980427252688,0.576310910025025,1.0086576509388618,0.648987479076551,0.852005386234442,0.22676637000944672,0.6762601468370373,0.06735097532275969,0.7119074479192562,0.586153888861267,0.37042531364457476,0.37849499494522615,0.324674356552147,0.7990209648817514,0.52645565886077,0.033784525762773576,0.41470993055900834,0.4728333581928769,0.8659391852698916,0.22438929216592912,0.7646401166741247,0.7107149273272675,0.6806723097830589,0.9058183430285552,0.8861979979780903,0.5072856195826911,0.8176957440461392,0.3235918643000381,0.783307379969837,0.7124648071728069,0.2813910820530668,1.0271945673610765,0.7802675881270819,0.8771813835164654,1.0856731964401136,0.4028350486418402,0.7798201412022076,0.8991841594988318,0.5943417275725486,0.4913663468072059,0.8199194799383482,0.3885287873514643,0.8577283017617132,0.3547345415071512,0.5211872918013225,0.10269392101294356,0.48134408094267395,0.8335667893070816,0.48305981206185045,0.43340507797610156,0.9330083693796716,0.5523351397935,0.8341694343625184,0.7991778368882482,0.3167008899716602,0.6468636868360431,0.5965958169674672,0.9881738345017319,0.9106059099421598,0.9577867216891232,0.5498945043835662,0.6218268284194303,0.6849193473541159,0.4630316296259468,0.3613633885215201,0.7043968411806625,0.7785879199191238,0.40487894230928595,0.9071847064087905,0.5139106050812905,0.2201538308556655,0.6879636802068312,0.5486942690465536,0.6812028704486319,0.5577547937486534,0.9723512322047102,0.9653659076219362,0.6734342962263212,0.8181388239778582,0.24194280647673977,0.29917179601915844,1.1641582227083644,0.8306057856444423,1.086432241170719,1.1193511741991087,0.5105514261091499,0.5573512653507681,0.4681929597772584,0.5790705182386184,0.8243925984852251,1.0878891264356385,0.8847077677787168,1.0367965080627783,0.7367142726926199,0.9245615356568719,0.2932956131192099,0.9741608826795272,0.9617279537281028,0.93161491738345,1.102006074015148,1.13395172276637,0.5509198445449873,0.6031710916654236,0.9496648519199856,0.3009891943850576,0.3953542153499395,0.303964508858284,0.8252691045592402,0.8510207577188885,0.9682957539899567,0.9109881088516545,0.934666890402559,0.7802532110243787,0.8755563234392347,0.8451624156847147,0.9605149654452344,0.45091065480037795,0.3238598998989047,0.45303528397885284,0.6655807769436021,0.8056617776230961,0.8275820116342665,0.8973961533999568,0.20188138683107107,0.5956333714513001,0.9895035632012462,0.4942106431992575,0.7749393841462402,0.49934506703790255,1.1535843069987903,0.9867298347669005,1.053440709988565,0.9551624571172874,1.1163791411856345,0.3821038631730722,0.03280695735759625,0.8875799482921493,0.7433075788461857,0.9465329554682705,0.33915305192330014,1.1328340294005537,1.1224237226337856,0.33429973980344396,0.934663269195711,0.8794447703806827,0.8029153201080561,0.09617888098907836,0.8463370539783555,0.7291509802946685,1.0965272460597626,0.23681028853643576,0.3745854339647658,0.7862747725351761,0.9738383963937088,0.8449522448167852,0.3145037372180512,0.9177305391206352,1.036984545650408,0.8106210991232867,0.9732219791511294,0.8532962594673432,0.8109015893534861,0.7331359734168614,0.9852148527486368,1.097066673295878,0.4639753310462553,0.7778016871343575,0.7638476524304348,0.9389001972190457,0.29023273504698455,0.5052515537214736,1.0269430302126317,0.7680535391703545,0.9611843335156367,1.0849856726163842,0.8182239927741595,0.17194259931387654,1.0983852732063841,0.9017958700011601,0.7461210328311704,0.7808256765939111,0.855870978968826,0.7985990818541903,1.0106039128921593,1.1446902749465522
13,0.19423702746150914,0.0689455907456206,0.3640588756857091,0.35374517310528836,0.29107695686040536,0.37773100316544866,0.27960599280730547,0.052226569880177015,0.04681841760718605,0.07477016523309966,0.1932345746532093,0.17329543910240475,0.8369514161653325,0.0,0.12066820795836852,0.22844941082881715,0.26548931039626106,0.17189997348315356,0.1961447322627157,0.02485844147234788,0.6102291469861947,0.17000280912842447,0.9030042426954373,0.1297699497837219,0.2557523326538391,0.4692051160940685,1.215214819602579,0.5124132733389682,0.046525655048973304,0.3184567112481147,0.8035208405840333,0.4274845290773792,0.36930339415635,0.04687023318251876,0.6251667412452976,0.07471839937685411,0.1442072540148162,0.1715621571454615,0.09432843600324829,0.07578835413248478,0.33628814696962167,0.0566388736969456,0.5142488937503107,0.07857625250667064,0.13665502411375724,0.5560712640249258,0.19814899981769674,0.05688015214040669,0.04029485075987339,0.24891409370390627,0.43454907273902443,0.06928686255987003,0.06244752979001973,0.26026134009512925,0.34854153201080557,0.027589684946717635,0.45185366015346623,0.02150034803361002,0.4824874127844346,0.3195231193755283,0.9163350403553258,0.355831502013623,0.020739969174165963,0.3547816917748057,0.4051782512139743,0.1204837087124414,0.3129539849848357,0.05035083445201275,0.04006843003695785,0.5599987155902484,0.19552497555478215,0.2424578050680322,0.16644274018462354,0.07391507151262036,0.12103103299690084,0.2949882497224016,0.219041507151262,0.15418187242082235,0.3763587563598998,0.49874371467873185,0.13979148643497574,0.07528225525779347,0.43819201511460243,0.09034151212317074,0.3265738162714,0.624531223586735,0.15416327748222533,0.2889985912925304,0.16299974311804963,0.27926999121629464,0.14029348348497653,0.14113240192910056,0.16357706458509416,0.029210759210460877,0.5951333714513003,0.5385965378942309,0.3274043570493378,0.028315782495566724,0.26609982764049783,0.2886260958915462,0.32778813039659266,0.2827779131241817,0.36981273305822104,0.2609683372279952,0.031161628465834694,0.2907024892689637,0.047972944530071795,0.20011239828303423,0.14520180977477254,0.08890056182568484,0.5455963555909115,0.1630872569979615,0.12502534844793575,0.0948558146472431,0.3242362153830855,0.300438414624041,0.28688233149372716,0.2470391123485639,0.13828537098725532,0.5476483120369909,0.4427298181938713,0.5458682278460034,0.03237251197401348,0.036595949551699584,0.1315750343890353,0.12332799681797843,0.15285646099537611,0.06321261538971486,0.04320952451979649,0.03136640481280759,0.12364435936956193,0.3863171000513763,0.5238296624073981,0.38785075158686744,0.2114556920068281,0.07227019837915777,0.010063068662059273,0.06266645121728898,0.6408250633918361,0.255956305208903,0.1527495815310164,0.3490021296342333,0.06652160294336999,0.34567680107393217,0.3197871857339367,0.21565857902848895,0.2856989426407464,0.19480816718871696,0.34316079981438213,0.4558590049553359,0.8497818243590383,0.08303435588922581,0.105906122076932,0.10987017517691712,0.5006701221432241,0.29609754884900313,0.2865079882000034,0.5028232237856114,0.09790597291967054,0.053425321931089356,0.05626881453123184,0.8018392913372778,0.018180248263975202,0.15027687730986589,0.28658229337576036,0.6194829960721921,0.47011165249672676,0.07648252374086412,0.1371429672351216,0.01128487379638376,0.5918364656358244,0.17735187026632862,0.20571368435008863,1.64729561311921,0.2482940966870515,0.07878585160509788,0.049149845042178356,0.105574321748786,0.14875940105073,0.2603132882546943,0.3763396973764894,0.060443220802466044,0.08546389565620909,0.11589128921593,0.5472012545782994,0.34549690913008185,0.23407204295729134,0.07883310959744112,0.1277081489583851,0.2549614345613948,0.022544656026782003,0.6758696034074146,0.3502852135434793,0.07171314572664444,0.0953159896584299,0.13166149588160228,0.08215934138782548,0.04705120237325776,0.17389273935597208,0.33143552263047105
14,0.11647075689023688,0.16579202505841997,0.4598508013059548,0.4684410745952038,0.3738236215383085,0.25991251097963175,0.16604448200997698,0.17160796499776262,0.09463745670296161,0.16306925868841052,0.10312626990835114,0.06999488722053732,0.9363752713833504,0.12066820795836852,0.0,0.3173625018644658,0.38125445400155794,0.09491036477236951,0.29778589303767056,0.11065288619300953,0.7118657667511892,0.2890811001176686,0.9975031737350637,0.24864802200898267,0.35052559704337166,0.5792647127065415,1.3028966837368865,0.6181195661180993,0.16357433003530059,0.43494379257196836,0.9030535143108107,0.5221935066872172,0.48318106862891336,0.07459140854173918,0.7143620875387396,0.18467469629924269,0.2645647011054211,0.29125126369346516,0.032452269676328756,0.050510126120751085,0.4514896750029003,0.1336816321119011,0.621897114635642,0.18475452858018854,0.2489893518288338,0.6571990089328629,0.10138962362651022,0.16492151842092184,0.0862187142644061,0.17192622516117267,0.5418589718092776,0.16429511592833823,0.08382897462669252,0.3424672434080777,0.460639478612506,0.14812915361540643,0.5624870647508244,0.10921056862062686,0.5858079848853974,0.43391051392963087,1.0143184838993022,0.4663762077594923,0.13651795687697837,0.46765439433865347,0.5109035698304579,0.019586726661031836,0.3949316279686438,0.10363209532806314,0.14288306070700546,0.636991904075308,0.312926937801422,0.3438229751901756,0.061918419264488975,0.058209077048012065,0.06788935017153086,0.4113817265781667,0.3358736720860473,0.25552002850560995,0.47524700442499873,0.5826329405525449,0.238287948093273,0.15805933144400802,0.5523967583155174,0.03510735179568773,0.42430291353850735,0.7167290061154478,0.2731148676643631,0.3949841893302839,0.25529603573145065,0.387479954921361,0.05837971295513681,0.051070054193805,0.2729317439798472,0.1223141583387196,0.6973536601534663,0.6456231873249476,0.2504112514294237,0.10713886541043106,0.15370432887518853,0.1951197401349044,0.4351273305822105,0.39920476806045835,0.47681091002502524,0.3583382803825055,0.11212392482474022,0.1789385886408459,0.07934166128043219,0.12308947778385453,0.22219085500256874,0.047515702945027306,0.645171522564179,0.05887729329289508,0.04798255688692227,0.06553633636619766,0.20616846484031892,0.21987635691675367,0.4003599827640497,0.33340864117734803,0.033409154941248624,0.636915286961998,0.549921999038764,0.6344748007093255,0.1456891894131491,0.09131203699100085,0.05663981835960156,0.02911422131622997,0.0441443013639603,0.18344191981968544,0.07928683770032649,0.12341154974394676,0.058406917582326544,0.49658569913323053,0.6138467326273225,0.4896681996718541,0.2888118795472247,0.15083760917482888,0.12955618256848814,0.11033799035449712,0.7348875602843931,0.3408408243424652,0.07566863885712392,0.44237346492318397,0.18595755647259649,0.4372542551252094,0.2381792870282901,0.10025393195114277,0.16894727290806943,0.08176840849202013,0.22527652927625588,0.5600749349508609,0.9459476706607667,0.048961865460150196,0.22573909909014075,0.03892160128606703,0.6106115696315817,0.21908705812161292,0.20810025853925324,0.607290815227299,0.07812362651021727,0.07222468884137956,0.17491163260909195,0.8798347337542883,0.11163015628366396,0.229133951507317,0.1700597789157924,0.7055119325809178,0.568039112348564,0.18840313893170255,0.06014732594176239,0.11422814431793704,0.6698287426042858,0.07687695354579956,0.11640918808730671,1.728876232619036,0.1409685029582857,0.08948927725020303,0.16251576095062897,0.22407129717098395,0.07113608942806476,0.18331970201693767,0.4895092891827841,0.17962653507681603,0.20448996503090874,0.025396832894148062,0.6489662490263346,0.43283191633934937,0.11734175243209204,0.17334473557732147,0.04690054525265583,0.1647585475397339,0.14290501997050004,0.7665072175541523,0.23668033112912046,0.05404551782429276,0.19158793649215264,0.20917751371418153,0.10248039410663087,0.13782526226818476,0.09572853378411972,0.22394771209333933
15,0.4220227713419181,0.16209559323157496,0.1474766154560069,0.15495853428131062,0.07257423059712624,0.5583496743399792,0.4585907787666352,0.19408805250335598,0.23166702298679132,0.16035262433915043,0.4085643447852965,0.3788922835976731,0.6193980427252688,0.22844941082881715,0.3173625018644658,0.0,0.06973303336150746,0.40034795903147224,0.03899189578879338,0.2353790500339747,0.3945220089825817,0.06796677936326417,0.6809501649016388,0.10359434196788142,0.03332570973996916,0.2627751454283299,0.989368335570692,0.30104709226205273,0.19017934503389183,0.12339892109580866,0.586155272709193,0.20489396576012187,0.16891860156780855,0.24907389913654518,0.39885198627753204,0.15373101145196302,0.10210818044714026,0.07240071926946084,0.2925041929763503,0.2679801372246806,0.138452684002055,0.2024893849748919,0.3050500836937967,0.16877338868725036,0.09855754155687035,0.33989222559207144,0.4088529557997315,0.17172527718391087,0.2687170818210444,0.4773635045327234,0.22503118215416235,0.1617443444538358,0.29087464989476125,0.03700606572863325,0.14559652132120182,0.21163572482142562,0.24676839191899103,0.24944333681366937,0.2686691526210245,0.12070847213245162,0.6976931669401216,0.15165627537745072,0.2252570973996917,0.15337788992194099,0.19505100349690907,0.3171061253915379,0.08462454631332968,0.22266981554218654,0.18838098079185933,0.331551127794627,0.03855421037803081,0.03886094399973483,0.36897377318152436,0.30222919670528187,0.34947702978173323,0.10019761679842225,0.029704759773943927,0.07427792969721071,0.1580146174116243,0.2705053282288403,0.08868581680173684,0.1602129137042377,0.23816019489882165,0.2969208389267305,0.10759572581580736,0.40023267704138277,0.07952969058154757,0.0792073948855632,0.0870083942392151,0.09538127910638226,0.3638169923266875,0.35630844064369643,0.06497430351845408,0.20804802863819422,0.3800391372081075,0.32856566234110607,0.5558485308009743,0.216164106133678,0.4673058138185916,0.5016131855019142,0.11850695238568756,0.08866074180878038,0.1644677488854638,0.041668315683057365,0.2080908782048095,0.4759725136313164,0.2762184905285138,0.4284879265483352,0.12571839109033958,0.31620706342498206,0.3278838976449726,0.3588246407795952,0.35342513962776984,0.3233052254760602,0.5034198279719585,0.5253136362883044,0.08769972985962642,0.018855334029400487,0.33357228326621263,0.321470649165548,0.2338699431545103,0.3193784451184143,0.21306428677969472,0.23856008551682983,0.3599860620825668,0.301870962395797,0.33024422015611793,0.17198894578962198,0.264080636072855,0.23619467508576544,0.35202340111702213,0.18130894612108248,0.29799161404729935,0.17406036725832366,0.07661108072722453,0.21756566234110614,0.21889496842837963,0.289086461492567,0.4176283083909247,0.027663012313760595,0.3811101774971411,0.12520629277913123,0.1657999801123651,0.12086793781799499,0.5436789638542238,0.39109612356850454,0.46135395846798916,0.36595183877757326,0.5211082633122857,0.2431770248098245,0.6291573360513102,0.27188049188750235,0.13488063275824924,0.3382448250716783,0.2940515338338389,0.5245251329985582,0.5135390460564477,0.29014967931188784,0.32635357728832104,0.2681209251064817,0.1946011037637349,0.5733898805084605,0.23389694890535137,0.14730884668290825,0.47937201478314184,0.3918270521553224,0.2531102769353155,0.1726685891380368,0.3655370572929614,0.2366281840932067,0.3633870548070071,0.3378414209715109,0.4218464674588575,1.4189729859626448,0.4069726793616069,0.24575244037852806,0.20259189744609618,0.12482628150947146,0.3765767994166294,0.4887569813884884,0.17496433484147905,0.1694413811962412,0.1555379605230448,0.3285035300551883,0.33165822270836454,0.1199165050796334,0.4191894297220703,0.15016747045857576,0.3523482490594805,0.47019582691128453,0.20991430086676943,0.4507214405276852,0.5192686239413976,0.28816555627372015,0.13314217172972695,0.22409300783904268,0.2568513316428845,0.18558526823447521,0.40116645950380353,0.5279049039592967
16,0.4556701718623113,0.21950613202074942,0.10361374898490201,0.0886442847909312,0.049741145859228696,0.627803203566516,0.5280329223222127,0.22875877127562608,0.2993934602827359,0.2191982217139827,0.45617566582144214,0.43785651071446324,0.576310910025025,0.26548931039626106,0.38125445400155794,0.06973303336150746,0.0,0.4323468072059532,0.08472484628515561,0.2857817497804073,0.3496180248263975,0.10002933426142299,0.6425556688045876,0.13695371981637072,0.049265773380400724,0.20608201992078093,0.9547666268913969,0.25171356833888536,0.2282311937552827,0.05394804355392032,0.5428107940138219,0.1670359551865293,0.10438379820679826,0.30743359187258645,0.3647181673544473,0.19930539120635077,0.13523038167685902,0.10450951291867616,0.3502963091864299,0.33367443941729236,0.07083826380947646,0.27062734715523956,0.2529181706690532,0.2129234988978936,0.14176416579658263,0.2954872221946006,0.4635547490014749,0.21651333300187278,0.30442001856179257,0.5093626675947562,0.17350935547490018,0.2191445416728815,0.3239852997232304,0.04332585061071613,0.08513722468055482,0.24374103813453982,0.18856267919587655,0.2819341885016324,0.22202314423507177,0.05534634316113955,0.6554013904771374,0.09536880790202026,0.2580260610881851,0.09329039261505827,0.144761447819818,0.37811980642702075,0.05329322660302624,0.2918024743532375,0.23842434412237523,0.29955683720313564,0.07067642818077864,0.048773148378329065,0.4294668953744676,0.3379917632045609,0.3814758116640979,0.031464716021147206,0.0471972853378412,0.12823269361441192,0.11591018246904981,0.23830160426921232,0.14324886060425265,0.22651826347801585,0.17299964367987536,0.34756407961683156,0.06637864399476293,0.36408264969588483,0.11383681366943434,0.028550017401680484,0.14645612290558346,0.05245331377715902,0.40406700475645935,0.4017859841893302,0.10939006281178008,0.26074075639304595,0.33439491870929255,0.2774244187010059,0.5903985647756839,0.2757189297137839,0.5297688062447172,0.5541028273587563,0.06607276388405517,0.022959942988780062,0.11164367987537085,0.05617280697393062,0.27462989111519914,0.5446923880077562,0.31020537297601886,0.4612932680355989,0.1950601352359171,0.35412210179154446,0.2851481628797295,0.4208398962528382,0.3889128921592999,0.3555357977427534,0.5728388355789787,0.5654918046371337,0.025800651320041786,0.058845067037902474,0.3963256517343674,0.2871997381461411,0.18228124430302128,0.28542248794312136,0.25321167901357333,0.29000536137489846,0.39243818260163416,0.36948705646431007,0.39929404696796444,0.20477226172127488,0.30852438721225084,0.2744058734814962,0.3863897893568007,0.12572845091897444,0.2633810885165482,0.1274074479192561,0.14176457183579444,0.2851837948921925,0.25632226254992624,0.3210867183745173,0.3803769866918576,0.04812829181789556,0.41701225575498435,0.0885559754056249,0.201423614909097,0.08523048111503333,0.5852631051227235,0.4603070567957706,0.5304062878072224,0.4345027511228227,0.5903975538209119,0.19541043106448563,0.5893336316478562,0.3383809227862576,0.1671968212930277,0.3718389930227548,0.2375023948026981,0.5574505792273654,0.5515510366429672,0.24234836507068397,0.35835274035035386,0.3163968908997497,0.22682347238104708,0.5413910986260958,0.27994019622466404,0.2130865609307413,0.5460508211935895,0.35903442218134196,0.2096630786058769,0.21371246623245335,0.3982398117303899,0.2725353336979399,0.33138827292464246,0.4046433318417607,0.4711906644127348,1.3868470392283598,0.47253318749067774,0.3150671539137208,0.23459106050812903,0.16001417822635441,0.4134328709458228,0.5207784020285386,0.11253032864316617,0.20512335305523793,0.18780206002751124,0.37678539584679893,0.28675130512603786,0.08504833523923169,0.48839179469331606,0.20812228409486405,0.39266264770712145,0.5203429705497274,0.24367124910919974,0.41544439748752865,0.5869481761381529,0.33630101592668094,0.19331727406818144,0.28703685013009833,0.32616695669467505,0.2524125524122044,0.43659499660252904,0.5918769369727703
17,0.030482614892523952,0.24045270057508422,0.5359574238883643,0.5208052586221185,0.46297519017550837,0.27332624836341346,0.18155833706226496,0.20626615456006897,0.1873754122540977,0.23999533469232176,0.08060482440875724,0.05922365302706381,1.0086576509388618,0.17189997348315356,0.09491036477236951,0.40034795903147224,0.4323468072059532,0.0,0.36804296557781874,0.16707771093322732,0.7819648320323507,0.33239750410182484,1.0749024760105403,0.2967789903710701,0.42765199124944075,0.6382444687515539,1.3871133678052336,0.6840562820066624,0.21017121596314162,0.4822297187556969,0.9751576012197748,0.5993827623924824,0.5358496660534645,0.15127724191650513,0.7970649745604005,0.24661694757950914,0.29826831734036025,0.32798645154874967,0.1078524006032583,0.1403833507350139,0.5013939906196655,0.2285371070120487,0.6852317820978142,0.23227398531629634,0.3024507698171995,0.7278323555246193,0.06812027047183422,0.22865113773844445,0.13163550108553349,0.09473534529906029,0.6058310876878968,0.2388040322179685,0.10948278890932897,0.43215957341023226,0.5172913041316562,0.18874281144864843,0.6201288635873978,0.1509293491771491,0.6543607534099007,0.487497654916389,1.0876999038764315,0.5277139743780972,0.17510532988614327,0.5256064568521189,0.5770764845290776,0.08324183363993444,0.48485221829993885,0.19046319130247438,0.21196697823961286,0.7318972637929033,0.36179868741609916,0.4143563532706873,0.06298432191451636,0.09816942607600396,0.050899782893319416,0.45914329869570264,0.3868308225194319,0.32608010573592544,0.5482569896750029,0.670641947993835,0.3116897197500787,0.24718048857289657,0.6037832827855948,0.10343361673213017,0.498472364474055,0.796429456901838,0.32082657153747984,0.4608968246076336,0.33489829132070464,0.45091109398564766,0.040327201312583966,0.046388082334808386,0.33538984736240246,0.19230859808747255,0.7667395714214689,0.7097670163575797,0.18992689636884938,0.18418960373887538,0.14106949071081726,0.1483667528464178,0.49839794328709475,0.4513122855864366,0.5417109663733239,0.4328668854306502,0.1935721838280383,0.18149949452261402,0.12415320108056162,0.06366912776148104,0.3171000430898756,0.08417288155256139,0.7174949037935665,0.060846409453255826,0.04692982979499165,0.07836759807089946,0.22123998574719506,0.17691484777672825,0.45814293408906354,0.41893766055121895,0.06747789157924398,0.7195465453520942,0.6146280515089743,0.7177664611611067,0.18749416629377358,0.16184861366611977,0.040361896948905435,0.11049544241701062,0.09499216924377274,0.2284061800825338,0.1362697426208589,0.1641540131589851,0.048336341338106395,0.5580751918328114,0.695727895722501,0.5597492997895226,0.38335392532193113,0.24416843169426083,0.18147460183297698,0.11126149753890527,0.8127232967069392,0.42785453852400607,0.033889797643315275,0.5209006778368883,0.23454845953694967,0.5175753492765873,0.18733402111403918,0.12849640365269566,0.18618770612704888,0.12734968262649365,0.23999302275476894,0.6277572382704387,1.0216803725616934,0.1319800543595353,0.2654849765491639,0.06213561709673686,0.6695045990155619,0.1475673859361276,0.1512563018942972,0.6746624239712293,0.07401150168216243,0.13224054094366833,0.2057889176154726,0.9737378395399329,0.1664569101244635,0.322175425512521,0.1717220122971876,0.7913812293872952,0.6420098858118297,0.22926421551566986,0.03548280548235805,0.16374702099802782,0.7637350138384791,0.15520081539302943,0.07074702099802786,1.8191938464343125,0.17133555411922644,0.18265712060193248,0.19777197169326638,0.27553670925935136,0.03383995425843985,0.10364184026914602,0.5446823198926067,0.23091201378876022,0.24481069457564758,0.07184731268333919,0.7190809592469215,0.5173951424451847,0.12459968676975094,0.25073165780009615,0.04990817713253457,0.1231541706027611,0.19043768541076253,0.8477670080710652,0.25607345166476075,0.11219915809012419,0.26721453786108484,0.3035597291967053,0.1968916786821128,0.21894943568836076,0.03582050580884675,0.2131683571156301
18,0.38954674422844254,0.13760224730273957,0.16828569416132186,0.1714406105503904,0.10906303551600131,0.548294104973566,0.44955564394504405,0.16177681101774974,0.2178427633868643,0.1409431545103499,0.37902383201577766,0.3555271466215881,0.648987479076551,0.1961447322627157,0.29778589303767056,0.03899189578879338,0.08472484628515561,0.36804296557781874,0.0,0.20427321467044537,0.4226406221515107,0.041911756906809886,0.7120374053265717,0.07126485357728844,0.06451682991100288,0.2850462967566583,1.0230610218929714,0.32626569051525556,0.15787206450222913,0.13726133180861472,0.6155183546296759,0.23576829248081693,0.18700166558941977,0.22631869934868004,0.43220041764033224,0.12198157907820818,0.0697749631250105,0.04471683322560869,0.2720153880574753,0.25128534612771175,0.15421552395631355,0.18877512056878637,0.32924791594159664,0.13579261340095136,0.06559251064817122,0.3678108851654818,0.38140079384809167,0.14268875022787925,0.23640746449228528,0.445058825966622,0.24922066159531983,0.13722792886855936,0.25856866205936463,0.07050096952219966,0.16486444090886504,0.1793001541291704,0.2689406022638759,0.21711393128822168,0.29485916239911175,0.13686241899932058,0.7282520260528017,0.17046187374666477,0.19295241883359027,0.1712596910787385,0.2173411143704736,0.2981715888562952,0.11862996569382991,0.21406284492616723,0.1612133943220803,0.36396929846368026,0.04243737052321062,0.06801994564046486,0.34749870730373394,0.26987385438936684,0.31716829082351394,0.11413823563532713,0.0386708347834735,0.05916100697724526,0.1861318053000548,0.3046889573907424,0.06230150483103804,0.14511382356353275,0.25566994812641913,0.27084108951093006,0.13654993453653533,0.4323449924592719,0.05291557699000657,0.10135690018064611,0.0924777258489535,0.12102853875602852,0.3315123137605861,0.32633031704204585,0.047051484114751775,0.18621700724241375,0.4082019174994614,0.3532502113061204,0.523543852234873,0.19702974858714933,0.44679146986194673,0.4729973151692936,0.1426747045857571,0.1018292397951574,0.18146846152571314,0.07039207643481005,0.1964765657369198,0.46553258257511737,0.24388976449725722,0.39618213758928716,0.11561532342266195,0.2838700840252574,0.35576871509305763,0.34152029367407494,0.32111345067037916,0.2910005469099588,0.49363738212433084,0.493008957722203,0.10383203235055274,0.05368995177248557,0.3169382986128375,0.35472477999303925,0.25562520923449183,0.3528672168912313,0.18054879928404524,0.21069474137788174,0.32768138351646536,0.29341590016407315,0.3226002088201661,0.13963710038283694,0.23177357099057,0.2038899965196639,0.31970662423971247,0.20148627753194456,0.3311614047299426,0.19600874227282541,0.08278592618372867,0.21300183131971032,0.1865683637448417,0.2567817829264655,0.44850049719087154,0.06139177812028711,0.3488012396625732,0.15696447571222602,0.13349530154626368,0.15354330532491434,0.5112699580702365,0.3825478214753311,0.45311053381726585,0.35909237806393896,0.5120850776446411,0.26772691791378717,0.6596790715789125,0.2590579558825967,0.1025579890286548,0.3059073484810819,0.3164550539452098,0.49221965892706215,0.4812328593447025,0.31580915328394576,0.2940488987222195,0.23823524586088607,0.1622543628498982,0.606149604733257,0.20186474750990246,0.14578547042542972,0.4639287525481034,0.4259494108288172,0.274606175110625,0.1388204975223322,0.333215358226023,0.20429594457979094,0.3961629211621009,0.3335031820215781,0.39131873249473814,1.4529132899119974,0.40380393277979426,0.23807539899567454,0.17028721887999476,0.09251799002303655,0.34426869023351403,0.45645230282238697,0.1931632111901094,0.1371366197649945,0.12323328195694336,0.29955863537678795,0.3591329736986029,0.1505900992724441,0.4082594507698174,0.12588990536800418,0.32003314605810507,0.44064658015545516,0.17760528016705632,0.48230056845489666,0.5136148013722468,0.25673464094532567,0.11795043835661849,0.22441860156780866,0.24803013805333204,0.177897288652447,0.368861134589569,0.5116543197600225
19,0.18868659573410235,0.07511305291768174,0.3695624720330135,0.3740365849616335,0.29725061734533215,0.3698813785445566,0.27419033295215367,0.06510715291933904,0.048103399128258666,0.08878603390841742,0.1885258207792638,0.1567122424965611,0.852005386234442,0.02485844147234788,0.11065288619300953,0.2353790500339747,0.2857817497804073,0.16707771093322732,0.20427321467044537,0.0,0.6258471966721356,0.18930431395946232,0.9146323853560716,0.14944007192694608,0.26684408922918845,0.4887638674820597,1.2246620842241336,0.5298722882381213,0.06110644856560432,0.33861238999651966,0.8186197898539914,0.4380628200666235,0.3896045840998359,0.04105176585624554,0.6338580105735926,0.08790031323024909,0.15980876381776302,0.19005884253965097,0.09281361971527534,0.07215610136064572,0.3565994298878006,0.06170079882000035,0.5327756757652597,0.08743308639520044,0.14669898407331905,0.5709758116640977,0.1788408823480667,0.07330812575614443,0.046524793251462554,0.24409357132203055,0.452744709060475,0.0788489782727589,0.05784913571653489,0.26511442847909306,0.3684309981935398,0.046850635575664226,0.4716659125938449,0.03802403089212618,0.49820935878950584,0.3397849649480436,0.9310625880442164,0.3740906627554318,0.031099844213526885,0.3746775220006961,0.42057695686040536,0.11611133760917478,0.3192810785727306,0.053329877856775836,0.053196216377467305,0.5648395565057428,0.21642832993586242,0.25572676047001114,0.15383244667627902,0.07143911897777558,0.11620303617892241,0.31480076733124507,0.23929155272709196,0.1672163691807951,0.3890303037836225,0.5054888463514476,0.1480296160029168,0.08117530121480299,0.45852235701619176,0.09223372942872766,0.3381532342266197,0.6344795405956348,0.17451521404067022,0.30496908301430253,0.1729471817564096,0.29777434992293544,0.14018217073534528,0.14112283100482273,0.18124672268350492,0.0468541490578233,0.611451797345001,0.5569215432804654,0.3225785975902815,0.03444511012777803,0.24957919421932748,0.2694446460829646,0.3461193340956927,0.30304880757055963,0.3850550721755415,0.2731262533353221,0.0387225343476027,0.2830521718954574,0.05671849052851383,0.19521688294469575,0.1500400818707635,0.08649645337178272,0.5587650275940934,0.1575112199406685,0.12744530071761215,0.09003529226536733,0.31675698138848846,0.29642564510515584,0.3066573609108536,0.2539600341404398,0.1332693200086179,0.5564243524088899,0.45936495467276545,0.554476980062646,0.038538084820762646,0.03404659507118113,0.12671612887187386,0.12315108801935729,0.14977604037189873,0.08224089726379284,0.043508211935895505,0.03699837584315287,0.11874136959512091,0.4051892474187507,0.532873887535425,0.39937536253501044,0.2162859593297867,0.0782770347536419,0.031807852301165146,0.05864065529756872,0.6507809542750129,0.26187291801322526,0.14783598501798176,0.3590549064452509,0.08674947380632754,0.35547125408110847,0.3112124082268516,0.21047333399625442,0.27937537910803956,0.19114036526956027,0.3357467806891065,0.47129650806277856,0.8624344288105537,0.07937737615804044,0.12510679659921442,0.107862742173387,0.5201915676428182,0.29125440428247074,0.28026760470011103,0.5192197583652365,0.09308364407762802,0.047848406503256585,0.06764411906064068,0.8067012462917847,0.019005991150002472,0.15537471618687745,0.2745038615157692,0.6271615207411461,0.4784692404580785,0.08214533717827607,0.13225010358143158,0.03087350635575665,0.5967084638459371,0.17808500306601038,0.18916671638575386,1.6535665075655883,0.24797770927592439,0.0805986841014932,0.06989023682858513,0.12638021014600836,0.14330343558892258,0.2554870481777954,0.3964792339945973,0.0808178126916256,0.1053601402078258,0.11413614743366646,0.5622945192992923,0.3511460498185252,0.2246917168000796,0.08522376075175256,0.12666720529011086,0.23982937237938975,0.04386715888562954,0.6845869752564676,0.34623921510134403,0.0626446576840849,0.10629148643497571,0.1365559174000232,0.08195417557466982,0.0560683305987835,0.16789587994497757,0.3214779910174182
20,0.8044215598534941,0.5556640066955036,0.25735832546114457,0.26116028605048147,0.3447208438986393,0.9429371302142894,0.8449672931271645,0.5761917748056814,0.624270206665672,0.5492985382588377,0.7924693564692818,0.7728863255937287,0.22676637000944672,0.6102291469861947,0.7118657667511892,0.3945220089825817,0.3496180248263975,0.7819648320323507,0.4226406221515107,0.6258471966721356,0.0,0.4495676428180778,0.29294662655993636,0.48527826944430624,0.36150472331327993,0.1437282520426258,0.6051679759359617,0.09808415784152873,0.5722949004789606,0.29974886889076713,0.19354516150416806,0.18968589966688204,0.24613676063574136,0.6404778915792438,0.020384618571736367,0.538235685046156,0.4840621322859178,0.4539872636271732,0.6803690150648835,0.662155620742803,0.28059311556373157,0.5949112099968511,0.09692017600556853,0.5568054657849817,0.4859591474833855,0.05496528779064948,0.8014500571769502,0.5535302209184776,0.6504605064717678,0.8589806924211536,0.17614254462288068,0.5542783357364225,0.6724905285138963,0.3695409353817598,0.26470304446543697,0.5932481396774888,0.1618658330433053,0.6310574752647541,0.1280054939591309,0.2944864846948077,0.3075850693581266,0.25460243789257364,0.6068742852881223,0.256367308042891,0.20672850063806167,0.7077712424799881,0.3340582376240906,0.6114626112464573,0.5728831021395782,0.10068695205422695,0.4201661446162517,0.37020789207643484,0.7629148312036991,0.683987089610368,0.7310901572780456,0.32320582873431775,0.39513629659092786,0.45867201146853603,0.23706603523425976,0.14611598634382406,0.47854621389151303,0.5544104559240293,0.17818643829032632,0.6808839225045163,0.2880887319975472,0.018267604700111018,0.4612531778783208,0.3220060242960605,0.45753530883839644,0.33106146107824125,0.7456105503902947,0.7387005833706226,0.4467061601948987,0.5917143058386779,0.03560987089610369,0.07254838495831883,0.937465718689405,0.6052429523193955,0.8618243258920432,0.893376000596629,0.283962917847495,0.33065876133180866,0.24156702961600293,0.35360015910107895,0.5998248893750309,0.865358474618406,0.6580562985796915,0.8101040040438191,0.5148929630918643,0.6978746167487032,0.06722211173536188,0.749254735743052,0.7350440511112214,0.7049224133644906,0.8842898871376723,0.9072184656689704,0.3242225177745737,0.37932623179038427,0.7248959462370936,0.08175432141732546,0.16865368998491848,0.0852578680455427,0.5986695089411491,0.6248668937171646,0.7416043935100016,0.6882567410795671,0.7139359038101393,0.5536131937884288,0.6490429407182752,0.6184387212250784,0.7338006347470127,0.22422134937602545,0.10726549163890683,0.2266906146936474,0.44657297104691823,0.5885687532110243,0.6008644160493211,0.6707036493809972,0.04869895092726095,0.3710791362137257,0.762772195429159,0.2697101377218714,0.5482360082202224,0.2761972687648121,0.9270001905898344,0.7694650474817282,0.8374120220752749,0.7392598070899415,0.8994429804935448,0.15541023218813693,0.24011337609174827,0.6635393277979417,0.5166705613284939,0.7199047548020352,0.11270064137622438,0.9061433649878187,0.895681018909826,0.10756306866205936,0.7079707651767514,0.65311964069673,0.5763016705613286,0.19180600440842568,0.6199410248761168,0.5127324118729181,0.8729056911781767,0.03039246590099272,0.14819518884966607,0.5596831153980013,0.7471674041664595,0.6182423391173206,0.11983746830408191,0.7030177497141153,0.8107985133992939,1.0372317323787268,0.762548749564958,0.6315329720412999,0.5842090853345268,0.5064398564775683,0.7584689670030991,0.8703741692769187,0.23728282702729586,0.5510958749730688,0.5371551484114753,0.7124829877856774,0.06364293408906345,0.2801575515006878,0.8063746913273339,0.5424122126651089,0.7344597772584894,0.8589315285304695,0.5915271466215879,0.0904251562007988,0.8851908550025688,0.6754913737383782,0.5206503256600208,0.5712049172177199,0.6372026549992543,0.5744043156167652,0.7838951507316991,0.9202838379820679
21,0.3557483965594391,0.12497781700061317,0.2035659855151726,0.18844694973400283,0.1330049553356867,0.5411864548633555,0.4416578746747543,0.1296844743863836,0.20977308208621284,0.1292309368733323,0.3627258572399278,0.3432632294204411,0.6762601468370373,0.17000280912842447,0.2890811001176686,0.06796677936326417,0.10002933426142299,0.33239750410182484,0.041911756906809886,0.18930431395946232,0.4495676428180778,0.0,0.7425052867962675,0.0404648154593214,0.09526938630073419,0.30608152272990935,1.054715863703409,0.35166494307164525,0.13145744874790763,0.15062805150897432,0.6427604120055022,0.2669874293574636,0.20401292696266096,0.21479135385074322,0.46466778534612774,0.10496211405558593,0.035792953148046786,0.005853933608445616,0.25998215084771037,0.24211350867598067,0.16989133064850262,0.1817018594938597,0.3528852069142676,0.11469366413099322,0.04347919256202453,0.395445027262633,0.36766439616168645,0.12668231160609228,0.20855542020915163,0.40941304960307595,0.27346908301430256,0.12540558345348776,0.2248401365617594,0.09984889540761362,0.1851347055801388,0.14481909710137722,0.2883265301049072,0.18360708662722286,0.3219785793599495,0.155353419844545,0.7553770778435175,0.19532399443146226,0.16001003496909127,0.19326324599347022,0.24472752282934757,0.2873143572150682,0.15245502908566597,0.20544951855350596,0.1477923979515736,0.3995083610931569,0.03603874774192486,0.08337214736737428,0.33604436599877346,0.2409871227564262,0.28152657485208576,0.12730342730240804,0.05454444057740437,0.04604914731765524,0.21585980046073008,0.33825690680985765,0.05234760271134751,0.13692264538689733,0.27221050232851063,0.25647443610268644,0.16613316428843697,0.4640322676875653,0.01912926134009512,0.12849963539336073,0.07770021047746896,0.12884175243209198,0.30984215847130386,0.3094507781037142,0.030817282354695955,0.17286679427899038,0.43435017153085076,0.37737569399559157,0.4930319693730423,0.1859928653109929,0.43599646994481184,0.45762199406685544,0.1660367175458659,0.11895525282155822,0.20932721788561295,0.10047632542799848,0.18671224249656102,0.4562996403652696,0.21291025704768057,0.3619951689620312,0.10901025041846894,0.2584333101310926,0.38509739969174156,0.33017390908036265,0.2930833954821922,0.2567464243689819,0.4869355889225873,0.4703508013059546,0.1257557384113094,0.08654648734649223,0.30549342050746614,0.38714935613782125,0.2822308622947016,0.38537376323770706,0.15460419463365313,0.19801857007905335,0.2934631913024743,0.2835409851008468,0.31381394288934183,0.10717949419115334,0.21313937917433165,0.17741049735660183,0.2874022688476772,0.2256793118878336,0.3633307065082285,0.22735882265201593,0.07629414640613863,0.20539914483170085,0.16070793350900742,0.22113642088864585,0.4803287426042857,0.09545734930973332,0.3196277283349079,0.18850686952054224,0.1045111039294652,0.185183678880989,0.48920428744261607,0.3758159647988862,0.4463458128242098,0.3521364208886458,0.5053445698470308,0.295360049056166,0.6892828684598685,0.2487482308291486,0.06724004375279666,0.2740188435340327,0.3374918046371336,0.45865328394570676,0.4545578813039659,0.3423191633934935,0.2584031223586735,0.22278914135136477,0.1268304330532491,0.641340335438108,0.18431381859162402,0.1371566814166625,0.4548402940055354,0.45898404017302225,0.3096136412602131,0.11469605893369127,0.2997621604600672,0.17625128855300876,0.43133750973665447,0.32627052155322434,0.3748020600275112,1.4867966572200404,0.39619927410132755,0.23099897247219872,0.13464144251644877,0.06507006248031956,0.31610966373324056,0.4208237126899683,0.21253811796682084,0.10979724556257152,0.08891603274830548,0.28430235834203416,0.3867081986774723,0.184997953230912,0.3999642602628482,0.11590872404249322,0.297665680571438,0.42458273256103013,0.14747724523111097,0.5154041250269312,0.5064584431296508,0.24134178557815006,0.10674840484595369,0.21564382074611774,0.241251827176453,0.16783602645055437,0.33732679527337217,0.5001836705944744
22,1.096697724523111,0.8430047896053962,0.5463818343028555,0.5541029019373871,0.6258261572117535,1.221832662125656,1.1254360032483133,0.8686363214504716,0.9076141715971429,0.8364133479175988,1.0831183811465224,1.0598370456918407,0.06735097532275969,0.9030042426954373,0.9975031737350637,0.6809501649016388,0.6425556688045876,1.0749024760105403,0.7120374053265717,0.9146323853560716,0.29294662655993636,0.7425052867962675,0.0,0.7781652993917698,0.6481214471568969,0.4366658960208157,0.31235575664164134,0.3909562057707287,0.8647315749349508,0.5926865128689571,0.09997593596181567,0.47679116326090915,0.5390744046139312,0.9279111851373074,0.28374908434014484,0.8282858433185833,0.7766700889971659,0.7469160244617906,0.9680383251296839,0.9471286647110492,0.5735307595419213,0.8777450902401434,0.3896764613268368,0.8465440345381925,0.7757866139644343,0.34714527917267424,1.0893099902219128,0.8462513382720959,0.943266974925007,1.1519183363993435,0.4690801886010706,0.84185463796218,0.9654281724920861,0.6557600059662905,0.5576416331062827,0.8861907555643945,0.454808448930211,0.9240000911516596,0.42054324731931264,0.5874241286729973,0.04183126999121632,0.5471908384295395,0.8998119292663123,0.549304952021081,0.4980017484545651,0.9948498069242115,0.6107979499163062,0.8945689355143438,0.8629358126584796,0.37544383400454096,0.7131037885944415,0.660571943519117,1.0498576956860404,0.9767973201412022,1.0240278012562356,0.6157779214106961,0.6880789124778336,0.7488298281376886,0.5266706276206102,0.41972487114469903,0.7666942524735244,0.8395112613732412,0.47112408226851626,0.9714756045012346,0.5767312434743699,0.2807922156482541,0.7540889640199538,0.6140498185253319,0.7424184109779743,0.6239944148892091,1.038371824193308,1.0308632725103168,0.7395269311722102,0.8825946568554334,0.30816490992558715,0.3652373174895176,1.2304033626675948,0.8926286315649912,1.1475784235734765,1.1816490495367835,0.5767305391206348,0.6235964053099983,0.5331922719965527,0.6420365683886045,0.885747087290144,1.1480760784898656,0.9507987122756427,1.1030416480220093,0.7964090057839871,0.9907687233795719,0.35744186181408377,1.0359640199539273,1.027985987503936,0.9978600573426805,1.1598329107210925,1.19987345663667,0.6167723528729349,0.664102239016225,1.011196887585144,0.3609240872404249,0.4603492351547091,0.3637165846301728,0.8891322030527519,0.9139989227531116,1.0345408939491874,0.9713679543910239,0.9940459570095626,0.8465518155753328,0.9389930310412835,0.9107497224017633,1.0265793599496182,0.5168398796798092,0.38379800792190777,0.5162071877226998,0.7242811282918179,0.8635596794776184,0.8934550207991513,0.963641293359187,0.2639035201113707,0.6568616400669551,1.0556607500952948,0.5559148063441555,0.840375561411359,0.5603488539750412,1.218247667346161,1.0443907588790002,1.1105986095228622,1.0124251644873135,1.1739030892126152,0.44714619897578683,0.053321127297436106,0.948594491125143,0.8094583851240489,1.012806054127513,0.40542313429125443,1.1990859808747243,1.1880923697774244,0.40024036692686327,1.0009084091549414,0.9427166592088035,0.8691730058502792,0.148629228194037,0.9093330350188105,0.7868065181723263,1.1571228392913375,0.29514914897495825,0.4376858250882513,0.8499650474817282,1.040094789439666,0.9111684151212315,0.36750888314357216,0.974698462022904,1.0996140638724543,0.7442940552544789,1.0287235535888894,0.9130710900081208,0.8771467293127166,0.7993775004557584,1.0511282006662361,1.1633118132551084,0.530224017633703,0.8439961301977164,0.830092792389665,1.003058361921808,0.3558540993387362,0.5667584978206467,1.0860093471883856,0.8301310926598057,1.0269081356999619,1.1474232088698855,0.8844647905997779,0.23111105586768094,1.154603084240707,0.9645935216029434,0.8084136047995492,0.8360517078506438,0.9142809211289549,0.8598747659059647,1.0757421070949138,1.2059206649099252
23,0.3195823099487894,0.0845883756774226,0.23917899700028175,0.22540502825701453,0.16813668605711063,0.5014286945425016,0.40206186711745295,0.09222938729511586,0.1696781600623145,0.08932870945822766,0.3223741195578316,0.302942731898109,0.7119074479192562,0.1297699497837219,0.24864802200898267,0.10359434196788142,0.13695371981637072,0.2967789903710701,0.07126485357728844,0.14944007192694608,0.48527826944430624,0.0404648154593214,0.7781652993917698,0.0,0.13098362584729603,0.3423731500356319,1.0903570990569946,0.3872930857322793,0.09171314572664443,0.1893354629675665,0.6783794892192446,0.30265166807537414,0.24123325709739962,0.17439041084539023,0.5003241518752382,0.06461889491042272,0.026263055403636132,0.04279558825966613,0.21983808979267142,0.20177040554202097,0.2077383367308042,0.14177497141152495,0.3884942905914915,0.07599023019937355,0.016304073650541137,0.4311374732759906,0.3275917317158057,0.08705726810189093,0.16839755382091182,0.373794436434147,0.3092117287326604,0.08494328709458232,0.18763521934403946,0.13539236646281844,0.2214001640729876,0.10806392217305562,0.32478115315136147,0.14588973135119904,0.3577168995177246,0.1917564013324715,0.7911579078208123,0.23105049801952296,0.12170108884800868,0.2290267405823762,0.28031852533187485,0.24704293243176048,0.1881067385936127,0.16601718623112746,0.10781025539037764,0.4351188369048212,0.07200196390394271,0.11862076766270573,0.29560961401415325,0.20122632957125572,0.24591535325411423,0.16603122358673494,0.090597830590497,0.029380417308871455,0.25152559704337163,0.37389658429871225,0.023153341951308394,0.09713210361457764,0.3099292994580619,0.21625831551732705,0.20170489235817635,0.49968601567808557,0.03901854521950973,0.1641283746830408,0.05184587911632608,0.1627995160675516,0.26952338454399305,0.26911974013490436,0.038723039824988786,0.13345635492799016,0.4700538374848772,0.4129978703657667,0.45367496146770747,0.14598813371119831,0.3955934553108272,0.41777681101774977,0.20170561328494024,0.15470853842456778,0.2450093886209582,0.13617629559654612,0.1470253153018777,0.4162518354629676,0.17330881353685018,0.3251005319942325,0.07027739936028111,0.21828434345945397,0.4207583900959578,0.2898524834684036,0.25292627488025987,0.21973645569200675,0.4472821723926482,0.4301290127446592,0.16140045410099607,0.12216205107807555,0.26520010275278005,0.42278275244866503,0.31787634034372453,0.4209913820248926,0.1163547622598983,0.15768913969406187,0.2564262085881436,0.24414728450918974,0.2743920515752664,0.0684331195412586,0.1728712524238055,0.13777897379804102,0.24976426523475698,0.26134872139080856,0.3989658761331809,0.2629714198113989,0.08658267455542853,0.1675883176718209,0.1204488059132568,0.1855256964815458,0.5159893518288338,0.13110034140439844,0.28029741957937643,0.22417205290110867,0.06453971726412433,0.22084331029682303,0.4491210162581416,0.33653197765955684,0.4070902650027345,0.31332441704370306,0.4658299855814649,0.3310344304678565,0.724927915610136,0.20858110011766853,0.03145858400039775,0.23503310462553245,0.3738011485109134,0.42106843003695776,0.4149758282371269,0.378010631598137,0.22278858615489147,0.18244888877840196,0.09108367722368621,0.6769717264124363,0.14418954573327364,0.10103994928653111,0.4144512338620128,0.4946468536104343,0.34523177381129955,0.07695619748421426,0.26199967682593345,0.13614106962329503,0.46696737599231014,0.28863545136644625,0.33492265367341173,1.5224512172889841,0.35904276670147006,0.19220904390195398,0.09902458608859935,0.024768391918990943,0.27673094515984675,0.3851883276156382,0.24891212979996355,0.06949607219211448,0.051968759840235954,0.24396523807156223,0.4223604550953778,0.2206370672367788,0.35986279189247417,0.07557495152389,0.2573724456818971,0.3844746681250932,0.1073827209599098,0.5509903544970916,0.46800103581431585,0.20107503438903526,0.06785960158438153,0.18050748272261724,0.20190811084041835,0.1292677787169161,0.3000392283597673,0.4597896053961783
24,0.44962896302557215,0.19520361623493931,0.1245881353685013,0.12989618654601495,0.050655504731599785,0.5850043421336117,0.48576895540197873,0.22139843219145167,0.26298200997696347,0.1884028737632377,0.43587613318086144,0.4121429340890635,0.586153888861267,0.2557523326538391,0.35052559704337166,0.03332570973996916,0.049265773380400724,0.42765199124944075,0.06451682991100288,0.26684408922918845,0.36150472331327993,0.09526938630073419,0.6481214471568969,0.13098362584729603,0.0,0.23250767331245134,0.9594760436865046,0.26940362783605964,0.21749103399128264,0.10071642718639687,0.5529808415784152,0.17295971096637322,0.14262842440212797,0.2800365601020899,0.36941573443378245,0.18104056248860606,0.12950120983112076,0.09968900710982942,0.3201648270604419,0.30069816370838104,0.11400289199356964,0.2336960009280897,0.2741592833822238,0.19907839871393296,0.12839791014103646,0.3071499196208092,0.4414326306369015,0.19900388637531283,0.29602295364523773,0.5046651005154212,0.19451420308589804,0.19398283034190159,0.3181749366081639,0.02836836871675036,0.11860194070170203,0.23895180563151514,0.21750847710436028,0.27676366031919647,0.23736052967400847,0.0966408707469464,0.6645493793400619,0.12513515305192327,0.2525586933823895,0.1273322477999304,0.1669881088516548,0.3469804521122326,0.0572073203069325,0.25080896269411146,0.21571245794593874,0.3043736140804455,0.06585721506819803,0.023955095377782103,0.40211824027577525,0.32961057524983833,0.3767745653723131,0.07846048161222426,0.04083996254495431,0.10160562820066626,0.1267916935978388,0.2430841744145577,0.11885534231591509,0.1929595120900247,0.2117149107542385,0.32423943883723616,0.07801727738278726,0.36878053166277197,0.10685162167089272,0.05222666931835128,0.09886173950512933,0.07618681118348003,0.39112808465503224,0.3836111470193406,0.09228826298082493,0.23536347967317986,0.3469065861217454,0.2969468585823431,0.583155397006911,0.24473035681731556,0.5005072755597542,0.5337767281526045,0.08834049288188406,0.06827727506256319,0.1436421634432125,0.02387988697194187,0.2384056994646911,0.5047832496395365,0.303641649679312,0.4558070070766834,0.15456596894214353,0.3435439765325907,0.2956946999453091,0.38815600192247135,0.380747750211306,0.35060682145875804,0.5288546213891514,0.5526487097896883,0.0659139196871012,0.017890651154311422,0.36358650292513955,0.29190695072838463,0.20506538888612666,0.2901394288934188,0.24199038764314953,0.2666938795803709,0.38731129120469343,0.327715988001127,0.3558339879679809,0.19933165945739917,0.29189009595783816,0.2635234176900511,0.3793474867001441,0.15427117618787178,0.26810116176933646,0.147126095891546,0.0943690150648834,0.2383433848754537,0.2462160708662722,0.31639339399061966,0.3855841081224415,0.014201188286183058,0.4084075142113724,0.09327520343393166,0.19328977941298328,0.08995020633421164,0.5710655297568739,0.4154024097184242,0.4850007374997928,0.3883421667578182,0.5456160112033677,0.2122915775866355,0.5962517194517641,0.30207825784318587,0.16229921775302872,0.3656062331162268,0.2635432224597689,0.5518481744808498,0.5408434428810553,0.2584398896236265,0.35365517327101886,0.2954572250120154,0.22199050365435283,0.5461045758133215,0.26188115480866436,0.1656556870349194,0.5114654203748819,0.36373336482208857,0.22623646397852135,0.20268284194302186,0.39286962826695826,0.26393952501698736,0.33609793831518586,0.3573479424584431,0.4518805747526474,1.391544606307695,0.4250463630487743,0.2720051624985499,0.22989349342879403,0.15212426457183575,0.40387496478231333,0.5160621405724325,0.14845816138815687,0.19674289431379383,0.1828470309418453,0.3558051260378859,0.29934686521155457,0.09827615638310215,0.447353104956993,0.1822529044233414,0.37968159896584297,0.49961409701851206,0.2372217139826646,0.4202738361590348,0.5399221481960258,0.3170046818807073,0.16072787914947217,0.23997112978339052,0.28171926117436485,0.21293500886657057,0.4286688874525596,0.5588342531364459
25,0.6617328179121298,0.42057388256351613,0.12023899965196636,0.11777938812376734,0.21983365650739983,0.8173366396526291,0.7182396874326722,0.43447580337758335,0.49436394371799325,0.4163701668904025,0.6564086991829496,0.6383321732212999,0.37042531364457476,0.4692051160940685,0.5792647127065415,0.2627751454283299,0.20608201992078093,0.6382444687515539,0.2850462967566583,0.4887638674820597,0.1437282520426258,0.30608152272990935,0.4366658960208157,0.3423731500356319,0.23250767331245134,0.0,0.7488810305109463,0.045833921675864725,0.4322845754818607,0.15612267356104678,0.33692102123005,0.0604130413165613,0.10240850859311557,0.5063816188534779,0.15882839457067569,0.40105074661495876,0.3412696597557135,0.31032603291403565,0.5471293359187257,0.5305847130380018,0.1369011750277598,0.4651462155488158,0.05161314406934155,0.4176434478529641,0.346567361076584,0.09090751421137241,0.6655464127678615,0.41571711496710256,0.5088009827806227,0.7152524403785282,0.038356883607616965,0.4194424252970714,0.5298117801090506,0.23691530353502713,0.12115843815774205,0.4497227415104658,0.01862587215565377,0.48788354132484785,0.04010310910025024,0.15091574272029704,0.44950601600954604,0.11472129965693828,0.4636178342365634,0.11443555577652928,0.06851348215913425,0.5750098940983445,0.21211733704569186,0.4831563748156249,0.4372167669334925,0.09905775700624804,0.2765309998508428,0.23548502626825096,0.6289019208140673,0.5426603854886559,0.5873619052354201,0.18014107790980957,0.2518218896567725,0.3237583735229287,0.10585376787815505,0.04247673146721025,0.34330529176817653,0.4228230746283498,0.04821989923598336,0.5458298281376888,0.15655272709193052,0.15819287691211317,0.31927817000613196,0.18440009778087144,0.3298717744742206,0.19191366280515088,0.6062077926382604,0.6015539120635078,0.3075872155653888,0.4569529243109763,0.12853346923217157,0.07342198246573525,0.7952439549876531,0.47219150963721634,0.728881701718623,0.7568027560947314,0.14497468469812236,0.18800387808879826,0.10389736323107776,0.22374936608163867,0.46875700624803185,0.737044150549396,0.5156091748288835,0.6672272908069408,0.3869066689868907,0.5574768309053845,0.07926256649927907,0.617142453471221,0.593234408922919,0.5615206997132864,0.7606208836739093,0.7680659440826,0.18265230613699268,0.2493794975057591,0.5928444372627986,0.0813123021594657,0.02958668522845923,0.07953687498964182,0.4584505129352492,0.4892887435986675,0.5983591955451697,0.5601278194865676,0.5881184557251529,0.41056698818343024,0.5111499693398962,0.47853648552345907,0.5920124214852749,0.08359006612638593,0.058102197583652315,0.08996140141533657,0.3235083693796715,0.4671500190589834,0.4603819917466314,0.5270258787848654,0.1758910986260959,0.23944965942425295,0.6216313744012992,0.14144715689686604,0.4066026036228642,0.1503141914847776,0.7882757669169197,0.6465894446377962,0.7155096869354812,0.6179965279504136,0.7767574205737585,0.02081231044598021,0.3834554599844213,0.5330132832827855,0.3732375246523807,0.5773533701254578,0.031484595369495626,0.763254553439732,0.7556738593612753,0.041053762906246356,0.5642425131341255,0.5169190904721657,0.43287698669185765,0.33550550224564546,0.4825011103929466,0.3922480650988581,0.7421450720098114,0.1531446493975704,0.014539974146074676,0.4192287823795556,0.6041107575531581,0.4769657849815211,0.125502676544192,0.5836725003728932,0.6738747824789937,1.180957266444588,0.6468967003099155,0.5044706408790335,0.4404808332919008,0.36427843517459685,0.6178852814928983,0.726687929862941,0.09370116342663946,0.4094312136429177,0.3937824541341421,0.5763738709623958,0.08232865973914048,0.1466474170934222,0.6798290409188088,0.40766511708845027,0.5953698188567926,0.7224778252871278,0.4486479805764099,0.21245969439334425,0.7666545683554584,0.5383937254512009,0.38803488622615545,0.45704536866703116,0.5133479673179866,0.44420035134821595,0.6423651286895706,0.7886243474369811
26,1.408958534281311,1.1508102719634066,0.8565599280730538,0.8663163459785543,0.9291266096554467,1.518683156830574,1.4252032516283002,1.1808528480750422,1.210202166094897,1.1471432904091885,1.3953297535590583,1.367223661313578,0.37849499494522615,1.215214819602579,1.3028966837368865,0.989368335570692,0.9547666268913969,1.3871133678052336,1.0230610218929714,1.2246620842241336,0.6051679759359617,1.054715863703409,0.31235575664164134,1.0903570990569946,0.9594760436865046,0.7488810305109463,0.0,0.7031228641508809,1.1769421518420922,0.9049113757271416,0.41217332073783125,0.7878399874044978,0.8512890750592487,1.2374164636470604,0.5909115497439466,1.1404964202257246,1.0888709209632244,1.0591280266494307,1.2793339382488942,1.2526592170901074,0.8857413364490627,1.1786488009413478,0.7019109696879298,1.15770202522415,1.0871953380069281,0.6593054740714962,1.3981969787368038,1.1584708480418973,1.255482474021777,1.4641289133064852,0.7812907655082117,1.151010059828635,1.2776398763652035,0.9626341006645783,0.8698220636735777,1.1983751968047198,0.7669845042178358,1.2361840186280844,0.7327660882679525,0.899643008667694,0.2994293243176056,0.8593993934271366,1.2120225061734529,0.8615155289282224,0.810326198644326,1.3048584414723483,0.9091722352044282,1.199672748968329,1.1751467541722596,0.6749218001624158,1.0253194037024145,0.9728020600275112,1.3577373754951192,1.2889902964914894,1.3362424385554945,0.928036261787567,1.000282545285802,1.0610393775170284,0.8388725865526439,0.7203046619930724,1.0769174083097168,1.145267936160692,0.7833346591756575,1.2836852533187495,0.8888704071993236,0.5911359734168612,1.0662880226719038,0.9262762061021893,1.0524109365418717,0.9362073948855631,1.3505824011004492,1.343073849417458,1.0517235204428315,1.1948106862891328,0.6203798455393691,0.6774664727622267,1.5426139395747358,1.2032655827905667,1.453432282603291,1.4909789853991615,0.8889376688377335,0.9358069822171398,0.845407555643945,0.9542477750708496,1.1946077246888414,1.4527024561229052,1.263039336084456,1.41525222492915,1.0962579591972021,1.3029410331626319,0.6696381693432107,1.3459556340012262,1.3401835380102423,1.3100706342498216,1.4519416629377353,1.5120790450620658,0.9290409519547883,0.9708944463779643,1.3205839009595786,0.6683706972273321,0.7726625482689472,0.6702338620129602,1.2010791362137256,1.225840932067154,1.346751470856328,1.277433003530055,1.2959830789373372,1.158729296143456,1.251142569482424,1.222960083859527,1.3387810205671293,0.8290457332736706,0.6919397404663651,0.8280883756774226,1.021615721175359,1.1582767944447205,1.2056392465900998,1.2758518702663284,0.5749901473342284,0.9637389665059082,1.3678755862709024,0.8664072076103347,1.1526727655413582,0.8697267024644093,1.5304155852765209,1.336176171298828,1.3996692603457135,1.3025779015230619,1.4646670892789075,0.759376646944762,0.36562635277349637,1.2562646712739687,1.1216858002287076,1.324993826546678,0.717608768789672,1.511289746266925,1.5003044548302091,0.7124509438340042,1.3131189860620824,1.2548927144964286,1.1813635791113541,0.4337537579343376,1.220996718540248,1.0805491721771987,1.4616785329554685,0.5977398945955354,0.7486899186264273,1.1615263594027079,1.352288561295348,1.2233754951192426,0.6483313528563616,1.2640202605280164,1.410187208936177,0.4321341918162382,1.3132065579475958,1.21459725053448,1.189357306219858,1.1115916902832332,1.3633422081903905,1.47552239016225,0.842431047912627,1.1562067071048574,1.1423033692968065,1.3152689388289498,0.6680435290608062,0.8742070634249822,1.3844500406039206,1.1394985498599581,1.3391041946336535,1.4578916952551417,1.196679709640531,0.5410620328477437,1.4409119889292168,1.275830118165697,1.120017973450007,1.1189960556190854,1.2099874459304925,1.168745811166907,1.388038681449808,1.514279272112564
27,0.7063976118265135,0.460671729727042,0.1611695586602363,0.16326070203351073,0.25507036908135694,0.8532339697376488,0.7545792853709873,0.4784368236132518,0.5320952451979649,0.4553402194269047,0.6968119541258556,0.6781950976980061,0.324674356552147,0.5124132733389682,0.6181195661180993,0.30104709226205273,0.25171356833888536,0.6840562820066624,0.32626569051525556,0.5298722882381213,0.09808415784152873,0.35166494307164525,0.3909562057707287,0.3872930857322793,0.26940362783605964,0.045833921675864725,0.7031228641508809,0.0,0.47489151295182214,0.20192525563897315,0.2911657054309815,0.09695038863753142,0.14823198926067718,0.5459146240408359,0.11311587033262066,0.4421596977079501,0.38607466149588165,0.3560838843865494,0.58619433533867,0.5689367904671936,0.182713154013159,0.5027923482324863,0.015048583834667461,0.4599720412999884,0.38905024942408706,0.046055859394421556,0.7060632923979516,0.4567841031505328,0.5525942508162218,0.7610718275079137,0.07823548616980727,0.45932891662109077,0.574582790566632,0.27568487213908077,0.1668570244783641,0.49531888993851425,0.06392741841926462,0.533129385637813,0.038387551997878674,0.1966644790268318,0.4042076186214555,0.15713154841810442,0.508965420374882,0.1584615754321418,0.10967780374218998,0.6138605379605229,0.24637673809642185,0.5199774523939741,0.47735909610699556,0.057953728102885294,0.3222623179038433,0.2747548020351681,0.6684193307810867,0.5860221747128722,0.6331853527569236,0.2252577520343393,0.29722580752084066,0.3633753045294089,0.14319595120900253,0.06432709358789504,0.3833777987702813,0.4612403503538341,0.08027757337708616,0.5856194335338671,0.19396982051409542,0.11247700492218962,0.3633783539667546,0.22501661446162516,0.36619657269759215,0.23323819586005737,0.6482401929100583,0.6422838877011552,0.34928114486484696,0.49639777755680414,0.08309453255771561,0.03161981471353516,0.8395568537761646,0.5111035068529474,0.7680024693813287,0.7977018429208306,0.1859071993238204,0.2327506753509339,0.1449892109580868,0.2606612307131374,0.5068056315152719,0.774048260660601,0.5600592320058339,0.712195139130579,0.42370489235817627,0.6001606672301497,0.03352722120021877,0.6556501184971577,0.6371264522116709,0.6070135484512504,0.7957751454283298,0.8100265997116294,0.2263265466779363,0.2868653192794048,0.6314514410248762,0.03555890883176719,0.07120316876315486,0.0348921344404116,0.5013838396393707,0.529370630935216,0.643694385057757,0.5969599678483235,0.6240586602363314,0.45565010192412864,0.5526117436483868,0.5210954109282553,0.635970110542104,0.12634115580304622,0.034399235983360726,0.1305344967599729,0.3581612970052535,0.5012473524586089,0.5032981653656838,0.5727947844677572,0.1309266643464426,0.27779031803642745,0.6650141782263546,0.17786602363313944,0.450425520807438,0.18575022787914958,0.8299998922753113,0.6814006115447719,0.7499475132169907,0.6521205770728717,0.8115279504134968,0.05867094250816223,0.33773708546711073,0.570907414773198,0.4186810852019424,0.6219224216510051,0.024763834336001742,0.8082326604683537,0.7983297867051162,0.015458393410563665,0.6100619002635113,0.5574261422960274,0.47829608545053776,0.28974330863952,0.5237920499179636,0.425929316031091,0.7802228989542418,0.10744017965163494,0.05173538673163282,0.462341943021926,0.6492338951590183,0.5203978769949783,0.07975049304761427,0.6169294320422942,0.7149205571852366,1.1352430186115114,0.6787528132716817,0.5408239944314621,0.4863002204212864,0.4085346044846616,0.6609212615389715,0.7724653043636786,0.13942116210079727,0.4531970035963473,0.4392462834982351,0.6167317655247848,0.03692152670743635,0.1859570344221813,0.7161694509355476,0.4475101426937802,0.6372811200053033,0.7632571885513514,0.49362262384195954,0.1679686852616052,0.7997119607550671,0.5794949369396246,0.426632393642586,0.4882334394007192,0.5485101344072655,0.481785114105305,0.6861897528961369,0.8271088930873896
28,0.23236950396924047,0.03029290342895972,0.32578718573393656,0.31660973002535664,0.2528063275824924,0.4218140920466033,0.3238710535474569,0.015949211952468564,0.09110048227514542,0.03817626245048809,0.235104915560417,0.2129904539352657,0.7990209648817514,0.046525655048973304,0.16357433003530059,0.19017934503389183,0.2282311937552827,0.21017121596314162,0.15787206450222913,0.06110644856560432,0.5722949004789606,0.13145744874790763,0.8647315749349508,0.09171314572664443,0.21749103399128264,0.4322845754818607,1.1769421518420922,0.47489151295182214,0.0,0.2809020533982995,0.7656375727141647,0.3892118613168927,0.33226942773330675,0.09074256285321267,0.5868940734848108,0.0364632658811051,0.10268569250401888,0.13227183910903392,0.1382550091980311,0.12048199340393444,0.2990612704884072,0.0695532325693167,0.4771286647110492,0.03760915825585441,0.09555188186744891,0.5179584265566217,0.23629894429804935,0.026967284840650325,0.08249832612406571,0.28718676146439276,0.3972475016158704,0.030756335040355284,0.1006977245231111,0.22198867233464264,0.3116350619002634,0.028418427551003426,0.41497335885579806,0.06311790052867954,0.4443782379555511,0.28251116193506687,0.878435365186695,0.3178828866902003,0.03707079169359784,0.3178642171729727,0.3669055834534879,0.16417704966936805,0.27468131722434913,0.09425413911400582,0.04004462288072391,0.5217296607500953,0.15803220139544907,0.20419228028306724,0.2079041415999602,0.1125354745686869,0.1593002867134026,0.25727560118662884,0.18169861946667992,0.11591909875868014,0.33808608859941336,0.46047444438920093,0.10151881867448914,0.04845101012612075,0.40110733522265873,0.13434770214952182,0.2883061535656873,0.5862585558262484,0.11560518901539632,0.25072592353204387,0.12472707535756307,0.24174939094118236,0.18241694426490324,0.18419898407331908,0.12569704502891987,0.06130876381776296,0.5574308987553656,0.5014624538026816,0.3656733621704039,0.07124467591441688,0.30631729064121044,0.3262011219940669,0.2906710668058803,0.24543827375329386,0.33154087737615806,0.2226956694675086,0.07281595651237177,0.3343221465387229,0.08975052619367244,0.23832391156631705,0.10692942375577982,0.12923075457001276,0.5073247319312552,0.20645087754188832,0.16705623228757516,0.13312848240772968,0.368384519133562,0.34059553522597336,0.24990527685245034,0.20876654402625164,0.18176409121795187,0.5093756442765045,0.40448540744791933,0.5075973665456837,0.03159657104028903,0.079602553903777,0.16982781451465892,0.1675787053149704,0.19718675317787826,0.02438635873978695,0.08463499560814729,0.04625361706359067,0.16188104708397555,0.34914754967765455,0.4855569946469116,0.3495802714662157,0.1731830242463415,0.10230956760967203,0.03814098675814973,0.09908429871227559,0.6025523956313499,0.2176836374484164,0.1909334344288105,0.3107304728285189,0.027677182253600496,0.3074049785379274,0.3579359866752848,0.2599526259964533,0.32999058651949814,0.23905219675500086,0.38733422827690217,0.41758633719484917,0.8115091565985517,0.12696099537612487,0.06619624123701086,0.1482746316644294,0.46374760934055914,0.33436499610533804,0.32347248048525834,0.46475447057458685,0.13617683421999038,0.09531919653955154,0.030553000546909907,0.7635666235767913,0.05353284774358209,0.11200420954937933,0.32908033775833223,0.5812103283117055,0.43183898473624033,0.03154466431329653,0.17538724539684114,0.05510451780771971,0.5535637978753377,0.22010566963323885,0.24336357082483964,1.6090229453587228,0.2913217322129965,0.1216698321152157,0.01695381096803063,0.06835221829993866,0.18640277432506344,0.29858032118530314,0.3394005121065976,0.02541676196158371,0.044348688244750516,0.1589229022688477,0.5090098443792572,0.30722424136959514,0.27759733339962545,0.040861689786042196,0.16889559820348363,0.29335631183811467,0.028860165067369364,0.6376118348000464,0.3945341155803045,0.11266676610484094,0.05704451515603508,0.12888240607235782,0.1262618704320589,0.06680534977377815,0.2116657800096123,0.37346216377467323
29,0.5061738427882464,0.2728085566548999,0.06764464111105589,0.04107410629940832,0.09714294237557797,0.6817483799864102,0.5819785627869208,0.28028050680322847,0.3532549594789441,0.27300522879066613,0.5096885679245594,0.4912147698834916,0.52645565886077,0.3184567112481147,0.43494379257196836,0.12339892109580866,0.05394804355392032,0.4822297187556969,0.13726133180861472,0.33861238999651966,0.29974886889076713,0.15062805150897432,0.5926865128689571,0.1893354629675665,0.10071642718639687,0.15612267356104678,0.9049113757271416,0.20192525563897315,0.2809020533982995,0.0,0.49295660352342574,0.11731539302938385,0.05880409022357016,0.36106286978571067,0.31484901141881705,0.2525885745537712,0.18587530452940879,0.15431897280365936,0.4041149836755664,0.38741823696116934,0.01989370059165713,0.32451451797345005,0.2043087969638211,0.2650559505460813,0.19384051774142758,0.24600421783589382,0.5166057110658114,0.27025527436649605,0.3572622764712707,0.5594532060524702,0.1256286149919621,0.27259763171414836,0.3754042658976783,0.09714886723346426,0.0351331145693498,0.29513406751852034,0.14214764082931425,0.3337258820994713,0.17248806741908213,0.01275725484346774,0.6055844561560516,0.04623632310777438,0.3099647077346326,0.04405016655894197,0.098915742720297,0.4319144500240309,0.08687689554019788,0.34574335835860703,0.29216282172392644,0.2507051823861847,0.12300541938050015,0.10125121397437799,0.48301166741245305,0.3905341321533336,0.4313571819221399,0.02438473458293973,0.09948810885165474,0.18216966638492527,0.06604208720727882,0.1887185651071446,0.1968091615704602,0.28033731914682053,0.12270011932580915,0.4013135948557317,0.04312524238054988,0.31421622831004814,0.16589521702381538,0.05239348514227943,0.19955314141765684,0.06113391836125887,0.45738449427401845,0.4554054177231973,0.16323167437312508,0.3146335951871923,0.2845959661247286,0.22779974808995843,0.6428122938729512,0.32955144268217895,0.5832945690183794,0.606987180762028,0.03805145096869361,0.03581569134390692,0.07144768723379573,0.09910354828552015,0.3285447554649563,0.5986250020716284,0.36250368749896417,0.5126112050249424,0.2489995939607882,0.4071152405575166,0.23529291171547426,0.4746519912494407,0.4417696348961699,0.4070825916902833,0.6267665108801935,0.6186411110558677,0.035924484993122195,0.1123996171630288,0.45013415038366555,0.23734264737566083,0.13267183745173103,0.23557840700044744,0.30508794477866724,0.34364718507101544,0.44398502626825115,0.4234310230530835,0.4532267604700111,0.2568400122640416,0.3616064237060607,0.327023003364325,0.4379885397504102,0.07704234408922915,0.21364874293574632,0.07797298596264426,0.19507511725418053,0.33881562505179075,0.3091936061253914,0.3713175475231608,0.33090172193771855,0.10075362535010524,0.4694251396277697,0.038737764961302,0.2538120038449428,0.03926374318434173,0.6382048012065166,0.5141953711529856,0.5842653341951308,0.48828397056630046,0.644302971544109,0.14587578514725136,0.5395494953512653,0.39226166326919565,0.21773546131026367,0.4239645834369147,0.1874118894910422,0.6091419397073203,0.604162200235337,0.1928310876878967,0.40822656988017714,0.3698653938580354,0.2771966969953098,0.49154300701039116,0.3329915726147267,0.2663628333250468,0.5998522431594823,0.30917109995193826,0.15984896169972984,0.26530694078456724,0.4500578895904804,0.32519149306418726,0.2815362700740815,0.45805803874774176,0.5241000430898755,1.3369778832927295,0.5255674107956712,0.36898578034107293,0.2844602164437594,0.21288543893667447,0.4658997497472613,0.5706870183463433,0.06256274548799279,0.25802031853361845,0.23928070567957696,0.430394156349956,0.2376825270554699,0.037038938331758905,0.5423295629692239,0.2617366462818409,0.4458198428876845,0.5734154775518321,0.2963243093190142,0.36639603738875354,0.6405321599628764,0.3894894678400372,0.24724622549263325,0.3393911151991249,0.3800769320008619,0.30634032715159354,0.48795483020931724,0.6456402575448715
30,0.9973831187126071,0.7478462354364508,0.45016799250899087,0.45435295579973145,0.5329759276753011,1.129924460133579,1.033041051392963,0.7694725799234325,0.8141748703160476,0.7412524072324697,0.9855941099454747,0.9649265731947826,0.033784525762773576,0.8035208405840333,0.9030535143108107,0.586155272709193,0.5428107940138219,0.9751576012197748,0.6155183546296759,0.8186197898539914,0.19354516150416806,0.6427604120055022,0.09997593596181567,0.6783794892192446,0.5529808415784152,0.33692102123005,0.41217332073783125,0.2911657054309815,0.7656375727141647,0.49295660352342574,0.0,0.3815129021031174,0.43932952982316575,0.8326711248114815,0.19203980841578405,0.7313716916090752,0.6771499279073235,0.6471723760751752,0.8726047083975538,0.8529026085947728,0.47378588475115585,0.7844603490279921,0.29001113707552323,0.7498807819155106,0.6790158355292598,0.2481484777672814,0.9938634962462088,0.74695023948027,0.8437154410911681,1.0521734616085783,0.3693358441472347,0.7465271217620444,0.8656859493859691,0.5610368584166127,0.4578701917499462,0.7864147897711266,0.3550290525199291,0.8242285669301777,0.3214041167404167,0.4876911533170917,0.115345249341222,0.4479633073136776,0.8000670544755462,0.4495602429606058,0.3999497588624273,0.8997810454266727,0.5194007772750625,0.8009822668589137,0.7659181623825385,0.2836677024809825,0.6133589138036756,0.5633048360098775,0.9549245678582674,0.8770914582608264,0.9242829264654701,0.5162872934586252,0.5883270935878951,0.6516639155438437,0.4297850975322759,0.32847657402343416,0.6710927509570924,0.74533863670263,0.3713792074777506,0.8739468420093138,0.48061841429258034,0.18749646994481173,0.6545072009811231,0.5152538656590265,0.6480513515305192,0.5243112746316643,0.9390129186761461,0.9320765508211936,0.6400780672533518,0.7848522514459966,0.20845551799002293,0.2655370407199323,1.130658487876829,0.7973774175906128,1.0531769585177084,1.086031008137357,0.47680743797543884,0.5238515305192329,0.4348631316395698,0.5458617395051293,0.7911773894164638,1.0547442201561181,0.8510802383201578,1.0032987122756425,0.7035070021047747,0.8911801653988298,0.2601079649977625,0.9409421767016354,0.928234665804869,0.8981151825519149,1.069045791279272,1.1006210659772284,0.5173560549561643,0.5699818691062165,0.9164778667197006,0.2681262781948655,0.3618820746117767,0.2711101774971411,0.7918006264604981,0.8176852947513217,0.9347960191584216,0.8778777904837669,0.9016136164006695,0.7467517360247932,0.8422092924973895,0.8117678864416049,0.927061867117453,0.41740018064601664,0.290838744427319,0.419674199108371,0.6325380268151612,0.7727455625714713,0.7941867863239364,0.8638964185684216,0.16864443394819262,0.5623885795256798,0.9561208173817926,0.4610142776645286,0.7414485821773644,0.46620574586917246,1.1201882364639786,0.9538072556721192,1.0205859145826082,0.922317754686024,1.0834795488821487,0.3487094002220784,0.04702243159482255,0.8544010507300421,0.7096847561278774,0.9130354579956578,0.3059631332968728,1.099334294569018,1.089064841976168,0.3009621554881584,0.9011635343641755,0.8461680256550488,0.7693689984918543,0.07535728136031422,0.8130316710585193,0.6962941132600804,1.0633128490694248,0.20438445284144577,0.3411225575498434,0.7527527635525944,0.9403299938679792,0.8115226470441999,0.28221156300236994,0.8848920018561793,1.0036709425081622,0.8442438058303916,0.9405746283498233,0.8201305871824192,0.7774018545219509,0.6996326256649927,0.951843691476491,1.0635669384643434,0.4304755962147201,0.7443405840335436,0.7303479175988995,0.905636594905451,0.25694639453752954,0.4720165564560234,0.9939011750277598,0.734752299507781,0.9278068247733637,1.051693647557964,0.7847199158090122,0.13904328875188524,1.0656643713021432,0.8684890949468831,0.7129040338752713,0.7482045111785082,0.8228574802366627,0.7654169194053596,0.9771403072639584,1.1114987984553932
31,0.6212152505013343,0.3665201776628715,0.06988134539849858,0.07857750377036404,0.159665697144467,0.7570265665655711,0.6580429738643332,0.3931166078324134,0.43527152422148196,0.3599652629311058,0.6075986675284641,0.5835397421236681,0.41470993055900834,0.4274845290773792,0.5221935066872172,0.20489396576012187,0.1670359551865293,0.5993827623924824,0.23576829248081693,0.4380628200666235,0.18968589966688204,0.2669874293574636,0.47679116326090915,0.30265166807537414,0.17295971096637322,0.0604130413165613,0.7878399874044978,0.09695038863753142,0.3892118613168927,0.11731539302938385,0.3815129021031174,0.0,0.06355469099587317,0.4512955965461807,0.1977256169310064,0.3527661297005252,0.3011583138600242,0.2713963108437328,0.4915743466083295,0.47253417358590655,0.09809084505875129,0.4059821342746814,0.10329007772750613,0.37038103879746104,0.2997236530270638,0.13532756591922313,0.612653880574753,0.37073162465403786,0.4677472613069489,0.6763986227812854,0.029786961998044266,0.3652094002220786,0.4899084588740283,0.17991670395598208,0.08242671406552976,0.41063995094383393,0.052290972671075096,0.4484537281028853,0.06579273769866902,0.11198946784003701,0.4933499560814729,0.07166910290193727,0.424292215648254,0.0737852384030228,0.023418129236480522,0.5183235966787648,0.15223771524221474,0.42320209151626653,0.3874160990404215,0.13408499477949595,0.23758407497638337,0.18503247485042837,0.5735213626344488,0.5012828933194119,0.5485080876381776,0.14031434064203904,0.21255225476060255,0.27331175524950685,0.051361076583967206,0.0714645585773711,0.2900771888828121,0.36482460763353713,0.06358426556621742,0.4959491456603523,0.10108910489070089,0.19709538606871166,0.27855619085500244,0.1385556605180728,0.2695827159880011,0.14847470127115123,0.5628521105752498,0.5553435588922585,0.26399322991763197,0.40707416430501003,0.1752152090687614,0.12460953114900811,0.7548836490495369,0.41596032416844814,0.6721870680654306,0.7049855317456372,0.10123298364242048,0.1480766916919404,0.06297042542965567,0.16652298679129574,0.41021915344967597,0.677220462718971,0.47533014302524074,0.6275229287856939,0.3269539269792341,0.5152198080843234,0.12337742587712752,0.5595880110707837,0.5524532474850428,0.5223403437246225,0.7002804322245977,0.7243587480733852,0.14131386002419655,0.19003114072158966,0.535253434760271,0.12020761862145544,0.03583109597441118,0.11842486617279045,0.4133785279835596,0.4380795671124811,0.5590265831386001,0.5001498533286927,0.5278169343210858,0.3710105570195065,0.46336405144268217,0.43523048940154774,0.5510475480203516,0.042660708662722244,0.09639816702298677,0.04035679245595717,0.2633860521387494,0.4072423225442914,0.4179081605595054,0.48812157974112913,0.21382261058353627,0.18145182220454426,0.5801410364772368,0.08128416944264895,0.3649237972124164,0.09007989028654763,0.7427097233961453,0.5863214836175609,0.6553843699763007,0.5579866587116128,0.7165193407249042,0.0409580288039244,0.4249100996039046,0.47414927327267586,0.3339801372246805,0.5372833573642255,0.09126630371733041,0.7235594557417259,0.7125726561593662,0.08617051160940678,0.5253886955368832,0.4671422214488141,0.39365814812973365,0.37440260859477287,0.4332760237988697,0.3326377384444555,0.6835467939475295,0.19205203102471027,0.054037189877193914,0.37401882696100375,0.5645602761066639,0.43563900628117785,0.16439467840037125,0.5242130877210428,0.6231412850726726,1.2198551020069937,0.5884582359667876,0.44426439781898935,0.4016270156946584,0.3238577868377002,0.5756084870481777,0.6877920996370506,0.05503407414773194,0.36847641657965813,0.35457307877160704,0.5275386483037503,0.1276938712938564,0.09113526906312663,0.6196522481313911,0.3534838993022755,0.5513794063540991,0.6708482739190241,0.4089450769817198,0.24937934006198312,0.7072956711248114,0.48832439218415935,0.33223007507582153,0.3993290740648669,0.4530248346840353,0.3849816619433534,0.6002797195843483,0.7306912776148096
32,0.5596983625847295,0.3226591342249623,0.028248313694293918,0.018498574719501452,0.13293163625515836,0.7262564759111023,0.6266533336647938,0.33308068579194217,0.40008757188551347,0.3206276123237044,0.5588639602910223,0.5408286845986843,0.4728333581928769,0.36930339415635,0.48318106862891336,0.16891860156780855,0.10438379820679826,0.5358496660534645,0.18700166558941977,0.3896045840998359,0.24613676063574136,0.20401292696266096,0.5390744046139312,0.24123325709739962,0.14262842440212797,0.10240850859311557,0.8512890750592487,0.14823198926067718,0.33226942773330675,0.05880409022357016,0.43932952982316575,0.06355469099587317,0.0,0.40966877972787075,0.2612369031637913,0.30253825883756774,0.2393275327731649,0.20817316329405522,0.45155532905749185,0.4352291386996801,0.039157145461476,0.37107067568239455,0.1494123783953993,0.317179204163145,0.24606982217139822,0.1920057922736538,0.5670542103780306,0.31836899849185435,0.4084217587298429,0.6129161404729943,0.07000243623527072,0.32195708414126845,0.42826019655612463,0.14209130910356488,0.03241759061303628,0.34791117685079287,0.08499641193921001,0.38626153897147775,0.11853115729461872,0.053029997182585054,0.5518689819188254,0.023889466182734194,0.3622606523144235,0.022509836092742673,0.041330582210510614,0.4794921195246855,0.12812404912245812,0.39079307744576464,0.34038498317837546,0.19607343509173167,0.17486453206052469,0.14225258953578937,0.5319722733223953,0.44214620726230136,0.4850025025273869,0.07866674124529738,0.15086729975637642,0.22838448598750394,0.036820340078556106,0.13481692603457135,0.2458582177364556,0.32766627720048397,0.06992486617279038,0.4493490611379043,0.06921327831087686,0.26060138550522877,0.21815806526458834,0.09079142014285947,0.2404978040736505,0.0980404299043736,0.5073397139495186,0.5041584795903148,0.21036893219973812,0.36143975703939407,0.2309115000248595,0.1739408840053697,0.6945872652844758,0.3768137937320805,0.6322516448731335,0.6578340294005534,0.06016162846583477,0.08731424120386484,0.05242131954457316,0.13711120502494242,0.37472356187540395,0.6442804322245976,0.4144914068844363,0.5655555362203548,0.29430712308788676,0.4578707386599048,0.18167061104758114,0.5220185700790534,0.49291009131739005,0.4597749962710684,0.6706323687830424,0.6690054856726164,0.08319373042310943,0.15666055950546073,0.4975595800394438,0.18372034670776785,0.07880332786423375,0.18194170437030774,0.357544498583006,0.3922559787202307,0.49673894993287926,0.4681712242496561,0.49731325510863617,0.3091149090969358,0.4121173701917499,0.37847132037322456,0.490721564825403,0.03521266510880191,0.1599010838761,0.023925007043537228,0.23580273952170244,0.37990705845307354,0.36028296789804265,0.42483822237690383,0.2768952750294172,0.14571058519365582,0.5211403321235023,0.0615418386118431,0.3056937055635659,0.07045353751305118,0.6889920200865115,0.5573730340244285,0.6269869901721937,0.5302186562588044,0.6875731782097813,0.09192916687382953,0.4858560798157079,0.4388651369760851,0.27111549743946706,0.4761577255174928,0.13369686272560025,0.661775824922521,0.6556003414043984,0.13884353403271515,0.4618585326240078,0.419206069043239,0.3307208853312119,0.43791354679394745,0.3835276438124596,0.30623303336150753,0.6472758497820646,0.25555315799068595,0.10618181441522066,0.3180491970367424,0.5025707585475396,0.3766551898440478,0.2279107210924941,0.49801042443527405,0.5749088069076385,1.2833657750377039,0.563839440494539,0.4130917317158057,0.33808389267306377,0.2639380583039162,0.5175458990039609,0.6243687333233895,0.011225285470425356,0.3090903064353072,0.29202740350353823,0.47914120220752754,0.1832644226785329,0.06209651303468734,0.5877565504897329,0.3105261025207577,0.4962028124430302,0.6238634299540927,0.3478161139561477,0.31195161504168123,0.6810039609539436,0.43972530204345456,0.29348056812343604,0.37583058221051063,0.42358532624007683,0.3512664943071646,0.5409054591557699,0.6933249722401763
33,0.17297157725517492,0.0957072540148163,0.390508833424485,0.39480838263809476,0.3117259732511311,0.333026201958932,0.23585223487296775,0.09717762972538489,0.038928346508891425,0.09858751387991181,0.15949314705248682,0.13241746631531845,0.8659391852698916,0.04687023318251876,0.07459140854173918,0.24907389913654518,0.30743359187258645,0.15127724191650513,0.22631869934868004,0.04105176585624554,0.6404778915792438,0.21479135385074322,0.9279111851373074,0.17439041084539023,0.2800365601020899,0.5063816188534779,1.2374164636470604,0.5459146240408359,0.09074256285321267,0.36106286978571067,0.8326711248114815,0.4512955965461807,0.40966877972787075,0.0,0.6465493296209748,0.11019364755796421,0.19001316727158216,0.21686781352027706,0.05302301165083944,0.03547823961285404,0.37778515553787756,0.07726820132915695,0.549338918444124,0.11683550440013923,0.17564393675732112,0.5856983708712441,0.16140094300535313,0.09135276520989741,0.03502600308258339,0.22829310230530842,0.4692755680405707,0.09422981819387125,0.043414731765524774,0.280884817448085,0.3873252374086411,0.07412570642536334,0.48957642652347555,0.03918133379737809,0.5136498284691492,0.36026845821110726,0.944559439168697,0.39297235618754034,0.06242644061055039,0.39415410431064474,0.4379175740400073,0.07623715175922703,0.3335949800295,0.03920373224614259,0.06939327797941633,0.5806236513697609,0.23917863239364265,0.2712568902368286,0.12254239380831636,0.05317036245214537,0.10040390957755349,0.33748003778650626,0.2618815774209053,0.18271502676544193,0.40347055801388815,0.5193899799466346,0.1643279719584348,0.0959617494489468,0.47884552279620146,0.05423912394968429,0.3524725550638891,0.6474009761514115,0.19939470325991476,0.32202573791411854,0.185785586436633,0.314659805432639,0.11474659009927246,0.10799721573111913,0.19948768623941393,0.05383458459702681,0.6260829894429805,0.5733391753260743,0.30677812857355935,0.035345381925454514,0.2226289547390577,0.253895540197882,0.36276163012313767,0.3252849152289565,0.40329056663186336,0.28698951755912433,0.043439707320306935,0.2451905981206185,0.03432402757752033,0.1794171431412519,0.16582280117337048,0.06714392018429197,0.5734031306451882,0.11905039858134868,0.10436005734268049,0.07423482324864514,0.2797721374235569,0.2762486534413895,0.3267237276056945,0.2677066242397122,0.09392780788544722,0.5691417739770299,0.4769129335918725,0.5672285917897215,0.07179911831485442,0.01753782793881237,0.11091565985515169,0.08218207129717098,0.1098686918908169,0.10897711264687852,0.01909734168613995,0.06358145643779317,0.10295521967550007,0.4233512570642535,0.5455851439367573,0.4166001508145644,0.23207668340542592,0.09297503273173241,0.05509722567493658,0.06271535822602296,0.6641026450554366,0.2765772966075009,0.13203705729296142,0.37204659507118115,0.1122071960092146,0.3682226337857769,0.29461882033179215,0.17268292480816722,0.24195420043421337,0.1532020086511211,0.29874219824657344,0.4875565803211851,0.8759564212201064,0.038742173387029906,0.1520289282222112,0.08918125093223293,0.53778301761713,0.27546005071346885,0.26446713568338887,0.5350609473143407,0.07728317506090589,0.02305821276454697,0.10062869785710732,0.8224630007126401,0.04295699298960871,0.17090058668522845,0.24055400321516768,0.6403123270190091,0.49731472182170733,0.11652924310976318,0.11646925703110753,0.04161040123303333,0.6124601750111867,0.1417021743814117,0.17287941464061385,1.667946767430683,0.21047916770248098,0.04819770795008205,0.09483646563582426,0.14999366910290196,0.12750367921244965,0.23968657916107333,0.41604431627968647,0.10524107956711246,0.13231185468768134,0.079974286945425,0.5772526972604785,0.36611790052867965,0.18842972207030279,0.10109968676975094,0.10328220553870625,0.22112892159299954,0.06856104675251498,0.6980411011120502,0.30832389499328794,0.03913449841727573,0.11986001591010789,0.15228295132501368,0.05972393476855767,0.06876878138517377,0.15210288536435798,0.2861143207544043
34,0.8188197020169375,0.5607589950115184,0.26578838727854287,0.2762625333532209,0.342088209947132,0.9386434644259933,0.8418225691509635,0.5907988200003316,0.6239326720694743,0.5570715291933906,0.8052808796963823,0.7773485390874892,0.22438929216592912,0.6251667412452976,0.7143620875387396,0.39885198627753204,0.3647181673544473,0.7970649745604005,0.43220041764033224,0.6338580105735926,0.020384618571736367,0.46466778534612774,0.28374908434014484,0.5003241518752382,0.36941573443378245,0.15882839457067569,0.5909115497439466,0.11311587033262066,0.5868940734848108,0.31484901141881705,0.19203980841578405,0.1977256169310064,0.2612369031637913,0.6465493296209748,0.0,0.5504483418684433,0.49883056563748146,0.469078523011651,0.6892128888446941,0.663890957755349,0.29569325809178143,0.5940049719087158,0.11183851240491224,0.5668228426059431,0.49634021942690465,0.0693052917681764,0.8076457100714297,0.5684138368219561,0.6654294734748674,0.8740808349492039,0.19124268715093054,0.5603042973864332,0.6875906710419464,0.37307089941828664,0.2798023417690051,0.6083503869802283,0.17696808034604486,0.6461597225674935,0.14270574586917253,0.30958974295231934,0.3028199837584315,0.2693513150698553,0.6219744278161721,0.2714674505709408,0.22008883972223608,0.7140278841213809,0.328146563582426,0.6110098940983442,0.5850983112083397,0.09267696680422285,0.4352662871443012,0.3827287575200119,0.7675746946419397,0.6989564875122227,0.7461902998060955,0.3379446958020517,0.41023854389366743,0.47098984073319083,0.2488316180248263,0.13770853013805331,0.486023193954159,0.5563083412055221,0.19328658081837624,0.6936352359170687,0.29865447720379845,0.008576467956048345,0.4762485954357877,0.33620973168265966,0.46216812509322325,0.34615691343906924,0.7605343227431678,0.7530257710601767,0.46168656258804414,0.6047563764729281,0.04551345729959067,0.08739925255638975,0.9525658612174549,0.6128797461011949,0.8645712805979548,0.9003154510349857,0.2988924741875073,0.34575890385985847,0.2553540081870764,0.36419840401730225,0.6037662125656706,0.8644289679974807,0.6729606473425147,0.8252041465718689,0.5126945756475911,0.7129287359750739,0.07960707834070833,0.7555437445101839,0.7501456189197702,0.7200225558925405,0.8782273156664843,0.9220334692321713,0.3389364921526708,0.3810593148709788,0.7300931901423623,0.07768566764447538,0.18247835562405745,0.08004734914400308,0.6104111437047349,0.6353462934420524,0.756703392499047,0.6879837584315287,0.710388753542485,0.5687118281708349,0.6608138268781386,0.6329120055022456,0.7487389913654519,0.23899951109564294,0.10137133528895073,0.2375512935249174,0.44132413530220915,0.5819258274084756,0.6156146522149852,0.6858037919090472,0.05639446295099353,0.3740684548965014,0.7778232486451548,0.27616461161106404,0.5625185866520823,0.2795095460647342,0.9404073319080528,0.763094333681367,0.830316602860505,0.7320600772303152,0.8928668937171645,0.16930773628996174,0.2336891479805764,0.6657677787169164,0.5316193589552363,0.734966066723015,0.12762870614362187,0.9212456122905583,0.9102548683272845,0.12240286547672319,0.7230709077048013,0.6648244336167323,0.5913319577719218,0.1766967964334841,0.630608064435937,0.5056579906859576,0.8736391720114688,0.01562917018843535,0.15782931437378808,0.570676262450488,0.7622544208554997,0.6333280465370658,0.1086707850643862,0.6951423706060754,0.819294436434147,1.0221336946253665,0.7531788146969622,0.6293339713949518,0.5993092278625766,0.5215399990056182,0.7732906992160957,0.8854743118049686,0.25238364904953686,0.566158628747576,0.5522552909395252,0.7252208604716686,0.07801220603589723,0.28418674489136375,0.8025940436533583,0.5487616798422249,0.7490677671157956,0.8670391289215932,0.6066272891496378,0.08455577652927622,0.8767300336432488,0.6850277846832067,0.5298588060789869,0.5614883077280035,0.6317343592038317,0.5781447902683173,0.7978884635144765,0.9235177414276008
35,0.2686233364822089,0.023027602379886998,0.2894034041001674,0.28725481860819707,0.2164415717860754,0.4401375147085632,0.341381983460117,0.04037286829413813,0.10800429241452461,0.03279599429887803,0.2584339896252838,0.23864971245794592,0.7646401166741247,0.07471839937685411,0.18467469629924269,0.15373101145196302,0.19930539120635077,0.24661694757950914,0.12198157907820818,0.08790031323024909,0.538235685046156,0.10496211405558593,0.8282858433185833,0.06461889491042272,0.18104056248860606,0.40105074661495876,1.1404964202257246,0.4421596977079501,0.0364632658811051,0.2525885745537712,0.7313716916090752,0.3527661297005252,0.30253825883756774,0.11019364755796421,0.5504483418684433,0.0,0.08044747178441794,0.10680999850842737,0.15714085417391738,0.13827183082251943,0.269976333714513,0.08092650690266662,0.44502369114503054,0.04223258588972306,0.06819349011418818,0.48339492699580694,0.26459117651933245,0.0312627322295696,0.11499225210891796,0.3236324930807603,0.364906610981289,0.021368360430235794,0.13714763254279985,0.18554294071827507,0.28098501798173653,0.05792963920515745,0.3839855068860935,0.09573993602810776,0.4104711132103613,0.2528078854472232,0.8437964583436913,0.2865156946585127,0.07152795870001159,0.2872887850312402,0.33319660584365,0.18384139611196737,0.23823558560798158,0.10656209913985976,0.04738284525762772,0.48528031621339424,0.1315658529309402,0.1681909710137721,0.23110933227265948,0.1485870332620693,0.19574825568869222,0.22903350237822975,0.15313301513117553,0.07978858615489154,0.30185106647441945,0.4240253153018778,0.06510895109299125,0.04088441140887321,0.37155653060209815,0.1539950778103714,0.2518554168945459,0.5498128242098809,0.09263266709756535,0.21730241634763584,0.08828134374119556,0.2115942010971345,0.2102121513449013,0.20755329886143295,0.09349019705331538,0.07547994663484645,0.5237841694426488,0.46930114851091337,0.40211816569714437,0.08457618621455441,0.3310774623377915,0.3557632294204411,0.25852870448631904,0.2167880972505345,0.2972596827922239,0.18625812492749305,0.0869383980510118,0.3538733986310678,0.12262735544175414,0.274773587563599,0.07048341039791842,0.16250966207593753,0.4713860024196623,0.22664575979051688,0.19971257395714215,0.16957421402409717,0.386392109580868,0.37161016921062673,0.21958152272990933,0.1723207129717098,0.20184231591507978,0.472929912660137,0.3718749233497407,0.47114982846914927,0.06131332140075242,0.09433842953976701,0.2062755017484546,0.18411466050149983,0.21423865990487084,0.018323546959677896,0.1111556041697741,0.08248941812094997,0.1983170337592602,0.3175542352375743,0.44911126303054405,0.3131541291701884,0.136737292629974,0.11275014501400421,0.06518362916190185,0.13535831717462996,0.566106664014982,0.18123790583204896,0.22738088964019953,0.2742837302573792,0.01723574305175759,0.2709584016970782,0.3900478877674474,0.27676477071214306,0.3471946336531928,0.2548851737682095,0.4052096488175144,0.38356069871890497,0.7755577818657918,0.1460125043504201,0.04559661247286167,0.18456910124463452,0.4325010192412867,0.3708097996320787,0.35980803460448474,0.43139160410348193,0.17262256583635793,0.11787742587712757,0.04214026583138596,0.7271208919604232,0.0817259069590149,0.07559420938364905,0.35064660501499856,0.544764596695338,0.3958399625449542,0.028097407978256186,0.2118364076302226,0.08294414060557849,0.5171180662589702,0.23363966920234008,0.2728665622565836,1.5725772137423555,0.30484722981819384,0.13501049072739024,0.04886088599413313,0.04155626543363329,0.22284727953728103,0.3350267488688908,0.30921106581149843,0.017304380251578568,0.040410356485854934,0.1804251810603424,0.4746592419496512,0.2707785097532276,0.2973502792555394,0.01561819884320259,0.19864496428512235,0.3214561809111851,0.05619343210858649,0.6011566731301479,0.4102170238154427,0.1374041996055619,0.023077843517459704,0.13345299888960707,0.14229030974991305,0.07379328460862793,0.2476736521984123,0.395703881403404
36,0.3204733008501963,0.09885076815989659,0.23768910654800393,0.2235184126352773,0.1674881585707419,0.5203927890750591,0.4215026848307064,0.09599238469315029,0.18821367606357411,0.10943296209748248,0.3371266096554466,0.31546107824127,0.7107149273272675,0.1442072540148162,0.2645647011054211,0.10210818044714026,0.13523038167685902,0.29826831734036025,0.0697749631250105,0.15980876381776302,0.4840621322859178,0.035792953148046786,0.7766700889971659,0.026263055403636132,0.12950120983112076,0.3412696597557135,1.0888709209632244,0.38607466149588165,0.10268569250401888,0.18587530452940879,0.6771499279073235,0.3011583138600242,0.2393275327731649,0.19001316727158216,0.49883056563748146,0.08044747178441794,0.0,0.0330894529243109,0.2375045327234457,0.21837988697194188,0.20523765723661305,0.1608894496097052,0.3872357430517575,0.08188382306634183,0.021480170370738655,0.4299105636487181,0.3380870581216128,0.10719952269676321,0.18199593132136746,0.37552175210063155,0.30815709574238875,0.10102486783009333,0.19177250203019594,0.13405879282056385,0.22026109149969347,0.11754338819005955,0.3236103432274318,0.15625983194948537,0.3563802764381244,0.1905058419927409,0.7901326753840799,0.2296728732660468,0.13106911781766342,0.22800445814481504,0.2788593281294023,0.2641494887220537,0.18661530684963284,0.18610040769651473,0.1269989807587132,0.43362894645254324,0.0713332670412171,0.11790710817216063,0.31003467077677777,0.21261487595087758,0.24739831618024818,0.16163087721042774,0.08953724788279553,0.0394315202439549,0.250045285801886,0.3724070584530734,0.041067236778866006,0.11784291254412566,0.3075478629079036,0.23381459752398942,0.20028845357065914,0.49819363927144955,0.038223296706939115,0.16264458310545415,0.0735354248495997,0.16299404199605558,0.28424842970549713,0.2853135865692172,0.038687747559621455,0.15395368667031264,0.4688619466679924,0.4116581149836756,0.4633474038349988,0.1647164271863967,0.40880730539120635,0.4269299540927095,0.2006186463149872,0.15371699895589913,0.24357977427534422,0.1346900180646016,0.16668899053680034,0.43420426258307215,0.18591965395515334,0.3291951722766369,0.09305980377533604,0.23104473889192723,0.4193289083345765,0.3068538507433004,0.2667471950148329,0.22642971378378818,0.4665544755464957,0.4431015429490046,0.15991742488274574,0.12067189545733274,0.28209694393344265,0.421295977725849,0.3163895656209084,0.41950169044896335,0.12183818923084579,0.1745017070219924,0.26194922852549746,0.26403973383715335,0.29423590878204803,0.0821711082384528,0.18622602297021817,0.1476217869039924,0.2536938050017401,0.2598755531248446,0.39747469298463683,0.2614809824491623,0.08904805349773781,0.1903776827590779,0.13522153167934509,0.1870735593894495,0.514495765591077,0.1296130197716236,0.289568529475132,0.22267500290028003,0.07895993470226541,0.2193464094532558,0.4599656358242597,0.35664024097184244,0.4271511957440461,0.33435786970284553,0.48533752630968363,0.3295541523724291,0.72343711364126,0.22634331858333748,0.042965826414093675,0.24542957291304135,0.372676179585343,0.4264154444057741,0.4243533866984869,0.37673486468121775,0.224273935597209,0.19704158172989272,0.09363576625399829,0.6754849516896202,0.15601149339564785,0.12610755895855086,0.4305397255506389,0.4931518752382373,0.34374188335902156,0.08058992525563903,0.2700064800543595,0.15076022970218259,0.46548060126949403,0.3115350436699316,0.3443585657700657,1.5209576973433434,0.3824792588541408,0.2137422562521752,0.10496675450372056,0.045563192959777156,0.285917350304115,0.38667733969737644,0.24770573758265804,0.08644719004292409,0.06128163376920397,0.2599777258489533,0.4210239148809228,0.21915029251396276,0.3776606920896931,0.09348294635310489,0.27109541921476976,0.3953966505908285,0.1224506455194816,0.549508816851456,0.48950024030892125,0.2143988630902069,0.0900874558743101,0.2059508195362867,0.22206226487015038,0.15132728417772912,0.30257384941745796,0.47535162167089273
37,0.35254404282470697,0.1266177430849036,0.20799949452261388,0.1929011750277598,0.13815256301894294,0.5440736008220222,0.44460899252556396,0.12851462569813882,0.21242615058254194,0.13198689073401945,0.364605860223073,0.34469310893452,0.6806723097830589,0.1715621571454615,0.29125126369346516,0.07240071926946084,0.10450951291867616,0.32798645154874967,0.04471683322560869,0.19005884253965097,0.4539872636271732,0.005853933608445616,0.7469160244617906,0.04279558825966613,0.09968900710982942,0.31032603291403565,1.0591280266494307,0.3560838843865494,0.13227183910903392,0.15431897280365936,0.6471723760751752,0.2713963108437328,0.20817316329405522,0.21686781352027706,0.469078523011651,0.10680999850842737,0.0330894529243109,0.0,0.2625237325776032,0.2444042410381345,0.17366818309882498,0.18447625913588234,0.3573484645088582,0.11415306020981454,0.04342051575266409,0.39989708148958386,0.36855319942325865,0.12952187639834933,0.20998863090206998,0.40682425131341254,0.2779409917300585,0.12733805664661327,0.2238650375379108,0.10450216278029134,0.18936430003811797,0.14516442102123006,0.2926134009512919,0.18428900876713228,0.3264106962329505,0.15962466232453304,0.7597894065198296,0.19976063574139447,0.1604079119640697,0.19770265499925424,0.24921577255174923,0.28975611959097763,0.15686576675118913,0.20845057094085076,0.1504800709325643,0.40392852881221103,0.04125669136048001,0.08845500422612235,0.3378757602877077,0.24190592320058332,0.2778375926017999,0.1312533353220968,0.058963000712640254,0.04899496179916801,0.22027128391256065,0.34268141666252333,0.055548492683007655,0.1397476093405592,0.2760251910041599,0.2589455824591059,0.17068276736439117,0.4684430053530884,0.02346838694708227,0.13291085367672645,0.08153341122656985,0.1342712507665026,0.31165724489965035,0.31165485009695215,0.033624513167271546,0.17583539667545026,0.4387670909362104,0.3817883209864268,0.49356158537595923,0.18868950430070097,0.43762568985233424,0.45817366877144144,0.170508361093157,0.1234687266941779,0.21375981537645633,0.10488774258771273,0.1895895606489998,0.45899357795124224,0.2139795074495766,0.3610390957755349,0.11216566399840895,0.2597771259053017,0.3895095626377633,0.3326068711778451,0.2945340078556158,0.256681930426424,0.4898776247534761,0.4718015462636106,0.13024400470674022,0.09100046404481339,0.30789840733190804,0.3915600938033445,0.28664227945441584,0.3897865393858035,0.15392295198793482,0.20033409569266974,0.2929660584365005,0.28655397006910954,0.316836573360513,0.10845937121927784,0.21456355756641649,0.1780130512603788,0.2862743830689935,0.23009346359734167,0.36774253799366907,0.23177474767563253,0.07973776496130197,0.20877713419181618,0.16234315285304693,0.21853776164669622,0.48475104824408766,0.09986858416612805,0.3200912345249341,0.19292153499395082,0.1059286531099289,0.18959546064734245,0.49017835893866335,0.37889151295182216,0.4494342547937486,0.3553506687217222,0.5083452410547076,0.29977078672168905,0.6936985614610782,0.2513349574901805,0.06648410646513862,0.2746717463000713,0.34168483899302277,0.45808052834816615,0.455103009662076,0.3467723943055072,0.2548306485026269,0.2246401912527552,0.12475607815840498,0.6457524983841296,0.1854691327333897,0.14073553588889437,0.4571202870448631,0.4633947778385455,0.31402577106017665,0.11340017235950216,0.29998245744874796,0.17771910373058877,0.43574967268267617,0.32966793450338916,0.3754076633686338,1.4912073948855638,0.3996690946154229,0.23419853660153467,0.1320113773844446,0.06734152040968529,0.31657404829380653,0.417270612704884,0.21681908881486273,0.11171157128888447,0.08913647889424753,0.28648884635144767,0.3911542534679063,0.18940869089643517,0.40262767032930613,0.11827502941712655,0.2992468055486501,0.4255921543280464,0.1490617511062497,0.5198379986410115,0.5097595336349625,0.2428424816453703,0.10987594259102736,0.21937532938895238,0.24430894612108256,0.17105155040686787,0.33552920996370506,0.5023558395067866
38,0.12974158504449856,0.14752103117386767,0.434544987487363,0.43707243242347393,0.35514756625068367,0.2837010639884653,0.18654129998839886,0.1459344951026699,0.07962523409403537,0.1336831982631465,0.11607140489567276,0.0925419049039593,0.9058183430285552,0.09432843600324829,0.032452269676328756,0.2925041929763503,0.3502963091864299,0.1078524006032583,0.2720153880574753,0.09281361971527534,0.6803690150648835,0.25998215084771037,0.9680383251296839,0.21983808979267142,0.3201648270604419,0.5471293359187257,1.2793339382488942,0.58619433533867,0.1382550091980311,0.4041149836755664,0.8726047083975538,0.4915743466083295,0.45155532905749185,0.05302301165083944,0.6892128888446941,0.15714085417391738,0.2375045327234457,0.2625237325776032,0.0,0.035504416712242505,0.4202340608893087,0.12070646679593634,0.5898258257511726,0.1625420540612207,0.2238531795356237,0.6256117022158137,0.12147267936160694,0.13395805366346808,0.06558622947016025,0.18486794610450952,0.5097303899633736,0.1421964152538159,0.06169215598534943,0.32431665257959197,0.4288307728003447,0.12152454465602672,0.5304487064750825,0.08299091798007911,0.5537898291320704,0.4025535225973252,0.9844961550572596,0.4346068794643596,0.11166952551417822,0.436010407862245,0.4790954606473425,0.027963589055171618,0.37700013258423243,0.0826160774954838,0.11239245761447819,0.6240512272328014,0.2830096620759377,0.31174358209449937,0.08256886922222777,0.04178879331775466,0.0630000994381743,0.3806837120270472,0.30552778468320646,0.22345835197799102,0.4434150963721638,0.5627961434561395,0.2109157095742389,0.1393843202572134,0.5208236381113375,0.010769154278327413,0.39261471022058714,0.6885773711861316,0.24404909759856808,0.3629981355342315,0.22705131009794652,0.35546453371782766,0.07132254429142013,0.06381288221548252,0.24138452742007654,0.09024722816089094,0.6659624620891961,0.6137167172144052,0.26335297237276056,0.07635669301778288,0.18188448598750392,0.21372357016191854,0.4032874509024015,0.3685379439500159,0.44540642039145495,0.3268390095957839,0.08573307479408013,0.19676585624554593,0.054488523177381155,0.13599990884834018,0.20925321102437888,0.0284162067651104,0.6133759260179984,0.07055218846848639,0.06094322080246602,0.054903089212615386,0.23037523823729264,0.2328416115613451,0.3691138649961053,0.3110864200599943,0.046047970632592514,0.6116944596363875,0.5180020716286317,0.609917242579426,0.12204609788030961,0.06383724456818976,0.0675041929763503,0.033678508095924695,0.060846061419645686,0.15605166641807128,0.05515517327101875,0.10089259019871058,0.05955114436765604,0.464678781550904,0.5878758100067947,0.4583954821922801,0.27550255224647413,0.13636503753791082,0.10292903428959702,0.08720191749946139,0.7048719070584533,0.3200024528082998,0.08861461906892723,0.4130503488622616,0.1588143903611263,0.40972677704304006,0.2512332570973998,0.1236645038863753,0.19257849815210726,0.10488068247733635,0.24933742687150937,0.5279858466331891,0.9160564311639238,0.025610310081373544,0.19813773844445548,0.045783622532690346,0.5784976217703308,0.23204321417325435,0.2210434876282338,0.5752677870034305,0.06534147069059812,0.048610202356684715,0.14976937801421966,0.8658854389366745,0.08777067071048573,0.21432358839225052,0.1957901440196225,0.6835291436715887,0.5400359717595585,0.16692284426324597,0.07306292779131238,0.08725965793268033,0.6558826132352211,0.10024703757105688,0.13173671257395717,1.7113417607186068,0.1643800195561743,0.07487828767463832,0.1368617146455858,0.1953999486236099,0.08408124098841545,0.1962614229602745,0.45781470524867834,0.1516142296027445,0.17775542352375748,0.03600797162697424,0.6172326853278975,0.41011441190606424,0.140271855682063,0.14958380980791858,0.059875461973184815,0.1794932050580884,0.1161617444770381,0.7399381411690615,0.25953917035416557,0.03160504814464939,0.15979313545136653,0.19571682493909415,0.0899517724854572,0.1110973499726545,0.1087693282951325,0.241785271549081
39,0.1619333018445782,0.12046133512322045,0.41294550788047535,0.4206365286133347,0.32375876298911155,0.3029581779611859,0.20524417872354528,0.12695033891844412,0.048710601766684916,0.11979781733207376,0.1486014435108305,0.11548781053713186,0.8861979979780903,0.07578835413248478,0.050510126120751085,0.2679801372246806,0.33367443941729236,0.1403833507350139,0.25128534612771175,0.07215610136064572,0.662155620742803,0.24211350867598067,0.9471286647110492,0.20177040554202097,0.30069816370838104,0.5305847130380018,1.2526592170901074,0.5689367904671936,0.12048199340393444,0.38741823696116934,0.8529026085947728,0.47253417358590655,0.4352291386996801,0.03547823961285404,0.663890957755349,0.13827183082251943,0.21837988697194188,0.2444042410381345,0.035504416712242505,0.0,0.40375332703558225,0.08838503289746266,0.5729631498699016,0.14305253650209648,0.2025049139031141,0.6075807769436019,0.14719605893369128,0.11719042410381346,0.06020559671191103,0.21739889623626513,0.49294721490246773,0.1203009579210793,0.05965814812973367,0.2956922637100382,0.41244854903130646,0.10297047514874305,0.5139897827275891,0.06519546230464549,0.5366360148494341,0.3861117685079303,0.9639479689752896,0.41826580652645895,0.09365313478844525,0.4196630703193623,0.46244397487528793,0.05858844196953876,0.345527304065364,0.05319378014219663,0.09553279802449492,0.5915246689537444,0.26631105918228676,0.2952218631399261,0.10739109033958136,0.056266991498036115,0.08951545434959149,0.36389084174414554,0.2885223818757355,0.20708859112680017,0.4259474386383599,0.5324583022589038,0.19107610334940917,0.10807055967119109,0.5044631250103582,0.038515686371998245,0.375059033129485,0.6663935928669682,0.2269730936873333,0.3465238983078938,0.20511007805896692,0.33945644607965003,0.10385250004143257,0.0963438323472381,0.22497252191783101,0.0747562024561229,0.6475341652993919,0.5964747344172093,0.2958839225045161,0.0586614710220587,0.20092850395266745,0.24060740980128942,0.38623930625300373,0.3517423888364077,0.42895248512570644,0.30877661214140106,0.0630298811713817,0.21901141881701722,0.04297152753608772,0.16852714662158802,0.17673265218183926,0.056213584911914374,0.5957546363048773,0.10073488954076133,0.09345681897280368,0.07205183214836175,0.24941832811282927,0.26534902799184595,0.35258288171829155,0.2830814978703658,0.07485713220305275,0.5864456818972805,0.5014159001640729,0.5839880425595386,0.10179092295198794,0.04590449792008484,0.1000250004143257,0.05507123916538226,0.08060810586850956,0.13711679842224755,0.04244876448068412,0.0903905268565936,0.09205541192263714,0.44831478811382364,0.5634225045161506,0.4412701569465853,0.24302579591972023,0.10426501930757884,0.08397237276056954,0.08870684797560449,0.6850451449311389,0.29125336846815497,0.12114808830109874,0.3924883905931486,0.14056075672450652,0.3869555842821394,0.2836348713104293,0.14116242397122933,0.21107070054193808,0.12087057292961441,0.268385273206384,0.5111179336747378,0.895640564145909,0.02828876017169661,0.18019544573161636,0.07825114768226185,0.5618839722236034,0.2645597291967053,0.2535751835462967,0.5581097797444439,0.08101592668091948,0.04271946833722799,0.1307113061204197,0.8334358292315087,0.07226569051525548,0.18193523260246275,0.21288590298148793,0.6551125971593827,0.5200076318798788,0.14495413414209712,0.10556185883093853,0.06881188783373937,0.6234218498815027,0.1069412651850379,0.16188209118480587,1.6797902766038546,0.17653890518570087,0.04367331245131674,0.12159822005667978,0.17769395415900166,0.11661447819818026,0.2287923730920301,0.4414629758530967,0.13310381345398495,0.16041749946137657,0.06853999900561825,0.5994749830126451,0.3843392250451615,0.15964637299259185,0.12629354977709273,0.09237591773148376,0.21023121861482622,0.09735619582691131,0.7163301430252408,0.27630124794908767,0.03403795223653027,0.14260493213344602,0.16336743234060896,0.06332793052586225,0.0877873846102852,0.14120261356668157,0.2667344917880641
40,0.5255805946402825,0.290168042228078,0.050519216427186396,0.021530063474701235,0.10783029218250217,0.6966455443411393,0.59691840269146,0.29932058038747744,0.3691361805797246,0.28920325991481455,0.5266793533204064,0.5084712706541376,0.5072856195826911,0.33628814696962167,0.4514896750029003,0.138452684002055,0.07083826380947646,0.5013939906196655,0.15421552395631355,0.3565994298878006,0.28059311556373157,0.16989133064850262,0.5735307595419213,0.2077383367308042,0.11400289199356964,0.1369011750277598,0.8857413364490627,0.182713154013159,0.2990612704884072,0.01989370059165713,0.47378588475115585,0.09809084505875129,0.039157145461476,0.37778515553787756,0.29569325809178143,0.269976333714513,0.20523765723661305,0.17366818309882498,0.4202340608893087,0.40375332703558225,0.0,0.34026688377334724,0.18487759989393263,0.2836956694675085,0.21252226586453205,0.22672043785942753,0.5343187656407961,0.2866002419662242,0.37525027759823676,0.5787537247882795,0.10605033228923251,0.28969776595568375,0.3944552113889856,0.11177773082086215,0.015932746648104814,0.3141006728649794,0.12251024213195433,0.3525302872105935,0.15318353801024207,0.01781370258042062,0.5863823480667562,0.026762433915046624,0.32863982664611613,0.02456988017699995,0.07930535806029267,0.44812063507847333,0.09908795306518173,0.36079844710717773,0.3086236182237027,0.2312866305374633,0.14125837352292875,0.11410029997182575,0.4999174994613766,0.4088155256136164,0.4506994315451036,0.043819992044946035,0.11738389764497249,0.19755417723197266,0.04688527320638387,0.16947136180579725,0.21370463547622603,0.29643408906345803,0.10309109365418716,0.4177093090704187,0.048508891430086666,0.29505774043321903,0.184562828353138,0.06269100415983024,0.21267793632642232,0.0710653888861267,0.4747390576575682,0.4721490495367839,0.17893395647922564,0.3303963688493345,0.2653915875304529,0.20852236530270635,0.6611924128672998,0.3456014103647723,0.6002279785876464,0.6249119226371005,0.0427176204444887,0.053634747012711495,0.06305525447886111,0.10991469861946666,0.34409418452410556,0.6140052205041513,0.38097726180414,0.5317140572432424,0.26416834054260097,0.42492254594872303,0.21612287243739536,0.49078018362916187,0.45974296889242444,0.42598499312219296,0.6414246590099272,0.636242015943254,0.05120226553307149,0.12684456984703088,0.4662786340509455,0.218174828883475,0.11340527685245028,0.21639474469248746,0.32391585044498583,0.36031098460365607,0.4629567526806875,0.43837205621571457,0.46793618555163324,0.27546552809957087,0.3792939060972173,0.3452378229669036,0.4569892855367176,0.057524370639221695,0.19442714496428504,0.05860045741560172,0.2082796615787468,0.35231362800178984,0.32714827889093284,0.3907095328063111,0.31162468718407665,0.11530731367772089,0.4877953976698321,0.036218449095941276,0.272213203732246,0.04345313976035393,0.6560675433799036,0.528572556721192,0.5984673428462521,0.5021520989741295,0.6587325610301795,0.12659913157327765,0.5203403934437097,0.4080420872072788,0.23705301711993892,0.44257488523177385,0.168135716534911,0.6280517161371585,0.6223732577603208,0.17357655910770808,0.4275546992823878,0.3869441157460348,0.2965801803145561,0.4723658081837617,0.35071014600838596,0.2793307645138302,0.6160208405840336,0.29000951291867616,0.14064736737433498,0.2843215581961914,0.4688695702613565,0.3433687416099039,0.2623629824823083,0.4711377715905136,0.5419970914334012,1.317822129965694,0.5380430401564494,0.38363764729279576,0.30363948689902054,0.230803568173155,0.4842350221249937,0.5900171696580985,0.04331665257959189,0.27593269692901773,0.25822894810984603,0.44714730108221884,0.21836041366280515,0.03744651883524752,0.5576359319842887,0.27851281095145763,0.46341435058585656,0.5911057773579278,0.3144895258456388,0.3470299391769834,0.6538570907704799,0.4070343558892258,0.2627491837783192,0.35113585740565806,0.39457027792969723,0.32128187407812525,0.5070898175309502,0.6619414226288138
41,0.2501187291801323,0.0656310180811747,0.34705647259649647,0.3569410994547474,0.2519343293723794,0.3611378876017171,0.2709832115215698,0.0724041333134457,0.04116169475795092,0.06469358126584795,0.23675301214803035,0.20362141401083875,0.8176957440461392,0.0566388736969456,0.1336816321119011,0.2024893849748919,0.27062734715523956,0.2285371070120487,0.18877512056878637,0.06170079882000035,0.5949112099968511,0.1817018594938597,0.8777450902401434,0.14177497141152495,0.2336960009280897,0.4651462155488158,1.1786488009413478,0.5027923482324863,0.0695532325693167,0.32451451797345005,0.7844603490279921,0.4059821342746814,0.37107067568239455,0.07726820132915695,0.5940049719087158,0.08092650690266662,0.1608894496097052,0.18447625913588234,0.12070646679593634,0.08838503289746266,0.34026688377334724,0.0,0.5070871575597872,0.0958877260146837,0.14368997663202907,0.5406076169641523,0.23501636586618938,0.055074056580321204,0.09690233513979349,0.3055529674008519,0.4272296938961535,0.0665109133396311,0.11906280349359454,0.22899812724771706,0.34800091980311254,0.050908765475065974,0.4486037885944416,0.0776156963158157,0.47061434561394777,0.3225188766800907,0.8944812973367143,0.3540021544937768,0.053960191584215854,0.3556102603622864,0.3973724373953827,0.14529558825966626,0.2695646016672467,0.04792646547009395,0.03422136594905452,0.5048389515901821,0.2044618820331793,0.22994135633669768,0.19554516150416815,0.13036799582359668,0.17766243225774375,0.301054889872222,0.22632618207129723,0.1427664031555047,0.3598475944248331,0.45942789903710696,0.12967990023036513,0.04489447952402261,0.44042393808316344,0.12510511443676564,0.30897599396741743,0.5976160940685128,0.16634412237524657,0.28166938464343133,0.137391446659706,0.27437781534331035,0.19200645519481596,0.18449790351182482,0.1613735312153003,0.04189849019705334,0.5799386052138751,0.5303021677522001,0.384037993669103,0.04438205803874776,0.28733107111486766,0.32874648237458365,0.320469563632145,0.2891030096620759,0.365533444372628,0.242284799217753,0.038038689736323114,0.29567365219841235,0.10438408823480663,0.2566764116077495,0.08856298579691407,0.1443749813553423,0.5292708115812327,0.18696150085351096,0.18160759210460903,0.15149468834418867,0.30574626692520573,0.3535030991564328,0.28912202721291386,0.21597127894065207,0.1615653225940105,0.5168930128109515,0.43634756127877483,0.5140374881917168,0.050305772386018965,0.06755781501184971,0.1881755249506952,0.12808553340294007,0.15095886574189163,0.0797684747841362,0.09226771242479989,0.0697943369959728,0.18020088168514561,0.38375222492915034,0.49406544689172854,0.3765213129153614,0.15757655910770813,0.04275529093952501,0.0471142296027446,0.1172759243606954,0.6176986277531943,0.22591760718606552,0.20929544738891928,0.32538264638127906,0.08421389151295183,0.31883479175989,0.3718223039824988,0.19613410895109298,0.2666073269361441,0.17518929713783785,0.3246038466000431,0.4453287011717132,0.8266796516349295,0.09655736754006533,0.12175819121960925,0.16640148991531178,0.49636028936508725,0.35271380036129196,0.3417270007789324,0.4918869802283764,0.15454304015644943,0.09631352027710108,0.07755658860769984,0.7488035433136113,0.062080412336962834,0.09957898705646431,0.296445250998525,0.5834223553588891,0.45406422048757855,0.08983955650574252,0.1937094996602529,0.06481993403934441,0.538378536270074,0.15515859560151812,0.25003593032698584,1.6005365186695173,0.22688717910472497,0.06670197550506309,0.0770384908599745,0.11801692106266261,0.2047628316677439,0.3169464442566168,0.37728240441505506,0.07489349342879398,0.10606025953363499,0.1566929929233166,0.5327964086246045,0.3194790765508212,0.22797739438837236,0.06743504201262865,0.18052728749233504,0.298385289779413,0.047402210842075646,0.6468082997729495,0.33118723379572085,0.11637605031571621,0.07760835446394537,0.07861371583884387,0.06360684631830159,0.0316674373125176,0.22935527602379888,0.3546951722766371
42,0.7076425363363662,0.463920184292083,0.1641246374649895,0.16458925404796235,0.26018042228078025,0.8582060358971809,0.7593523757437148,0.48002068314025753,0.5363232652181839,0.4590011766850627,0.6999340890634579,0.6815275278012562,0.3235918643000381,0.5142488937503107,0.621897114635642,0.3050500836937967,0.2529181706690532,0.6852317820978142,0.32924791594159664,0.5327756757652597,0.09692017600556853,0.3528852069142676,0.3896764613268368,0.3884942905914915,0.2741592833822238,0.05161314406934155,0.7019109696879298,0.015048583834667461,0.4771286647110492,0.2043087969638211,0.29001113707552323,0.10329007772750613,0.1494123783953993,0.549338918444124,0.11183851240491224,0.44502369114503054,0.3872357430517575,0.3573484645088582,0.5898258257511726,0.5729631498699016,0.18487759989393263,0.5070871575597872,0.0,0.46234926830076745,0.39140576575680747,0.04281736521984119,0.7091576343658329,0.4597233049934536,0.5541301645701785,0.7622473275990655,0.08051188286183066,0.4626606340840915,0.5758218150781418,0.27945698470309416,0.16970011932580914,0.49652563018942963,0.06513624687184072,0.5343331261704701,0.037984056746051514,0.19865421203533368,0.4029609207974942,0.15991327333896815,0.5101409204660338,0.16058327947098894,0.11222336299905533,0.6175728716087436,0.2526379870398913,0.524625432970384,0.4805368169840402,0.05053186993486801,0.32343809973648885,0.27819266974925005,0.6718665291105256,0.5878027560947314,0.6343608528480751,0.22635196141798827,0.2984516730472829,0.3667576194501068,0.14911077412618695,0.07427600722584067,0.3866181159780574,0.46516644293077464,0.08182039808415786,0.5889989310396262,0.19812743830689936,0.11119808912975024,0.36487137672152353,0.22797215731119175,0.37100914002552243,0.23578252871277283,0.6507261224083923,0.6452780788544721,0.3518646729312717,0.49983481661943363,0.08169281061999703,0.024543603639437216,0.8409426158869056,0.514770877873349,0.7716419977129221,0.800648154593215,0.18719153449676007,0.23401992906743566,0.1479067352790069,0.26567327101874405,0.5108525083279472,0.7785705679577056,0.5611838197517363,0.7133764729279571,0.42839127264290094,0.6023472878237952,0.0323273587563599,0.6595455178242927,0.6386378544556586,0.6081890485424023,0.8010644525099853,0.8125542932431762,0.22788027643812464,0.291205754155687,0.6352681681830988,0.03567888927559291,0.07485731450637237,0.03709743283779975,0.5035181888993852,0.5326004905616601,0.6448705149240128,0.6015337344006364,0.6289857969141017,0.4568836076169642,0.5552765127032268,0.523338794146406,0.6375604004043818,0.12836237756674784,0.04645148245744869,0.13434424667296427,0.36362609589154615,0.5068291735030412,0.5053711944182039,0.5739702845589087,0.12749676825933476,0.2818419181623826,0.6669343376588941,0.18392965577818662,0.4519663401779943,0.19176508559969507,0.8326104012330334,0.686812542468387,0.7554556008551684,0.6577221034488474,0.8169354563383551,0.06301475828237124,0.3364485904638791,0.5750361789224216,0.41979799963539355,0.623179742786589,0.03168439152123836,0.8094137788163542,0.8005697558792823,0.01952176038714597,0.6112374003546628,0.560486443262235,0.47950736671141375,0.28850605744211866,0.5265535888894414,0.4316473176552479,0.784300419297635,0.10615518155753327,0.05854049619648985,0.46440516084124694,0.6504260511443677,0.522224680554865,0.08334371633603473,0.6227606274548798,0.7177900362949335,1.1339623792240505,0.6849106133678051,0.5456046089593797,0.487475720512438,0.40990599777921394,0.6629742372263379,0.7736408044548301,0.14249927907323626,0.45477789655115264,0.4404217835893867,0.619863512819238,0.03398317008899719,0.191338272095991,0.72097726180414,0.45082613235221003,0.6397879480932731,0.7662128308390924,0.49479812393311134,0.16254874956495796,0.8055803957639337,0.582316652579592,0.4304378014219659,0.4944967765458495,0.5537763552594508,0.48607967483716985,0.6878221879712956,0.8309902053398298
43,0.2539038349989228,0.03586288304413395,0.30368343857206787,0.30137457531613043,0.2312276802731235,0.4420522961931754,0.3440430815890221,0.04366554798720561,0.11309660418634715,0.04089180297983061,0.2614815873647227,0.23444750493047614,0.783307379969837,0.07857625250667064,0.18475452858018854,0.16877338868725036,0.2129234988978936,0.23227398531629634,0.13579261340095136,0.08743308639520044,0.5568054657849817,0.11469366413099322,0.8465440345381925,0.07599023019937355,0.19907839871393296,0.4176434478529641,1.15770202522415,0.4599720412999884,0.03760915825585441,0.2650559505460813,0.7498807819155106,0.37038103879746104,0.317179204163145,0.11683550440013923,0.5668228426059431,0.04223258588972306,0.08188382306634183,0.11415306020981454,0.1625420540612207,0.14305253650209648,0.2836956694675085,0.0958877260146837,0.46234926830076745,0.0,0.07131018081174698,0.5020196141798834,0.25645144931139063,0.0578959876696664,0.11082259401050726,0.3092895308175475,0.3825100846881784,0.03361135418220384,0.12292313429125443,0.19988590298148795,0.2968820828982913,0.05917985879779251,0.4002392731069457,0.09056921725583783,0.42889357629393915,0.2675603672583238,0.8626197401349045,0.3031874989641857,0.06944738063275824,0.30321994066855595,0.350328195694327,0.18681872420822349,0.2532623344768724,0.11803308805250334,0.07065227299093454,0.4996232784766072,0.1424436102686488,0.1868032118530304,0.22986771408210277,0.14051316727158222,0.18140640381842585,0.2410523459122624,0.16646575183546303,0.09859512918676142,0.32059405193987306,0.43921996552809967,0.08082765707088287,0.06755106150251082,0.38590249258356946,0.15984278824640785,0.26982140903893004,0.5669339730522547,0.09917304728285192,0.2350604998425562,0.10552604451515606,0.22693858864084593,0.21098694045310662,0.21153821740499512,0.11082250285884755,0.0860888562952651,0.5422373589220902,0.4865643779313546,0.3913918029798307,0.09848813371119837,0.3276511045923863,0.3452824127015694,0.27574925835694986,0.23018604882414354,0.31525936790467196,0.20486183065678915,0.09774963125010361,0.356117353618721,0.11648457879646656,0.2606008137357265,0.08534676577338038,0.15840642867796945,0.4901414839490213,0.22983663136611474,0.1955937453388355,0.15710403718987714,0.38848964185684204,0.36897886938795804,0.23501281923797215,0.1875373390344553,0.20502094002220786,0.4893335985017982,0.3888975289613683,0.487495591574272,0.058263105122723244,0.10915942425297072,0.1925075573012479,0.18930394106630866,0.2177969886806211,0.04113575796748368,0.10950595800394437,0.07318236961169397,0.18395990155620745,0.3343624355723495,0.4657689305424353,0.33042078920764356,0.1510802548931868,0.12479235651900097,0.07057844843302014,0.12244454664479024,0.5830316876315483,0.19590492053232575,0.2166124645751504,0.2915392532193109,0.03051645701784914,0.28813221962578095,0.38388759343045126,0.279472555063889,0.3496946253666783,0.2579182535341984,0.4073871128126088,0.4015512023732578,0.7940783075622732,0.14942827193026068,0.04811698901208175,0.17526294767894723,0.4490807603705731,0.3564868741609904,0.34984868824475057,0.4495667147284509,0.15828119458393408,0.121960241303303,0.05902859676163008,0.7414648651784087,0.07933408740615525,0.09941129286199638,0.35045180563151523,0.5605689355143438,0.40981356170967365,0.026031811929266315,0.2003366810852019,0.08429946634846452,0.5314614594209384,0.23722479656606843,0.26388333416198484,1.5875699381826014,0.30844375942591024,0.1409992376406636,0.03987813851737681,0.05352154493776828,0.21225771060176665,0.3206830076733125,0.32456644127347156,0.04573329024345778,0.02594447206615956,0.18487696183231409,0.49317408309716765,0.2853765640796168,0.2987016771905401,0.049558386781352035,0.19723020766005403,0.31573803841628134,0.06181023053083415,0.617055677091102,0.41332406901009294,0.13735486169807254,0.05411808283199918,0.1489636967798605,0.14514933956479223,0.09216755332372094,0.23313549279901882,0.39675341818724214
44,0.3240608644491954,0.08421335288950763,0.23350953777821973,0.23021570625963308,0.16283017617129883,0.5034502643398133,0.40462852384030223,0.0961902500870084,0.17145728301761715,0.094303725616931,0.3263689073401946,0.3019095609804604,0.7124648071728069,0.13665502411375724,0.2489893518288338,0.09855754155687035,0.14176416579658263,0.3024507698171995,0.06559251064817122,0.14669898407331905,0.4859591474833855,0.04347919256202453,0.7757866139644343,0.016304073650541137,0.12839791014103646,0.346567361076584,1.0871953380069281,0.38905024942408706,0.09555188186744891,0.19384051774142758,0.6790158355292598,0.2997236530270638,0.24606982217139822,0.17564393675732112,0.49634021942690465,0.06819349011418818,0.021480170370738655,0.04342051575266409,0.2238531795356237,0.2025049139031141,0.21252226586453205,0.14368997663202907,0.39140576575680747,0.07131018081174698,0.0,0.43117576525961643,0.3252382041465719,0.09543205886739922,0.1756574934950861,0.37946631531845076,0.31157165349110855,0.08547583652364141,0.192977278377169,0.129765383914218,0.22577515371484444,0.11431845903975878,0.32933194948540756,0.15260635741394454,0.35803978355624044,0.19642421982465735,0.7918022423308307,0.2322068231160609,0.1281665838015214,0.23215653225940108,0.27945599032135104,0.2495668307396543,0.18314652214985336,0.16917710767496968,0.11359357132203053,0.4294526259964534,0.07638104708397557,0.11686027279205827,0.295801189943486,0.2068766800908202,0.25157984056746047,0.16983634962462088,0.09532882546943111,0.02914341470690596,0.24980718109348843,0.3690568537761646,0.021579061635095063,0.09966901175027762,0.3147567825121398,0.22180392449327968,0.1991033494091715,0.4963020600275113,0.040645693498400734,0.16416930177828606,0.05686260958915464,0.16399914648900377,0.27580329471817566,0.27511631780440515,0.03989625283813129,0.1403553008833425,0.4713786439947629,0.4155808846682908,0.45951616698984077,0.14996802234044318,0.39480332786423383,0.41501820547241414,0.20477252688973965,0.15904357049337906,0.24441034819934043,0.1340931238502461,0.15074207394885566,0.4187355276023799,0.180752597822304,0.330589626941116,0.0731670312733058,0.22417745570857983,0.41933871956777546,0.29294374285288116,0.2604328709458228,0.22546763287426047,0.44939401547920904,0.43526559936359566,0.16392741841926445,0.11732657982399443,0.26816766104840983,0.41883635791113527,0.31795028091284244,0.4170130181143207,0.114977767281526,0.16080572266693183,0.26208887286829413,0.2482754851754255,0.27770401398763656,0.07675979880342725,0.174708745587431,0.14100594971742988,0.2541184225790948,0.2633621206847976,0.3952610832131789,0.2596360231359485,0.08090419960556192,0.17080642702066656,0.12681090173851084,0.1911892722782943,0.5123763569167535,0.125813503704072,0.28479917632045604,0.2209386300734185,0.07140929581199557,0.21755952203384216,0.45165603506852936,0.3389518470640879,0.40951182485622895,0.31609619814713535,0.4680518072888183,0.3306784500903229,0.7232808134042661,0.2114959561809112,0.03736604849268303,0.241593877923068,0.37800104410083046,0.42662714827889103,0.4182583900959579,0.3787165017650276,0.2284563880740483,0.18552589535789454,0.09667298927725017,0.6713227183082253,0.1447454631332969,0.10500583370622651,0.4151552809957077,0.4902274482507168,0.3395594308821824,0.07434557251528863,0.26796872669417793,0.14325188518205476,0.46131555047315986,0.2918553837484878,0.3330782164106134,1.5174667545037206,0.3624218664545319,0.19505545335520974,0.10469470823182354,0.03535985846633188,0.2804662821723926,0.3908597921742157,0.2534468337227996,0.07822590695901488,0.057958973466580535,0.24852833159316534,0.4223418518702664,0.21527901523061366,0.36166460332454975,0.07689256533916705,0.2626206847975605,0.38389152123833686,0.1165238485888066,0.546422703392499,0.47092842108752214,0.2015620245612291,0.07358206135335355,0.18457331908052835,0.20432282603291407,0.13407600391123484,0.30326862394139764,0.46168732494738063
45,0.7501870432058869,0.500825502577106,0.20247180927758163,0.2070359469000149,0.2909105636487181,0.8891715805697806,0.791061270488407,0.5219659921443841,0.5699622714993617,0.49460483269527167,0.7376160692089695,0.7181003745504566,0.2813910820530668,0.5560712640249258,0.6571990089328629,0.33989222559207144,0.2954872221946006,0.7278323555246193,0.3678108851654818,0.5709758116640977,0.05496528779064948,0.395445027262633,0.34714527917267424,0.4311374732759906,0.3071499196208092,0.09090751421137241,0.6593054740714962,0.046055859394421556,0.5179584265566217,0.24600421783589382,0.2481484777672814,0.13532756591922313,0.1920057922736538,0.5856983708712441,0.0693052917681764,0.48339492699580694,0.4299105636487181,0.39989708148958386,0.6256117022158137,0.6075807769436019,0.22672043785942753,0.5406076169641523,0.04281736521984119,0.5020196141798834,0.43117576525961643,0.0,0.7465806112133113,0.4992229155272709,0.5963240358640349,0.8048482159134226,0.12201434395664493,0.49943108105868506,0.6183584000397753,0.3148445781335453,0.21111378213096008,0.5390919140191253,0.10770380682477347,0.5769040007292133,0.07371968378660573,0.24062587215565387,0.3607434992293541,0.20038848837402012,0.5527418087803907,0.20227536916422212,0.15219043239032792,0.6530651734367492,0.28084766900346375,0.5572450819536287,0.5180305275195148,0.04805900826994146,0.3660361209168199,0.3153409154941249,0.70815103830027,0.6298443046785659,0.6769591557698998,0.2691002833987967,0.34100251081390154,0.4038105039858134,0.18272765541357996,0.09373282619864423,0.42370928421087517,0.49987631548418093,0.12405749183778318,0.6260243374931637,0.23325528265301046,0.06867302242330824,0.40710590165564564,0.26758053663468073,0.4033379654949535,0.2769520376539219,0.6913459868410148,0.6840991067137343,0.3925047730323673,0.5368698188567923,0.0406080395763934,0.018550580884668183,0.8833332421816736,0.5505028754205403,0.8071769916637661,0.8385100846881783,0.2298101062331163,0.2765297154410911,0.1868829861283747,0.2990457167006415,0.5452920913505359,0.8112375495119244,0.6039468420093141,0.7559715275360877,0.4607792306799913,0.643683803178707,0.023217380135567272,0.6945623725948392,0.6809123369628267,0.6507899368567593,0.830753575631018,0.852890676013855,0.27010324997099716,0.3249052851389649,0.6702982482308292,0.0440778683770032,0.11440435704933781,0.04743877094416537,0.544008518536933,0.5700015744377599,0.6874707734632661,0.6341229221564824,0.6601253418187241,0.49944198611180146,0.594252282934752,0.5640663501218119,0.679654783804836,0.1701057110658115,0.055729909345531015,0.1718886043852235,0.3930217106680587,0.5352233132799681,0.5465726064402793,0.6165711728732659,0.08511101443510827,0.31654832695271706,0.7085996287641492,0.2156903412386682,0.49400694409917295,0.22227298264803863,0.8723065015992972,0.7159993370788377,0.7840805697807389,0.6859467840037123,0.8460250501334128,0.10097639172011459,0.2939165962312932,0.6090993387361407,0.4625543429622631,0.6657616218366231,0.06719827143306993,0.8520090488738625,0.8413047199986742,0.05341350536137491,0.6538382886690199,0.5982735461310263,0.522162597988034,0.245953960125292,0.5651075921046089,0.45947792472530186,0.8184855731782096,0.0636292364805515,0.09438013556737757,0.5050087671323688,0.6930379108039577,0.5641348547374004,0.0793411309435024,0.6498655181557533,0.7559427899037107,1.091437080495202,0.7097777473938911,0.5775200202190953,0.5300766088267952,0.45230840749763834,0.7042089113177213,0.8162483551268667,0.18369202340111707,0.496978993685676,0.4830226719037438,0.6576373075457005,0.017247427037239506,0.22611977328096242,0.7525221167072704,0.4875883756774224,0.6800797991348877,0.8040762359336415,0.5373964268549364,0.12217806062414023,0.8321730307098226,0.620655239563135,0.4658911400586684,0.5185676262450487,0.5836273305822104,0.519926042857853,0.7295845804537694,0.8657557135517658
46,0.04287017517691711,0.24787282686156545,0.5464653209367076,0.5516601451797346,0.47043119706988856,0.207574777507085,0.11772582409386964,0.24274400470674026,0.19400780589668376,0.25305895855085436,0.02484432125159517,0.03191259384477702,1.0271945673610765,0.19814899981769674,0.10138962362651022,0.4088529557997315,0.4635547490014749,0.06812027047183422,0.38140079384809167,0.1788408823480667,0.8014500571769502,0.36766439616168645,1.0893099902219128,0.3275917317158057,0.4414326306369015,0.6655464127678615,1.3981969787368038,0.7060632923979516,0.23629894429804935,0.5166057110658114,0.9938634962462088,0.612653880574753,0.5670542103780306,0.16140094300535313,0.8076457100714297,0.26459117651933245,0.3380870581216128,0.36855319942325865,0.12147267936160694,0.14719605893369128,0.5343187656407961,0.23501636586618938,0.7091576343658329,0.25645144931139063,0.3252382041465719,0.7465806112133113,0.0,0.2498417441455775,0.15939318682775647,0.07053660153466251,0.6291113044631169,0.24750745786307365,0.14914789771126472,0.4386388322643729,0.5455294254130828,0.22346610815558768,0.648475024445218,0.1843114072158968,0.6741298082500539,0.517291569300121,1.1059416215051623,0.5510898175309502,0.2083219559488888,0.5518726859908187,0.5971221763701754,0.09450972008153934,0.4925191667080991,0.19877650441671219,0.2288177215399659,0.7383762077594923,0.3936537065579477,0.43149881502842274,0.04075526607998145,0.12672478827955386,0.10071366777705962,0.49284536535242557,0.4171574603490281,0.34289629427070384,0.5644262665937455,0.6787353204395168,0.32290425761116365,0.25417833407911966,0.6360400984437925,0.12070972339614516,0.5134053597175956,0.8087894728119457,0.3517171729727042,0.48140220255556115,0.34716710585193666,0.4737696597557136,0.05972382704386883,0.0642352127148279,0.35796597557135523,0.20993936757321144,0.7870830971676693,0.7332830010441009,0.14902230729710472,0.1967147035913754,0.07416450388637533,0.09373170751918329,0.5225033146058106,0.480905036543529,0.5616505245363695,0.4482072125822437,0.20398012893816606,0.11719281061999702,0.15476348630239148,0.0411840352011137,0.32357930194401635,0.10951249606390555,0.7342554732428446,0.053435315467607956,0.07486749863272517,0.11526572366131359,0.15565787467475428,0.12671741328162547,0.4839898655927343,0.4273520194235901,0.07842232221283085,0.730238850494705,0.6360038780887981,0.7281750857654253,0.21642026715722826,0.17673452493412217,0.07760467525149571,0.12083812293872956,0.10375007043537347,0.2605084025257296,0.1550680985763768,0.19071610401233044,0.09102330996536241,0.5819934536535243,0.706751512288901,0.5757499958567426,0.3898331841760719,0.2506569051525548,0.20743437909146664,0.15762706541374572,0.8254709391935566,0.43510767496975433,0.049780399078539594,0.5334426490329638,0.26320881187954726,0.52955693664131,0.13740458907174463,0.08768001624156843,0.12109438340045409,0.1224411657468635,0.17424100498848175,0.6475513681035484,1.0373182021578082,0.14203446361391475,0.3020803626178757,0.09388910986260957,0.696966522481314,0.11769743449510267,0.10671345232768195,0.6953112249125774,0.12135492799018877,0.14876081804471403,0.24571314572664443,0.9802245231110891,0.18362686653739707,0.3287656407961683,0.10536009048873862,0.8005772883209863,0.6550786141633106,0.2591452045940436,0.06882752448665044,0.19157592104608964,0.7702152670743633,0.16159961219112015,0.016298057640995067,1.8268074628349817,0.11832912378395398,0.18913951175856414,0.2369884320257214,0.30372156482540313,0.05247276222675219,0.08193007839042744,0.5737696763287429,0.2585870001160112,0.27953216824939103,0.0894554434113923,0.7379914317439796,0.5244205986178094,0.05923914052271336,0.25918062115712887,0.07091909875868013,0.06406240574089729,0.2204067269924925,0.8589688675649246,0.19192744327880806,0.1273525580470343,0.28112292215648255,0.31003898805084606,0.2033728102885364,0.22995334692321712,0.06697987205621572,0.1502061767679279
47,0.2511051807288818,0.034222965246358095,0.30742072291552724,0.30355079633404597,0.23465017650275943,0.4146173038996338,0.3152574702928454,0.02619716104012332,0.08339728865244699,0.03110322511145365,0.24079128755862708,0.22280269808912978,0.7802675881270819,0.05688015214040669,0.16492151842092184,0.17172527718391087,0.21651333300187278,0.22865113773844445,0.14268875022787925,0.07330812575614443,0.5535302209184776,0.12668231160609228,0.8462513382720959,0.08705726810189093,0.19900388637531283,0.41571711496710256,1.1584708480418973,0.4567841031505328,0.026967284840650325,0.27025527436649605,0.74695023948027,0.37073162465403786,0.31836899849185435,0.09135276520989741,0.5684138368219561,0.0312627322295696,0.10719952269676321,0.12952187639834933,0.13395805366346808,0.11719042410381346,0.2866002419662242,0.055074056580321204,0.4597233049934536,0.0578959876696664,0.09543205886739922,0.4992229155272709,0.2498417441455775,0.0,0.09713434926001425,0.30566699812724774,0.37944298049354475,0.03289067601385502,0.1191772153996586,0.20356891065480037,0.29611713816934326,0.03994791925620239,0.3988838479258853,0.07776413265052448,0.4257126485357729,0.26899242612572305,0.859613293226603,0.30191285072672736,0.053560590994216,0.3028180778600905,0.3490350188103881,0.16167064419363927,0.25620108056149427,0.07937961351696246,0.02208182933094682,0.5032659971162929,0.1505905301711994,0.18593195114271036,0.21370427086958685,0.13071910373058887,0.17777646298413965,0.24715183380566472,0.17159318185584777,0.09745203765392205,0.31960585193655844,0.44201371418154106,0.08561283746830409,0.026188543065016008,0.38752674886889077,0.13111770165233097,0.2698785694161322,0.5677783191633935,0.1129787450902401,0.23245265085599695,0.10625799234326054,0.2255668555991979,0.19217229321003004,0.18595877459023186,0.1082938895241883,0.04708998326124064,0.5388429871227564,0.4840047730323672,0.3841543611925952,0.05955167470458576,0.3139546396194832,0.3412142975521636,0.273197973118547,0.23463797875337677,0.313314605810504,0.2042245645436617,0.06015460978803096,0.32971923631482136,0.10478997000281745,0.25680587182419334,0.08847616798422246,0.14456204942077264,0.4888523840302291,0.2044483418684433,0.18175364192313426,0.15161044266560594,0.3604835264091218,0.3537486700144186,0.23585999933707882,0.1903006761795853,0.17991197235618753,0.4909021196904159,0.38735335355242884,0.4891280680820034,0.04520950794676745,0.07391924791594164,0.18831637083809813,0.15741793036013194,0.18771999038764325,0.027199547556306942,0.09596297585309667,0.06497310197384774,0.1804915477551832,0.332595468933857,0.467082856858748,0.33111533170917634,0.15471418982747479,0.08581318881652003,0.04743999734831526,0.11739244104144914,0.5840822519431875,0.19920340078556162,0.20941445002403086,0.29226236762293056,0.0349231260047399,0.2889364590066127,0.3735719269460881,0.2500051293524917,0.320557566416414,0.2275911185137307,0.37908551682991104,0.3991148510913339,0.793038449427402,0.1224685443908583,0.06920853842456784,0.16664167453885553,0.4471625814150053,0.35284703922835975,0.34218664545318944,0.44621230050216276,0.15465707088284525,0.10123490611379042,0.03710496527950412,0.7450953197765955,0.06710423606622583,0.09354205406122078,0.3296081390145677,0.5627300916488506,0.4133809559323157,0.046847536419231346,0.19390667727340527,0.06497413778816355,0.5350924940751423,0.20631009794660168,0.2583493843119707,1.5905427086958681,0.2775454183861184,0.10749916306203289,0.03751966389897081,0.06426353602147863,0.20502994746349792,0.3170784732925637,0.3247268184756128,0.022216029433699592,0.05682715159349676,0.16088120452775154,0.4904663153184507,0.2887472530204345,0.27342407895391035,0.028270132087041554,0.18100133412883873,0.30680474485821774,0.0382178276073518,0.6191592585226798,0.38280689106548005,0.12284328543727935,0.03875205091234527,0.11001734367490347,0.11538315185866518,0.047249622963589075,0.2304822834319429,0.37540046238751057
48,0.1540107061767679,0.10882054724141932,0.4043265301049073,0.3927674969754222,0.33133968908997496,0.34222383533038325,0.24496329074064865,0.08875264754139116,0.05574138616814994,0.10836652911052554,0.15533694625366679,0.13585461310263675,0.8771813835164654,0.04029485075987339,0.0862187142644061,0.2687170818210444,0.30442001856179257,0.13163550108553349,0.23640746449228528,0.046524793251462554,0.6504605064717678,0.20855542020915163,0.943266974925007,0.16839755382091182,0.29602295364523773,0.5088009827806227,1.255482474021777,0.5525942508162218,0.08249832612406571,0.3572622764712707,0.8437154410911681,0.4677472613069489,0.4084217587298429,0.03502600308258339,0.6654294734748674,0.11499225210891796,0.18199593132136746,0.20998863090206998,0.06558622947016025,0.06020559671191103,0.37525027759823676,0.09690233513979349,0.5541301645701785,0.11082259401050726,0.1756574934950861,0.5963240358640349,0.15939318682775647,0.09713434926001425,0.0,0.20865136147433666,0.47465702945027266,0.10719653955153378,0.027630661761050074,0.3005248512570643,0.38800507963340464,0.06542329173503036,0.49135275692338265,0.026547166840683395,0.522762409055503,0.3586817066905318,0.9565508709126767,0.3961095808680953,0.053133263726611306,0.3945598617809376,0.44544098344354394,0.08720975654220323,0.3532167172144053,0.059384477700989355,0.08033852069142675,0.6002663700094466,0.23429623460779936,0.28272751454283296,0.12839529160244617,0.036302780954275006,0.08076082633122857,0.3337703806824774,0.257911491738345,0.19444593049271616,0.41662148858946957,0.5390099935365186,0.18005421866454532,0.11554498748736307,0.4772623013308141,0.05684519962213491,0.36684147069059814,0.6647939558163046,0.19263917201146852,0.3292613235221,0.20326739753724782,0.31948089958401693,0.10257777722534349,0.10404322245976895,0.20383386367026296,0.06067309700193902,0.6353085483683854,0.5785131755580967,0.2871364208886459,0.052554881585707425,0.22769869404531062,0.24973885878121943,0.36766137987039904,0.32166002916853126,0.4100754652877906,0.30123703574802363,0.06193668274250483,0.254288262980825,0.02202481811100617,0.16230704850925604,0.1854653209367076,0.05550478131888161,0.5858640100101095,0.1267017683421999,0.08678969654783801,0.054593082417673494,0.28895536883276157,0.2618857538242265,0.3265347122093505,0.28730676676776207,0.10220563814448369,0.5879137456702958,0.48299672682676215,0.5861351033328361,0.0677454051276952,0.034244667627902375,0.09145831054541842,0.09370180148825802,0.11876887253683355,0.1016130363446528,0.019713891512951824,0.042873224614262705,0.08433878585989157,0.4264485241717629,0.5640944828386282,0.42811840600606565,0.2517184242363977,0.11253559886640481,0.04985898838230659,0.05110490727390245,0.6810886739919454,0.29621903743847267,0.11304671936889904,0.3892697840534315,0.10497701320870417,0.3859444554931304,0.28094285619582704,0.18257657568073712,0.25108348663385205,0.16386864217172964,0.3079285951043272,0.49612173718490526,0.8900494787782363,0.05305263594027076,0.1438768706806543,0.07080366761132938,0.5402673643911898,0.2558266626891396,0.24721898771938552,0.5430934138782545,0.057641947993834826,0.029366040206168485,0.0915839506786655,0.842106945756476,0.03951215631681,0.19054453172906413,0.24909130081705033,0.6597457283017617,0.5103743847262964,0.11299625449543411,0.09690196224663983,0.03279519050696896,0.6321041200550225,0.1495232188137026,0.16684268880823347,1.6875583453487795,0.21843072473856046,0.07050971179502478,0.07937066408127415,0.144551268665374,0.10945341321533339,0.22004502063342113,0.4156496627388588,0.09946140141533666,0.1216793450338919,0.07949129915974742,0.5874771955120235,0.38575964135965124,0.19753930293839803,0.11910076401663931,0.08973239529988894,0.21620542269510595,0.06109405193987306,0.7161398597921742,0.31710972173884217,0.04467847494986658,0.13558364407762807,0.17192422811117186,0.06828080511775138,0.08731625482689472,0.13599681797842192,0.29365125374964784
49,0.07135205256964817,0.3174685609638874,0.6129729693896154,0.5978211190109217,0.5399910505643117,0.18858054492119528,0.11422139080859811,0.2832820149488722,0.2643912726429009,0.31701088019357304,0.06879995525282158,0.10193155339001311,1.0856731964401136,0.24891409370390627,0.17192622516117267,0.4773635045327234,0.5093626675947562,0.09473534529906029,0.445058825966622,0.24409357132203055,0.8589806924211536,0.40941304960307595,1.1519183363993435,0.373794436434147,0.5046651005154212,0.7152524403785282,1.4641289133064852,0.7610718275079137,0.28718676146439276,0.5594532060524702,1.0521734616085783,0.6763986227812854,0.6129161404729943,0.22829310230530842,0.8740808349492039,0.3236324930807603,0.37552175210063155,0.40682425131341254,0.18486794610450952,0.21739889623626513,0.5787537247882795,0.3055529674008519,0.7622473275990655,0.3092895308175475,0.37946631531845076,0.8048482159134226,0.07053660153466251,0.30566699812724774,0.20865136147433666,0.0,0.6828381477982731,0.31581957771921976,0.18649016390725734,0.5091754337990355,0.5943068827789654,0.2657586718374516,0.6971906146936473,0.22794489467840032,0.731375089080031,0.5645017816006234,1.1647129137042376,0.6047295198793483,0.2521091416828254,0.6026133843782628,0.6540923449178805,0.16025737914118565,0.5618680786887419,0.26747873680372564,0.2889825237408641,0.808912809294155,0.43881454780490226,0.4913718987719385,0.11000951291867618,0.17518497157725518,0.130492583569499,0.5362921907887106,0.463846368020683,0.40309596612472864,0.6252728500638063,0.7476578083826378,0.38870558013888196,0.3241963489616997,0.6810914582608263,0.18044947712093334,0.5754879099753061,0.8734453172906412,0.3978424319262831,0.5379126849964369,0.41191383682195604,0.5279239215101345,0.11354651220603595,0.12105675433799039,0.4124053928636538,0.26932445847627573,0.843755431810272,0.7867828767463829,0.09535323754122547,0.26120546412767864,0.06919224713700925,0.06009291668738297,0.5754134887883459,0.5283219310893452,0.6187268267621274,0.5098824309319013,0.2705880442168416,0.0954464111105587,0.20116906146936486,0.05029593629327637,0.3941159034786789,0.1611887419413646,0.7945104492948177,0.11861437047349148,0.12394537529624289,0.15406938298612843,0.1501141964566864,0.08432184822420001,0.5351587944778666,0.4959532060524701,0.14398777739107377,0.7965624057408974,0.6916439118977779,0.7947823215499098,0.26451002668257684,0.23886447405492303,0.11737744245015666,0.18751130280581382,0.17200198047697177,0.30542172558378494,0.21328525497605202,0.24116891231210327,0.12608607202638428,0.6350907373340624,0.7727437561113045,0.6367648452907737,0.4603697857107343,0.3211842920830641,0.25849046222178024,0.18870988083992116,0.8897391570957425,0.5048703989128093,0.09625758630404879,0.5979162233381393,0.3115635244203584,0.5945908947778384,0.09265805697807401,0.1579807835728136,0.13423546959677823,0.19297753525911931,0.16280423938083166,0.704773098659242,1.0986959180629448,0.20899559986078653,0.3425008369379672,0.13915147748554005,0.7465418386118431,0.05337606688874526,0.057650093637614155,0.7516779694724808,0.152656043355044,0.2092564013324716,0.28280628614991965,1.050753385041184,0.2434727705132667,0.3991909710137722,0.08896606672301498,0.8683970897760985,0.7190257462006332,0.3062797610169211,0.11184346774059896,0.2407628813868311,0.8407505593397303,0.23213598170337593,0.055517037073866,1.8962097068231156,0.1851924625863869,0.2596729809907357,0.2755459487230481,0.3525408359435855,0.10079013573310798,0.012820116342663966,0.621697865393858,0.3079222062016274,0.32182640580718946,0.1488599744775353,0.7960965047481725,0.5944110028339878,0.09016956694675085,0.32774720330134743,0.12502567990851693,0.04452108089295482,0.26745354579956576,0.9247828684598686,0.18074245512852383,0.18921501847892747,0.34423008336233624,0.3805755895855086,0.27390753907091603,0.29596529607716404,0.09192836308192048,0.12131333797378148
50,0.628571943519117,0.38386213725782653,0.0840569780738826,0.08535599695056263,0.18149341222095164,0.7790301214803028,0.6799829049205324,0.4005913671091666,0.4564591391968711,0.3789419529657436,0.6197708032947182,0.6014639950943835,0.4028350486418402,0.43454907273902443,0.5418589718092776,0.22503118215416235,0.17350935547490018,0.6058310876878968,0.24922066159531983,0.452744709060475,0.17614254462288068,0.27346908301430256,0.4690801886010706,0.3092117287326604,0.19451420308589804,0.038356883607616965,0.7812907655082117,0.07823548616980727,0.3972475016158704,0.1256286149919621,0.3693358441472347,0.029786961998044266,0.07000243623527072,0.4692755680405707,0.19124268715093054,0.364906610981289,0.30815709574238875,0.2779409917300585,0.5097303899633736,0.49294721490246773,0.10605033228923251,0.4272296938961535,0.08051188286183066,0.3825100846881784,0.31157165349110855,0.12201434395664493,0.6291113044631169,0.37944298049354475,0.47465702945027266,0.6828381477982731,0.0,0.3825938199174663,0.4963674737731815,0.19942446013357865,0.09167725683223124,0.417139056000265,0.025176792787417638,0.4549575398995674,0.05489273106945753,0.11963015628366397,0.48200667064419367,0.08083079765988826,0.4307321218449096,0.08163270853013804,0.0322485291436716,0.537519100415983,0.17493059215432807,0.44500040603921176,0.40040100929746936,0.12607852301165084,0.24404468088632558,0.1980726727323953,0.5918019357297932,0.5082554235237575,0.5549543081589022,0.14728582674555427,0.21902338454399314,0.28658785362700745,0.07168643000381174,0.06482493080760371,0.3065454846782345,0.3851811846401167,0.05654333847097236,0.5088080677505428,0.11837304231094319,0.19060716949236808,0.2854582856858749,0.14792813105951372,0.29161025207577185,0.1555838098079186,0.5706112961766022,0.5650638641674538,0.2717025969936524,0.4196910538789174,0.1609172840119989,0.10473229586171466,0.7613403768706807,0.4347235038698023,0.6915914748338554,0.7206164586751519,0.10805347287823801,0.15452866305374638,0.06817255837849483,0.18624488307728007,0.43092570311075756,0.6989140356983046,0.4820939690747279,0.6340016987354778,0.3487617544208555,0.5224316528281873,0.11167230149654453,0.5795343890352839,0.5590172525232436,0.5287888181772983,0.7222784848936837,0.7324670942508164,0.14847759326472104,0.2113584497588624,0.5552379306915923,0.1137242579426242,0.020446394537529628,0.11194417375163655,0.42383921675864694,0.45251924128673,0.5655074412900446,0.5219395167304729,0.5498090869918294,0.3775263842622517,0.47528537098725526,0.44347606025953357,0.5581070369081357,0.049514145080296335,0.08990560831303133,0.055713684350088534,0.2851823613251794,0.42884704751487424,0.4255840832628979,0.4945810752581249,0.20690170536468952,0.20182706044183696,0.5871042526392549,0.10576815989658434,0.3726059845207909,0.11391852698917775,0.7526465387228827,0.608248205969605,0.6771741659623132,0.579678955567709,0.7384083760088832,0.02193495086096885,0.4158577702646713,0.4951340012264041,0.3406332720131259,0.5439039095775535,0.06929325974908429,0.7300341321533335,0.7206394537529625,0.0688662722285752,0.5318286183065679,0.4803661479308573,0.4002556969787368,0.367915237242911,0.4465060657286333,0.3540009612356849,0.7043660070601101,0.1855589419778253,0.03969953926979235,0.38478172492086365,0.5711024710386319,0.44255366346807207,0.1579124115414574,0.5454533386367026,0.6377650358806078,1.2133715590248428,0.6089364921526708,0.46621180331129125,0.4080665407116459,0.3303131059513747,0.583136047995492,0.6942611080727225,0.0653269610036626,0.3752067816834883,0.3610258124927493,0.5396875818293312,0.11327410132749961,0.11286366197649944,0.6415843401448482,0.3707592850395267,0.5597648701503174,0.6861745720015248,0.4154101907555644,0.24196712739687426,0.7284578133545467,0.5022765707088285,0.3503934934287939,0.41930307926879795,0.47500142528049855,0.4062117204461459,0.608429978952253,0.7509909428396228
51,0.2604268052171896,0.014860670544755452,0.3020626874823911,0.3068536767264954,0.22429366578829604,0.41943035184540667,0.3207673312451316,0.042396128540413275,0.08856811514940582,0.017448200997696298,0.24747345829397238,0.21903486136661193,0.7798201412022076,0.06928686255987003,0.16429511592833823,0.1617443444538358,0.2191445416728815,0.2388040322179685,0.13722792886855936,0.0788489782727589,0.5542783357364225,0.12540558345348776,0.84185463796218,0.08494328709458232,0.19398283034190159,0.4194424252970714,1.151010059828635,0.45932891662109077,0.030756335040355284,0.27259763171414836,0.7465271217620444,0.3652094002220786,0.32195708414126845,0.09422981819387125,0.5603042973864332,0.021368360430235794,0.10102486783009333,0.12733805664661327,0.1421964152538159,0.1203009579210793,0.28969776595568375,0.0665109133396311,0.4626606340840915,0.03361135418220384,0.08547583652364141,0.49943108105868506,0.24750745786307365,0.03289067601385502,0.10719653955153378,0.31581957771921976,0.3825938199174663,0.0,0.12953783622532686,0.1933686173121862,0.2999170934221648,0.05338706309352169,0.40248325295414245,0.08926633686338853,0.42721965892706193,0.2723495997613484,0.8585060242960607,0.3055190175508377,0.06762316246540376,0.3065318865078971,0.3509333018445781,0.16589662573128486,0.24627125905301714,0.090913521934404,0.044674737731815205,0.493093231574935,0.1499750493047614,0.18466046006728654,0.21077090273289242,0.1407036825270555,0.18794670942508152,0.2489720081539303,0.17319719418618143,0.09605553622035494,0.3172157642652348,0.43217091764861854,0.07616295430815886,0.03461129617660214,0.3910433881900595,0.1418669600092809,0.26619117817663535,0.5613131556704619,0.10944644425661677,0.23508689239132238,0.0996907555643945,0.22753902119690417,0.20230553207709767,0.19718016539882996,0.1120991150002486,0.06545367009728367,0.5399025091565984,0.4866891314075473,0.3943082831999204,0.0726528116143787,0.3108132302490925,0.3400611213311456,0.2760098112331991,0.23678207295447387,0.3157835313810305,0.20087819652297845,0.0705746117767944,0.3336997712921991,0.11467759657932675,0.2672120519067269,0.07829632575945905,0.1551508145643779,0.4871102023566847,0.20919085500256884,0.1920031737350636,0.1617613981007308,0.36567904671936896,0.3637703723959628,0.2388666368352143,0.1804450686952054,0.18394631995889887,0.48288515719518055,0.3898763900628118,0.4808744593049271,0.05852660799814386,0.08742057375826578,0.19849308076037048,0.1657572382704387,0.1940092974692984,0.026539534960804814,0.10253634465271212,0.07465447720379854,0.19053375097366546,0.3361223172409219,0.45936056282006676,0.3295264339813387,0.14456026782014947,0.09607180264837004,0.06074103813453992,0.1286846484031886,0.5780485672616384,0.18910120320190918,0.21959172342929112,0.28597785014667126,0.022402674886889025,0.2820914416877973,0.38210165896020826,0.2561464890037952,0.3264951109564296,0.2341756575349277,0.38450941348050166,0.40093305324914225,0.7898906594408258,0.127201014269378,0.06153690813569993,0.1767231226901341,0.4508417690051212,0.362980460398747,0.35199743946701134,0.44854464774026764,0.16482458277399356,0.10792705381262531,0.05700026516846486,0.7349493196771574,0.07335900495533565,0.0833953413215333,0.3300710817216063,0.5535590828485724,0.4096846484031887,0.03365141947993839,0.20401659788859614,0.07710619997016852,0.5249449692570312,0.2128118215416232,0.26030598783539666,1.580603755448383,0.2840253650209649,0.11599962710684626,0.0410536883276156,0.06043184341802145,0.21505486501267837,0.32721322030527517,0.32844994116574683,0.02689937685410758,0.04087366379953263,0.1693505941430915,0.49092440212797694,0.2786331891479805,0.27671978322477997,0.0180055685377616,0.19080400735842484,0.3086549495351264,0.05198574719501481,0.611719484910257,0.3894715275360877,0.1281291950479789,0.03375373307479402,0.11954811978985398,0.12161296176602196,0.062490072755597516,0.23972323041482288,0.37688980592982985
52,0.13223670428744258,0.1309801703707387,0.42648393244833355,0.41240742305971256,0.3535008866570543,0.3430325411425446,0.24648350983609277,0.09700637232967073,0.07790260030825834,0.13066002916853114,0.15303269029980612,0.12827171481131608,0.8991841594988318,0.06244752979001973,0.08382897462669252,0.29087464989476125,0.3239852997232304,0.10948278890932897,0.25856866205936463,0.05784913571653489,0.6724905285138963,0.2248401365617594,0.9654281724920861,0.18763521934403946,0.3181749366081639,0.5298117801090506,1.2776398763652035,0.574582790566632,0.1006977245231111,0.3754042658976783,0.8656859493859691,0.4899084588740283,0.42826019655612463,0.043414731765524774,0.6875906710419464,0.13714763254279985,0.19177250203019594,0.2238650375379108,0.06169215598534943,0.05965814812973367,0.3944552113889856,0.11906280349359454,0.5758218150781418,0.12292313429125443,0.192977278377169,0.6183584000397753,0.14914789771126472,0.1191772153996586,0.027630661761050074,0.18649016390725734,0.4963674737731815,0.12953783622532686,0.0,0.3226852698917781,0.4089033129485076,0.08042044946054779,0.512121024544656,0.0420839258191219,0.5448849251727739,0.37909771457929375,0.9783597093090702,0.4182404829380665,0.06622652844760436,0.41619670528182434,0.46760218101062334,0.08516907804239379,0.37537791478148463,0.08098969986244381,0.10250049719087159,0.6224238717910472,0.2534903462105769,0.30488286183065677,0.1255594225956678,0.02749135716534911,0.05860256219029153,0.3518641757404,0.2780232685327897,0.2166058022174713,0.4387826861565488,0.5611676444753808,0.20221541623162462,0.13770645022290726,0.4967506836374484,0.05664417706624236,0.3889998011236513,0.6869551533833838,0.2113623609937188,0.3514225210891795,0.22542479988067413,0.34144355226304707,0.1003236049652795,0.10363628001789886,0.22591680339415632,0.08283437743416361,0.6572652679030149,0.600293475198462,0.2737419745106814,0.07471530022042129,0.22169303435588927,0.2366668904025589,0.3892443113077777,0.34192245479706324,0.43223666285487,0.32339339399061967,0.08409788030958418,0.2540832794709889,0.018590331294850805,0.13836350453272347,0.2076257395714215,0.045662167089278886,0.6080214123535359,0.1261258141500522,0.08367675964135961,0.03906333383052421,0.2899305507217554,0.25632882546943103,0.3486686305706094,0.30946416911118846,0.10204038018528647,0.61007224183364,0.5051541291701884,0.6082925056762624,0.07801986277531944,0.052374310147665706,0.07223577619781571,0.0926512454631333,0.12066788478430204,0.11937319975471923,0.02836947910969689,0.05565349110856989,0.06259556008551681,0.4486017003927808,0.586253592204047,0.4502758083494919,0.273879621803477,0.13469654783804838,0.07200145842655653,0.04413282454134143,0.7032489931884852,0.3183802350055521,0.10033566184391518,0.41142718639685777,0.12511398100730872,0.4081018578365565,0.2712303236712575,0.18354091880873066,0.2524814133479176,0.16416154560068943,0.3089183446858582,0.5182829347519844,0.9122068811216625,0.049436342995409235,0.15835456338354958,0.06082760735179572,0.561273587563599,0.23519953098327778,0.23484726296425193,0.5651933409569267,0.03548023666285487,0.03046404481347056,0.09926925371650169,0.8642643480999022,0.05698260660600937,0.21270193407249044,0.24721476159697708,0.681906925868841,0.5325355822933758,0.12036393543147883,0.08268037256169308,0.054272717479573705,0.6542615223984488,0.1520262185319611,0.15455041515437778,1.7097195429158594,0.22128624935779512,0.07611253086726662,0.09258958550854339,0.16609961219112016,0.09721977493826549,0.19791856013523595,0.4363160890966041,0.1214333184176072,0.1364363595684383,0.07869404531066143,0.6096137489849018,0.40792083892673064,0.19720841412684997,0.14125816636006563,0.08739708148958385,0.20661974013490447,0.08125458658579027,0.7383010573592533,0.31924388869553677,0.03718019854488804,0.1577410464210544,0.19408542567825124,0.08756686388571239,0.10947513216990667,0.112647052486783,0.2909288768458212
53,0.4537631548418105,0.19170687283514812,0.11825586270902734,0.1282214819602579,0.04019291834468587,0.5850598452079087,0.48682106100531997,0.22589522531032993,0.25894743863835995,0.19216455360546242,0.44037547854621384,0.4072438804090224,0.5943417275725486,0.26026134009512925,0.3424672434080777,0.03700606572863325,0.04332585061071613,0.43215957341023226,0.07050096952219966,0.26511442847909306,0.3695409353817598,0.09984889540761362,0.6557600059662905,0.13539236646281844,0.02836836871675036,0.23691530353502713,0.9626341006645783,0.27568487213908077,0.22198867233464264,0.09714886723346426,0.5610368584166127,0.17991670395598208,0.14209130910356488,0.280884817448085,0.37307089941828664,0.18554294071827507,0.13405879282056385,0.10450216278029134,0.32431665257959197,0.2956922637100382,0.11177773082086215,0.22899812724771706,0.27945698470309416,0.19988590298148795,0.129765383914218,0.3148445781335453,0.4386388322643729,0.20356891065480037,0.3005248512570643,0.5091754337990355,0.19942446013357865,0.1933686173121862,0.3226852698917781,0.0,0.11902516614461628,0.2434292414524604,0.22034027743250642,0.28123899136545183,0.24334458642005988,0.09405045658695041,0.6725391040620494,0.1250061983128657,0.25706905981206185,0.12666433815608477,0.16870910190755561,0.34893200914831213,0.05553854886557618,0.2537300585027925,0.22019291005817132,0.2997458608859941,0.07036178093770203,0.028437436815326813,0.39916762790235166,0.3339939591309103,0.38128489865592735,0.0739066275543181,0.05294306335869013,0.10614450024030889,0.13280964218830277,0.24249415800725896,0.12048992359833606,0.18837774905119406,0.2114636802068314,0.32872763055403637,0.0818641757404001,0.3749862029533138,0.11133300187275232,0.05284215847130385,0.11475643447852968,0.0673050100266826,0.3956289215929996,0.3881203699100085,0.09738859609870905,0.2398581680173686,0.35507473607451234,0.30315968942143556,0.5876604600672866,0.24797018512073454,0.4931726992492418,0.5323689487727673,0.09274876945259276,0.06315422032184825,0.1387911715474237,0.046918933028389606,0.24126506074015142,0.5070659855151726,0.3080066043520774,0.46029874542170063,0.1524644259931387,0.3480041101112051,0.30274057408972643,0.39119953926979223,0.3852300585027927,0.35511715474237215,0.5297397371517591,0.5571255655546165,0.06122438224034206,0.027551434395664518,0.3659017550837768,0.2956259053017119,0.20771374235569032,0.29335063557566415,0.24468647143638436,0.2703546462486949,0.3917979913488788,0.33398372528547027,0.3603854555097035,0.2037711098957556,0.2958901788229835,0.2680066043520775,0.38382339780241626,0.15479118812045278,0.2723602147864566,0.14766463647060762,0.09934186844329539,0.24241474833855384,0.25069208140671884,0.320898390758879,0.39266392383035836,0.018840625466116454,0.4129179635061899,0.10021265682228742,0.19761190937867712,0.09551508145643788,0.5754594043653356,0.41708385952700566,0.4871382439218416,0.39130008783705383,0.547193249805267,0.21762981653656838,0.6040510532159963,0.3043223951341587,0.1666745968610683,0.3700259285039527,0.26824388040902253,0.5563362667594756,0.5453494671771159,0.26483199091798015,0.358165506554633,0.2999283796549495,0.22638384792588534,0.5418002452808302,0.2657029284542335,0.17092173387029944,0.5069824988813205,0.3649562554898157,0.22578126916256477,0.20298264803858201,0.39733196605843657,0.26842977178939,0.3318209864266892,0.361520832297519,0.45365839672516944,1.3897454217007241,0.4297712507665026,0.2723269941497207,0.2344038267124083,0.15663459785545,0.4083852980659275,0.5205689106548004,0.1482977344669286,0.20125322759740794,0.18734988978935682,0.3603154593215003,0.3065611213311457,0.09064021611229886,0.4475575166973268,0.1814347271250767,0.3841497538905185,0.5020077561775966,0.2417220868758183,0.42500268483070647,0.543872329670694,0.3199741046421055,0.1654951606755167,0.2451902252274648,0.28300367092593515,0.21866604517807722,0.43297774242198245,0.5599234160327484
54,0.5407236530270637,0.3008500389466183,0.044053729760188357,0.02193600324831368,0.11000994381743145,0.7028352226586453,0.603267811862974,0.31356579492533837,0.377098791826182,0.2979809327300751,0.5368575299557499,0.5188436997630057,0.4913663468072059,0.34854153201080557,0.460639478612506,0.14559652132120182,0.08513722468055482,0.5172913041316562,0.16486444090886504,0.3684309981935398,0.26470304446543697,0.1851347055801388,0.5576416331062827,0.2214001640729876,0.11860194070170203,0.12115843815774205,0.8698220636735777,0.1668570244783641,0.3116350619002634,0.0351331145693498,0.4578701917499462,0.08242671406552976,0.03241759061303628,0.3873252374086411,0.2798023417690051,0.28098501798173653,0.22026109149969347,0.18936430003811797,0.4288307728003447,0.41244854903130646,0.015932746648104814,0.34800091980311254,0.16970011932580914,0.2968820828982913,0.22577515371484444,0.21111378213096008,0.5455294254130828,0.29611713816934326,0.38800507963340464,0.5943068827789654,0.09167725683223124,0.2999170934221648,0.4089033129485076,0.11902516614461628,0.0,0.3287463746498948,0.10879115497439473,0.3669102736207097,0.13780154626361055,0.029909527834402233,0.5706372412535838,0.014138840550887481,0.3427049089312054,0.013782246971278896,0.06628601733538837,0.4567836722517774,0.10230277266776042,0.3674242281111719,0.31803202737864394,0.21603276487843692,0.15558869056497454,0.11880478629079043,0.5097432672069474,0.42181777954556754,0.4664209880839921,0.0591762293044299,0.13088506604352082,0.205456777540231,0.031082790566631886,0.15376753840799476,0.2237947098891264,0.30486440776280677,0.09445029748587143,0.426891115199125,0.0476872503687499,0.27916932663782945,0.1983688079020203,0.06667638674820595,0.21695404299043736,0.07462506007723027,0.4859399559157427,0.4820533237209766,0.18788272924642438,0.3386264687846999,0.2495805034886226,0.19290836772236863,0.6744260760039112,0.35402877906494973,0.6099453255771556,0.6365714463282457,0.04121273968743279,0.06711983957307872,0.06119443477684414,0.11224728616649263,0.3516323604965279,0.6210272129137042,0.39467332902434576,0.5462809045559256,0.27097713750642205,0.4368676063574139,0.2002208356121248,0.4991753012148031,0.47243840633752626,0.4405874724473391,0.6471597557135519,0.6477126733953164,0.061930716452045884,0.13316572200401067,0.4747985133992939,0.20227042211504992,0.09784756127877485,0.2004784882082899,0.33756847975604504,0.3699569349840071,0.47740240143190976,0.4448132633951506,0.47388207461177684,0.2895736671141386,0.390829297800759,0.35786294104973554,0.4710895689355144,0.0428845854256782,0.17865086428346505,0.043458708298115586,0.21233736886590765,0.35653104956992987,0.3396548832430105,0.406092601799831,0.29602572134108945,0.12219506455194809,0.5008749482092842,0.030712424799880636,0.2857030693249805,0.04130925272212006,0.6678307147947432,0.5338927642155156,0.6035295579973151,0.5067776645287458,0.6640970019390444,0.11113669434362512,0.5045103332836143,0.4158156499113343,0.2522522912212664,0.4563929133727772,0.15242571139727212,0.6423116475248182,0.63502431263362,0.15793506687217218,0.44329692238850493,0.3972586884104808,0.3118768872536834,0.4564603738875354,0.3622661379870399,0.28293993934271366,0.6244283050763189,0.2741255406950727,0.1248162299673512,0.29830140539286376,0.48313397636686056,0.3561908798621124,0.24645653723130972,0.4747563764729281,0.5536368269278575,1.3019333847097234,0.540912577271748,0.38966671638575384,0.31953524254628013,0.24352156151079732,0.497170387311689,0.6057309368733322,0.030082459106050827,0.2886643132965413,0.27283949850014083,0.4569727373672085,0.20281587364722653,0.030495939607882112,0.5644331775468602,0.2883286183065678,0.47496305043172743,0.6024021528364738,0.3277713336316478,0.331625275526608,0.6577184573824558,0.4182591856013523,0.2704381577420905,0.3532583818094433,0.40011039294651896,0.3279126767099223,0.5214186927194684,0.6705790202025221
55,0.21201900926432335,0.05245284144583112,0.3472192528878504,0.33217376820961564,0.2742716733787433,0.404885115762608,0.3064968925570527,0.02810578564444219,0.07317894728119459,0.06002666600374547,0.22060004308987552,0.19981603109100252,0.8199194799383482,0.027589684946717635,0.14812915361540643,0.21163572482142562,0.24374103813453982,0.18874281144864843,0.1793001541291704,0.046850635575664226,0.5932481396774888,0.14481909710137722,0.8861907555643945,0.10806392217305562,0.23895180563151514,0.4497227415104658,1.1983751968047198,0.49531888993851425,0.028418427551003426,0.29513406751852034,0.7864147897711266,0.41063995094383393,0.34791117685079287,0.07412570642536334,0.6083503869802283,0.05792963920515745,0.11754338819005955,0.14516442102123006,0.12152454465602672,0.10297047514874305,0.3141006728649794,0.050908765475065974,0.49652563018942963,0.05917985879779251,0.11431845903975878,0.5390919140191253,0.22346610815558768,0.03994791925620239,0.06542329173503036,0.2657586718374516,0.417139056000265,0.05338706309352169,0.08042044946054779,0.2434292414524604,0.3287463746498948,0.0,0.431887999469663,0.039169798969157635,0.4656605677919752,0.29895585773711847,0.8990106896037389,0.3390048724705414,0.01602689802615212,0.33691754089394893,0.3883544059397736,0.14793835661843913,0.29613887369694564,0.07463499560814736,0.02414370473491436,0.5431613798703989,0.1733812873928967,0.22563026400835284,0.19369120303617893,0.0968352889507616,0.1378681366943435,0.27195362866471107,0.19812119027494648,0.1373624189993205,0.3595208240110045,0.4819356966472762,0.122973027395217,0.05847964003380901,0.41639331112547423,0.11763583254611441,0.3097493909411824,0.6077166426357744,0.13234940917151428,0.2721651668075375,0.14618721722269176,0.26227135020467685,0.16752633454316443,0.1686637663865824,0.14666912776148094,0.0424622714993619,0.5780258456388073,0.5210368501300985,0.348531256732793,0.05169199025505889,0.2929530403221796,0.31318134208389276,0.3096669318351318,0.2626181491241152,0.3529996768259335,0.24416850627289147,0.05359405193987301,0.31812781948656765,0.06926176270737008,0.21768660402061685,0.12835927012380063,0.11485664329869578,0.5287749134059232,0.1905621239994035,0.14993761083213175,0.1120428247070716,0.3512750128440976,0.3269614925669965,0.2694309319014236,0.23020036792124504,0.16579842224763416,0.5308222791229553,0.4259173420176005,0.5290290359469002,0.015206914267720828,0.06171786075340998,0.14889716435472905,0.1497028621621173,0.1795837020832297,0.039677339697376676,0.06990930409851011,0.03411524055751664,0.14291464890037953,0.36935583122027205,0.5069942325858897,0.37101215631681006,0.1946194666799252,0.0830369661413017,0.019164031555047315,0.07750140042095487,0.6240148577205452,0.23913658661893633,0.175084605313313,0.3321933658164702,0.046171166244054415,0.3288457962511807,0.3450795173933942,0.24222106763453163,0.3124919455078805,0.22094244187010065,0.370182195594889,0.43904828552014447,0.832965138633388,0.1103402608594773,0.07952631797013543,0.12958127413447368,0.48112389167868225,0.3140386648767795,0.31008124927492997,0.48597402177696003,0.11474874459304918,0.08058664379588654,0.031100316544854983,0.7850134738726198,0.04045774706243053,0.13345449046222185,0.3140959744112433,0.6026722269179139,0.45326707436318153,0.05311214968759851,0.15507987371351864,0.03441596645618921,0.5750091234524936,0.20174726959346373,0.23039831618024828,1.630479872056216,0.27294709060475,0.10283179204163151,0.0262386599048707,0.08691806294436427,0.17156791627305717,0.2771943933442715,0.35615504068678633,0.04223231243474361,0.059011683985481934,0.14343874608462182,0.530364631498699,0.3286738593612755,0.2615207908649464,0.06201720280415652,0.15468297452725438,0.28052268019025833,0.0073290243457796046,0.6590419794825899,0.37642165929166876,0.09837323290077722,0.07849897247219877,0.11821511791710178,0.1081166326919572,0.048872976018827036,0.19303624521453785,0.35889855648916935
56,0.6437842854538525,0.4036024627521174,0.10406989675002914,0.10199403370954102,0.20397357430517574,0.8011448317008899,0.7019788859609871,0.41686070369081346,0.4778127662042791,0.39963577454051274,0.6394582276802732,0.6214102404746514,0.3885287873514643,0.45185366015346623,0.5624870647508244,0.24676839191899103,0.18856267919587655,0.6201288635873978,0.2689406022638759,0.4716659125938449,0.1618658330433053,0.2883265301049072,0.454808448930211,0.32478115315136147,0.21750847710436028,0.01862587215565377,0.7669845042178358,0.06392741841926462,0.41497335885579806,0.14214764082931425,0.3550290525199291,0.052290972671075096,0.08499641193921001,0.48957642652347555,0.17696808034604486,0.3839855068860935,0.3236103432274318,0.2926134009512919,0.5304487064750825,0.5139897827275891,0.12251024213195433,0.4486037885944416,0.06513624687184072,0.4002392731069457,0.32933194948540756,0.10770380682477347,0.648475024445218,0.3988838479258853,0.49135275692338265,0.6971906146936473,0.025176792787417638,0.40248325295414245,0.512121024544656,0.22034027743250642,0.10879115497439473,0.431887999469663,0.0,0.4701021147185071,0.046248612008816754,0.13631400089494344,0.4676460498185252,0.10124281144864841,0.4459769303435588,0.10081114204743186,0.05230148825800894,0.5583001126965974,0.19935107476093405,0.4668463348746252,0.42032861002005345,0.11176840020550569,0.2587152670743631,0.21881366114784795,0.6120420706342499,0.5251819469994532,0.5692637017517691,0.16300014915726146,0.2347863819420275,0.3071903412386683,0.09578948938497493,0.05065652397288649,0.32643783456802394,0.4061619350668722,0.04709118480584687,0.5289879099753061,0.14048364242032516,0.17633433600159104,0.3016704950363778,0.1689006115447721,0.31412859841893304,0.17508399211123804,0.5890446560267819,0.5846005237077181,0.29092637431843427,0.44024393841462395,0.14664353900462385,0.08965235585607988,0.7777620030162914,0.4555177580006299,0.7120724324234738,0.7396742239679146,0.1295206748537432,0.17128532955468256,0.08856057442118694,0.2099380417308871,0.4522350635575665,0.7206450802963257,0.497988490031323,0.6494808830109879,0.3706700972836806,0.5401690946154228,0.09738765143605302,0.6004437594259103,0.575783945706757,0.5437266278857786,0.7445640133247157,0.7508694625366679,0.1659233994597193,0.23345118414292587,0.5761686471436385,0.09943723793897817,0.019574512338620138,0.09764255290939532,0.44095966124728625,0.4724681549246758,0.5806009711795024,0.5438269775766917,0.571945110127778,0.3928336233613419,0.49397659059646326,0.46118560963887373,0.5743858864084587,0.06982453305490648,0.07560980460398749,0.07755223818757354,0.3080209814547806,0.45143609439997356,0.4429997762641078,0.5090054856726164,0.1926316395697641,0.22371904572498713,0.6042075108967663,0.13024966439616165,0.3890428744261588,0.1386421800162416,0.7710333283614246,0.6306417076849135,0.6996558527652101,0.6022082401100449,0.7608095344636138,0.013152563018942935,0.4015778766635179,0.5164328543727935,0.35523350569283546,0.5596930426424038,0.04950512106597723,0.7455359883325877,0.7383343857206779,0.05457895391040612,0.5461349956081472,0.4999845787964666,0.41489124778335745,0.3536262119027495,0.46539001309269273,0.3768217156399676,0.7255191667080992,0.17128992028373016,0.022915676428180896,0.40163093521602955,0.5863513565024279,0.45958761331808634,0.14362186148262324,0.5681265102172725,0.6567428694542502,1.1990975654220326,0.631729934205075,0.48820796665506555,0.4223728020020218,0.3468572896468286,0.6004971162929448,0.7085663086892389,0.08225311987271908,0.3920081953628663,0.3759810073087057,0.5594534463613913,0.09896906644127351,0.1356143124678898,0.6635249672682675,0.3908189230845721,0.5781535325411428,0.7053974046636504,0.43109476458012225,0.2276423208869886,0.751167677621439,0.5213493843119706,0.37146378793152024,0.4421372081075259,0.49730614527917283,0.42787264455824586,0.6246992160957259,0.7719496511377386
57,0.1739041498864748,0.08955767414110283,0.385029947463498,0.37036957026135664,0.31208364407762795,0.3665156117933675,0.2683804587414441,0.06525314473226264,0.04318160725235748,0.09290966870514916,0.1815310578564443,0.16067003099156432,0.8577283017617132,0.02150034803361002,0.10921056862062686,0.24944333681366937,0.2819341885016324,0.1509293491771491,0.21711393128822168,0.03802403089212618,0.6310574752647541,0.18360708662722286,0.9240000911516596,0.14588973135119904,0.27676366031919647,0.48788354132484785,1.2361840186280844,0.533129385637813,0.06311790052867954,0.3337258820994713,0.8242285669301777,0.4484537281028853,0.38626153897147775,0.03918133379737809,0.6461597225674935,0.09573993602810776,0.15625983194948537,0.18428900876713228,0.08299091798007911,0.06519546230464549,0.3525302872105935,0.0776156963158157,0.5343331261704701,0.09056921725583783,0.15260635741394454,0.5769040007292133,0.1843114072158968,0.07776413265052448,0.026547166840683395,0.22794489467840032,0.4549575398995674,0.08926633686338853,0.0420839258191219,0.28123899136545183,0.3669102736207097,0.039169798969157635,0.4701021147185071,0.0,0.5034728533784119,0.33713056232287564,0.9369022937072208,0.37681104260925763,0.032983435257461946,0.3747669334924344,0.42616374152703895,0.10924561229055826,0.33394820928421076,0.0451441439201843,0.061122366960009195,0.5809726545020635,0.21158850826165493,0.2634391521238337,0.1545985680902898,0.057674373125176134,0.10005841992741009,0.31040821856510703,0.23610873564361357,0.17517197003596346,0.3973301595982699,0.519744286448234,0.16078236298248227,0.09629504134970747,0.454813346260296,0.07910878536270068,0.3475571520906876,0.6455259782230397,0.17010247932514627,0.3099745023948027,0.18399159747427035,0.30007415601849535,0.1284553936923051,0.12976327913952826,0.18447915941596643,0.042018702663285695,0.6158372031356171,0.5588480750426758,0.30948323638111336,0.033419753393327645,0.253825502577106,0.2740848787682925,0.3474954921360978,0.3004462950993551,0.390809758199506,0.28197288652447006,0.04267115795753984,0.27946445913919693,0.03021409038930047,0.17940097615141112,0.16617258323803846,0.07572244319594294,0.5665792936575016,0.15177864233746005,0.11083968908997495,0.07388898556489165,0.31300135070186774,0.28782541971196074,0.30724026748868877,0.268009305755813,0.12702670743631805,0.5686288801604268,0.46372246805548645,0.5668401282752448,0.04674857886275881,0.03576366031919659,0.11062109912328673,0.11198709789688253,0.14162998226685886,0.07750134241535338,0.030800129269626608,0.03833646563582417,0.10449211123817095,0.4071602114718506,0.5448014468254362,0.40882326521818396,0.2324288022671904,0.09326970947480072,0.030562521752100637,0.05100270969025002,0.661823281791213,0.27694592220620157,0.13605567709110186,0.36999965196638995,0.0838690150648834,0.3666519166708099,0.3059233083080595,0.20436000762359338,0.2744621886342167,0.18350062977510398,0.331931503670926,0.47685762110740976,0.8707695188849665,0.07178674654866668,0.11847645801223089,0.09044321251595158,0.5193033858698355,0.27556620925106473,0.271002850560997,0.5237858598916123,0.07693496743399783,0.0415487164188998,0.06759116823281795,0.8228178541241985,0.029528505609970224,0.17125926846649764,0.27512268184756133,0.640481562505179,0.4910808515222328,0.09030654303187002,0.11636142461757737,0.012831676030428056,0.6128135037040721,0.1658229834766901,0.19128993685675927,1.6682892076434812,0.2367949087654751,0.06746467458857458,0.05686360397089771,0.12473215499096761,0.1325359386135003,0.23935335355242868,0.3943423242015944,0.08004970251412845,0.09637387924891028,0.10453476192843758,0.5681722434909429,0.36648319494854076,0.22281260047398865,0.0998244999088483,0.11557494323737551,0.2413615489152952,0.039581274134473515,0.6968559223719318,0.33900048061784255,0.05937433500720918,0.11630534148726364,0.152639776927029,0.07080611213311463,0.06802771010457583,0.15468351315069848,0.3198615572018097
58,0.6766776877309864,0.4285834534877938,0.12965099686769752,0.13357271416496785,0.2246362965909279,0.8220913173900792,0.7230547904340475,0.4483641094482837,0.4998584083262897,0.42294177894893853,0.6648388770115513,0.6460121065977231,0.3547345415071512,0.4824874127844346,0.5858079848853974,0.2686691526210245,0.22202314423507177,0.6543607534099007,0.29485916239911175,0.49820935878950584,0.1280054939591309,0.3219785793599495,0.42054324731931264,0.3577168995177246,0.23736052967400847,0.04010310910025024,0.7327660882679525,0.038387551997878674,0.4443782379555511,0.17248806741908213,0.3214041167404167,0.06579273769866902,0.11853115729461872,0.5136498284691492,0.14270574586917253,0.4104711132103613,0.3563802764381244,0.3264106962329505,0.5537898291320704,0.5366360148494341,0.15318353801024207,0.47061434561394777,0.037984056746051514,0.42889357629393915,0.35803978355624044,0.07371968378660573,0.6741298082500539,0.4257126485357729,0.522762409055503,0.731375089080031,0.05489273106945753,0.42721965892706193,0.5448849251727739,0.24334458642005988,0.13780154626361055,0.4656605677919752,0.046248612008816754,0.5034728533784119,0.0,0.1670527768110177,0.4340960407033595,0.12674112928619952,0.4792686819469994,0.12876284824077291,0.07876949402542298,0.5814406354099337,0.2171214388703823,0.48814100333117866,0.44533348249059485,0.07986921394123207,0.292565977228658,0.24263994265731934,0.6361624902633453,0.5563887121099125,0.603484553936923,0.19551888496660533,0.2675487247054143,0.3312355027428363,0.11145277515371475,0.06810190755564394,0.35129913488788345,0.4288748073385371,0.05058083494920367,0.5534281559190571,0.16164930641873404,0.14207094085085936,0.33357476922057033,0.19406315981371908,0.33462575614445045,0.2034625532408558,0.6178382223769038,0.6107415270388971,0.3189981189612025,0.4641963406751851,0.11341189777755682,0.06018025655048979,0.8098641757403999,0.4787314009181458,0.7356499030477801,0.7658891264356384,0.15636114287608346,0.20305315799068588,0.11363475529922598,0.22857759492202387,0.47443170254727457,0.7420859725882099,0.5304438671505992,0.682516200135899,0.39189844047796607,0.5702535176254162,0.06314762425628537,0.6233196605843652,0.6074590314721822,0.577316810023368,0.7653592369777421,0.7793663219476624,0.19651204030560665,0.25466389897081476,0.5990246938132882,0.065528389598767,0.04432891662109083,0.06439733837153418,0.47071045260942346,0.49740554202091525,0.6140220421286395,0.5650603589718091,0.5928698685758795,0.42604310644856563,0.521193614411906,0.49051683819751735,0.6061036808697525,0.09651448482739187,0.05827715076484524,0.09895632178193191,0.328346807205953,0.47209091135086756,0.4730053116558113,0.5431023218813701,0.15847219045724995,0.24538788345845966,0.6351175027759824,0.14658337890916318,0.42043232403586395,0.1551643298695701,0.7990437030776115,0.6513689156267088,0.7203522182999388,0.6229013241850214,0.7815465702116375,0.03967214405276851,0.3673464011667412,0.5385972091019072,0.38908632062182,0.5923352309451599,0.04139608710784067,0.7785573675400653,0.7677365634166957,0.031149397570393957,0.5803651618356287,0.5254946634846449,0.44873678715258764,0.3193918692719468,0.4921678350652147,0.3973460862791892,0.7479087654750659,0.13702377401017587,0.038052072457282995,0.43172400934718835,0.6196032831170555,0.4906624571172872,0.11152709690250089,0.588873937254512,0.6831895291602444,1.164834617743085,0.6527721291370422,0.5092831253418187,0.4566034819934039,0.3788342531364458,0.6306098626095892,0.7427779296972107,0.11053912063507843,0.42345538540579053,0.4095557931023053,0.5847851721109066,0.06521482788909329,0.1544500903230083,0.6846647773413546,0.415359419281062,0.6065406122076931,0.7314211040951953,0.4639304761431246,0.19391897446096223,0.7719129004458143,0.5477982979499164,0.39422657816669143,0.4634223470723744,0.518089138036759,0.44954774689670024,0.6560374881917168,0.7947008071065149
59,0.5109716352607766,0.2729568521188618,0.056615472579923456,0.035982788909328926,0.09176958517708281,0.6789353569001806,0.5792000613202075,0.2838300021544938,0.3514039510101261,0.2715478629079037,0.5092868377003266,0.49118187242082223,0.5211872918013225,0.3195231193755283,0.43391051392963087,0.12070847213245162,0.05534634316113955,0.487497654916389,0.13686241899932058,0.3397849649480436,0.2944864846948077,0.155353419844545,0.5874241286729973,0.1917564013324715,0.0966408707469464,0.15091574272029704,0.899643008667694,0.1966644790268318,0.28251116193506687,0.01275725484346774,0.4876911533170917,0.11198946784003701,0.053029997182585054,0.36026845821110726,0.30958974295231934,0.2528078854472232,0.1905058419927409,0.15962466232453304,0.4025535225973252,0.3861117685079303,0.01781370258042062,0.3225188766800907,0.19865421203533368,0.2675603672583238,0.19642421982465735,0.24062587215565387,0.517291569300121,0.26899242612572305,0.3586817066905318,0.5645017816006234,0.11963015628366397,0.2723495997613484,0.37909771457929375,0.09405045658695041,0.029909527834402233,0.29895585773711847,0.13631400089494344,0.33713056232287564,0.1670527768110177,0.0,0.6003118464011666,0.04053893004524435,0.3128980841578415,0.0384011004491291,0.09231821873083745,0.4304608462188634,0.08228721059348017,0.3430623063027228,0.29105208074379757,0.24507983228094604,0.12574747675632672,0.09690957755348933,0.4824715026765442,0.3924783804836009,0.43661626808531795,0.030072631299822655,0.10116408956064893,0.1797949501980477,0.060785835032068754,0.18339908682609918,0.19627395217023816,0.2787383367308043,0.11935612953479506,0.4001026533419514,0.0357819818028141,0.3089520045078638,0.16872874094698284,0.046545376953545756,0.19541172376075178,0.05508683438572068,0.45759546893385705,0.4546727241087853,0.16121922802830665,0.3126601948988217,0.2793309799632078,0.2224344453835828,0.644954623046454,0.32789992376406624,0.5827740101758397,0.6080449211952468,0.030949129087323363,0.038190871575597855,0.07070287873514641,0.09379560483269528,0.32633182518768944,0.596251794030395,0.36502882049752244,0.5164834932630638,0.2464177480568123,0.4080813818591623,0.2300245446560268,0.4730913256765939,0.44316495135815964,0.4107580586353768,0.6237494075142115,0.619228160890966,0.03355295082782281,0.10917145627206279,0.44859950446643126,0.2320742803162134,0.1273075125540695,0.23031136578332417,0.3080602512471204,0.3427821392465901,0.4476147350801306,0.42064942242993747,0.450252945855914,0.2598472546777375,0.3623335156366529,0.3287282851886838,0.44141060508129065,0.07120867100880024,0.2083503124015976,0.07246759144168767,0.19099332935580632,0.33493529889457907,0.31052725434627676,0.3763246739256534,0.3255203268201329,0.09759119309236149,0.4714666882116044,0.03472616384096523,0.25615470093969067,0.03771292199075218,0.6392020832297519,0.5109504217835894,0.5808890767165515,0.4846650839423921,0.6411064319925753,0.1404659175657535,0.5342862825038532,0.39030173685344466,0.22252690631266675,0.4267375660849533,0.18223843616897847,0.6125476640315549,0.6058563284111437,0.18750236165664,0.41348810885165477,0.3695777357927708,0.2821611975670793,0.4862738941646365,0.33374208223537016,0.2621825850610716,0.5983421584713037,0.3039059149140689,0.15458198677472287,0.2687087538739455,0.453376820961567,0.3269143920184292,0.27627083644077627,0.4539473474867003,0.5251202290392615,1.3317154990967697,0.5211823033195777,0.36595354579956596,0.28972740681814413,0.21419008435671785,0.46784481015595214,0.5759874542170073,0.05730475314473219,0.25934848108188735,0.24300166558941977,0.42966472762226754,0.23222100134241538,0.034551691277614816,0.5398872619698701,0.2610379108039576,0.44642031687631556,0.5740942425297073,0.29818241104426646,0.36087599231011447,0.6365574172591523,0.3899494854074479,0.24499879016887918,0.3346966058436501,0.3769248744593049,0.303550622317241,0.4917096985366015,0.6442900860140209
60,1.1105345464790597,0.8597165680571438,0.5627494738063277,0.566952965743549,0.6425541606589436,1.2382719136876645,1.142040951954789,0.8823368965345798,0.9243941480634413,0.8529273438406338,1.0980476474585263,1.0765849864929813,0.10269392101294356,0.9163350403553258,1.0143184838993022,0.6976931669401216,0.6554013904771374,1.0876999038764315,0.7282520260528017,0.9310625880442164,0.3075850693581266,0.7553770778435175,0.04183126999121632,0.7911579078208123,0.6645493793400619,0.44950601600954604,0.2994293243176056,0.4042076186214555,0.878435365186695,0.6055844561560516,0.115345249341222,0.4933499560814729,0.5518689819188254,0.944559439168697,0.3028199837584315,0.8437964583436913,0.7901326753840799,0.7597894065198296,0.9844961550572596,0.9639479689752896,0.5863823480667562,0.8944812973367143,0.4029609207974942,0.8626197401349045,0.7918022423308307,0.3607434992293541,1.1059416215051623,0.859613293226603,0.9565508709126767,1.1647129137042376,0.48200667064419367,0.8585060242960607,0.9783597093090702,0.6725391040620494,0.5706372412535838,0.8990106896037389,0.4676460498185252,0.9369022937072208,0.4340960407033595,0.6003118464011666,0.0,0.5607658230994879,0.912606506571206,0.5621670975654222,0.5128334327715077,1.0115080213460614,0.6272217222691792,0.9113718490528515,0.8783145560914167,0.39194286448234145,0.7259051276951889,0.6758244501897612,1.0665889640199535,0.9900833374765904,1.0368223785611295,0.6292589701519749,0.7008987802250616,0.7640521056033412,0.5422242662291387,0.43614171597142815,0.7832298761994729,0.8563300187275229,0.4839187424385556,0.9863314357215067,0.5929772037985381,0.29979682295033067,0.7673450670379025,0.6281461741162432,0.7591299905533732,0.6370797162697428,1.0517382704386882,1.0446980559836925,0.752850619002635,0.8973541324847943,0.32132503853229255,0.37860666401498205,1.2432657236613138,0.9092269842059036,1.1643869056497456,1.198216460332455,0.5899382157476922,0.636486459835264,0.5475401233033362,0.657973955484844,0.9025045741560186,1.1648617560781582,0.9640817133197436,1.115982714330698,0.8130752581249274,1.003987818823646,0.37315886076998295,1.0526524801537978,1.0409907273902446,1.0106947745239396,1.1758719236314823,1.2133559472314757,0.6303296375478548,0.6809188915958171,1.0279017550837768,0.37911396443427964,0.4748248313694293,0.3818441638078191,0.9047232801339101,0.9301644707403172,1.0474308656093074,0.9881325179403041,1.0106897528961367,0.859477949584846,0.9548481496213063,0.9245863786274214,1.0399250236165665,0.5303410977974444,0.4006089593795058,0.5322909643845605,0.7406970450289199,0.8796814249490379,0.9070212880558177,0.9764688344188669,0.2804722070302789,0.6736583221465389,1.0688297949916303,0.5726511625979881,0.8543950347204958,0.5771201296010872,1.2330447803245002,1.0603646232121844,1.1263575548152933,1.0282336465635824,1.1898148378329108,0.46152787583486626,0.07529575398995675,0.9653956147765126,0.8225908864913241,1.0258975041018248,0.41949249241783904,1.2119965859560153,1.2017970218266794,0.41369216427186395,1.0137029864598348,0.9585625300386149,0.8822056878635709,0.17402529044233414,0.9254686852616052,0.8028229586171464,1.1739354646248696,0.3135795836855103,0.4539194882248627,0.8657271582227084,1.053059538606871,0.9243393493428794,0.382184416380782,0.9903982581746466,1.1160217438141173,0.7314967931188784,1.043788171829165,0.929770488407166,0.8899413066176104,0.8122710850362119,1.0645910190755563,1.1761602363313943,0.5431327665357397,0.857124819768309,0.8429017219377184,1.0180857405658033,0.3696540297320141,0.5837256666500936,1.102527270919306,0.8467625913588225,1.040614362186977,1.1639001640729876,0.8973412386681913,0.2479252390659441,1.1699747841362969,0.9808713518619799,0.8248813453984984,0.8509653292232219,0.9305804952021082,0.8766433567013044,1.0900738162713999,1.2227019174994613
61,0.5499602247302741,0.30641475662506834,0.032528721059348065,0.013861814083760086,0.11686460663915545,0.7091680670876218,0.6095565057425544,0.3216540214454995,0.3830421866454532,0.3037378975455344,0.5424098510084687,0.5244225045161506,0.48134408094267395,0.355831502013623,0.4663762077594923,0.15165627537745072,0.09536880790202026,0.5277139743780972,0.17046187374666477,0.3740906627554318,0.25460243789257364,0.19532399443146226,0.5471908384295395,0.23105049801952296,0.12513515305192327,0.11472129965693828,0.8593993934271366,0.15713154841810442,0.3178828866902003,0.04623632310777438,0.4479633073136776,0.07166910290193727,0.023889466182734194,0.39297235618754034,0.2693513150698553,0.2865156946585127,0.2296728732660468,0.19976063574139447,0.4346068794643596,0.41826580652645895,0.026762433915046624,0.3540021544937768,0.15991327333896815,0.3031874989641857,0.2322068231160609,0.20038848837402012,0.5510898175309502,0.30191285072672736,0.3961095808680953,0.6047295198793483,0.08083079765988826,0.3055190175508377,0.4182404829380665,0.1250061983128657,0.014138840550887481,0.3390048724705414,0.10124281144864841,0.37681104260925763,0.12674112928619952,0.04053893004524435,0.5607658230994879,0.0,0.3526231127463166,0.00499884817448082,0.053933069822171435,0.46256708762160453,0.10929593629327633,0.3736629377351299,0.3236722849235154,0.2045445814481513,0.16592001027527803,0.12523269361441183,0.5153702166094898,0.42972076932000863,0.47684304512835823,0.0688249225210892,0.14088807404829384,0.21131976002253933,0.024198113989293793,0.1430033146058105,0.22936927194683376,0.31070040935381754,0.08685820116342659,0.4325628614991962,0.054423200583370634,0.2687167255009198,0.20691009131739005,0.07312525895357892,0.22353972555063886,0.08187364722650355,0.4917216476905484,0.4876674953181193,0.19375249009761508,0.34444211869603414,0.23969537943950012,0.18363218647972293,0.6832145461475992,0.35984603656010217,0.6155975985680904,0.6421768176469617,0.04894050282570153,0.07640758879000314,0.052845415071512636,0.11912193606125387,0.3576329819851175,0.6271751354845124,0.40376485357728853,0.5558590463879084,0.27717247551334956,0.4435922206201627,0.18978092941546928,0.5050435042012628,0.4807951490743963,0.4506712408226852,0.6535926846649763,0.6534752564676247,0.06981653656838864,0.13941265185037865,0.4806063574139445,0.19183288586154895,0.08692554566698159,0.19005722666931832,0.34441285072672734,0.37558928719402046,0.4873627007408145,0.451073534529906,0.48024360695404306,0.2993803841628135,0.39646468287508907,0.36410324168448266,0.4794201760055686,0.035238643331841756,0.16801488258008915,0.032043181027196235,0.21901194915394684,0.36319382986128373,0.34629785876464636,0.4164524768391919,0.2850614942242993,0.12827777225343476,0.508476192843766,0.0390423689487728,0.2937020998027809,0.04885676759641356,0.6735629692238851,0.5403908085980875,0.610068289166211,0.5133910737665521,0.670587737615804,0.10006030096620759,0.4939668788014386,0.42179822337128553,0.2624172508659407,0.46567027130048566,0.14616550655463298,0.6518955567709108,0.6412738775916073,0.14722371103266543,0.45371959263494577,0.40279887800593317,0.32207043537347324,0.4460238651618356,0.3678598916123899,0.2896939707320307,0.6302893319411987,0.263672309783059,0.11429710469182454,0.30537078837899206,0.4929398316180248,0.3640052039311225,0.23602103946038222,0.4815320025191005,0.5592379058320488,1.2914801869437678,0.5477701072274981,0.3960106813172244,0.32995791279272113,0.25219229685609634,0.5039470740317208,0.6161270074081442,0.023359038101393836,0.29680910356485846,0.2829039758696697,0.46256239745438266,0.19173309965362367,0.03930244120717946,0.5706487677952898,0.29393790086014027,0.48066285486998467,0.6079575564725962,0.3372803162133944,0.32034975720512426,0.6644501151825517,0.4238154178889275,0.2763977941298331,0.3601979979780905,0.4065679991382026,0.3341114453338638,0.5293183015959828,0.6763823232072126
62,0.19827504599015564,0.06538233978024163,0.36086656225658365,0.34651901755083775,0.2878893501715309,0.3953115895192165,0.29782169078042386,0.03768053829198363,0.06654085251661443,0.0738963025572184,0.20772352872934588,0.1853542733555412,0.8335667893070816,0.020739969174165963,0.13651795687697837,0.2252570973996917,0.2580260610881851,0.17510532988614327,0.19295241883359027,0.031099844213526885,0.6068742852881223,0.16001003496909127,0.8998119292663123,0.12170108884800868,0.2525586933823895,0.4636178342365634,1.2120225061734529,0.508965420374882,0.03707079169359784,0.3099647077346326,0.8000670544755462,0.424292215648254,0.3622606523144235,0.06242644061055039,0.6219744278161721,0.07152795870001159,0.13106911781766342,0.1604079119640697,0.11166952551417822,0.09365313478844525,0.32863982664611613,0.053960191584215854,0.5101409204660338,0.06944738063275824,0.1281665838015214,0.5527418087803907,0.2083219559488888,0.053560590994216,0.053133263726611306,0.2521091416828254,0.4307321218449096,0.06762316246540376,0.06622652844760436,0.25706905981206185,0.3427049089312054,0.01602689802615212,0.4459769303435588,0.032983435257461946,0.4792686819469994,0.3128980841578415,0.912606506571206,0.3526231127463166,0.0,0.35050697724523106,0.40198593778484887,0.1374136710916654,0.30976167155571027,0.06965100515421198,0.03693447024312632,0.5568064021611231,0.18768493843119696,0.23926618770612698,0.18048273090372727,0.08237469132733387,0.12422773827872521,0.2868466994812642,0.21183049934536535,0.15098955899169694,0.37316644293077444,0.4955514012496065,0.13659917300585026,0.07212136429175162,0.4309086494638624,0.10790819370556354,0.3233815028422745,0.6213389101576096,0.14622355358888942,0.2858062778634051,0.15980742968892417,0.2759153781136578,0.15468139180297988,0.15701678847843023,0.16029898573062193,0.03977661214140106,0.5916490246772401,0.534676469613351,0.33321340260859483,0.046674555428495676,0.27871803477021495,0.2978846682908235,0.3233283614246176,0.27621552395631355,0.3666204196290956,0.25777602379886966,0.05045750675350934,0.30738569581862485,0.058906420391455015,0.20366785992475847,0.1420094963456471,0.10071590513598166,0.5424040421617861,0.17944228442632462,0.13718932199738143,0.09814398647640832,0.34201304297386437,0.3127812443030213,0.28305238734483507,0.24384679891943842,0.15484598684101497,0.5444559986078655,0.4395375047647459,0.5426759144168778,0.016971494390029665,0.05161192595170621,0.13487938149455583,0.1422370108884801,0.17145196307529129,0.0534993122192944,0.05774632493080761,0.025154518636371127,0.1285268897396377,0.3829843302010308,0.5206373489782725,0.3846584381577419,0.20826337857770266,0.08215289447952404,0.013847204958650192,0.06388773430119822,0.6376327499627107,0.2527639917797776,0.15975344304678568,0.34580981620510787,0.06028064767397538,0.34248448764480677,0.33004860869421104,0.2342935249175492,0.30397097233961445,0.2140326820132915,0.3609720495865028,0.4526666915262102,0.8465895109299126,0.10046490661098124,0.0950820447803245,0.11507107343509175,0.49505791445002395,0.2996684234077462,0.294769179137871,0.4995721092494076,0.10109649646165829,0.06774576144781982,0.03886826099206149,0.7986469779081521,0.025868194699945304,0.1470845638807405,0.30177661214140106,0.6162906826430665,0.46691933906760125,0.06232686985200285,0.14058904688509916,0.029745620577072855,0.5886441522066989,0.1977858516050979,0.21510384660004303,1.6441032996900844,0.26855696150085345,0.09918360430235836,0.03945553456305209,0.10058138185916242,0.15624512338620128,0.2635743963274168,0.3701097465983858,0.05583074794080115,0.07440479623460776,0.13182602462752116,0.5439938099736489,0.3423045957009562,0.25061878718573394,0.07564079616831568,0.14145607318649628,0.2654785959329787,0.015651071446328216,0.6726834882911549,0.36944996602529045,0.08484070833126171,0.09212367622930441,0.12861162763718323,0.10202914367158887,0.050532284260594314,0.17881449808581518,0.346068164868493
63,0.5484276421551566,0.3073269941497208,0.03658895573343941,0.012918154096024098,0.11933810636570044,0.7111071032002519,0.6114638376506074,0.3205145179734501,0.3846066391554384,0.3050926846649761,0.5434260677173965,0.5254243358358608,0.48305981206185045,0.3547816917748057,0.46765439433865347,0.15337788992194099,0.09329039261505827,0.5256064568521189,0.1712596910787385,0.3746775220006961,0.256367308042891,0.19326324599347022,0.549304952021081,0.2290267405823762,0.1273322477999304,0.11443555577652928,0.8615155289282224,0.1584615754321418,0.3178642171729727,0.04405016655894197,0.4495602429606058,0.0737852384030228,0.022509836092742673,0.39415410431064474,0.2714674505709408,0.2872887850312402,0.22800445814481504,0.19770265499925424,0.436010407862245,0.4196630703193623,0.02456988017699995,0.3556102603622864,0.16058327947098894,0.30321994066855595,0.23215653225940108,0.20227536916422212,0.5518726859908187,0.3028180778600905,0.3945598617809376,0.6026133843782628,0.08163270853013804,0.3065318865078971,0.41619670528182434,0.12666433815608477,0.013782246971278896,0.33691754089394893,0.10081114204743186,0.3747669334924344,0.12876284824077291,0.0384011004491291,0.5621670975654222,0.00499884817448082,0.35050697724523106,0.0,0.05588297784186016,0.4639595783821408,0.11166147930857322,0.3755063806161852,0.32486533585243355,0.20672429108868223,0.1638164039841562,0.1273674903462105,0.5164872636271731,0.42831710833789083,0.4747269096272725,0.06712077594922022,0.13879988067419072,0.21286714231260057,0.02587213079434522,0.14508738129567939,0.2303996585956015,0.31214460796499777,0.08515252987288484,0.433823281791213,0.057013341288387254,0.27083193291237834,0.20535066043520764,0.07531322196257807,0.22579432870945812,0.08338258008916287,0.49217560781584047,0.48868172326356085,0.19472735709905695,0.3459247998806742,0.24114350585856575,0.18430898755365516,0.6811363463100149,0.36128852814928986,0.6167562770347537,0.6428268367059445,0.050099115000248655,0.07433217322129965,0.052203201909212925,0.12157732146704453,0.3592804653706557,0.6289457399028823,0.40193183513150693,0.5538230580553207,0.2789764414392019,0.44310012595502074,0.19189706491655478,0.5064997348315352,0.4789052851389648,0.4485730704850926,0.6556230547407148,0.6539474966439616,0.06839177812028704,0.14128866073352225,0.4820323091201379,0.19394902136263442,0.0890307429688924,0.1921710750923946,0.3441334874625035,0.3767330333615073,0.48531335454681057,0.4529573658827625,0.48223183181690116,0.2973432522912212,0.3970804786290789,0.36411485109133396,0.47802453636951225,0.035361275460315846,0.1701303717330416,0.03415545501251251,0.22130263179701362,0.3654712872271665,0.34596120253898793,0.4143620958252539,0.2871546429340891,0.1300272294867333,0.5072673643911896,0.041705397835562416,0.29253182021578084,0.05145191335620404,0.6740777855118582,0.5424953264058071,0.6122210676345314,0.5156089842390493,0.6726885762110741,0.10216248197683088,0.49608253368468147,0.4234004623875104,0.26046507234127175,0.46374157675798416,0.14589603738875354,0.6498461608578201,0.6412532027378643,0.14916586287475758,0.4516034571338603,0.40378184921858173,0.3200779843882066,0.4481400006629211,0.3684872884867167,0.29205142610914997,0.631753683355707,0.26578370539783563,0.11641236182237026,0.30498078357281366,0.4909256036725831,0.3626074429473474,0.23813717496146772,0.4838858615489154,0.5598883392167586,1.293596322444853,0.5502150516249854,0.39797505759127594,0.3278417772916356,0.250147508245082,0.5034798886292448,0.6140561162763718,0.02194959313213674,0.2951156134506705,0.2808011816569714,0.4636544026251677,0.19382228740946977,0.04200890800311573,0.5724691575929335,0.29503577288320987,0.4811923382886691,0.6087096488175144,0.33522046271897116,0.32248248230829146,0.6667784848936839,0.42453693299524353,0.2780057508410813,0.3627066159531978,0.40863436583304336,0.3359434693979017,0.528386110144351,0.6777936575017816
64,0.5987507499295647,0.35207344337824625,0.05216422214488144,0.0579342299342051,0.1549061303634465,0.750888753542485,0.6515162415684715,0.3708103299690084,0.4265571686637166,0.34835833374765895,0.5884970002817418,0.5698233646563582,0.43340507797610156,0.4051782512139743,0.5109035698304579,0.19505100349690907,0.144761447819818,0.5770764845290776,0.2173411143704736,0.42057695686040536,0.20672850063806167,0.24472752282934757,0.4980017484545651,0.28031852533187485,0.1669881088516548,0.06851348215913425,0.810326198644326,0.10967780374218998,0.3669055834534879,0.098915742720297,0.3999497588624273,0.023418129236480522,0.041330582210510614,0.4379175740400073,0.22008883972223608,0.33319660584365,0.2788593281294023,0.24921577255174923,0.4790954606473425,0.46244397487528793,0.07930535806029267,0.3973724373953827,0.11222336299905533,0.350328195694327,0.27945599032135104,0.15219043239032792,0.5971221763701754,0.3490350188103881,0.44544098344354394,0.6540923449178805,0.0322485291436716,0.3509333018445781,0.46760218101062334,0.16870910190755561,0.06628601733538837,0.3883544059397736,0.05230148825800894,0.42616374152703895,0.07876949402542298,0.09231821873083745,0.5128334327715077,0.053933069822171435,0.40198593778484887,0.05588297784186016,0.0,0.5068408657750376,0.1500857488523177,0.41605120237325766,0.3691550158272428,0.15483368965345792,0.21527779711297837,0.16773574305175762,0.5604191153317091,0.4789528497323456,0.5262018097747726,0.11817874840484595,0.19039680803460454,0.2559563880740484,0.050695346293442065,0.09360139379174329,0.2748118298281376,0.35468659573410233,0.06321636918079518,0.4780682145875802,0.0905548152935912,0.219393824889375,0.25625239894595536,0.11758738958219395,0.2641512454631333,0.12627331410861967,0.5405458327118448,0.5342408641177347,0.2417789655115266,0.38928625764430963,0.1920338918444124,0.13644835015495785,0.7325773711861316,0.404099231011452,0.6604425164487313,0.6885054690995871,0.08385525945076985,0.12600503820083198,0.04647186728318336,0.1598284691493064,0.40103972555063894,0.6698203152190124,0.4529433202406404,0.605215656540546,0.3197363313942889,0.4929304844296392,0.14099612191120178,0.5491186380284724,0.5301494224299376,0.5000340658612175,0.694728757520012,0.7020424766734614,0.11902554732428444,0.18210012595502076,0.5248623195611463,0.14251185800228708,0.03902790898092444,0.14075832380384157,0.3919437594259103,0.42081657800096123,0.5367149024677239,0.4933323803841629,0.5217704221150498,0.34871123982830354,0.4431804305672948,0.41292351547092254,0.5287427948756194,0.030452393974046678,0.1187724274515653,0.030051409536120795,0.2585870084025258,0.40257679113011485,0.395618455725153,0.4658153018777242,0.23573284277167336,0.1718504947049172,0.5578347586138318,0.08167187059778916,0.34252882049752237,0.0904223967914616,0.7208137440129935,0.5810635161338438,0.650359469000149,0.5532142312600473,0.7112706375644275,0.05134145411756907,0.44478912477833565,0.465284832363811,0.31160344056083134,0.5149654783804836,0.09993045957009572,0.701253177878321,0.6902663782959612,0.0993315434461957,0.5030824176734782,0.44879000314887557,0.3713232320721258,0.3966696580984107,0.41450135898838225,0.32830514261091504,0.6741441107741263,0.21438510747609338,0.06493689819188252,0.3529547639172011,0.5422582243656673,0.41333768375345975,0.18666683239695717,0.5199633238867066,0.6056486932166593,1.242154502063342,0.5846665175094051,0.437794560731865,0.37932073783125336,0.3015515089742953,0.5533022091847727,0.6654858217736455,0.04171442184988159,0.34617013871625313,0.33226680090820204,0.5084382074611775,0.1432181673544474,0.08523773181524386,0.6129439251562007,0.33916298745421697,0.5290715706259634,0.6541452211670726,0.3866387991183149,0.2707181839274764,0.7030373390344553,0.4702118198843201,0.32018367888098903,0.39575905301712005,0.4475309335587265,0.3768918775584613,0.5778946535408277,0.7205562985796916
65,0.10499874873630652,0.17122024726959345,0.46074094698288004,0.46498331924625863,0.37973367142312603,0.2579827557632709,0.16147114635641957,0.1720684548965014,0.1041338935017153,0.15908999983426975,0.09146115281990089,0.06524947380632758,0.9330083693796716,0.1204837087124414,0.019586726661031836,0.3171061253915379,0.37811980642702075,0.08324183363993444,0.2981715888562952,0.11611133760917478,0.7077712424799881,0.2873143572150682,0.9948498069242115,0.24704293243176048,0.3469804521122326,0.5750098940983445,1.3048584414723483,0.6138605379605229,0.16417704966936805,0.4319144500240309,0.8997810454266727,0.5183235966787648,0.4794921195246855,0.07623715175922703,0.7140278841213809,0.18384139611196737,0.2641494887220537,0.28975611959097763,0.027963589055171618,0.05858844196953876,0.44812063507847333,0.14529558825966626,0.6175728716087436,0.18681872420822349,0.2495668307396543,0.6530651734367492,0.09450972008153934,0.16167064419363927,0.08720975654220323,0.16025737914118565,0.537519100415983,0.16589662573128486,0.08516907804239379,0.34893200914831213,0.4567836722517774,0.14793835661843913,0.5583001126965974,0.10924561229055826,0.5814406354099337,0.4304608462188634,1.0115080213460614,0.46256708762160453,0.1374136710916654,0.4639595783821408,0.5068408657750376,0.0,0.40161069954755624,0.10722135766253996,0.13987619118646316,0.6486554301529692,0.3104392184159499,0.3395614445052122,0.05522098476938629,0.059296209748255675,0.06841401083876102,0.40843387361408034,0.3331917002270504,0.2513954241866786,0.47094201925785967,0.5874004292414523,0.2365421369263661,0.16393896982051412,0.5487509488059131,0.03195560085516827,0.4200221249937852,0.7143648386615623,0.27124185849947785,0.3909112928619964,0.2527172309783059,0.3833088135368501,0.04671341918162381,0.03928430202688145,0.26930862294701596,0.11819046553638606,0.6933375097366545,0.64137677124248,0.23874240540943661,0.1028468734980692,0.15422895639636053,0.18694069341553554,0.43102493412220966,0.3962865642453471,0.47329823165780005,0.35418109348845683,0.11045781335454682,0.17022900611544775,0.07947440295662837,0.11159478115315134,0.23385852433749313,0.046432945524453414,0.6409031306451879,0.04352321881370257,0.036359535292265314,0.06698666699812723,0.20480724738560466,0.20822799516067556,0.3969689338570412,0.3356958269112845,0.018808225194318764,0.6365600026516849,0.545813835164653,0.634752788412138,0.14712177033096338,0.08975118082832,0.052738519034123854,0.029733182518768955,0.03624093040985102,0.18275529093952508,0.0799304264240375,0.12455403636122574,0.05701861979814045,0.49263239364258604,0.6129440577404333,0.48573817928702817,0.3001124065695487,0.16092691294187841,0.12928374683040814,0.10807152090687619,0.7311383847925887,0.3446130197716236,0.06440591491406883,0.43895525282155806,0.18523307479408013,0.4352652181839274,0.2266098626095893,0.0989851754255125,0.1673409900727556,0.08054642105437608,0.22379134556422883,0.5557507416430503,0.9429581365286132,0.04886951225575495,0.22473113574968093,0.030263527734964168,0.6063664628184092,0.20743263063690148,0.19643292066490992,0.6029152455294253,0.07872661131274963,0.07302696431826844,0.17570542269510595,0.8904960058999983,0.11284284625200948,0.2389335918725865,0.1679389698205141,0.7081540463050433,0.5664702679858797,0.19166685725650076,0.05106962329504958,0.11377942126982542,0.680493180198545,0.08387895059580042,0.10544274018462355,1.7359523276819304,0.14116075838180944,0.09941644707403174,0.1622667429026003,0.22248660899252556,0.05947181756409619,0.1716508559969506,0.48576666003745506,0.17847582823712688,0.20392078920764348,0.015922487943121358,0.6447291304131657,0.43522400934718836,0.1136039626112464,0.1743370705513847,0.03526219360612534,0.1532006745222824,0.14254178060624137,0.7651230961732876,0.23487474104642103,0.05509948789340228,0.18724236397686403,0.22031821044432293,0.11372177198826633,0.13613281625482695,0.08409172342929117,0.2140013341288387
66,0.5065552047597739,0.24474554599844214,0.10726485357728834,0.11526083461774309,0.030255556107989873,0.6111436964483999,0.5160802548931868,0.2785860637398697,0.30125156200798814,0.24485719849516896,0.49306812343592055,0.46066665009363755,0.5523351397935,0.3129539849848357,0.3949316279686438,0.08462454631332968,0.05329322660302624,0.48485221829993885,0.11862996569382991,0.3192810785727306,0.3340582376240906,0.15245502908566597,0.6107979499163062,0.1881067385936127,0.0572073203069325,0.21211733704569186,0.9091722352044282,0.24637673809642185,0.27468131722434913,0.08687689554019788,0.5194007772750625,0.15223771524221474,0.12812404912245812,0.3335949800295,0.328146563582426,0.23823558560798158,0.18661530684963284,0.15686576675118913,0.37700013258423243,0.345527304065364,0.09908795306518173,0.2695646016672467,0.2526379870398913,0.2532623344768724,0.18314652214985336,0.28084766900346375,0.4925191667080991,0.25620108056149427,0.3532167172144053,0.5618680786887419,0.17493059215432807,0.24627125905301714,0.37537791478148463,0.05553854886557618,0.10230277266776042,0.29613887369694564,0.19935107476093405,0.33394820928421076,0.2171214388703823,0.08228721059348017,0.6272217222691792,0.10929593629327633,0.30976167155571027,0.11166147930857322,0.1500857488523177,0.40161069954755624,0.0,0.29453069324980524,0.27288555494787786,0.2490409188087307,0.1230535308838397,0.07051724423672914,0.4519743946701139,0.3867440129932548,0.43397754354563384,0.06643274664810488,0.09802703061038472,0.15877839374202424,0.1076035814315782,0.19126318798786857,0.17319826314655534,0.2384025340161422,0.195743938414624,0.38142372263378577,0.06382278460034138,0.33340986758149793,0.164037082152505,0.04206984703094183,0.14995661180994055,0.07453001375561415,0.44832156648270605,0.4408130147997151,0.1494750493047614,0.2925436202124662,0.31723132633951506,0.2733588226520161,0.6403531049569929,0.3006645038863753,0.5458084323571819,0.5856637415270388,0.07147938315185869,0.058245463133296885,0.1332658811050896,0.05745582459106052,0.2912800344719005,0.5474853411558032,0.36073554417540893,0.5129913903114073,0.1873493511659126,0.4007172889839075,0.2720268151610069,0.4433298115646597,0.43793410563648716,0.40780979963207875,0.5502841694426489,0.609822022241005,0.055952692288569576,0.06594576476242557,0.4178804338819007,0.25271350204676907,0.1863235221001342,0.24938790003148875,0.29767650275940927,0.3230560416977411,0.44449063623858526,0.3743567758829281,0.3898793566350121,0.2565003811796683,0.34859147483385544,0.32069924924178395,0.43652747808216913,0.13836392714496426,0.22909603241684479,0.12910794013821894,0.11355174099670198,0.25508384295397674,0.3034031389317026,0.37359103564858553,0.3573500223735892,0.05742919173337311,0.4656104923846931,0.07229717098394071,0.25030455426838366,0.062351745968610664,0.6281924708729014,0.4354136876646945,0.5036669318351316,0.40594722318898224,0.5654344951026701,0.19152173552760243,0.5605060574421187,0.35288830607070054,0.21939460382174047,0.4227546197318485,0.24254490462221784,0.6090340990072756,0.5980421120668225,0.23556553804338823,0.41085815144433957,0.35261167735627036,0.2791148428048194,0.48889725550638885,0.3183953081754751,0.18070359137539568,0.5541193340956927,0.3156833722799516,0.20359219576061918,0.2571158040405045,0.4500429075722169,0.32111653325378275,0.27889255705265253,0.3725226138981422,0.5063578697028457,1.3343589469497341,0.4389904042161785,0.305804040504483,0.2870964716021147,0.20932724274515652,0.4610779429556342,0.573261555544507,0.13225962478662232,0.2539458724871145,0.24004253467906334,0.4130081042112066,0.2752477336382771,0.07354913903114073,0.47567058618803765,0.23459788030958423,0.43685625383251303,0.5547029698868063,0.2944145328891762,0.3816537645635493,0.5555380433881901,0.37265306020981454,0.21764735908782049,0.2525196721854854,0.30361275460315884,0.26593165282818737,0.48567625416397353,0.611010283564527
67,0.2120595468933857,0.09287538739455412,0.3692063756442765,0.3772398283034192,0.2727792223934768,0.3361144201925785,0.23644306335869003,0.09864188998823309,0.01976515189181124,0.08602293707220862,0.1986795770562985,0.16760081373572644,0.8341694343625184,0.05035083445201275,0.10363209532806314,0.22266981554218654,0.2918024743532375,0.19046319130247438,0.21406284492616723,0.053329877856775836,0.6114626112464573,0.20544951855350596,0.8945689355143438,0.16601718623112746,0.25080896269411146,0.4831563748156249,1.199672748968329,0.5199774523939741,0.09425413911400582,0.34574335835860703,0.8009822668589137,0.42320209151626653,0.39079307744576464,0.03920373224614259,0.6110098940983442,0.10656209913985976,0.18610040769651473,0.20845057094085076,0.0826160774954838,0.05319378014219663,0.36079844710717773,0.04792646547009395,0.524625432970384,0.11803308805250334,0.16917710767496968,0.5572450819536287,0.19877650441671219,0.07937961351696246,0.059384477700989355,0.26747873680372564,0.44500040603921176,0.090913521934404,0.08098969986244381,0.2537300585027925,0.3674242281111719,0.07463499560814736,0.4668463348746252,0.0451441439201843,0.48814100333117866,0.3430623063027228,0.9113718490528515,0.3736629377351299,0.06965100515421198,0.3755063806161852,0.41605120237325766,0.10722135766253996,0.29453069324980524,0.0,0.05959008269941493,0.5414360778269446,0.2276080892954806,0.24890224398813376,0.1582337874343293,0.09229926747211584,0.13959226205273534,0.32236825270554703,0.24854562554898157,0.16362959280067613,0.3774499080196888,0.4803208704154858,0.1532068894081771,0.07177638011899433,0.4602321218449095,0.08703507681598963,0.32665091400255225,0.614116616118928,0.19028943137937326,0.3008361921808449,0.1540208240110045,0.29382591690283233,0.15393222459768968,0.14642367291469857,0.1827138583668937,0.03997406320953278,0.5963830109879179,0.5474506289464525,0.34596376307197657,0.02352168580851517,0.25401371418154095,0.2917037571056861,0.3383245164818774,0.31075030245778007,0.38672865808183754,0.25958949435688367,0.021850536137489808,0.2542244236729147,0.06631405061403063,0.2186020484263908,0.1272857687399526,0.10629085665987173,0.5462656076501102,0.14888035930326984,0.1435333615074827,0.11342045774706239,0.28155778186579167,0.31542886855930646,0.30996647276222666,0.234391587530453,0.12349109199688424,0.5336656971444672,0.45495421700724226,0.5310409022357017,0.07568315683057393,0.035913389350171465,0.15010129435356892,0.08135409933873608,0.10859397736124225,0.10548416447074023,0.05419348182767359,0.07541181491241153,0.14213084406436963,0.4030849284873796,0.5107825784318599,0.3955907704801207,0.19291368766469444,0.05476765441919816,0.05735520144516819,0.09221412353535849,0.6342611826513532,0.24706151079732844,0.1712254097681433,0.34225669136047987,0.10991156631697567,0.3352897048343526,0.3337399857471951,0.17064208886458176,0.24121381693432098,0.1484405774043322,0.29991881701718615,0.46299956081473,0.843301571123154,0.05848313694293906,0.14702742007656738,0.12832901605926506,0.5142352292878571,0.31463956976416585,0.30365427832744984,0.5090699630421452,0.11646880955932312,0.05823436749034617,0.10334196788146968,0.7833088715424518,0.0552850229536452,0.1317579757702315,0.2626887585143937,0.6020063723296708,0.4739325477717562,0.11778057309534462,0.1556383847925885,0.04373590878204807,0.5733003115729461,0.12952030196058936,0.21197359916471925,1.628881105089577,0.20052873763237705,0.03076528447604366,0.09708148129733668,0.14300551881867443,0.16669203168763144,0.27887221365949055,0.3969930227547689,0.10054850925603664,0.13060481612224262,0.1186187623261903,0.5496496213062861,0.3401623493925985,0.19707950082036493,0.09348781053713183,0.14245401813089376,0.2603110591822867,0.06999764662987454,0.6641058187905002,0.3038483982167421,0.0782786506239745,0.09902554732428441,0.11331386002419658,0.036223048111503314,0.03956682245313971,0.19128104542667257,0.31662094167951077
68,0.2339441157460349,0.04650607401514775,0.32580022042128637,0.32559341387825463,0.25100852682344754,0.3938380483600988,0.2946801073932282,0.04068696862725598,0.06200315716203452,0.04347561278774922,0.22018366230795997,0.20112798521685807,0.7991778368882482,0.04006843003695785,0.14288306070700546,0.18838098079185933,0.23842434412237523,0.21196697823961286,0.1612133943220803,0.053196216377467305,0.5728831021395782,0.1477923979515736,0.8629358126584796,0.10781025539037764,0.21571245794593874,0.4372167669334925,1.1751467541722596,0.47735909610699556,0.04004462288072391,0.29216282172392644,0.7659181623825385,0.3874160990404215,0.34038498317837546,0.06939327797941633,0.5850983112083397,0.04738284525762772,0.1269989807587132,0.1504800709325643,0.11239245761447819,0.09553279802449492,0.3086236182237027,0.03422136594905452,0.4805368169840402,0.07065227299093454,0.11359357132203053,0.5180305275195148,0.2288177215399659,0.02208182933094682,0.08033852069142675,0.2889825237408641,0.40040100929746936,0.044674737731815205,0.10250049719087159,0.22019291005817132,0.31803202737864394,0.02414370473491436,0.42032861002005345,0.061122366960009195,0.44533348249059485,0.29105208074379757,0.8783145560914167,0.3236722849235154,0.03693447024312632,0.32486533585243355,0.3691550158272428,0.13987619118646316,0.27288555494787786,0.05959008269941493,0.0,0.5199302855532907,0.17139080031157297,0.20287789820845548,0.19175727970301132,0.11391561842257909,0.16109767314672105,0.2687292464243689,0.1933231160609225,0.11429683952335967,0.336366678267787,0.458675284641774,0.10188278725202603,0.035665639138865425,0.4095718357944282,0.10972892325030242,0.28650538623444205,0.584462793549777,0.13313843451167565,0.25296609158255856,0.12293331841760717,0.24598712275642617,0.17543601153482816,0.16792745985183713,0.13018799615505722,0.028630421452128792,0.5584768971975008,0.5047193771855684,0.36746755000911524,0.03832542799847529,0.2919351745968611,0.3205614610782413,0.2940162747145295,0.25647535590579895,0.33402544788611016,0.22090772966075006,0.03983046619930725,0.308525207577189,0.08795487992840455,0.2401298496826265,0.10513337973781467,0.127883259583354,0.5058904605644774,0.1827032599148147,0.1650648254031389,0.13492424468420092,0.3398406337526309,0.3369497257163692,0.2576106829745272,0.20697068231160604,0.15813286597391402,0.5075798820000333,0.4079564709391936,0.5057997978090456,0.027424833026732306,0.052469547059116,0.17161638409652133,0.13713265052453633,0.16732279288685592,0.04615341652993926,0.07663634631001508,0.048997953230912016,0.16365667313014795,0.35410887651436046,0.4837612323704403,0.34903143074959797,0.17138726196987025,0.06735818459039761,0.030576633686338818,0.10071742985465451,0.6007566333548785,0.2158878751719452,0.19273030709822836,0.30893369959727535,0.05247871194418206,0.3056083710369744,0.3553639602910226,0.22976474585259946,0.3002477419247916,0.20768784699779577,0.35854332189794336,0.418838023500555,0.8100489484413068,0.1009941497207444,0.08849449775435453,0.14990511112215987,0.46863695951208995,0.3361529524851256,0.3251580652645885,0.4665016738759343,0.13797259649646165,0.08034615257130545,0.04567911301148507,0.7617708613003197,0.04720166061751105,0.11020844727290809,0.3077797941629791,0.5794145660352343,0.4316826762127315,0.06277261804139941,0.17717465486666995,0.04835186197981403,0.5517680355988664,0.1872897379804107,0.23792835479540594,1.6072271830822518,0.25852006993818255,0.08831913853394986,0.048405981206185056,0.08408999154775516,0.18819669699530983,0.300376000596629,0.3467526806874493,0.04114303352723775,0.07465453520940026,0.14012294701602607,0.5093567095908119,0.3054284790931238,0.25217756343326864,0.04272737367208605,0.16398390758878997,0.2860991730058502,0.023569780738825655,0.6358044714032385,0.36302241502179367,0.10277655413579938,0.055247559621472035,0.09860082202224102,0.0951785661015264,0.030388082334808348,0.21301213145726644,0.3534866835711563
69,0.7534309567609672,0.4914459387792308,0.19594366827425044,0.21111592005170796,0.268932464906611,0.8489050945491307,0.7602568239447122,0.5256367606357415,0.5445253815939941,0.49190192910058184,0.7401136495467276,0.7069812559041416,0.3167008899716602,0.5599987155902484,0.636991904075308,0.331551127794627,0.29955683720313564,0.7318972637929033,0.36396929846368026,0.5648395565057428,0.10068695205422695,0.3995083610931569,0.37544383400454096,0.4351188369048212,0.3043736140804455,0.09905775700624804,0.6749218001624158,0.057953728102885294,0.5217296607500953,0.2507051823861847,0.2836677024809825,0.13408499477949595,0.19607343509173167,0.5806236513697609,0.09267696680422285,0.48528031621339424,0.43362894645254324,0.40392852881221103,0.6240512272328014,0.5915246689537444,0.2312866305374633,0.5048389515901821,0.05053186993486801,0.4996232784766072,0.4294526259964534,0.04805900826994146,0.7383762077594923,0.5032659971162929,0.6002663700094466,0.808912809294155,0.12607852301165084,0.493093231574935,0.6224238717910472,0.2997458608859941,0.21603276487843692,0.5431613798703989,0.11176840020550569,0.5809726545020635,0.07986921394123207,0.24507983228094604,0.39194286448234145,0.2045445814481513,0.5568064021611231,0.20672429108868223,0.15483368965345792,0.6486554301529692,0.2490409188087307,0.5414360778269446,0.5199302855532907,0.0,0.37010329969008454,0.317543678218068,0.698905003397471,0.6337278377168998,0.6810263345431646,0.27277438306899354,0.34506829745272555,0.4058275824922522,0.18513862510150988,0.06660863620543926,0.4202213162299674,0.4847225260610881,0.12834452841445837,0.6284691493064186,0.23342489931884858,0.09829488390593151,0.41107191865957343,0.27104235237574376,0.39701247949087654,0.28099129087323294,0.6953662970881189,0.6878577454051277,0.3965113608114157,0.5395950628946453,0.08206748537430188,0.04622882381212813,0.8873978355624055,0.5477140572432423,0.7906934321085864,0.8321063242678864,0.23349932050580877,0.2805934470243126,0.19020015247186728,0.2993906428677971,0.5383410563648717,0.7945209068761497,0.6077481231044598,0.7600364855234593,0.4215837435158024,0.6477249291503009,0.047986161520741144,0.6903086312335306,0.684967433997912,0.6548545302374914,0.7860163492931604,0.8568629410497357,0.2737730737996984,0.3129675085765426,0.6649251644873134,0.041473408574885226,0.1183169426076004,0.043592245479706346,0.5444130578895903,0.5700693332670412,0.6915353668439982,0.6214043736223671,0.6369116740416646,0.5034910837103697,0.5956275543181023,0.5677439798471967,0.6835649165547988,0.17389426407464503,0.046994472894811054,0.1727547357430518,0.35193994762922814,0.4955561245628864,0.5504235237574373,0.6206357662539982,0.12377462337791476,0.30408332919007613,0.7126594822585725,0.21215618422579088,0.4973492848737964,0.21504216178590965,0.8751482706044182,0.6717869951441028,0.739077594922024,0.6416587033262071,0.8012277134191818,0.10500185617925392,0.3249718589966687,0.599917209433368,0.4664128175806693,0.6697630885496942,0.08172520260528032,0.8560736422545948,0.845088350817879,0.0594352077429192,0.6579028820497524,0.5996695172276637,0.5261099371882199,0.24606686388571244,0.5654463033858699,0.4192749796980394,0.7998050928918281,0.08034282967898042,0.09438107194351913,0.5026330482772337,0.6970724572830176,0.5681675284641776,0.05492169243772687,0.6039491042277798,0.7533957722202889,1.0974656938298613,0.6637058618803763,0.549242695437445,0.5341412022075274,0.4563755862709027,0.7081261041780608,0.8203062861499197,0.18884945889060153,0.5009906859576724,0.4870872652844762,0.6600528348166196,0.04921463729925921,0.21622400934718836,0.7199583768375345,0.48116815823928133,0.6838880906213232,0.8017451316727159,0.5414636056282006,0.14497602711347551,0.7874344453835829,0.619713800361292,0.46468557649281567,0.4728989791014103,0.542112663451499,0.5129566946750858,0.7327151179171019,0.8580550141699399
70,0.38524310147665686,0.1504134722153168,0.17416345978554507,0.15927566747874514,0.10117650275940938,0.5626661943353386,0.46296861896948904,0.15867181259218752,0.232399807752863,0.15174914234574666,0.3871742239679147,0.36844132319063966,0.6468636868360431,0.19552497555478215,0.312926937801422,0.03855421037803081,0.07067642818077864,0.36179868741609916,0.04243737052321062,0.21642832993586242,0.4201661446162517,0.03603874774192486,0.7131037885944415,0.07200196390394271,0.06585721506819803,0.2765309998508428,1.0253194037024145,0.3222623179038433,0.15803220139544907,0.12300541938050015,0.6133589138036756,0.23758407497638337,0.17486453206052469,0.23917863239364265,0.4352662871443012,0.1315658529309402,0.0713332670412171,0.04125669136048001,0.2830096620759377,0.26631105918228676,0.14125837352292875,0.2044618820331793,0.32343809973648885,0.1424436102686488,0.07638104708397557,0.3660361209168199,0.3936537065579477,0.1505905301711994,0.23429623460779936,0.43881454780490226,0.24404468088632558,0.1499750493047614,0.2534903462105769,0.07036178093770203,0.15558869056497454,0.1733812873928967,0.2587152670743631,0.21158850826165493,0.292565977228658,0.12574747675632672,0.7259051276951889,0.16592001027527803,0.18768493843119696,0.1638164039841562,0.21527779711297837,0.3104392184159499,0.1230535308838397,0.2276080892954806,0.17139080031157297,0.37010329969008454,0.0,0.05256238916786817,0.36052707204295725,0.26764072987619947,0.31092401266179415,0.10018874194136469,0.025038001955617402,0.07114767397537253,0.1864583022589039,0.3088469232171564,0.07680090820199212,0.15975073335653564,0.24350457415601845,0.2796497787500622,0.1366785329554683,0.43463076948573887,0.04332314920698055,0.09909813719153451,0.0963589055171614,0.09415135318782215,0.33462394139776935,0.3332718391090339,0.05430071761215796,0.19476152239844882,0.4049408840053697,0.34797073203069334,0.5199789853991614,0.2090705928172493,0.4607288652447008,0.4840170287873516,0.13660470839755393,0.08952223271847395,0.17991227895722509,0.07107399857471955,0.20868048857289653,0.47848719733505696,0.23972382704386885,0.39086367854952847,0.1337708695868344,0.28424568686918905,0.3557009396907473,0.3532725020301961,0.3188204975223321,0.2850713717496146,0.5081543694791097,0.495742488274582,0.09634424667296447,0.05714369644839985,0.3286936061253916,0.35775067535093397,0.25283365650739986,0.35597203301347385,0.18330418966174447,0.22271859825320278,0.32196346475745374,0.30465986343824064,0.33475863869139366,0.13529582028207307,0.2386736439118978,0.20410595137473275,0.3158713352889508,0.1962812277299922,0.33393141251926617,0.19795533568670345,0.09449584016970787,0.22428971312086718,0.18651795687697836,0.25068888281211166,0.45092560367258333,0.06605585110790703,0.3465990072755598,0.1591067137340692,0.1309842141898275,0.15578138517376822,0.5152387427700162,0.39645651237176605,0.46684699779578726,0.37192791561013605,0.5262543462768692,0.26595855085433967,0.6598864084588741,0.27140959412651855,0.09678151775800067,0.301327864233746,0.3079296143456139,0.4869385223487298,0.48124494936939627,0.31287513879911827,0.28780462056049977,0.24747243076617115,0.15869567775402316,0.6119438754371138,0.21012513465586108,0.15726591425114772,0.47828687084638466,0.42958254197119616,0.2802111983957309,0.14322031356170975,0.3277425877127563,0.20249665224813143,0.40194104973566036,0.3444596198147136,0.40112931105918237,1.457395159018214,0.41376106664014983,0.25133671423126014,0.16404294071827508,0.09023489782727584,0.3430501168398547,0.4502829513250138,0.18294009678648968,0.1358287343177713,0.11730735511029353,0.3081942690465538,0.3572915361540628,0.15559645502908576,0.42222119193224955,0.1410899169691245,0.32293280465370666,0.4504696879298631,0.17358049520210808,0.4859780490230201,0.5256100200533652,0.2669399890618009,0.12921776960175013,0.23216754503720655,0.26200788876182907,0.1893508013059548,0.36610839589651806,0.523857795124215
71,0.4362274068181443,0.18600481446493983,0.12639490213626353,0.1297910886822784,0.049820248926896335,0.5840797079832282,0.48454257611163587,0.20810479954921351,0.25913780473657166,0.18099906362385854,0.42261496710253726,0.40350857654253475,0.5965958169674672,0.2424578050680322,0.3438229751901756,0.03886094399973483,0.048773148378329065,0.4143563532706873,0.06801994564046486,0.25572676047001114,0.37020789207643484,0.08337214736737428,0.660571943519117,0.11862076766270573,0.023955095377782103,0.23548502626825096,0.9728020600275112,0.2747548020351681,0.20419228028306724,0.10125121397437799,0.5633048360098775,0.18503247485042837,0.14225258953578937,0.2712568902368286,0.3827287575200119,0.1681909710137721,0.11790710817216063,0.08845500422612235,0.31174358209449937,0.2952218631399261,0.11410029997182575,0.22994135633669768,0.27819266974925005,0.1868032118530304,0.11686027279205827,0.3153409154941249,0.43149881502842274,0.18593195114271036,0.28272751454283296,0.4913718987719385,0.1980726727323953,0.18466046006728654,0.30488286183065677,0.028437436815326813,0.11880478629079043,0.22563026400835284,0.21881366114784795,0.2634391521238337,0.24263994265731934,0.09690957755348933,0.6758244501897612,0.12523269361441183,0.23926618770612698,0.1273674903462105,0.16773574305175762,0.3395614445052122,0.07051724423672914,0.24890224398813376,0.20287789820845548,0.317543678218068,0.05256238916786817,0.0,0.393769966356751,0.3162740681814415,0.36348542402094824,0.07855669633238868,0.04625318616483533,0.09091033162631139,0.13409815376456358,0.25631134921029514,0.10875700624803197,0.1873683604302359,0.2118068662059364,0.31136217040388464,0.08412393311125478,0.3820950131755581,0.09353233397968146,0.05222319726876482,0.10025015330051873,0.05682113558395059,0.37782682841943016,0.37031683488291145,0.08254997596910787,0.2222148776081804,0.35579013573310786,0.30220535640298984,0.5698569250401895,0.23674158504449852,0.49354334675748684,0.5232770264671275,0.0916277946270241,0.06952884535706584,0.1453806327582492,0.037913704237723465,0.2335461973184839,0.5025201942359004,0.290323140920466,0.44250195561742817,0.15304984338487548,0.3302146455857738,0.3035360049056167,0.38167353618720895,0.367426954374451,0.33731361971527524,0.5283881651999537,0.5393376920399742,0.06633425313644571,0.03335886408458877,0.3573929216592917,0.3051979151129453,0.20658820994713203,0.3034120469348184,0.22906802399774617,0.2548837982067983,0.37400552710518903,0.32611078241270147,0.35510456752680697,0.18600491390311422,0.279041946336532,0.2502123999403371,0.3660308009744941,0.1544216675781832,0.28137185733936587,0.14865320936707602,0.09832644723976211,0.23826535076815997,0.23288675649248416,0.30309485573178196,0.39839231674373116,0.03010513929630919,0.39511857173635617,0.10656762624504877,0.1799123038167686,0.10321987437643977,0.5577222608926234,0.41515932481479645,0.4848590629609374,0.38826963489617017,0.5453558892258739,0.21638459371219274,0.6075355740068612,0.2977706375644277,0.1489696050647177,0.3522754271698239,0.26680511775137145,0.5385335935298895,0.5275474402956627,0.26389361772651176,0.34036197152753606,0.2830117668506272,0.20871810106233124,0.5593868890767166,0.2497746150914002,0.16568085317953565,0.5067595999270788,0.3770505974576975,0.22999987570228217,0.1899903793566351,0.37954417540893953,0.2506507316992327,0.3493825386565903,0.35706914267720724,0.4406397106349128,1.4048582425959995,0.4243226603026236,0.2709089974974727,0.21660029168531128,0.1388346757486865,0.39058519365584443,0.5027670660766668,0.14858054492119527,0.183449692570311,0.16954635476225985,0.342612837468304,0.30665463464757464,0.1040479540595635,0.44580380019556176,0.17287029118812047,0.3663593115563732,0.48881613052917683,0.2239240540943668,0.4334255870995543,0.5397685410762525,0.30534473557732134,0.15269440991730063,0.23834865509869246,0.28134544821757085,0.20959033129485086,0.4152825618588309,0.5531716551484114
72,0.05481783755116923,0.21203220968196357,0.5113479341719287,0.5170001242977179,0.4300087837053979,0.2199915394686687,0.12719924924178388,0.21602874591889162,0.15438346674621722,0.21373677886607334,0.04220778435174597,0.012639056000265162,0.9881738345017319,0.16644274018462354,0.061918419264488975,0.36897377318152436,0.4294668953744676,0.06298432191451636,0.34749870730373394,0.15383244667627902,0.7629148312036991,0.33604436599877346,1.0498576956860404,0.29560961401415325,0.40211824027577525,0.6289019208140673,1.3577373754951192,0.6684193307810867,0.2079041415999602,0.48301166741245305,0.9549245678582674,0.5735213626344488,0.5319722733223953,0.12254239380831636,0.7675746946419397,0.23110933227265948,0.31003467077677777,0.3378757602877077,0.08256886922222777,0.10739109033958136,0.4999174994613766,0.19554516150416815,0.6718665291105256,0.22986771408210277,0.295801189943486,0.70815103830027,0.04075526607998145,0.21370427086958685,0.12839529160244617,0.11000951291867618,0.5918019357297932,0.21077090273289242,0.1255594225956678,0.39916762790235166,0.5097432672069474,0.19369120303617893,0.6120420706342499,0.1545985680902898,0.6361624902633453,0.4824715026765442,1.0665889640199535,0.5153702166094898,0.18048273090372727,0.5164872636271731,0.5604191153317091,0.05522098476938629,0.4519743946701139,0.1582337874343293,0.19175727970301132,0.698905003397471,0.36052707204295725,0.393769966356751,0.0,0.09836628051508974,0.08856694675085766,0.4594057326107493,0.38368774755962154,0.3052448250716783,0.5259462288072391,0.6380815807355109,0.28624536369512255,0.214188543065016,0.601105230447969,0.08307602048426393,0.47493917698337723,0.7691533999569099,0.3200959495516995,0.4445327317323786,0.3075315633338306,0.4369954838495832,0.03078108685924526,0.035984214189827474,0.32188778402028545,0.17212511808283204,0.7485108470475148,0.6958513730754571,0.18850217935332036,0.15768646314986987,0.10039826646116112,0.13372098476938632,0.4852725351762543,0.44720331792041634,0.5256301231376059,0.40937700326488663,0.16415258787848652,0.13017864068015708,0.12445333863670259,0.0654370224896004,0.28410809758199507,0.08107992343260566,0.6958774755962148,0.02263482159134225,0.04376676776214389,0.09443637614146734,0.16758951092991267,0.15796158371865623,0.44894873133462604,0.38685567377649605,0.03871019572747311,0.6901819055668806,0.5994080114022441,0.6880040189595452,0.19001139395747363,0.13983059878353968,0.0639782644723976,0.08049428230497689,0.06470940022207858,0.2296038963191303,0.12382099471320374,0.16491567642818078,0.07422157311191764,0.5458119789853991,0.6667782280117337,0.5390852185153878,0.35036197981405065,0.21117648618638024,0.17559740797825618,0.13972731566648436,0.786323439234989,0.3948625930161255,0.0522915112945193,0.49401937387096234,0.23202505013341285,0.48976491158288993,0.1763281376887255,0.06908244253302173,0.13174920035134824,0.08296972936243555,0.18637493163625515,0.6100863289083345,0.9980288204975223,0.10183668108520193,0.2718132716816653,0.06547292795704274,0.6602997563764729,0.1571716551484115,0.14618701005982865,0.6575661843915211,0.10489461210825501,0.11326941116027775,0.2190280001325842,0.9407455791445001,0.15486681085201942,0.2891831651170884,0.12167685079301944,0.7600408359435854,0.6190716369180794,0.2339547804902302,0.05236359568438318,0.1602634200102753,0.7307427534430468,0.12212817580669222,0.054500911516597875,1.7862935497770924,0.11875263096836208,0.14966517509405197,0.20764031555047313,0.2710779015230613,0.03315911765193324,0.12140156449394253,0.5383928056480882,0.22628729345862544,0.24991840269145993,0.05283324218167353,0.6997209267637845,0.484403743847263,0.07237971295513677,0.22182116873000876,0.03912503521768669,0.10284874625035222,0.18891972853378414,0.8196677190540116,0.20182271830822518,0.09576612141401082,0.24226825104824404,0.27056778368882484,0.1638997331742323,0.19011145362037823,0.060885836689371683,0.16891634763585742
73,0.12045712557384115,0.14229898573062197,0.43778799781236016,0.42640250087008413,0.36487470790036286,0.3158630156283664,0.22006204113425806,0.11847777556804052,0.08924947380632758,0.14191142544622878,0.1258677555146754,0.10317741427600721,0.9106059099421598,0.07391507151262036,0.058209077048012065,0.30222919670528187,0.3379917632045609,0.09816942607600396,0.26987385438936684,0.07143911897777558,0.683987089610368,0.2409871227564262,0.9767973201412022,0.20122632957125572,0.32961057524983833,0.5426603854886559,1.2889902964914894,0.5860221747128722,0.1125354745686869,0.3905341321533336,0.8770914582608264,0.5012828933194119,0.44214620726230136,0.05317036245214537,0.6989564875122227,0.1485870332620693,0.21261487595087758,0.24190592320058332,0.04178879331775466,0.056266991498036115,0.4088155256136164,0.13036799582359668,0.5878027560947314,0.14051316727158222,0.2068766800908202,0.6298443046785659,0.12672478827955386,0.13071910373058887,0.036302780954275006,0.17518497157725518,0.5082554235237575,0.1407036825270555,0.02749135716534911,0.3339939591309103,0.42181777954556754,0.0968352889507616,0.5251819469994532,0.057674373125176134,0.5563887121099125,0.3924783804836009,0.9900833374765904,0.42972076932000863,0.08237469132733387,0.42831710833789083,0.4789528497323456,0.059296209748255675,0.3867440129932548,0.09229926747211584,0.11391561842257909,0.6337278377168998,0.26764072987619947,0.3162740681814415,0.09836628051508974,0.0,0.04730156283663968,0.36691757404000724,0.29144816785163835,0.2280233762574786,0.4501557284674921,0.5725323008336234,0.21356736107658394,0.1490415900164073,0.5109284293740366,0.0337736787152588,0.40033157659225377,0.6983232900777278,0.22512481976830911,0.36276183728600075,0.2368166525795919,0.35300416811680674,0.07310745952037655,0.07639701519746764,0.23741440859145838,0.09426247534761929,0.6688292149356139,0.6121247286166492,0.2536699978455062,0.08608237624090556,0.19643476027113474,0.21668947944115746,0.4012580503488623,0.3551857505096207,0.44365203268201336,0.3348012562356022,0.09547228160890965,0.2266644293077446,0.028293060872735757,0.12675666650093637,0.2189309319014236,0.02297291138401363,0.6193911400586685,0.09868924741875063,0.05713054574984674,0.02112669252059199,0.2628530552379058,0.23060914168282529,0.36030697393062516,0.32080501002668255,0.07500796334045973,0.6214083097167671,0.5165100018230332,0.6195973499726546,0.09671916173619054,0.06370083196605843,0.057820886988514855,0.06915620908533451,0.09484916057607848,0.1338603142246308,0.038312882215482506,0.06969883491605763,0.050021984123038175,0.46001103763734896,0.5975856825602016,0.461613748984902,0.28518560963887374,0.14601695420872074,0.08344745521138905,0.061079973151692925,0.714626394206069,0.32973408574885227,0.07929020202522415,0.4228031289878852,0.13755129352491752,0.4194672102620196,0.24831313909743288,0.15760586850958747,0.22574547141981136,0.13896430998193537,0.2818285022953645,0.5296593579608545,0.923565190009778,0.03679531480468688,0.17554054591557702,0.03690770480120648,0.5740904058734814,0.2223458045376954,0.21384419695387727,0.5767010888480089,0.02570682311606092,0.03472742339117318,0.12081853361838946,0.8755884502560533,0.06860131092659803,0.22402958285685873,0.2199295729130413,0.6932820232353868,0.543840774623378,0.1420963141583387,0.0633555577652928,0.06576951059845208,0.6655769237143473,0.13139584679891944,0.13387880972505345,1.7210884916886262,0.19815011849715775,0.08464147566250683,0.11062800178988715,0.178395241883359,0.075641840269146,0.1865784484330201,0.4494801289381661,0.1332363976864051,0.15304130827491344,0.05167912958451415,0.6210294502726265,0.4192665191667082,0.16976410779098094,0.15260311738676471,0.06008607202638424,0.18375244037852798,0.0943373522928786,0.7495980460398748,0.29347997149439015,0.02508773761580403,0.16910974659838576,0.20539403205223813,0.09874586917250869,0.12081572448996497,0.10031799499494524,0.26397829761845565
74,0.07714704420026848,0.1895803957639338,0.48508649463862513,0.4699305838678135,0.4121005154212036,0.3031236596562754,0.20963472215316797,0.15539147980576412,0.1365009529491705,0.18912488606042532,0.11047900197219047,0.08798619466679924,0.9577867216891232,0.12103103299690084,0.06788935017153086,0.34947702978173323,0.3814758116640979,0.050899782893319416,0.31716829082351394,0.11620303617892241,0.7310901572780456,0.28152657485208576,1.0240278012562356,0.24591535325411423,0.3767745653723131,0.5873619052354201,1.3362424385554945,0.6331853527569236,0.1593002867134026,0.4313571819221399,0.9242829264654701,0.5485080876381776,0.4850025025273869,0.10040390957755349,0.7461902998060955,0.19574825568869222,0.24739831618024818,0.2778375926017999,0.0630000994381743,0.08951545434959149,0.4506994315451036,0.17766243225774375,0.6343608528480751,0.18140640381842585,0.25157984056746047,0.6769591557698998,0.10071366777705962,0.17777646298413965,0.08076082633122857,0.130492583569499,0.5549543081589022,0.18794670942508152,0.05860256219029153,0.38128489865592735,0.4664209880839921,0.1378681366943435,0.5692637017517691,0.10005841992741009,0.603484553936923,0.43661626808531795,1.0368223785611295,0.47684304512835823,0.12422773827872521,0.4747269096272725,0.5262018097747726,0.06841401083876102,0.43397754354563384,0.13959226205273534,0.16109767314672105,0.6810263345431646,0.31092401266179415,0.36348542402094824,0.08856694675085766,0.04730156283663968,0.0,0.4082686239413978,0.33596002585392526,0.2752054309816205,0.49738231492069795,0.6197699580702367,0.2608150449957739,0.1963058138185917,0.5530371484446213,0.05767157228326619,0.4476014352243159,0.745554782147533,0.26995441588359104,0.4100221498533287,0.2840273620709657,0.40003751305126034,0.06182210510615026,0.06479118812045279,0.28451891811266333,0.14143392333316762,0.7158648966671639,0.6588929713783787,0.2241272642900943,0.1333149289845705,0.17375506720363282,0.1855881022224432,0.44752701403735573,0.40043545633835503,0.49083629161901915,0.38199595618091114,0.14269750907373344,0.21202212499378517,0.07327877492169249,0.09651537977096074,0.26622536833557064,0.035294494439748726,0.6666239745438276,0.08884157012877242,0.057908036261787546,0.02797722037156732,0.250700384494274,0.20933025074992961,0.4072682593347587,0.36806673130147993,0.07697736952882879,0.668673710204014,0.5637566913604798,0.6668950678665542,0.13661949153946867,0.11097393891181494,0.026366454531894828,0.07776336200467358,0.08980691592502363,0.17753859858466342,0.08542241336449065,0.1133041150831137,0.01730261522398447,0.5072042625830724,0.644854447372346,0.5088783705397834,0.3324792505676263,0.19329496677107677,0.13060319196539544,0.0641397520674854,0.7618486385256635,0.37697986376970116,0.05264375445400157,0.4700297485871493,0.18368512073451662,0.4667044200268483,0.22173628167520196,0.1536845241054707,0.2146514691990255,0.14465313478844524,0.2694872636271732,0.5768825635161338,0.9708094433119542,0.08110935713220302,0.21461958269112844,0.040764513830192785,0.6186753675069191,0.18378058138185918,0.1852047432009148,0.6237940635409934,0.02317424882745818,0.08136586618936346,0.15491798836573362,0.9228669102901937,0.11558223537015862,0.27130449626278197,0.2028919687101211,0.7405065546329903,0.5911352110575248,0.17839799300618173,0.03972167255009198,0.11287234624372297,0.7128640845887405,0.138007888761829,0.10419802283763406,1.7683191716800077,0.19291681996718543,0.13178639022854205,0.14716679096438456,0.22465416231624658,0.05628384626858253,0.14019173337310864,0.49381286564245336,0.18003573145063725,0.19395963638774255,0.053659357960854526,0.6682116044349423,0.4665204676908799,0.1550420043421336,0.19986072855035716,0.057789066772734064,0.15712679195876628,0.139563441555213,0.7968977692702894,0.2839158753045294,0.0613244833358193,0.2163436086113459,0.25268505444240047,0.14602260561162764,0.16807621936061257,0.07070762690796999,0.24517907986542703
75,0.4817995160675517,0.24912398283034196,0.08311104758116641,0.06242483302673231,0.07531535988332587,0.6583852566333549,0.5586133512322048,0.2562852052569648,0.32977700160758383,0.24954086080312904,0.48622864150880857,0.46754406768425066,0.5498945043835662,0.2949882497224016,0.4113817265781667,0.10019761679842225,0.031464716021147206,0.45914329869570264,0.11413823563532713,0.31480076733124507,0.32320582873431775,0.12730342730240804,0.6157779214106961,0.16603122358673494,0.07846048161222426,0.18014107790980957,0.928036261787567,0.2252577520343393,0.25727560118662884,0.02438473458293973,0.5162872934586252,0.14031434064203904,0.07866674124529738,0.33748003778650626,0.3379446958020517,0.22903350237822975,0.16163087721042774,0.1312533353220968,0.3806837120270472,0.36389084174414554,0.043819992044946035,0.301054889872222,0.22635196141798827,0.2410523459122624,0.16983634962462088,0.2691002833987967,0.49284536535242557,0.24715183380566472,0.3337703806824774,0.5362921907887106,0.14728582674555427,0.2489720081539303,0.3518641757404,0.0739066275543181,0.0591762293044299,0.27195362866471107,0.16300014915726146,0.31040821856510703,0.19551888496660533,0.030072631299822655,0.6292589701519749,0.0688249225210892,0.2868466994812642,0.06712077594922022,0.11817874840484595,0.40843387361408034,0.06643274664810488,0.32236825270554703,0.2687292464243689,0.27277438306899354,0.10018874194136469,0.07855669633238868,0.4594057326107493,0.36691757404000724,0.4082686239413978,0.0,0.07677164851919992,0.15889560648999815,0.08919166708099235,0.21152077429191732,0.17321380036129205,0.25683811465221495,0.14615754321417324,0.3779750161587033,0.046924518139180284,0.3372869371385008,0.14223619881005656,0.03223760751752598,0.1767416016175277,0.047467574868658755,0.43408999983426977,0.432119607550672,0.14023214670445314,0.2913140589005453,0.30800169873547795,0.2507711016092411,0.6195588673991944,0.30608777076186217,0.5596829496677107,0.5831781103432274,0.04196019158421585,0.013452998889607071,0.08873101145196308,0.07882052238187574,0.3051263942060691,0.5752071214305838,0.33880814232917345,0.4890411839771955,0.22561287061436217,0.38373566018661215,0.2584709309070419,0.4511712159631415,0.41848316180248263,0.3838303584746184,0.6034327549346193,0.5952364722650357,0.014525613616400672,0.08927913952833155,0.42667168829446966,0.2604154444057741,0.15549864101161773,0.25864981189612024,0.2810347039228359,0.3200823679543911,0.4206242231392631,0.4001170387311689,0.4298905848621953,0.23353630322013968,0.3378823232072127,0.3033288503289748,0.4141235519315864,0.0990324251313412,0.23662022903926144,0.1006243142909228,0.17208440643696452,0.31565537214736744,0.2856661114701934,0.34804633818923075,0.3536069126104177,0.07786038051674703,0.44597426208588153,0.061805109464856886,0.22996541208836743,0.058505667975935934,0.6144773695288289,0.4909071413182188,0.5610081456437793,0.4650624306004408,0.6210048144649398,0.16867482888347501,0.5625507466149587,0.36881888993851397,0.19411126303054407,0.40042830507631894,0.21155608313031377,0.5856875321102437,0.5805569615008535,0.21590279089809242,0.3851492318401034,0.34634724639122283,0.25357743747824785,0.5146049984255622,0.30930608727357095,0.24338158570741975,0.5763380400735842,0.3322558792820564,0.18287346492318396,0.24117948590463878,0.4266248943469397,0.3017492500704354,0.30460217272410883,0.43501001839606235,0.5002988282868459,1.3600519067269927,0.5026898937668839,0.34567055304197963,0.2613875519978786,0.18974434445383584,0.4423175640961897,0.5475526359402709,0.0865922537662209,0.23466198478595926,0.21602253931951143,0.4069716352607767,0.2602114967102538,0.058256931669401206,0.5189174663153183,0.238151460912511,0.42229934205074665,0.5496627554318102,0.27317897214073816,0.3886632360496528,0.6173999983426972,0.3658090041266843,0.2238763403437246,0.3167479076550821,0.356771665092229,0.2830206417076849,0.4638048691559356,0.6221296342332485
76,0.4100066374981356,0.1733396227978588,0.14912716485192007,0.13503681698404016,0.08961346724340809,0.5846073766552313,0.48485910439351,0.18271869769137702,0.25487444273189813,0.1743879166045178,0.41035525116425525,0.3917568239447124,0.6218268284194303,0.219041507151262,0.3358736720860473,0.029704759773943927,0.0471972853378412,0.3868308225194319,0.0386708347834735,0.23929155272709196,0.39513629659092786,0.05454444057740437,0.6880789124778336,0.090597830590497,0.04083996254495431,0.2518218896567725,1.000282545285802,0.29722580752084066,0.18169861946667992,0.09948810885165474,0.5883270935878951,0.21255225476060255,0.15086729975637642,0.2618815774209053,0.41023854389366743,0.15313301513117553,0.08953724788279553,0.058963000712640254,0.30552778468320646,0.2885223818757355,0.11738389764497249,0.22632618207129723,0.2984516730472829,0.16646575183546303,0.09532882546943111,0.34100251081390154,0.4171574603490281,0.17159318185584777,0.257911491738345,0.463846368020683,0.21902338454399314,0.17319719418618143,0.2780232685327897,0.05294306335869013,0.13088506604352082,0.19812119027494648,0.2347863819420275,0.23610873564361357,0.2675487247054143,0.10116408956064893,0.7008987802250616,0.14088807404829384,0.21183049934536535,0.13879988067419072,0.19039680803460454,0.3331917002270504,0.09802703061038472,0.24854562554898157,0.1933231160609225,0.34506829745272555,0.025038001955617402,0.04625318616483533,0.38368774755962154,0.29144816785163835,0.33596002585392526,0.07677164851919992,0.0,0.08510470011103935,0.16142648204312302,0.2838198428876847,0.09761051724423678,0.18180462884701443,0.21949259185601344,0.30246053133131146,0.11237052321052726,0.40960479954921364,0.06756821458758022,0.07406631697575367,0.10820583702083231,0.09368255191501347,0.3579386632194765,0.35627535259119314,0.06597618455725154,0.21663830192744332,0.3799140025522465,0.32293650872569996,0.5438903694128173,0.23107007905334864,0.4839382654667793,0.5076210991232869,0.1116250766502595,0.0646113458956893,0.15488846351447658,0.046051707850643844,0.23070070766834055,0.5007954888214919,0.26387099554185534,0.41543480170370745,0.1516713154013159,0.3076802648370043,0.33066408127413455,0.3759906942441871,0.3423968908997497,0.3098548119789853,0.5299374119557833,0.5191626311340924,0.07141819552859681,0.03297173469895093,0.35144883905931484,0.33271603772021424,0.22780128938166028,0.33093595352922667,0.20690913836821964,0.24458917946933167,0.3465932398614497,0.32638269610036613,0.3564533469232171,0.15876601368932214,0.2621396277697675,0.22786138318500476,0.34026414922355364,0.17124436931337944,0.30889738809062145,0.17291907389913652,0.10249290674356558,0.2444352740350354,0.20980346044846612,0.27558869885148907,0.42590210311738685,0.041024743532375466,0.3704758199506124,0.1340765673942227,0.1550083113740699,0.13074452675715537,0.5388001375561414,0.41790537629062463,0.48823298364242035,0.392924402127977,0.5478452244816786,0.24093644243358364,0.6348495500422612,0.2939367987537082,0.12172034670776785,0.32558177961185986,0.2832545948723048,0.5114395747360745,0.5050063474701271,0.2878700674522282,0.3128364407762807,0.2705160344056083,0.18134399807752868,0.5869070170205007,0.23355964633156,0.17360776612141407,0.5010903810139381,0.4045603838313528,0.25517937817995,0.16754696796433485,0.35232024064038187,0.2259948209284211,0.37690419131904734,0.36453404928818844,0.4247236696000929,1.4323680289696548,0.43332920664909935,0.27255526276537567,0.18907476093405584,0.11351184971577251,0.36689272278294294,0.4752824872802001,0.15831653656838865,0.15862675881270813,0.14206754337990354,0.3312345415071511,0.3322621521735527,0.13056463481330488,0.4445224067352791,0.16256095560085523,0.34633718656258816,0.4739610450952121,0.1971273554417541,0.4609535375130511,0.5461799168033942,0.2900353336979401,0.14959480601269498,0.2496372743996421,0.2835824259599928,0.20953650209648828,0.39058034604484665,0.5467453305490645
77,0.34809284210875224,0.09738683107111487,0.21318884137953886,0.2141829662407399,0.14003878917449739,0.4996826264936442,0.39990830143025236,0.11982316578000962,0.17174284459470657,0.09267573211355838,0.33430328643166113,0.314904895672782,0.6849193473541159,0.15418187242082235,0.25552002850560995,0.07427792969721071,0.12823269361441192,0.32608010573592544,0.05916100697724526,0.1672163691807951,0.45867201146853603,0.04604914731765524,0.7488298281376886,0.029380417308871455,0.10160562820066626,0.3237583735229287,1.0610393775170284,0.3633753045294089,0.11591909875868014,0.18216966638492527,0.6516639155438437,0.27331175524950685,0.22838448598750394,0.18271502676544193,0.47098984073319083,0.07978858615489154,0.0394315202439549,0.04899496179916801,0.22345835197799102,0.20708859112680017,0.19755417723197266,0.1427664031555047,0.3667576194501068,0.09859512918676142,0.02914341470690596,0.4038105039858134,0.34289629427070384,0.09745203765392205,0.19444593049271616,0.40309596612472864,0.28658785362700745,0.09605553622035494,0.2166058022174713,0.10614450024030889,0.205456777540231,0.1373624189993205,0.3071903412386683,0.17517197003596346,0.3312355027428363,0.1797949501980477,0.7640521056033412,0.21131976002253933,0.15098955899169694,0.21286714231260057,0.2559563880740484,0.2513954241866786,0.15877839374202424,0.16362959280067613,0.11429683952335967,0.4058275824922522,0.07114767397537253,0.09091033162631139,0.3052448250716783,0.2280233762574786,0.2752054309816205,0.15889560648999815,0.08510470011103935,0.0,0.2221939375859726,0.3445782329836425,0.020199779578713564,0.09942489931884849,0.29769008435671784,0.22269537943950019,0.17243496743399786,0.47035757138832246,0.04534427153250803,0.13961313578282697,0.03998375014501405,0.14299058651949823,0.28954945391869275,0.2820409022357016,0.019152811614378804,0.13403220139544908,0.44428657253186166,0.3908140091814581,0.4815809923929796,0.14860443494257441,0.4051309020699712,0.4347230646845324,0.18019373870962394,0.1471373324052438,0.2231376638658248,0.10681845075324417,0.1465559008269941,0.4165122640414989,0.20205808018031454,0.35421927774739387,0.0668397719551202,0.24193889524188322,0.3916296673793069,0.2937567907986543,0.2791570045907292,0.24903768706806542,0.4448938331758896,0.4510469928238785,0.14662677538573718,0.0928643994762922,0.2693732743333499,0.3934706491655481,0.2947653176221018,0.39169431047912634,0.14097739438837234,0.1662266858913804,0.285718523674572,0.24139813387692863,0.2713867150599114,0.09772747311026041,0.19088313528563608,0.16194495268400205,0.277750377036411,0.24132084555594221,0.3696513863338803,0.23609308241767324,0.05727476424866171,0.16048289663401777,0.14462603788594444,0.2148189230845722,0.4866577089444637,0.10177481396774882,0.30683837982067985,0.1948375097366545,0.09176869023351397,0.1915122474684698,0.46954137456702966,0.33281345398498474,0.4031738593612754,0.3081193423822071,0.46275288785031243,0.30495685211886164,0.6958526740582375,0.21056207428031623,0.060712714827889064,0.26400194733091376,0.3551350287542055,0.45025699796151747,0.43926999950280915,0.35252343426308025,0.25208603888032616,0.19454332189794332,0.12038906843003688,0.6476638492517278,0.161452824872802,0.09214450852682343,0.41899249241783915,0.4653137854455659,0.3182776479557168,0.1018779893601153,0.29126900512106596,0.16235219344039512,0.43766102355027425,0.2812233795720844,0.3521413182187308,1.4931216294602163,0.3510988829778417,0.18747817332073777,0.1283243590381014,0.05055513018114321,0.3023058303916206,0.4144909511261374,0.2345757470292846,0.09517375992310118,0.08127042211505003,0.2542647789986576,0.39518436666169465,0.19134463613914715,0.360187474104642,0.08421112381710004,0.2780791527867549,0.40027680273123517,0.13564242032516288,0.5217094416546514,0.4619085251661446,0.21690673527900695,0.06521008800278426,0.17112368451581894,0.19848718904854237,0.12444411574603491,0.3271842092179187,0.46515744377599877
78,0.5701978156747709,0.3186068546048162,0.04362033676395042,0.03720756061585375,0.1148558063607285,0.7116498284691493,0.6125096537894231,0.34199083511493383,0.38910856162680857,0.3124841644707403,0.5564729776761297,0.5358776164669617,0.4630316296259468,0.3763587563598998,0.47524700442499873,0.1580146174116243,0.11591018246904981,0.5482569896750029,0.1861318053000548,0.3890303037836225,0.23706603523425976,0.21585980046073008,0.5266706276206102,0.25152559704337163,0.1267916935978388,0.10585376787815505,0.8388725865526439,0.14319595120900253,0.33808608859941336,0.06604208720727882,0.4297850975322759,0.051361076583967206,0.036820340078556106,0.40347055801388815,0.2488316180248263,0.30185106647441945,0.250045285801886,0.22027128391256065,0.4434150963721638,0.4259474386383599,0.04688527320638387,0.3598475944248331,0.14911077412618695,0.32059405193987306,0.24980718109348843,0.18272765541357996,0.5644262665937455,0.31960585193655844,0.41662148858946957,0.6252728500638063,0.07168643000381174,0.3172157642652348,0.4387826861565488,0.13280964218830277,0.031082790566631886,0.3595208240110045,0.09578948938497493,0.3973301595982699,0.11145277515371475,0.060785835032068754,0.5422242662291387,0.024198113989293793,0.37316644293077444,0.02587213079434522,0.050695346293442065,0.47094201925785967,0.1076035814315782,0.3774499080196888,0.336366678267787,0.18513862510150988,0.1864583022589039,0.13409815376456358,0.5259462288072391,0.4501557284674921,0.49738231492069795,0.08919166708099235,0.16142648204312302,0.2221939375859726,0.0,0.12273741692769183,0.2415363280796831,0.318204511178508,0.09229246424368974,0.4448233729428728,0.05103197765955688,0.24820082367954388,0.22743041813752293,0.08743550605744212,0.22424308490362777,0.09734892855367171,0.5117263378577702,0.5042177861747792,0.21286745720015243,0.3559483915875304,0.22277123419347353,0.17103655181557534,0.703757876332057,0.36832899119972157,0.6251484363347088,0.6564333847097235,0.05020379853825894,0.0969509189744609,0.06542490760536299,0.11803847428694536,0.3637140240971842,0.6313965345796251,0.4242053812625333,0.5763961616864716,0.28120742803162135,0.4641046255324085,0.1699935945242712,0.5126874989641858,0.5013274747675632,0.4712145710071429,0.6551414010838761,0.6732305556936641,0.09019818028140997,0.14390248429705493,0.48841941364623204,0.1713129402210842,0.07936547672318067,0.16954236894877278,0.36304199605561915,0.388055188186745,0.5078983907588789,0.4544232420159432,0.48245055436782175,0.31988778402028545,0.4129394504383566,0.38410461724589395,0.4999206483368965,0.046376613798703954,0.14762634448698192,0.027786497953230845,0.21854919703674247,0.3625522879066608,0.3667850892457614,0.43699580702364965,0.26497241419314194,0.1347306468453239,0.5290152637597574,0.03578605048144646,0.3138827623924825,0.0453033444372628,0.6916214720164404,0.5413061867117452,0.610484769386301,0.5132320721258224,0.671502469381329,0.08623711861316886,0.47388989708148965,0.4278424402127977,0.2828541656308524,0.4861526458840882,0.13680608727357108,0.6724336830242462,0.6614468834418865,0.13257704801206516,0.4742629228194037,0.4165056182568487,0.34253247485042837,0.4255126700807107,0.3833972223603308,0.28816964981189613,0.637178259500489,0.24316076666832395,0.10065538043388195,0.32392464243689834,0.5134320837269427,0.3845108139014568,0.21550578398713938,0.47984357546528783,0.5739897081489583,1.270959048045211,0.5446370258042064,0.3987307462834982,0.3505012429771789,0.2727320141202206,0.524482714330698,0.636666326919571,0.03144556588607702,0.3173506438621786,0.3034473060541275,0.47641325676593904,0.17475421369263663,0.043493031041283416,0.5740860140207824,0.3053673909080363,0.5002512139743781,0.6220214952186812,0.3578193042642403,0.30064256948242435,0.6629290094300533,0.4387935249175491,0.28372287409469826,0.3559654120883675,0.40789220073252797,0.33878745918891595,0.5492840782909891,0.6840413828535441
79,0.6923390841744147,0.43092257080826674,0.13741582558544232,0.1498537927376987,0.20884264737566083,0.802130960075573,0.70620762690797,0.4643806161852201,0.4902294287276886,0.43064692818906514,0.6788578531298164,0.6472001110392948,0.3613633885215201,0.49874371467873185,0.5826329405525449,0.2705053282288403,0.23830160426921232,0.670641947993835,0.3046889573907424,0.5054888463514476,0.14611598634382406,0.33825690680985765,0.41972487114469903,0.37389658429871225,0.2430841744145577,0.04247673146721025,0.7203046619930724,0.06432709358789504,0.46047444438920093,0.1887185651071446,0.32847657402343416,0.0714645585773711,0.13481692603457135,0.5193899799466346,0.13770853013805331,0.4240253153018778,0.3724070584530734,0.34268141666252333,0.5627961434561395,0.5324583022589038,0.16947136180579725,0.45942789903710696,0.07427600722584067,0.43921996552809967,0.3690568537761646,0.09373282619864423,0.6787353204395168,0.44201371418154106,0.5390099935365186,0.7476578083826378,0.06482493080760371,0.43217091764861854,0.5611676444753808,0.24249415800725896,0.15376753840799476,0.4819356966472762,0.05065652397288649,0.519744286448234,0.06810190755564394,0.18339908682609918,0.43614171597142815,0.1430033146058105,0.4955514012496065,0.14508738129567939,0.09360139379174329,0.5874004292414523,0.19126318798786857,0.4803208704154858,0.458675284641774,0.06660863620543926,0.3088469232171564,0.25631134921029514,0.6380815807355109,0.5725323008336234,0.6197699580702367,0.21152077429191732,0.2838198428876847,0.3445782329836425,0.12273741692769183,0.0,0.35899614677074526,0.42508041233696287,0.08460559505460814,0.5672197169326638,0.1722029781733207,0.1436311423788926,0.34982880060988747,0.20981807786009044,0.3357720959909843,0.21973491440030496,0.634111296176602,0.6266027444936111,0.33527170652480154,0.4783400288370705,0.12727817000613204,0.08993267206947414,0.826142834650889,0.4864575813321401,0.7331600043089876,0.7717298264803857,0.17244463779645006,0.2193394073484811,0.1289390361126303,0.2378775336018165,0.47708449758862426,0.733274374782479,0.546525920217438,0.6987818657916107,0.37751987934834846,0.5865079799134887,0.08879703839970833,0.6291205522133282,0.6237256583635791,0.5935995293259747,0.7407540396758315,0.7956127131705862,0.21252026052801667,0.25177402674886884,0.6036701635757967,0.06573227100217106,0.05623360513100982,0.062184292083064016,0.48351227232801336,0.5088651618356288,0.6302803659324816,0.5601481131606423,0.5759872221946005,0.4422910721092493,0.5343821657634364,0.5064893932614064,0.6223221796847811,0.1126047083975538,0.03925310329969003,0.11105735096703613,0.30457193523260245,0.44438627587464163,0.4891946916587945,0.5593807653424816,0.16962716485191995,0.2437992260395432,0.6514031057856444,0.14999621306286143,0.43609605727638845,0.15322478827955385,0.8139812061850544,0.6255434627686902,0.6926271317058621,0.5943640100101094,0.7552599396741743,0.04298360098775253,0.3694027826115779,0.5386798587977923,0.4051828916621091,0.608545691841098,0.06444726462155492,0.7948256517343675,0.7838319743449511,0.056163932116873025,0.5966478811382357,0.5384129253053582,0.46490394272361163,0.3030969522199572,0.5041897114635642,0.3680309501317555,0.7413925653391671,0.1246114370473491,0.03804363678549528,0.4431150168216246,0.6358362004673592,0.506924907605363,0.0930941265185038,0.5574656938298611,0.6921444339481926,1.1485691343906925,0.616458666865543,0.49471099123286755,0.47288620129601094,0.3951192097979747,0.6468697277051325,0.759051285238403,0.1262998558146473,0.4397356021810106,0.4258322643729595,0.5987978339051027,0.09157800924775024,0.15495056265433638,0.6664321417325445,0.42053244170437015,0.6226478065596047,0.7404945226138983,0.48020722915527275,0.19184731268333913,0.7392590944496926,0.5584572084389863,0.40344134805018317,0.42527130048558964,0.4946334128838728,0.451731922968561,0.6714669782396129,0.7968000132584232
80,0.333357985714049,0.07733350735013839,0.22736526956031758,0.23080098278062278,0.15142054061220767,0.4889742869454249,0.3894124944066027,0.10542356519000977,0.15793982333151033,0.07964158338719567,0.319905823762409,0.295070717114967,0.7043968411806625,0.13979148643497574,0.238287948093273,0.08868581680173684,0.14324886060425265,0.3116897197500787,0.06230150483103804,0.1480296160029168,0.47854621389151303,0.05234760271134751,0.7666942524735244,0.023153341951308394,0.11885534231591509,0.34330529176817653,1.0769174083097168,0.3833777987702813,0.10151881867448914,0.1968091615704602,0.6710927509570924,0.2900771888828121,0.2458582177364556,0.1643279719584348,0.486023193954159,0.06510895109299125,0.041067236778866006,0.055548492683007655,0.2109157095742389,0.19107610334940917,0.21370463547622603,0.12967990023036513,0.3866181159780574,0.08082765707088287,0.021579061635095063,0.42370928421087517,0.32290425761116365,0.08561283746830409,0.18005421866454532,0.38870558013888196,0.3065454846782345,0.07616295430815886,0.20221541623162462,0.12048992359833606,0.2237947098891264,0.122973027395217,0.32643783456802394,0.16078236298248227,0.35129913488788345,0.19627395217023816,0.7832298761994729,0.22936927194683376,0.13659917300585026,0.2303996585956015,0.2748118298281376,0.2365421369263661,0.17319826314655534,0.1532068894081771,0.10188278725202603,0.4202213162299674,0.07680090820199212,0.10875700624803197,0.28624536369512255,0.21356736107658394,0.2608150449957739,0.17321380036129205,0.09761051724423678,0.020199779578713564,0.2415363280796831,0.35899614677074526,0.0,0.08489808415784152,0.3149707568902369,0.21116921062662622,0.1905554450686952,0.4864633984653374,0.0420267571554053,0.15897861250600767,0.04119029151958105,0.15490589005452532,0.27515906793284606,0.2681082301662275,0.035958020517409976,0.12708776247534764,0.46418311539800133,0.41070403884718015,0.46719060640713306,0.13576100863454815,0.386536435804372,0.41498991531182156,0.200035192827193,0.16102504184689834,0.23962989111519917,0.12537624090555033,0.1349925255638973,0.4043531546760802,0.18754891529524856,0.3398288917615472,0.059005278509753206,0.22754932133446018,0.4113765889391605,0.27999735660186603,0.26476825933475856,0.23464730108221882,0.43466728815525624,0.4366557118944629,0.1627691128457548,0.10729875370821519,0.25521126468784694,0.40856736107658403,0.3137391239496842,0.4067209019042411,0.12465535557433834,0.15097735295579973,0.2713281376887254,0.2319690167221863,0.2615322511145361,0.08332986128374682,0.17542375577984393,0.147536750691924,0.2633616317804405,0.2599759193887867,0.3850057094085084,0.2534523774010174,0.07166713899799468,0.15335489484413067,0.13023729262997397,0.2004285370987255,0.5028051508974296,0.1161696083793235,0.2924479938348332,0.21103382555229616,0.07714205571852366,0.20750544424004372,0.45501999535955195,0.3234748752879564,0.39400492218962857,0.2998226768756524,0.45303982498881323,0.32489580536634666,0.7146017998309551,0.19743178541241985,0.04621795190506968,0.24958409983592703,0.3747298099073569,0.435868252705547,0.42487961351696235,0.3725914914068844,0.23769565289447953,0.1794492285254976,0.10614899981769668,0.6620554119226372,0.14523280962561527,0.08710333283614248,0.4036654982681186,0.4798570079053348,0.3343846682908234,0.08471193589552363,0.2768770612704884,0.14795431644541668,0.45205258622118366,0.274322477999304,0.33332154162316247,1.5075470508294804,0.34453111586204616,0.17867505261936723,0.11393397305225478,0.036164744195296555,0.28791544440577393,0.40009905699464704,0.25231898937668845,0.0807833739372545,0.06688003612920335,0.24040063640431558,0.4151475662506836,0.2057107260644028,0.3480343973217984,0.06499518553506026,0.26369040753078443,0.38153790251744313,0.12125203433931621,0.5371034239878023,0.45421967550009107,0.19949321334460304,0.05730696564411073,0.1654611528199009,0.18892026715722837,0.11665014335670129,0.31250957921079237,0.44975270554699287
81,0.2688212101625814,0.035907605363032204,0.3055811415502411,0.3132327681930427,0.21634343459454086,0.4043346426026285,0.3051207345166477,0.04513273338968162,0.07313128324963955,0.03174949866587116,0.25539639370887823,0.22236920565471757,0.7785879199191238,0.07528225525779347,0.15805933144400802,0.1602129137042377,0.22651826347801585,0.24718048857289657,0.14511382356353275,0.08117530121480299,0.5544104559240293,0.13692264538689733,0.8395112613732412,0.09713210361457764,0.1929595120900247,0.4228230746283498,1.145267936160692,0.4612403503538341,0.04845101012612075,0.28033731914682053,0.74533863670263,0.36482460763353713,0.32766627720048397,0.0959617494489468,0.5563083412055221,0.04088441140887321,0.11784291254412566,0.1397476093405592,0.1393843202572134,0.10807055967119109,0.29643408906345803,0.04489447952402261,0.46516644293077464,0.06755106150251082,0.09966901175027762,0.49987631548418093,0.25417833407911966,0.026188543065016008,0.11554498748736307,0.3241963489616997,0.3851811846401167,0.03461129617660214,0.13770645022290726,0.18837774905119406,0.30486440776280677,0.05847964003380901,0.4061619350668722,0.09629504134970747,0.4288748073385371,0.2787383367308043,0.8563300187275229,0.31070040935381754,0.07212136429175162,0.31214460796499777,0.35468659573410233,0.16393896982051412,0.2384025340161422,0.07177638011899433,0.035665639138865425,0.4847225260610881,0.15975073335653564,0.1873683604302359,0.214188543065016,0.1490415900164073,0.1963058138185917,0.25683811465221495,0.18180462884701443,0.09942489931884849,0.318204511178508,0.42508041233696287,0.08489808415784152,0.0,0.39695454018130893,0.1437468718407664,0.2672805565223155,0.5587630636901508,0.12174247170155292,0.23882865145262594,0.09744078456719538,0.2315504565869504,0.21064983675566384,0.20314128507267268,0.1175385157195181,0.05758060292679696,0.5398057558129898,0.4887392648204313,0.40268137522995073,0.06321765359054675,0.3083641177347984,0.3474598352640912,0.27854316445416727,0.24477932183165116,0.32158878171663435,0.2010352425462802,0.05812515122889009,0.3218358855798074,0.12302728749233494,0.2753232900777276,0.06992147698834913,0.1630480452112232,0.48801270322676876,0.20567793632642237,0.20025375793433775,0.17013806990503658,0.3501764364672931,0.3721464807172806,0.24524168448267286,0.17545357065910938,0.18020870415485843,0.4788709209632245,0.39369297635028744,0.47646056447736956,0.05983612588872865,0.08594936939624455,0.20681890651154308,0.1523271515934967,0.17908919604236065,0.04106695503737216,0.11091109398564775,0.08302751951474174,0.19884683206549664,0.34068150781418316,0.4558407994829215,0.33362857355938935,0.13617401680505145,0.0727149853328693,0.06574673925653395,0.13592011799996687,0.577314166625234,0.1834880342730241,0.22793876265765098,0.28476559936359563,0.04768889109862609,0.27932435903810143,0.39049868244419034,0.23954462288072384,0.31009918129236486,0.2167749879845539,0.36874034206731954,0.40334910257047685,0.7880073335653559,0.11840769651469199,0.07815944082599978,0.18506278692056546,0.45413466414756637,0.37135718192213996,0.3603703823397803,0.4503340874061552,0.17318642171729726,0.11498376671804306,0.05173570990569943,0.7265631018081175,0.08072833490777111,0.07502468552677372,0.3196410116176933,0.5476168730008781,0.41247503273173225,0.05541575100681151,0.21236222840948643,0.08351122822718311,0.5165602761066641,0.19384445383582757,0.26867931188783367,1.5726797593596187,0.2648965760121977,0.09594168779727871,0.05910985432307463,0.07368067087621603,0.2234062132285918,0.3355898258174646,0.3339165713717497,0.0349015810669716,0.07032662125656709,0.17533637448416445,0.4917303319577718,0.2767133363164785,0.2632802996403653,0.026287194020451106,0.19917554152372427,0.31702867134026086,0.05676265765093889,0.6088492185816804,0.3717711016092412,0.1350922703392499,0.034802739521702375,0.09293733737715242,0.10491179005286799,0.042689960058999936,0.24799865758464673,0.37334057574702934
82,0.6278905019970498,0.3917030278924079,0.0947193440395101,0.08455443411392295,0.2027494572332985,0.7957428528812212,0.6961333134456985,0.4016089925255639,0.4694215101344072,0.3898750559339731,0.6279664064701103,0.6099058900545253,0.40487894230928595,0.43819201511460243,0.5523967583155174,0.23816019489882165,0.17299964367987536,0.6037832827855948,0.25566994812641913,0.45852235701619176,0.17818643829032632,0.27221050232851063,0.47112408226851626,0.3099292994580619,0.2117149107542385,0.04821989923598336,0.7833346591756575,0.08027757337708616,0.40110733522265873,0.12270011932580915,0.3713792074777506,0.06358426556621742,0.06992486617279038,0.47884552279620146,0.19328658081837624,0.37155653060209815,0.3075478629079036,0.2760251910041599,0.5208236381113375,0.5044631250103582,0.10309109365418716,0.44042393808316344,0.08182039808415786,0.38590249258356946,0.3147567825121398,0.12405749183778318,0.6360400984437925,0.38752674886889077,0.4772623013308141,0.6810914582608263,0.05654333847097236,0.3910433881900595,0.4967506836374484,0.2114636802068314,0.09445029748587143,0.41639331112547423,0.04709118480584687,0.454813346260296,0.05058083494920367,0.11935612953479506,0.4839187424385556,0.08685820116342659,0.4309086494638624,0.08515252987288484,0.06321636918079518,0.5487509488059131,0.195743938414624,0.4602321218449095,0.4095718357944282,0.12834452841445837,0.24350457415601845,0.2118068662059364,0.601105230447969,0.5109284293740366,0.5530371484446213,0.14615754321417324,0.21949259185601344,0.29769008435671784,0.09229246424368974,0.08460559505460814,0.3149707568902369,0.39695454018130893,0.0,0.5185645353751305,0.1390665324251313,0.19265106315981373,0.2868136694343625,0.15972952816586286,0.31003355209731687,0.1676332720131258,0.5763448764480684,0.573292878569416,0.279506347470127,0.43074545484678234,0.16296117767944449,0.1059886226155555,0.7633426556621754,0.4461024544656027,0.7014010755895854,0.7267694360198215,0.12952763552594512,0.15577159880011265,0.07559759856809029,0.20533982167420742,0.4440922040471338,0.7136971030345215,0.4831884767728999,0.6340079219078872,0.36372286580818375,0.5267917101708679,0.11371619516399016,0.5913062198578034,0.5617516780191917,0.5282640746449229,0.740175773546131,0.737973010822188,0.1522144881419977,0.22599598932696927,0.5668307562273155,0.11576815161006981,0.04549545899003963,0.11398806741908223,0.4261879215764265,0.46140610550390304,0.5652433915046653,0.5376423871791046,0.5668218067916273,0.3777210759210461,0.481071786075341,0.447292058204478,0.5592744162150516,0.05754343790914665,0.09293559720910188,0.06802425462801821,0.3054149057823298,0.4495891131772154,0.4291371998210111,0.49302348398216733,0.20894490296491494,0.21482135103332828,0.5899343045128357,0.12437994497754354,0.37439904539352664,0.13436850958749721,0.7579205488987224,0.6269592137755018,0.6965979963207878,0.5998625267240092,0.7571495301546264,0.05026912113226937,0.41790166393211675,0.508209880839921,0.33935395846798916,0.5448153184507531,0.06651103763734896,0.730326936144119,0.7244284708066093,0.07229837252854705,0.5299013324715358,0.4882979582028206,0.39889777755680395,0.3699591309103565,0.45249613019771634,0.37594414060557846,0.71655938944961,0.18760283564527092,0.051891595816967485,0.3865987835396676,0.5711435307181093,0.4454683538010242,0.15995630520890305,0.5677484794245844,0.6438473292563683,1.2154154526922887,0.6336725915245529,0.4825902235701619,0.406023807156234,0.33279580370904394,0.5863489202671572,0.6923331095974412,0.06486436633023412,0.37793542319229695,0.3605106813172243,0.5482824955667147,0.11539653457962518,0.12409007441290043,0.6571930923614908,0.37966961666583804,0.5651645701784916,0.6928408823480666,0.4165998110674688,0.24403553257428864,0.7507221780274782,0.5087253931951142,0.3628243176055287,0.44570881187954725,0.4931415751006811,0.42067966820795843,0.6093786605677921,0.7625862543297037
83,0.12557313677720883,0.14779488390593157,0.4351601120336764,0.4346295016490165,0.3595492799018877,0.2875046073020766,0.19003083412055224,0.14214223802184325,0.0839444140605579,0.13658399211123812,0.11183429456901837,0.09291774805681238,0.9071847064087905,0.09034151212317074,0.03510735179568773,0.2969208389267305,0.34756407961683156,0.10343361673213017,0.27084108951093006,0.09223372942872766,0.6808839225045163,0.25647443610268644,0.9714756045012346,0.21625831551732705,0.32423943883723616,0.5458298281376888,1.2836852533187495,0.5856194335338671,0.13434770214952182,0.4013135948557317,0.8739468420093138,0.4959491456603523,0.4493490611379043,0.05423912394968429,0.6936352359170687,0.1539950778103714,0.23381459752398942,0.2589455824591059,0.010769154278327413,0.038515686371998245,0.4177093090704187,0.12510511443676564,0.5889989310396262,0.15984278824640785,0.22180392449327968,0.6260243374931637,0.12070972339614516,0.13111770165233097,0.05684519962213491,0.18044947712093334,0.5088080677505428,0.1418669600092809,0.05664417706624236,0.32872763055403637,0.426891115199125,0.11763583254611441,0.5289879099753061,0.07910878536270068,0.5534281559190571,0.4001026533419514,0.9863314357215067,0.4325628614991962,0.10790819370556354,0.433823281791213,0.4780682145875802,0.03195560085516827,0.38142372263378577,0.08703507681598963,0.10972892325030242,0.6284691493064186,0.2796497787500622,0.31136217040388464,0.08307602048426393,0.0337736787152588,0.05767157228326619,0.3779750161587033,0.30246053133131146,0.22269537943950019,0.4448233729428728,0.5672197169326638,0.21116921062662622,0.1437468718407664,0.5185645353751305,0.0,0.3950444322908897,0.6930014915726148,0.24037991183148538,0.36166314489799306,0.23147292795704275,0.3539406436964483,0.06691789721407379,0.05939686604020614,0.23910873564361354,0.08930115679742785,0.6664930476143125,0.6130911682328181,0.2589345033891844,0.08076467127396873,0.18312633620046737,0.2125288204975223,0.4024530817547525,0.36564281807786003,0.44305154212035336,0.32945421700724237,0.09014647243076619,0.2005595054608131,0.04951663103465426,0.1326340923780639,0.21366810023367977,0.026581390145676908,0.6140674522282438,0.07372652016108987,0.05704207892076432,0.046998500140870716,0.23412244982515457,0.22841276786158213,0.3667536667826779,0.31550954606473425,0.04908645320605243,0.6161165249672684,0.5168761497538906,0.6143378826298083,0.11940644525099856,0.0618533701254579,0.06310274449361111,0.03808512736372825,0.06403862344420692,0.15223430119823006,0.0516679925089909,0.09520749432373753,0.055239123949684284,0.46297139495185535,0.5922972621356005,0.4582583072308125,0.27992064005038214,0.14073915709574245,0.09904661993072474,0.08456211571288881,0.7093005684548965,0.32442143555577657,0.08419189081688458,0.4174790765508212,0.15510030825834037,0.4141472347901026,0.24711424617577366,0.12712654336333049,0.19614285951043275,0.10809119309236148,0.25308316345978554,0.5273102802499212,0.9183535855748358,0.029045451532176532,0.19412433086395203,0.04148459536949575,0.5772296856096388,0.22761037637348974,0.2166235104990139,0.5747245231110889,0.056878188236463956,0.047106299408342836,0.14599394255788128,0.8703097250534481,0.08593693133794061,0.21874731102603628,0.1986433732743334,0.6879570758547537,0.5407548931868279,0.1643731997547192,0.06864750824508196,0.0834159913157328,0.6603068993519946,0.10278052337625754,0.1299339481927112,1.715764720993056,0.16674023434263086,0.07923235386731636,0.1319231674373125,0.19167400023202236,0.07966346807205948,0.191845091897446,0.4556821541623162,0.14782704386880788,0.1733969986244386,0.031843583751802296,0.617382174049951,0.41396165829728704,0.14403673411889492,0.1499834518304911,0.05546015843815777,0.17807662539982433,0.11227846832065498,0.74434379920118,0.26261578746747544,0.03128384626858248,0.16378642337460023,0.2001267422396792,0.09347606025953369,0.11551903412386687,0.10536789638542242,0.24433488291154976
84,0.5201729312716485,0.26757814183198275,0.0527265615936625,0.06103245827739938,0.0644775684051774,0.6608986973599165,0.5617330002154494,0.29221312086710083,0.33823081257561444,0.2617803327864234,0.5066887502278792,0.48486307363396813,0.5139106050812905,0.3265738162714,0.42430291353850735,0.10759572581580736,0.06637864399476293,0.498472364474055,0.13654993453653533,0.3381532342266197,0.2880887319975472,0.16613316428843697,0.5767312434743699,0.20170489235817635,0.07801727738278726,0.15655272709193052,0.8888704071993236,0.19396982051409542,0.2883061535656873,0.04312524238054988,0.48061841429258034,0.10108910489070089,0.06921327831087686,0.3524725550638891,0.29865447720379845,0.2518554168945459,0.20028845357065914,0.17068276736439117,0.39261471022058714,0.375059033129485,0.048508891430086666,0.30897599396741743,0.19812743830689936,0.26982140903893004,0.1991033494091715,0.23325528265301046,0.5134053597175956,0.2698785694161322,0.36684147069059814,0.5754879099753061,0.11837304231094319,0.26619117817663535,0.3889998011236513,0.0818641757404001,0.0476872503687499,0.3097493909411824,0.14048364242032516,0.3475571520906876,0.16164930641873404,0.0357819818028141,0.5929772037985381,0.054423200583370634,0.3233815028422745,0.057013341288387254,0.0905548152935912,0.4200221249937852,0.06382278460034138,0.32665091400255225,0.28650538623444205,0.23342489931884858,0.1366785329554683,0.08412393311125478,0.47493917698337723,0.40033157659225377,0.4476014352243159,0.046924518139180284,0.11237052321052726,0.17243496743399786,0.05103197765955688,0.1722029781733207,0.1905554450686952,0.2672805565223155,0.1390665324251313,0.3950444322908897,0.0,0.2979935365186695,0.17764721821707355,0.041399020533983005,0.1738796135169625,0.04756639155438439,0.46194139776927023,0.45443284608627904,0.16327058784534057,0.3061757984056746,0.2737160542932431,0.22150589171182822,0.6539729362435571,0.3174216095725815,0.5741951971361805,0.6054572415850445,0.013894985001408743,0.05447360745123386,0.09277773910737665,0.07259628101228063,0.31286912278957235,0.5805764928155918,0.3743402442864482,0.526612663451499,0.23041579243938415,0.41431917168000787,0.22094545816138808,0.4617885861548915,0.4515426672632957,0.421429630918643,0.6044803941066308,0.6234380417308871,0.043227473110260345,0.09355270223238701,0.4375831468867566,0.2210787550340576,0.12914884237392066,0.21930385820116344,0.3124917632045609,0.33732331493727097,0.4581104675251495,0.4037006993818262,0.43171806791627304,0.2700932812940221,0.36239496842837954,0.3343190805283482,0.45014054757287986,0.08255280995707585,0.197304670279587,0.07288859609870887,0.16820625963307312,0.31211495052950833,0.3170075738742771,0.38721086693514967,0.31430398249888125,0.08491179833938248,0.4792345829397239,0.026454415883591022,0.2639243855549479,0.022520774291917383,0.6417834153698273,0.4907121016258141,0.5599361772651189,0.46274952352541465,0.620901837948922,0.1364108785362701,0.5243788594441406,0.3769913405923201,0.2329916803394156,0.43634927658728184,0.18761215797411301,0.6226487429357463,0.6116634514990305,0.18306392217305562,0.42447798273090376,0.3662487445930492,0.2927065662341107,0.4752671157957541,0.33269244601335785,0.23791706856262118,0.5862757669169193,0.29296516349293167,0.15030175342647376,0.27327129219907514,0.46364886723346427,0.33475164487313336,0.26526276537562776,0.4296089096604186,0.523094225956678,1.3207597988034272,0.49484601998707306,0.3479471486103515,0.30071630288867907,0.22295068695205422,0.4747012048592122,0.5868813868310712,0.07668737466646786,0.2675665158521022,0.2536623659656276,0.42662793549777095,0.22479335090074407,0.029104733257097382,0.5232937817994995,0.25434525762773663,0.4504631913024744,0.5710821110724409,0.3080387063093522,0.3493072556721191,0.6126790964384561,0.38799139859792175,0.23289699862443858,0.3066465055768243,0.35724176734781815,0.28800624803195285,0.49929021859825323,0.6331496295928006
85,0.818137415270389,0.5623223371285571,0.26635046984537364,0.2756287890087672,0.34602089858963514,0.9434386632194764,0.8462001110392946,0.590163302341769,0.6272520426258307,0.5564458724871145,0.8046453620378194,0.7790992061519083,0.2201538308556655,0.624531223586735,0.7167290061154478,0.40023267704138277,0.36408264969588483,0.796429456901838,0.4323449924592719,0.6344795405956348,0.018267604700111018,0.4640322676875653,0.2807922156482541,0.49968601567808557,0.36878053166277197,0.15819287691211317,0.5911359734168612,0.11247700492218962,0.5862585558262484,0.31421622831004814,0.18749646994481173,0.19709538606871166,0.26060138550522877,0.6474009761514115,0.008576467956048345,0.5498128242098809,0.49819363927144955,0.4684430053530884,0.6885773711861316,0.6663935928669682,0.29505774043321903,0.5976160940685128,0.11119808912975024,0.5669339730522547,0.4963020600275113,0.06867302242330824,0.8087894728119457,0.5677783191633935,0.6647939558163046,0.8734453172906412,0.19060716949236808,0.5613131556704619,0.6869551533833838,0.3749862029533138,0.27916932663782945,0.6077166426357744,0.17633433600159104,0.6455259782230397,0.14207094085085936,0.3089520045078638,0.29979682295033067,0.2687167255009198,0.6213389101576096,0.27083193291237834,0.219393824889375,0.7143648386615623,0.33340986758149793,0.614116616118928,0.584462793549777,0.09829488390593151,0.43463076948573887,0.3820950131755581,0.7691533999569099,0.6983232900777278,0.745554782147533,0.3372869371385008,0.40960479954921364,0.47035757138832246,0.24820082367954388,0.1436311423788926,0.4864633984653374,0.5587630636901508,0.19265106315981373,0.6930014915726148,0.2979935365186695,0.0,0.4756148510913339,0.33556330897098047,0.46190816884602,0.34552139578050683,0.7598988050846054,0.752390253401614,0.46105281824359023,0.6041208588143656,0.044833209035615426,0.08674393012810956,0.9519303435588922,0.6124914483170089,0.8667908483733573,0.90125127197998,0.2982378312534183,0.345123386201296,0.25471849052851386,0.3635628863587398,0.6050745786307362,0.8677494655198131,0.6723136280017903,0.8245686289133064,0.5167333648220884,0.7122964666302062,0.07898181938712937,0.7555275940933724,0.7495118745753162,0.719387038233978,0.8836312418170669,0.9214011998873033,0.33828685427335553,0.3833486716717214,0.7306547423722634,0.08119116989012085,0.1818209781401747,0.08432109415137808,0.6100143771027032,0.6347308457216724,0.7560678748404848,0.6910098029466845,0.7148218316511709,0.5680795588259668,0.6601805962975853,0.6322764878436832,0.7481052470209981,0.23836583304330536,0.10459617328759174,0.2370251247120435,0.446368393576294,0.5874456487512223,0.6149809078705316,0.6851682742504849,0.050690647839705665,0.3760728384626858,0.7771877309865923,0.27570564643099815,0.5618833507350138,0.27977069557002926,0.9397717479573742,0.7685876050315716,0.836046454200434,0.7378101310926598,0.8984222476342001,0.1686722186313992,0.22988977278377165,0.6678601816403985,0.5309739140522712,0.734333797378147,0.1270933724456819,0.9206118679461045,0.9096193506687219,0.12176734781816072,0.7224353900462388,0.6641889159581696,0.5906935564063043,0.1773290989244104,0.6300314473226272,0.5113181690117504,0.8765188766800907,0.02195707585475397,0.1579581116690697,0.5706231873249475,0.7616206765110458,0.6326943021926115,0.11441213808647804,0.7010760536303218,0.8195930244120718,1.0227699083511497,0.7595626377633038,0.6332576111635926,0.5986737102040142,0.5209044813470558,0.7726551815575333,0.8848387941464061,0.251749904705083,0.5655231110890139,0.5516197732809626,0.7245853428131057,0.07738069905036546,0.28600146671307114,0.8072194020451118,0.5496668572565007,0.7484340890634583,0.8672706292779131,0.6059917714910755,0.08272153167934503,0.8828588972306468,0.6849346028273586,0.5292265367341189,0.567958492848738,0.6368964517144797,0.5792113392664776,0.797255431810272,0.9251986691857671
86,0.3431942359004956,0.10972490429075728,0.21513207875503418,0.20230027014037355,0.14216263942060686,0.5247780871409868,0.42520345050464864,0.11608367722368615,0.19367298927725018,0.11299751404564208,0.3467780871409867,0.3273260329140358,0.6879636802068312,0.15416327748222533,0.2731148676643631,0.07952969058154757,0.11383681366943434,0.32082657153747984,0.05291557699000657,0.17451521404067022,0.4612531778783208,0.01912926134009512,0.7540889640199538,0.03901854521950973,0.10685162167089272,0.31927817000613196,1.0662880226719038,0.3633783539667546,0.11560518901539632,0.16589521702381538,0.6545072009811231,0.27855619085500244,0.21815806526458834,0.19939470325991476,0.4762485954357877,0.09263266709756535,0.038223296706939115,0.02346838694708227,0.24404909759856808,0.2269730936873333,0.184562828353138,0.16634412237524657,0.36487137672152353,0.09917304728285192,0.040645693498400734,0.40710590165564564,0.3517171729727042,0.1129787450902401,0.19263917201146852,0.3978424319262831,0.2854582856858749,0.10944644425661677,0.2113623609937188,0.11133300187275232,0.1983688079020203,0.13234940917151428,0.3016704950363778,0.17010247932514627,0.33357476922057033,0.16872874094698284,0.7673450670379025,0.20691009131739005,0.14622355358888942,0.20535066043520764,0.25625239894595536,0.27124185849947785,0.164037082152505,0.19028943137937326,0.13313843451167565,0.41107191865957343,0.04332314920698055,0.09353233397968146,0.3200959495516995,0.22512481976830911,0.26995441588359104,0.14223619881005656,0.06756821458758022,0.04534427153250803,0.22743041813752293,0.34982880060988747,0.0420267571554053,0.12174247170155292,0.2868136694343625,0.24037991183148538,0.17764721821707355,0.4756148510913339,0.0,0.1400702530701536,0.0712036079484247,0.13028213924659,0.2939666467790318,0.2934768557649281,0.03261259715938282,0.15691864300038114,0.446105578481579,0.38926265765093876,0.4776990089328626,0.1707108172160626,0.4200528099570758,0.44169295149074395,0.17838555494787792,0.13130795173933935,0.2208966920234011,0.11206330068446606,0.17069622466398182,0.44005912428114496,0.19754463116723853,0.34902179353320406,0.10067019672185487,0.24267271582227082,0.39666970781749783,0.314078871045261,0.27749579045062067,0.24378441803808476,0.47046276869023357,0.4544554019788198,0.1373348414789771,0.0981123154178889,0.2894355060574422,0.3987199738146141,0.29381213642917503,0.39694065198296297,0.14042002684830715,0.1836004242695438,0.28047962346078004,0.2671188451913356,0.29726927857604535,0.09472296524635823,0.197200210477469,0.1614982266858913,0.27274658181275796,0.2372519017550838,0.3749013241850212,0.23892395465619248,0.08008400868426727,0.1887014948872206,0.1452505593397305,0.2097012545782992,0.49191215465950705,0.10703479507449579,0.30387459188915966,0.20008816022804488,0.08859540264174083,0.1967500041432572,0.4732566002088202,0.35920431230215943,0.42967966820795844,0.33527855947231483,0.4887998558146473,0.3069464939757039,0.7008599330449627,0.23258716584630176,0.055513440726561614,0.2589158338719568,0.35072227746565254,0.4450032648867234,0.43866800079550533,0.3539011170221581,0.2468325046818807,0.20709142511476816,0.11970761862145546,0.6529124944066027,0.1684708729014401,0.12523332338951595,0.43880965876133193,0.4705704353734731,0.32118331427435004,0.10025872155653892,0.28603976698321165,0.16078387112812612,0.44290966870514936,0.30893842291055545,0.3588761331808614,1.4983780805117752,0.3787353867316329,0.21450739157095752,0.12307082483965594,0.053311606092245424,0.30026317141483944,0.40924212366794266,0.22586628880160428,0.09553960953943547,0.0760168879166045,0.2683164537032432,0.39827613152355856,0.19657206781683492,0.3837347818160725,0.10281322196257811,0.28171868940486244,0.4086440113359518,0.13292252108917949,0.526947380632758,0.4894287856941614,0.22583714513001538,0.0929826066060094,0.199212051906727,0.22464113591541132,0.15290020550556027,0.32312068479756045,0.48419146820464376
87,0.4828234309484745,0.23626080975819955,0.07851261207510901,0.07797875337675467,0.04529122955302539,0.6361821375892872,0.5366280349359452,0.25463526077661214,0.31083046619930715,0.23220810752581247,0.4722929448615323,0.4539784302026882,0.5486942690465536,0.2889985912925304,0.3949841893302839,0.0792073948855632,0.028550017401680484,0.4608968246076336,0.10135690018064611,0.30496908301430253,0.3220060242960605,0.12849963539336073,0.6140498185253319,0.1641283746830408,0.05222666931835128,0.18440009778087144,0.9262762061021893,0.22501661446162516,0.25072592353204387,0.05239348514227943,0.5152538656590265,0.1385556605180728,0.09079142014285947,0.32202573791411854,0.33620973168265966,0.21730241634763584,0.16264458310545415,0.13291085367672645,0.3629981355342315,0.3465238983078938,0.06269100415983024,0.28166938464343133,0.22797215731119175,0.2350604998425562,0.16416930177828606,0.26758053663468073,0.48140220255556115,0.23245265085599695,0.3292613235221,0.5379126849964369,0.14792813105951372,0.23508689239132238,0.3514225210891795,0.05284215847130385,0.06667638674820595,0.2721651668075375,0.1689006115447721,0.3099745023948027,0.19406315981371908,0.046545376953545756,0.6281461741162432,0.07312525895357892,0.2858062778634051,0.07531322196257807,0.11758738958219395,0.3909112928619964,0.04206984703094183,0.3008361921808449,0.25296609158255856,0.27104235237574376,0.09909813719153451,0.05222319726876482,0.4445327317323786,0.36276183728600075,0.4100221498533287,0.03223760751752598,0.07406631697575367,0.13961313578282697,0.08743550605744212,0.20981807786009044,0.15897861250600767,0.23882865145262594,0.15972952816586286,0.36166314489799306,0.041399020533983005,0.33556330897098047,0.1400702530701536,0.0,0.15058912975024444,0.03823732577603206,0.4243661727904008,0.41770778435174594,0.12550729213278314,0.2728546711082384,0.3072726180413993,0.2520312815923367,0.6163977112646879,0.28809532806311006,0.5445400404381909,0.572876232619036,0.041843318583337556,0.031811108901373876,0.10287460017567406,0.04879511592833818,0.28527768938828946,0.5544909511261373,0.3367788080677506,0.489035996619102,0.20441825353419843,0.37674146074678055,0.25672612240839254,0.43315857074197456,0.413967309700194,0.3838544059397736,0.5805197467641161,0.5858628167520178,0.022795704270869563,0.06660460067286497,0.4088527983559555,0.25866574686355426,0.15541174862029528,0.25689673345597375,0.2766960506471768,0.30492137755017484,0.4205352425462801,0.37821546595071187,0.4072302325195976,0.23252193440395102,0.32762873928967995,0.2967459934702266,0.4125604832695271,0.10230344387543706,0.23486106829745276,0.09939154609788022,0.14604489633570333,0.2902079169359784,0.2794294320422944,0.34963564195628033,0.35190352011137066,0.055775957506753494,0.44165509869238795,0.06007624422015608,0.22656310180811745,0.05675081622168084,0.6051559356303553,0.4672854041333135,0.536966050149986,0.440327847660717,0.5974897247219877,0.16694997431180494,0.5608247153582259,0.34952586221183646,0.1954292994580619,0.39877617295613127,0.21578825469431054,0.5850735179568771,0.5740868178126918,0.21462426457183575,0.38690275775203437,0.3327760072258407,0.2551321036145776,0.5128554003215169,0.2988429208306401,0.2169204908931206,0.5583228260329138,0.330532831170553,0.1811566151245463,0.23770506637498137,0.42606921725583774,0.29714980360960574,0.30285104990139045,0.40874388869553685,0.4900356320124629,1.3583280631100942,0.47543314440080203,0.3230097532275974,0.2631410779098095,0.18537184905285137,0.4371225492633288,0.5493061618522017,0.09647059115994636,0.22999047879480936,0.21608714098675819,0.39223320737831247,0.2586106912610419,0.05653573973715177,0.49783645734930976,0.22330249092626656,0.4128870050879198,0.5384587580172027,0.27045913919687103,0.3869515901821376,0.5915852682344753,0.3545683140257545,0.20423575962478652,0.28846323273504704,0.3334789191070453,0.2613721225078308,0.4620821359319842,0.6046247037571058
88,0.35674693813288266,0.10069862775319449,0.22144808498649304,0.22837522166426355,0.13059780573095345,0.48746687051492393,0.3884898407331907,0.12864014153366807,0.16676169641525385,0.0949360032483137,0.343114677074529,0.317492583569499,0.6812028704486319,0.16299974311804963,0.25529603573145065,0.0870083942392151,0.14645612290558346,0.33489829132070464,0.0924777258489535,0.1729471817564096,0.45753530883839644,0.07770021047746896,0.7424184109779743,0.05184587911632608,0.09886173950512933,0.3298717744742206,1.0524109365418717,0.36619657269759215,0.12472707535756307,0.19955314141765684,0.6480513515305192,0.2695827159880011,0.2404978040736505,0.185785586436633,0.46216812509322325,0.08828134374119556,0.0735354248495997,0.08153341122656985,0.22705131009794652,0.20511007805896692,0.21267793632642232,0.137391446659706,0.37100914002552243,0.10552604451515606,0.05686260958915464,0.4033379654949535,0.34716710585193666,0.10625799234326054,0.20326739753724782,0.41191383682195604,0.29161025207577185,0.0996907555643945,0.22542479988067413,0.11475643447852968,0.21695404299043736,0.14618721722269176,0.31412859841893304,0.18399159747427035,0.33462575614445045,0.19541172376075178,0.7591299905533732,0.22353972555063886,0.15980742968892417,0.22579432870945812,0.2641512454631333,0.2527172309783059,0.14995661180994055,0.1540208240110045,0.12293331841760717,0.39701247949087654,0.0963589055171614,0.10025015330051873,0.3075315633338306,0.2368166525795919,0.2840273620709657,0.1767416016175277,0.10820583702083231,0.03998375014501405,0.22424308490362777,0.3357720959909843,0.04119029151958105,0.09744078456719538,0.31003355209731687,0.23147292795704275,0.1738796135169625,0.46190816884602,0.0712036079484247,0.15058912975024444,0.0,0.15061115530585525,0.2983673246159199,0.29085877293292894,0.051654154029731975,0.14259738311871265,0.44264029897744417,0.39366439616168664,0.49039886309020686,0.15091515437776565,0.40531158951921653,0.4396425446228809,0.18533291072109256,0.16669699530983273,0.24230958418270115,0.10622464740880691,0.14340814398647642,0.40800298314522937,0.2108441472347902,0.36304119226371,0.057693572979333446,0.2507723943055072,0.39234011170221583,0.2938037173304165,0.28797749382654664,0.2578555577652928,0.43096031588193384,0.45987701155140126,0.16418902368285854,0.09547679775932645,0.26883489119806425,0.38464856891894134,0.30272346243722964,0.38287174961467707,0.1487285917897215,0.17348432191451638,0.2945448466166161,0.23086815326737264,0.2582499295646265,0.10655634829877868,0.19879641691111893,0.17074500737499798,0.28657935166310344,0.2525173105288454,0.3608300021544938,0.24479721241651328,0.05138886126717383,0.13970498350983615,0.15344732262715655,0.22363679378179946,0.480754470574587,0.10742395465619253,0.31566050978637367,0.18852932597490848,0.10041524552942545,0.18269789025340152,0.4782703309633903,0.31727702646712735,0.3867084306998791,0.2898692636603192,0.44748204312302153,0.309478082169078,0.6908192213990952,0.20640603092527224,0.06949710800643034,0.2728210112862328,0.36080538291983627,0.45907748719733504,0.4480893783456802,0.3552038316843169,0.26090390957755344,0.2026649762177033,0.12920100598286352,0.6388395482192281,0.16859506289464524,0.06681010623311627,0.4155396758315517,0.45648996503090883,0.322928213924659,0.10927502113061206,0.30009758199506126,0.17117672649530158,0.42883672251777466,0.258538341702713,0.3581086113458957,1.484297610169211,0.32618747410464216,0.17473852732063838,0.1371422297353287,0.05982902434577962,0.3111271317058618,0.42330731367772084,0.24685126535076823,0.10399163062032843,0.09008829281227729,0.2630538623444207,0.39572039642685497,0.19456072357844845,0.3501132020749433,0.08805380433881903,0.2869101161769337,0.40575116425529095,0.14446463315600191,0.5132218548534115,0.4411843252291222,0.22351687963008995,0.06771492732726764,0.14151236347967322,0.1837350138384793,0.11751618356286982,0.33577088615986345,0.463581705033229
89,0.47345693498400704,0.22888881154808674,0.08693698105702782,0.08617593927642146,0.05454282470707171,0.6283504366993155,0.5288148461194253,0.24549758862427284,0.3032148113160643,0.22461490909693566,0.46453767878155083,0.4464346525464459,0.5577547937486534,0.27926999121629464,0.387479954921361,0.09538127910638226,0.05245331377715902,0.45091109398564766,0.12102853875602852,0.29777434992293544,0.33106146107824125,0.12884175243209198,0.6239944148892091,0.1627995160675516,0.07618681118348003,0.19191366280515088,0.9362073948855631,0.23323819586005737,0.24174939094118236,0.06113391836125887,0.5243112746316643,0.14847470127115123,0.0980404299043736,0.314659805432639,0.34615691343906924,0.2115942010971345,0.16299404199605558,0.1342712507665026,0.35546453371782766,0.33945644607965003,0.0710653888861267,0.27437781534331035,0.23578252871277283,0.22693858864084593,0.16399914648900377,0.2769520376539219,0.4737696597557136,0.2255668555991979,0.31948089958401693,0.5279239215101345,0.1555838098079186,0.22753902119690417,0.34144355226304707,0.0673050100266826,0.07462506007723027,0.26227135020467685,0.17508399211123804,0.30007415601849535,0.2034625532408558,0.05508683438572068,0.6370797162697428,0.08187364722650355,0.2759153781136578,0.08338258008916287,0.12627331410861967,0.3833088135368501,0.07453001375561415,0.29382591690283233,0.24598712275642617,0.28099129087323294,0.09415135318782215,0.05682113558395059,0.4369954838495832,0.35300416811680674,0.40003751305126034,0.047467574868658755,0.09368255191501347,0.14299058651949823,0.09734892855367171,0.21973491440030496,0.15490589005452532,0.2315504565869504,0.1676332720131258,0.3539406436964483,0.04756639155438439,0.34552139578050683,0.13028213924659,0.03823732577603206,0.15061115530585525,0.0,0.41506250517907156,0.4097094416546512,0.129970209980278,0.2653752299507781,0.3158981338769287,0.26012916190192087,0.6064144997431178,0.2808634050945491,0.5370150565968943,0.5651630123137606,0.04967644475380774,0.05455056431163926,0.11401538805747528,0.07757338537264458,0.2777136926366032,0.5467519929067437,0.327050953777822,0.4790837269427733,0.2024779164387875,0.36704925504234404,0.26658893087389585,0.42558020517409967,0.4040171779446128,0.3738656424534712,0.5726251346558612,0.5769037852798357,0.03824828054823583,0.08789036941281754,0.4012298513399294,0.26863866653408247,0.16426245877459025,0.26686002419662247,0.2687192363148213,0.2982713833507351,0.4105773546131027,0.37040501168398543,0.39934781816072523,0.22353136445748195,0.31972441538640023,0.28794284790931246,0.40286675284641765,0.11058460531331309,0.24481983460117004,0.1093997828933193,0.15336147433666453,0.28218788014385393,0.27027792141069623,0.33966393211687296,0.36181523558560796,0.08105141782263545,0.4318337062264869,0.06999470491721774,0.21733706226487018,0.0666693763569167,0.5970671704867497,0.4593517128225526,0.5289655363860851,0.43227512885530084,0.589534090720761,0.17684917714910756,0.5707743996420226,0.34186845986841,0.18565386400172354,0.38888751056530607,0.22334645088582838,0.5751074760934055,0.5651379456073186,0.22376399177977757,0.3769147234790103,0.3251536071197733,0.2482575282984471,0.5228318666202623,0.2909904373622367,0.21273730920300304,0.5507308705812162,0.34047316826596385,0.1911018246904987,0.2293059546893386,0.4161523807156233,0.2874061883690482,0.3128290409188088,0.4005499511095643,0.48228086312335305,1.3682857853129813,0.4671404481347056,0.3152245396841181,0.25315231442350716,0.17663501218117636,0.4277248794312136,0.5393214256119591,0.10446614958816021,0.2206713154013159,0.2061061336780523,0.38448525000414324,0.26817568239447126,0.06666036891562672,0.4900732859344702,0.21743167768773106,0.40418647972289906,0.530759193887867,0.260557301247949,0.3968602562190292,0.5834136047995493,0.3469690664412735,0.19827488854637965,0.28069482424302694,0.32555727638840554,0.25477600722584065,0.45309821177016524,0.5970194235900494
90,0.058959868410149316,0.20450170702199244,0.4994264571835795,0.49202417176287294,0.4264445383582757,0.24438299441488912,0.151056638326787,0.19053182021578086,0.150844760436865,0.20346604186347142,0.05308713270024361,0.03846069706160195,0.9723512322047102,0.14029348348497653,0.05837971295513681,0.3638169923266875,0.40406700475645935,0.040327201312583966,0.3315123137605861,0.14018217073534528,0.7456105503902947,0.30984215847130386,1.038371824193308,0.26952338454399305,0.39112808465503224,0.6062077926382604,1.3505824011004492,0.6482401929100583,0.18241694426490324,0.45738449427401845,0.9390129186761461,0.5628521105752498,0.5073397139495186,0.11474659009927246,0.7605343227431678,0.2102121513449013,0.28424842970549713,0.31165724489965035,0.07132254429142013,0.10385250004143257,0.4747390576575682,0.19200645519481596,0.6507261224083923,0.21098694045310662,0.27580329471817566,0.6913459868410148,0.05972382704386883,0.19217229321003004,0.10257777722534349,0.11354651220603595,0.5706112961766022,0.20230553207709767,0.1003236049652795,0.3956289215929996,0.4859399559157427,0.16752633454316443,0.5890446560267819,0.1284553936923051,0.6178382223769038,0.45759546893385705,1.0517382704386882,0.4917216476905484,0.15468139180297988,0.49217560781584047,0.5405458327118448,0.04671341918162381,0.44832156648270605,0.15393222459768968,0.17543601153482816,0.6953662970881189,0.33462394139776935,0.37782682841943016,0.03078108685924526,0.07310745952037655,0.06182210510615026,0.43408999983426977,0.3579386632194765,0.28954945391869275,0.5117263378577702,0.634111296176602,0.27515906793284606,0.21064983675566384,0.5763448764480684,0.06691789721407379,0.46194139776927023,0.7598988050846054,0.2939666467790318,0.4243661727904008,0.2983673246159199,0.41506250517907156,0.0,0.012896725169459227,0.29897393062530037,0.15577794627023978,0.7307179601915842,0.6750754404282472,0.19203153847428694,0.14765895192164272,0.12619887634863022,0.150671331974345,0.4642414773198097,0.42157723860189916,0.5051803145560916,0.3963381063657005,0.15704153201080562,0.15404227779711296,0.09854825237408645,0.07207370854671111,0.2805693912726428,0.05644194467922899,0.6809639370887819,0.02711265516498449,0.01893196771573936,0.06727946270239811,0.19185950214620723,0.16188241435887238,0.42464161653325383,0.38240669384643433,0.03416186048824143,0.6830158935348615,0.5782445350436697,0.6812358093438737,0.16826776214388706,0.12531796184888716,0.037393402277134224,0.07396479059977792,0.059601128623278474,0.2033859609870897,0.10248500969522199,0.1402560201528033,0.050042783274499056,0.5229702514128507,0.6591972439052685,0.523218333084738,0.34682327350469844,0.20763777987702817,0.14955491473176546,0.11536647110492386,0.7761926448897067,0.3913238867067734,0.03196484031886508,0.48436971113210364,0.20651264522116708,0.48104438257180265,0.18209435854091063,0.09400451615041677,0.1557634200102753,0.09136370340907202,0.2106615124546313,0.5912265864532058,0.9851494058569086,0.09544981686802895,0.2458140837600888,0.039921443842291085,0.6376641144201929,0.1607206698818343,0.15015379770960738,0.6381391471519249,0.07941563499560815,0.09572077760652312,0.1933678632393642,0.9372068728351481,0.1355053862344421,0.2856444588077363,0.14710735179568768,0.7548505775700624,0.6054792339945972,0.21380408193705555,0.02459215432804652,0.13405549478778234,0.7272040471336947,0.11922648701503176,0.06772958617146455,1.7826631946170801,0.14005583453487794,0.14612797693034357,0.18152312766204287,0.24492470044249992,0.02124811481794528,0.12494960141865126,0.5140598203483651,0.20009927244402462,0.2237767032930609,0.03532748305407779,0.6825501416993981,0.48086449062795206,0.09708471303800192,0.21420069109531154,0.020158297286995145,0.11654744858217735,0.1626662440544258,0.811238129567941,0.22572057873017454,0.07807197666517508,0.23068357115630025,0.2670290773794726,0.16037191534496764,0.18241878387112812,0.05343514973731749,0.1914870233182519
91,0.0680049884817448,0.2017355441754089,0.49237863570824825,0.4892242993751966,0.41893598667528464,0.23991196406967302,0.14598052669086328,0.1923583254611446,0.14333620875387396,0.19595581630454595,0.05506715391372081,0.04504749001474998,0.9653659076219362,0.14113240192910056,0.051070054193805,0.35630844064369643,0.4017859841893302,0.046388082334808386,0.32633031704204585,0.14112283100482273,0.7387005833706226,0.3094507781037142,1.0308632725103168,0.26911974013490436,0.3836111470193406,0.6015539120635078,1.343073849417458,0.6422838877011552,0.18419898407331908,0.4554054177231973,0.9320765508211936,0.5553435588922585,0.5041584795903148,0.10799721573111913,0.7530257710601767,0.20755329886143295,0.2853135865692172,0.31165485009695215,0.06381288221548252,0.0963438323472381,0.4721490495367839,0.18449790351182482,0.6452780788544721,0.21153821740499512,0.27511631780440515,0.6840991067137343,0.0642352127148279,0.18595877459023186,0.10404322245976895,0.12105675433799039,0.5650638641674538,0.19718016539882996,0.10363628001789886,0.3881203699100085,0.4820533237209766,0.1686637663865824,0.5846005237077181,0.12976327913952826,0.6107415270388971,0.4546727241087853,1.0446980559836925,0.4876674953181193,0.15701678847843023,0.48868172326356085,0.5342408641177347,0.03928430202688145,0.4408130147997151,0.14642367291469857,0.16792745985183713,0.6878577454051277,0.3332718391090339,0.37031683488291145,0.035984214189827474,0.07639701519746764,0.06479118812045279,0.432119607550672,0.35627535259119314,0.2820409022357016,0.5042177861747792,0.6266027444936111,0.2681082301662275,0.20314128507267268,0.573292878569416,0.05939686604020614,0.45443284608627904,0.752390253401614,0.2934768557649281,0.41770778435174594,0.29085877293292894,0.4097094416546512,0.012896725169459227,0.0,0.2941811514940585,0.14826939458724864,0.7241179585342813,0.6695565968942143,0.19955230447968975,0.14015040023865163,0.12816015346624904,0.1555712888844694,0.4587702978173321,0.41963158985067706,0.49843234889540766,0.3888273670428744,0.1495329803278145,0.150499370224896,0.09979944148892092,0.08273053912063509,0.2730608395896518,0.06081340426589767,0.6734553854057904,0.025608743930128103,0.02543677389416459,0.06916480220089827,0.18720343393161964,0.16904266726329573,0.42142987122756437,0.374898142163443,0.031290193738709615,0.6755073418518704,0.5727985962644393,0.6737272576608824,0.16970906047498305,0.11780941016589608,0.042220371567311406,0.06645623891678681,0.05176549163890684,0.20394897164354733,0.10221083378909163,0.14290935381759723,0.05485919554516976,0.5183913472215317,0.6516886922222774,0.515732602462752,0.3393147218217073,0.20012922819403703,0.15009797146124387,0.120198163708381,0.7686840932067154,0.38381533502378246,0.0344757619450107,0.4768611594491125,0.20685813487131044,0.47353583088881157,0.18836019821342753,0.09166658380152137,0.15084781816072523,0.0911299656938298,0.2060975737085467,0.5841114784799218,0.9776408541739173,0.0879405359717595,0.24620548070070758,0.04295352094002227,0.6329968428379653,0.1682417839208472,0.15729051691277618,0.6315250915659854,0.08279950778103713,0.09379751901755086,0.1956021810106233,0.9296983211521568,0.13595805366346808,0.2781359071247452,0.1455829065778352,0.7473420258870714,0.5981897611826513,0.215160625797577,0.026047274565372286,0.13472414193142082,0.7196954954507035,0.11374891032333981,0.07273993602810784,1.775154642934089,0.13489823331510298,0.13861791710170865,0.18270167719054012,0.24442126982548598,0.030530129766817484,0.132459926415751,0.5106085947728668,0.20001043272178853,0.2247427368700177,0.028037131871592166,0.6751477402674887,0.4733559389449611,0.09367233464260262,0.20676414922355357,0.026674621720611878,0.12111718788843034,0.16336740748106532,0.8037278045708416,0.22050667893070813,0.07850160758381806,0.22317501947330914,0.25952052569648154,0.152852475181889,0.17491023218813706,0.06598922753111587,0.19075732113558397
92,0.35778011733704584,0.113109009098593,0.20057109000812087,0.19571158786191348,0.13235346956363214,0.5187851223918196,0.419020674853743,0.12952918510416145,0.19021369263660318,0.11041345564228772,0.34901424451847063,0.33100797162697426,0.6734342962263212,0.16357706458509416,0.2729317439798472,0.06497430351845408,0.10939006281178008,0.33538984736240246,0.047051484114751775,0.18124672268350492,0.4467061601948987,0.030817282354695955,0.7395269311722102,0.038723039824988786,0.09228826298082493,0.3075872155653888,1.0517235204428315,0.34928114486484696,0.12569704502891987,0.16323167437312508,0.6400780672533518,0.26399322991763197,0.21036893219973812,0.19948768623941393,0.46168656258804414,0.09349019705331538,0.038687747559621455,0.033624513167271546,0.24138452742007654,0.22497252191783101,0.17893395647922564,0.1613735312153003,0.3518646729312717,0.11082250285884755,0.03989625283813129,0.3925047730323673,0.35796597557135523,0.1082938895241883,0.20383386367026296,0.4124053928636538,0.2717025969936524,0.1120991150002486,0.22591680339415632,0.09738859609870905,0.18788272924642438,0.14666912776148094,0.29092637431843427,0.18447915941596643,0.3189981189612025,0.16121922802830665,0.752850619002635,0.19375249009761508,0.16029898573062193,0.19472735709905695,0.2417789655115266,0.26930862294701596,0.1494750493047614,0.1827138583668937,0.13018799615505722,0.3965113608114157,0.05430071761215796,0.08254997596910787,0.32188778402028545,0.23741440859145838,0.28451891811266333,0.14023214670445314,0.06597618455725154,0.019152811614378804,0.21286745720015243,0.33527170652480154,0.035958020517409976,0.1175385157195181,0.279506347470127,0.23910873564361354,0.16327058784534057,0.46105281824359023,0.03261259715938282,0.12550729213278314,0.051654154029731975,0.129970209980278,0.29897393062530037,0.2941811514940585,0.0,0.15149287359750738,0.4317849815210726,0.3761394620394771,0.49089041913190457,0.16670582044780327,0.4221075092394637,0.44923440063640424,0.16535949385969284,0.12809632244485322,0.20687359750741646,0.09749972654502058,0.1653429291171547,0.4354116243225774,0.2114890203682527,0.3635367424054095,0.08589486899020538,0.25125760287707777,0.38210613367805235,0.311889068430037,0.28846258638691386,0.25834711380699044,0.4640272377732479,0.4607914781484614,0.12817710767496976,0.08355943088218232,0.2874187424385554,0.38415701287724363,0.27942871111553047,0.38237692868625595,0.15226713236878311,0.18210801471684984,0.29504057906163506,0.260513274996271,0.2905272957788495,0.10704498748736321,0.2036830739654287,0.17188188402194265,0.2871702464409421,0.22432184822419993,0.3603383632476506,0.2243621372578265,0.051266270571272365,0.17930300469016727,0.15417701652330992,0.22412834982349716,0.4773513813619714,0.09247276222675219,0.31615206582807137,0.18552458608859945,0.10157812525895359,0.18218550191418487,0.4809627023981174,0.3519495931321368,0.42229758530966705,0.3271873995260114,0.48188708795306523,0.2923844611279603,0.6862963589055171,0.22913879083180025,0.07011170221581399,0.27334238220719603,0.33901244634481853,0.45956708762160453,0.4490938862095824,0.33933525580470325,0.26139546561925114,0.2094622549263328,0.12974987155902487,0.6383479921775306,0.1750019639039427,0.11021873083743523,0.43714669616665847,0.45600840252572966,0.3066203533369794,0.1132504101824691,0.30061061668241107,0.17168555163327204,0.4283451664760769,0.2998872536833558,0.3663260992061519,1.4838160476640316,0.36949153946866875,0.2066048658413298,0.13763378577702642,0.05986816984040165,0.31179224050779764,0.4238067916273057,0.2165864449195379,0.10450625631846729,0.09057984885397502,0.2690917814348928,0.3837109332272659,0.18201003496909138,0.37911064982846926,0.10046811349210295,0.28807405658032115,0.4149005038200833,0.1449561891976996,0.512406909295812,0.4808518702663285,0.23084519133562037,0.08402356684731271,0.18852578763320577,0.21762407398200173,0.14357064253633645,0.3372338868725037,0.48313980178657245
93,0.21438663219476625,0.07259404365335856,0.3470204262583073,0.347124944066027,0.27068760668887454,0.36837998641011616,0.2688005767414111,0.0672723611594491,0.041143398133876935,0.05598185253318749,0.2007885944414061,0.18187420242297686,0.8181388239778582,0.029210759210460877,0.1223141583387196,0.20804802863819422,0.26074075639304595,0.19230859808747255,0.18621700724241375,0.0468541490578233,0.5917143058386779,0.17286679427899038,0.8825946568554334,0.13345635492799016,0.23536347967317986,0.4569529243109763,1.1948106862891328,0.49639777755680414,0.06130876381776296,0.3146335951871923,0.7848522514459966,0.40707416430501003,0.36143975703939407,0.05383458459702681,0.6047563764729281,0.07547994663484645,0.15395368667031264,0.17583539667545026,0.09024722816089094,0.0747562024561229,0.3303963688493345,0.04189849019705334,0.49983481661943363,0.0860888562952651,0.1403553008833425,0.5368698188567923,0.20993936757321144,0.04708998326124064,0.06067309700193902,0.26932445847627573,0.4196910538789174,0.06545367009728367,0.08283437743416361,0.2398581680173686,0.3386264687846999,0.0424622714993619,0.44024393841462395,0.042018702663285695,0.4641963406751851,0.3126601948988217,0.8973541324847943,0.34444211869603414,0.03977661214140106,0.3459247998806742,0.38928625764430963,0.11819046553638606,0.2925436202124662,0.03997406320953278,0.028630421452128792,0.5395950628946453,0.19476152239844882,0.2222148776081804,0.17212511808283204,0.09426247534761929,0.14143392333316762,0.2913140589005453,0.21663830192744332,0.13403220139544908,0.3559483915875304,0.4783400288370705,0.12708776247534764,0.05758060292679696,0.43074545484678234,0.08930115679742785,0.3061757984056746,0.6041208588143656,0.15691864300038114,0.2728546711082384,0.14259738311871265,0.2653752299507781,0.15577794627023978,0.14826939458724864,0.15149287359750738,0.0,0.5773010076401665,0.5238745338835579,0.3478094847445267,0.026121944347768464,0.27195302374915065,0.30173882563516136,0.31329392267024647,0.2792725351762541,0.3556581398432192,0.2405736836871675,0.023810131092659812,0.2841685891380367,0.06829744443892014,0.22045004060392118,0.12479464359701023,0.10818359601584379,0.5252039394090059,0.16060521387493995,0.1453913306485026,0.11526617941961252,0.3140741477319809,0.3172883292729412,0.2793718656258805,0.22663497903511823,0.13618730837435153,0.5272419579376522,0.42809374533883565,0.5254637299259186,0.04807154576641975,0.0459513581597309,0.15195369495682728,0.11074954838495829,0.14103430617013873,0.07362942707038576,0.05749511095642952,0.041308664379588675,0.1439871061833971,0.3745086014020783,0.5034226951059845,0.3698329687266942,0.191046073020766,0.05681520243954992,0.027430559008269906,0.08116266428015044,0.6204200351348215,0.23554594043653362,0.1730668721722269,0.3285985432307463,0.07703598004607304,0.32527266776048663,0.33597456040040447,0.2032000364606639,0.2737607268930543,0.18055421866454527,0.3325238320157776,0.4380873481496213,0.8294035946900016,0.07766684896998624,0.11372671903743847,0.1302432009148313,0.4883277399360282,0.316491324019291,0.3054984918543562,0.48551519746764116,0.11831453123187322,0.06141277614809657,0.07306282835313807,0.781435158023832,0.029659523691145006,0.12987274399642026,0.2858551351530519,0.5990761282089527,0.4519857306219859,0.08948751222260895,0.1575066955037372,0.03150274283630818,0.5714323323223784,0.15965416231624657,0.21910139379174332,1.6268852483468401,0.23087846169144333,0.06064191484777676,0.06109831949485406,0.10995013175558094,0.1685343227431678,0.28071793533204065,0.36767286497953233,0.06832971212648532,0.09600575084108123,0.12079433699597274,0.528190448963357,0.3251759889955087,0.2279011750277598,0.07038028472463913,0.14432121844909593,0.26727852632625665,0.03857722202887023,0.6554783307645139,0.33572821061005315,0.08379834766900343,0.07491185634498419,0.11126153897147784,0.06857625250667068,0.029226180413994298,0.19352180181971865,0.3319731351199059
94,0.7892664031555048,0.5412886773065513,0.24293350900744135,0.24594160493213352,0.32906730307098225,0.9269454830209318,0.8293641343078275,0.5611502593679047,0.6093636454034704,0.534857513382721,0.778052826530105,0.7584904953678383,0.24194280647673977,0.5951333714513003,0.6973536601534663,0.3800391372081075,0.33439491870929255,0.7667395714214689,0.4082019174994614,0.611451797345001,0.03560987089610369,0.43435017153085076,0.30816490992558715,0.4700538374848772,0.3469065861217454,0.12853346923217157,0.6203798455393691,0.08309453255771561,0.5574308987553656,0.2845959661247286,0.20845551799002293,0.1752152090687614,0.2309115000248595,0.6260829894429805,0.04551345729959067,0.5237841694426488,0.4688619466679924,0.4387670909362104,0.6659624620891961,0.6475341652993919,0.2653915875304529,0.5799386052138751,0.08169281061999703,0.5422373589220902,0.4713786439947629,0.0406080395763934,0.7870830971676693,0.5388429871227564,0.6353085483683854,0.843755431810272,0.1609172840119989,0.5399025091565984,0.6572652679030149,0.35507473607451234,0.2495805034886226,0.5780258456388073,0.14664353900462385,0.6158372031356171,0.11341189777755682,0.2793309799632078,0.32132503853229255,0.23969537943950012,0.5916490246772401,0.24114350585856575,0.1920338918444124,0.6933375097366545,0.31723132633951506,0.5963830109879179,0.5584768971975008,0.08206748537430188,0.4049408840053697,0.35579013573310786,0.7485108470475148,0.6688292149356139,0.7158648966671639,0.30800169873547795,0.3799140025522465,0.44428657253186166,0.22277123419347353,0.12727817000613204,0.46418311539800133,0.5398057558129898,0.16296117767944449,0.6664930476143125,0.2737160542932431,0.044833209035615426,0.446105578481579,0.3072726180413993,0.44264029897744417,0.3158981338769287,0.7307179601915842,0.7241179585342813,0.4317849815210726,0.5773010076401665,0.0,0.057330814232917374,0.922240458078523,0.5908298198511742,0.8473253782793879,0.8789967102537332,0.26872390162249965,0.31543432937237936,0.22698203483650709,0.3391798505112778,0.585263759757371,0.850205721009629,0.6428233812293874,0.7948814614097018,0.49957958368551014,0.6828521437213082,0.05816871343575466,0.7347708032947182,0.7198210775783489,0.6896971527536089,0.8674432042294371,0.8924132650524538,0.3090854919703675,0.36459662075937616,0.7103770778435176,0.07514267720711318,0.15380516747045864,0.07833426970947481,0.583948051840435,0.6104902716319462,0.726385115762608,0.6731368849334595,0.6981294104973569,0.5383971643547292,0.6345350933890188,0.6036023135948555,0.7187013125839007,0.2090926266593746,0.08830322842605941,0.21224342465072327,0.4300638310213958,0.5712668423407747,0.5859349840070269,0.6554783887701153,0.06251716137158389,0.35654903130645194,0.7477195926349459,0.25508087638177634,0.5331769087986211,0.26112053564029886,0.9123358441472351,0.7524106050812905,0.81982997729495,0.7215853179535625,0.8822431594822585,0.14073779810736006,0.2549622300667893,0.6488508178789834,0.5014403785279835,0.7046726992492417,0.1025177248545717,0.8909210709491375,0.8808415949883159,0.09276288967334557,0.6927455045658694,0.6387031439036114,0.5610778683770034,0.2070043172740682,0.605482962926134,0.4951196406967302,0.8581474253799366,0.041938828949767144,0.13372390162249956,0.5449525265582792,0.7319448946784005,0.603120941679511,0.09450343890352837,0.6847293955816306,0.7963982250285884,1.0524542750128438,0.7424591889159581,0.6161258224365667,0.5689838247236446,0.4912145958666866,0.7435407779379836,0.8551489086660371,0.22210589336913109,0.5359096438456056,0.5219298878005934,0.6980534148726364,0.05193733737715246,0.2658921344404117,0.7905867763801188,0.5280401647359086,0.7196560350685294,0.8445478960539621,0.5763018860107062,0.08668720893617728,0.8662874260428577,0.6610714960473326,0.5062478165034223,0.5505736836871676,0.620635592237193,0.5597539733837155,0.7689294734748668,0.9056901589353489
95,0.7319844296392054,0.48798403188650796,0.18821856510714463,0.18897035913753962,0.28231619682129305,0.8805109547722036,0.7819663318914796,0.5043780556522315,0.5595994133147715,0.4828609274267058,0.7241463647060773,0.7055737914118563,0.29917179601915844,0.5385965378942309,0.6456231873249476,0.32856566234110607,0.2774244187010059,0.7097670163575797,0.3532502113061204,0.5569215432804654,0.07254838495831883,0.37737569399559157,0.3652373174895176,0.4129978703657667,0.2969468585823431,0.07342198246573525,0.6774664727622267,0.03161981471353516,0.5014624538026816,0.22779974808995843,0.2655370407199323,0.12460953114900811,0.1739408840053697,0.5733391753260743,0.08739925255638975,0.46930114851091337,0.4116581149836756,0.3817883209864268,0.6137167172144052,0.5964747344172093,0.20852236530270635,0.5303021677522001,0.024543603639437216,0.4865643779313546,0.4155808846682908,0.018550580884668183,0.7332830010441009,0.4840047730323672,0.5785131755580967,0.7867828767463829,0.10473229586171466,0.4866891314075473,0.600293475198462,0.30315968942143556,0.19290836772236863,0.5210368501300985,0.08965235585607988,0.5588480750426758,0.06018025655048979,0.2224344453835828,0.37860666401498205,0.18363218647972293,0.534676469613351,0.18430898755365516,0.13644835015495785,0.64137677124248,0.2733588226520161,0.5474506289464525,0.5047193771855684,0.04622882381212813,0.34797073203069334,0.30220535640298984,0.6958513730754571,0.6121247286166492,0.6588929713783787,0.2507711016092411,0.32293650872569996,0.3908140091814581,0.17103655181557534,0.08993267206947414,0.41070403884718015,0.4887392648204313,0.1059886226155555,0.6130911682328181,0.22150589171182822,0.08674393012810956,0.38926265765093876,0.2520312815923367,0.39366439616168664,0.26012916190192087,0.6750754404282472,0.6695565968942143,0.3761394620394771,0.5238745338835579,0.057330814232917374,0.0,0.8653524088897729,0.5386201876066888,0.795469215598535,0.8248358358607201,0.21150066292116215,0.2584642271167901,0.17205974576973435,0.28822617212747975,0.5343421501847893,0.8015190175508378,0.585620659938017,0.7379078788180117,0.45118105205588427,0.6266852201726911,0.01825191004159831,0.6832227829430382,0.6630196556124565,0.6327245976897198,0.8229090389300451,0.8368855963804508,0.25216530767828443,0.3144046553638609,0.6589946551981309,0.04382376240905551,0.0977816503422331,0.047345257627736656,0.5277200566797593,0.5566666583801522,0.6694057326107493,0.6244553356867036,0.6513721225078308,0.4813789008767132,0.5795446228807237,0.5476640812741346,0.661921833308474,0.15237171646861902,0.056534819934039374,0.1576886093571321,0.38519999502809127,0.5280933558726529,0.5296881618853478,0.5985058337062265,0.10321049404199603,0.30529362435572355,0.6913044382571802,0.20554737400354664,0.47631048741278437,0.21312078423573483,0.8568653689984919,0.708435961815741,0.7768564278493181,0.678974618406006,0.838540545915577,0.08591509637216393,0.3120008286514527,0.5984507615306852,0.44428616649264996,0.6476331394288933,0.0523611760221417,0.8339437097068231,0.8248903859858464,0.038953413215333396,0.6357729495019804,0.5847097233961451,0.5039893684018627,0.2639849102570476,0.5508280465370655,0.4526680919471653,0.8077327681930426,0.0817176121579741,0.08011094814299206,0.48861665755150063,0.6749394752979001,0.546584505875139,0.08636515354911414,0.6435267571554055,0.7420250667064419,1.1095094963456473,0.7047547854621388,0.5682008485390873,0.5120112696597557,0.4343109680306268,0.6873145726644458,0.7981763536021477,0.16550417640332132,0.47916884601998705,0.46495733273670425,0.6440752249788695,0.013693266378296006,0.21382247799930387,0.7435350188103879,0.4748691476491159,0.6640814978703655,0.7904371550738328,0.5193302424634151,0.13910420292016765,0.8261692106266261,0.6065743051757571,0.45417754686023976,0.5139846616616119,0.5756425529093951,0.5093290740648668,0.712162970881188,0.8546467873183182
96,0.16562976681748115,0.39595358723213847,0.6914579956578665,0.6788314605810503,0.6184760768325628,0.10931345398498482,0.1271570211637581,0.3685094300535308,0.34287629891115196,0.39549590646182403,0.1472849815210726,0.18041657965826413,1.1641582227083644,0.3274043570493378,0.2504112514294237,0.5558485308009743,0.5903985647756839,0.18992689636884938,0.523543852234873,0.3225785975902815,0.937465718689405,0.4930319693730423,1.2304033626675948,0.45367496146770747,0.583155397006911,0.7952439549876531,1.5426139395747358,0.8395568537761646,0.3656733621704039,0.6428122938729512,1.130658487876829,0.7548836490495369,0.6945872652844758,0.30677812857355935,0.9525658612174549,0.40211816569714437,0.4633474038349988,0.49356158537595923,0.26335297237276056,0.2958839225045161,0.6611924128672998,0.384037993669103,0.8409426158869056,0.3913918029798307,0.45951616698984077,0.8833332421816736,0.14902230729710472,0.3841543611925952,0.2871364208886459,0.09535323754122547,0.7613403768706807,0.3943082831999204,0.2737419745106814,0.5876604600672866,0.6744260760039112,0.348531256732793,0.7777620030162914,0.30948323638111336,0.8098641757403999,0.644954623046454,1.2432657236613138,0.6832145461475992,0.33321340260859483,0.6811363463100149,0.7325773711861316,0.23874240540943661,0.6403531049569929,0.34596376307197657,0.36746755000911524,0.8873978355624055,0.5199789853991614,0.5698569250401895,0.18850217935332036,0.2536699978455062,0.2241272642900943,0.6195588673991944,0.5438903694128173,0.4815809923929796,0.703757876332057,0.826142834650889,0.46719060640713306,0.40268137522995073,0.7633426556621754,0.2589345033891844,0.6539729362435571,0.9519303435588922,0.4776990089328626,0.6163977112646879,0.49039886309020686,0.6064144997431178,0.19203153847428694,0.19955230447968975,0.49089041913190457,0.3478094847445267,0.922240458078523,0.8653524088897729,0.0,0.3396904903959297,0.09670692255423523,0.06821035317124909,0.6543655264422681,0.6076362717313846,0.6972118530303784,0.5883674572001526,0.34907307048509256,0.09287987868542735,0.2807979416297917,0.137882472364474,0.4726009297469298,0.23967376820961558,0.8729954755630687,0.19709939674174243,0.2024304015644939,0.23726433152687312,0.12869705331543443,0.030869387958037117,0.6136438207461179,0.5744382323207211,0.2224792174215681,0.8750474320091483,0.7701289381660287,0.8732673478181606,0.3471691194749665,0.3173495003231741,0.20215349110856992,0.26599632907406484,0.25049307247385605,0.38612737201478325,0.2917755348945127,0.3196561262201893,0.21599468834418864,0.7135757636023135,0.8512287823795555,0.7152498715590248,0.5388548119789854,0.3996693183513151,0.3369770795008203,0.2819832198080842,0.9682241833639935,0.5833554251810603,0.1749229105553622,0.6764012496063908,0.39052471038631736,0.6730759210460895,0.013263403437246326,0.23646580984106463,0.17930192744327877,0.27146256152737036,0.1221083378909163,0.783258124927493,1.1771809443311954,0.2874806261290376,0.42736808697525636,0.21927116790135728,0.8267021329488389,0.04639091632277628,0.04290109216261457,0.8301659457399029,0.24539480269808917,0.2877414276007226,0.37051431909710136,1.1292384113094347,0.32195995127529453,0.4776759972820232,0.08759294154692653,0.9468821160443495,0.797510772468884,0.3920209731682659,0.19368135037040712,0.3192479076550821,0.9192355856079816,0.310621007971627,0.13595050464873462,1.9746947330913673,0.263677488854638,0.3381580072589866,0.3618126750526194,0.43108814365501585,0.1794456487512222,0.08668138351646529,0.7020070518238618,0.38641899932050583,0.40446587613318086,0.2273508841710999,0.874581531016424,0.6728960291022392,0.16865470922620526,0.4062322295695984,0.20351072274979695,0.08565719518056311,0.34681067800261867,1.0032678947281195,0.14276963489616995,0.2677000447471784,0.42271510963058706,0.4590606158537596,0.3523925653391671,0.3744503223454151,0.18344360198213427,0.03823138434511673
97,0.20598210112862325,0.07547745239397406,0.3589124032549429,0.3623958799449775,0.27880133081423286,0.3557588955733441,0.2568288669020036,0.07546868526160527,0.023849806924211528,0.06727731649513582,0.19240550887485705,0.1676779446129369,0.8306057856444423,0.028315782495566724,0.10713886541043106,0.216164106133678,0.2757189297137839,0.18418960373887538,0.19702974858714933,0.03444511012777803,0.6052429523193955,0.1859928653109929,0.8926286315649912,0.14598813371119831,0.24473035681731556,0.47219150963721634,1.2032655827905667,0.5111035068529474,0.07124467591441688,0.32955144268217895,0.7973774175906128,0.41596032416844814,0.3768137937320805,0.035345381925454514,0.6128797461011949,0.08457618621455441,0.1647164271863967,0.18868950430070097,0.07635669301778288,0.0586614710220587,0.3456014103647723,0.04438205803874776,0.514770877873349,0.09848813371119837,0.14996802234044318,0.5505028754205403,0.1967147035913754,0.05955167470458576,0.052554881585707425,0.26120546412767864,0.4347235038698023,0.0726528116143787,0.07471530022042129,0.24797018512073454,0.35402877906494973,0.05169199025505889,0.4555177580006299,0.033419753393327645,0.4787314009181458,0.32789992376406624,0.9092269842059036,0.35984603656010217,0.046674555428495676,0.36128852814928986,0.404099231011452,0.1028468734980692,0.3006645038863753,0.02352168580851517,0.03832542799847529,0.5477140572432423,0.2090705928172493,0.23674158504449852,0.15768646314986987,0.08608237624090556,0.1333149289845705,0.30608777076186217,0.23107007905334864,0.14860443494257441,0.36832899119972157,0.4864575813321401,0.13576100863454815,0.06321765359054675,0.4461024544656027,0.08076467127396873,0.3174216095725815,0.6124914483170089,0.1707108172160626,0.28809532806311006,0.15091515437776565,0.2808634050945491,0.14765895192164272,0.14015040023865163,0.16670582044780327,0.026121944347768464,0.5908298198511742,0.5386201876066888,0.3396904903959297,0.0,0.2569270538126253,0.2890511443676561,0.32822232718473954,0.294015951540463,0.37075998110674685,0.2516981139892938,0.012229495019804753,0.2703136860073916,0.06009250236165667,0.2123287757503438,0.13291043935100016,0.10005671290541764,0.5382824624206565,0.14521478645652067,0.13727338040073583,0.10714718507101544,0.3018825303700758,0.30916139644342805,0.2944298546545352,0.23475340990072757,0.12083428628250387,0.5353588640845889,0.44302891164918207,0.5335813487131041,0.053135053613748984,0.024907439632741685,0.14382802167752198,0.09970859643016956,0.12970617676792787,0.08345963638774262,0.04798113160642366,0.05673493925984856,0.13586691857670824,0.38985870664081274,0.5115448217570725,0.3832311523227098,0.19916432158305572,0.06071873083743516,0.034656499113342926,0.08084545650408524,0.629034612771176,0.24366493478513065,0.16494799383483322,0.33692627488026,0.08762720628449258,0.3335591325676594,0.3275320605247022,0.19228674654866662,0.26265706259633076,0.17091874243855545,0.3206709507946768,0.4529372627985217,0.8407034505046487,0.06293389018710946,0.1257483799864101,0.1220939939342714,0.5035435042012628,0.3083733737715242,0.2973794975057592,0.5002074363181359,0.11019553688327616,0.05196311672384362,0.08035587265284473,0.7895520641707683,0.035873266046835384,0.13798965014335668,0.270470790036295,0.6072012380052704,0.4644292745985183,0.09636488838064933,0.1493821823364656,0.02499053680041098,0.5795492384693152,0.15257689885480372,0.20725079964865176,1.6350093803344434,0.22359655446725998,0.05367229321003,0.07556221515106318,0.12209105222161455,0.1604153283945707,0.27259894098344356,0.3830647508245082,0.07865875304529406,0.10877081158123274,0.11234548965014335,0.5421314821259882,0.33398892921659284,0.21397862079252217,0.07531117519349009,0.13619552859676157,0.2549419115331709,0.046812111569631616,0.663620709657104,0.3263841545269228,0.07264652214985332,0.08461940867432338,0.11937483219808084,0.05808577371186133,0.0347699912162946,0.18502340111702215,0.3165688526491987
98,0.11593504201262866,0.3110835032068811,0.6099939011253087,0.6173033278642337,0.5243380566466133,0.1394204991796351,0.058095170619334086,0.3140811829828138,0.24632614063872452,0.3127114055585939,0.07361021064319924,0.09348436334708894,1.086432241170719,0.26609982764049783,0.15370432887518853,0.4673058138185916,0.5297688062447172,0.14106949071081726,0.44679146986194673,0.24957919421932748,0.8618243258920432,0.43599646994481184,1.1475784235734765,0.3955934553108272,0.5005072755597542,0.728881701718623,1.453432282603291,0.7680024693813287,0.30631729064121044,0.5832945690183794,1.0531769585177084,0.6721870680654306,0.6322516448731335,0.2226289547390577,0.8645712805979548,0.3310774623377915,0.40880730539120635,0.43762568985233424,0.18188448598750392,0.20092850395266745,0.6002279785876464,0.28733107111486766,0.7716419977129221,0.3276511045923863,0.39480332786423383,0.8071769916637661,0.07416450388637533,0.3139546396194832,0.22769869404531062,0.06919224713700925,0.6915914748338554,0.3108132302490925,0.22169303435588927,0.4931726992492418,0.6099453255771556,0.2929530403221796,0.7120724324234738,0.253825502577106,0.7356499030477801,0.5827740101758397,1.1643869056497456,0.6155975985680904,0.27871803477021495,0.6167562770347537,0.6604425164487313,0.15422895639636053,0.5458084323571819,0.25401371418154095,0.2919351745968611,0.7906934321085864,0.4607288652447008,0.49354334675748684,0.10039826646116112,0.19643476027113474,0.17375506720363282,0.5596829496677107,0.4839382654667793,0.4051309020699712,0.6251484363347088,0.7331600043089876,0.386536435804372,0.3083641177347984,0.7014010755895854,0.18312633620046737,0.5741951971361805,0.8667908483733573,0.4200528099570758,0.5445400404381909,0.40531158951921653,0.5370150565968943,0.12619887634863022,0.12816015346624904,0.4221075092394637,0.27195302374915065,0.8473253782793879,0.795469215598535,0.09670692255423523,0.2569270538126253,0.0,0.04165263759757371,0.5849972571636918,0.5474847445267572,0.6258896401995394,0.5082744327880806,0.262114519630753,0.05002118033112911,0.2237842688808233,0.08941161603606287,0.37589400719269467,0.17814164139279728,0.7950783738543894,0.11263185501914184,0.1431543446195661,0.18509386135003897,0.08850445814481511,0.0685731947828104,0.5492482888347503,0.48355775700624803,0.13700441671224253,0.787123684515819,0.6994544324566201,0.7847766204279157,0.28775230779429545,0.24006006894380083,0.15054885728964681,0.17694995773877595,0.15779485075987335,0.3292383118712607,0.22316166989840727,0.26189530817547524,0.16497171812592187,0.6459644177066242,0.7640017318815359,0.6391667909643844,0.44214788942475025,0.30296239579707984,0.2753633470889475,0.23131174696299242,0.8848647972289893,0.49083332504681876,0.12169844544987489,0.5923599164719335,0.3317074280316213,0.5873184673262732,0.0845333449344537,0.1397588872868294,0.08260237988697194,0.17475815807355108,0.10674474220653309,0.7098319163393493,1.0959787368037257,0.1990160344056083,0.3713873779810737,0.1638095593231575,0.7602616549826812,0.07227208770446977,0.05439592966406471,0.75712278957225,0.1945249506952386,0.21344559903213509,0.3169633156001922,1.032534007855616,0.2528601484943403,0.38107525812492754,0.03641773148378328,0.8558885960987089,0.7181279520707997,0.33078833755945575,0.13987792306799912,0.25993311954125853,0.8225311821541622,0.21392049917963507,0.07073300021544938,1.879919049039593,0.16697328427716734,0.24145128358110007,0.30683029218250213,0.3711193340956926,0.12448535772883211,0.06352420490893121,0.6386533833838811,0.3262299839241618,0.3491966638492518,0.15312002187639834,0.7988858284028572,0.5824300618173983,0.07722066159531978,0.3217458608859941,0.1384235154709226,0.024763196274383087,0.2886205687863571,0.9169157344337825,0.1289603407414773,0.19481842589370058,0.3414453338636703,0.3623536932995243,0.25568971975007876,0.28784827391902407,0.13501308440643695,0.08211335123220474
99,0.12196113624687184,0.340993072473856,0.6385009612356852,0.6423288751885181,0.5636034157012877,0.1500718109348846,0.07830737996983707,0.331289033626676,0.28758818508758843,0.3454635973416861,0.10105049801952304,0.12518842705381264,1.1193511741991087,0.2886260958915462,0.1951197401349044,0.5016131855019142,0.5541028273587563,0.1483667528464178,0.4729973151692936,0.2694446460829646,0.893376000596629,0.45762199406685544,1.1816490495367835,0.41777681101774977,0.5337767281526045,0.7568027560947314,1.4909789853991615,0.7977018429208306,0.3262011219940669,0.606987180762028,1.086031008137357,0.7049855317456372,0.6578340294005534,0.253895540197882,0.9003154510349857,0.3557632294204411,0.4269299540927095,0.45817366877144144,0.21372357016191854,0.24060740980128942,0.6249119226371005,0.32874648237458365,0.800648154593215,0.3452824127015694,0.41501820547241414,0.8385100846881783,0.09373170751918329,0.3412142975521636,0.24973885878121943,0.06009291668738297,0.7206164586751519,0.3400611213311456,0.2366668904025589,0.5323689487727673,0.6365714463282457,0.31318134208389276,0.7396742239679146,0.2740848787682925,0.7658891264356384,0.6080449211952468,1.198216460332455,0.6421768176469617,0.2978846682908235,0.6428268367059445,0.6885054690995871,0.18694069341553554,0.5856637415270388,0.2917037571056861,0.3205614610782413,0.8321063242678864,0.4840170287873516,0.5232770264671275,0.13372098476938632,0.21668947944115746,0.1855881022224432,0.5831781103432274,0.5076210991232869,0.4347230646845324,0.6564333847097235,0.7717298264803857,0.41498991531182156,0.3474598352640912,0.7267694360198215,0.2125288204975223,0.6054572415850445,0.90125127197998,0.44169295149074395,0.572876232619036,0.4396425446228809,0.5651630123137606,0.150671331974345,0.1555712888844694,0.44923440063640424,0.30173882563516136,0.8789967102537332,0.8248358358607201,0.06821035317124909,0.2890511443676561,0.04165263759757371,0.0,0.6140559174000231,0.5713854472231891,0.6529760436865047,0.5403471635260776,0.2965973002535674,0.05862325361706358,0.24475906959014893,0.09889209300783905,0.41730941845241043,0.20002358342034166,0.8262146290127447,0.14590734019456733,0.16523585906296095,0.20180115679742788,0.1090849202008651,0.05484395664495598,0.574858284028572,0.5201852864648071,0.17093094018793817,0.8229105967947761,0.7273348994845786,0.8209004458144813,0.3051638906843003,0.26853943552263043,0.16582159134224955,0.2135855416894546,0.1963228591789721,0.35053583917532605,0.2457575282984471,0.2802309865924195,0.17599767977593267,0.6732209433368138,0.7993949518553506,0.6672278542899286,0.48356330068446607,0.3443778070567958,0.2978416032748305,0.2435162498549861,0.9177610914996934,0.5282622433252128,0.1381533336647939,0.6258622864150882,0.35331636255158355,0.6221082798853147,0.05691382024892693,0.18117429854654532,0.1240104161487595,0.216171050232851,0.12022864979532308,0.7391338189230847,1.1295800145842656,0.2347667511891148,0.3917227912295531,0.1836573111917665,0.7882385604666966,0.03776723180695739,0.03196359734168617,0.7869644591391969,0.20755104492948181,0.24039878851157628,0.3344978869387959,1.0739469000149158,0.27434534877939637,0.42238645817796117,0.04901854521950976,0.8933943966588772,0.7469619317522663,0.34789239132236205,0.1582151924957324,0.2818143489285536,0.8639440743134621,0.2553304744858218,0.08296418568421751,1.9199563963605628,0.20838597756011865,0.28286649596446745,0.32645159018213765,0.39414821259881677,0.1416542617544209,0.04981651170884503,0.6646645287459189,0.3490192164271864,0.3691373406917582,0.18112099139859794,0.8298598336067885,0.6176898026152241,0.1134986824441903,0.3516206102189297,0.16165678914135131,0.03448754536866704,0.3106695835197799,0.9515799068595767,0.14169352326024626,0.21841673710204013,0.37333837982067974,0.4037691045592403,0.29710105404464776,0.32258458874028406,0.13644246672964422,0.08215699630421454
100,0.5209255705265251,0.2772493743681532,0.05520833126170463,0.05398947612655174,0.07580829148643499,0.6724983841296671,0.5734532060524702,0.2935584945060409,0.3498129319345697,0.27245542683836327,0.5134230762856528,0.494919363927145,0.5105514261091499,0.32778813039659266,0.4351273305822105,0.11850695238568756,0.06607276388405517,0.49839794328709475,0.1426747045857571,0.3461193340956927,0.283962917847495,0.1660367175458659,0.5767305391206348,0.20170561328494024,0.08834049288188406,0.14497468469812236,0.8889376688377335,0.1859071993238204,0.2906710668058803,0.03805145096869361,0.47680743797543884,0.10123298364242048,0.06016162846583477,0.36276163012313767,0.2988924741875073,0.25852870448631904,0.2006186463149872,0.170508361093157,0.4032874509024015,0.38623930625300373,0.0427176204444887,0.320469563632145,0.18719153449676007,0.27574925835694986,0.20477252688973965,0.2298101062331163,0.5225033146058106,0.273197973118547,0.36766137987039904,0.5754134887883459,0.10805347287823801,0.2760098112331991,0.3892443113077777,0.09274876945259276,0.04121273968743279,0.3096669318351318,0.1295206748537432,0.3474954921360978,0.15636114287608346,0.030949129087323363,0.5899382157476922,0.04894050282570153,0.3233283614246176,0.050099115000248655,0.08385525945076985,0.43102493412220966,0.07147938315185869,0.3383245164818774,0.2940162747145295,0.23349932050580877,0.13660470839755393,0.0916277946270241,0.4852725351762543,0.4012580503488623,0.44752701403735573,0.04196019158421585,0.1116250766502595,0.18019373870962394,0.05020379853825894,0.17244463779645006,0.200035192827193,0.27854316445416727,0.12952763552594512,0.4024530817547525,0.013894985001408743,0.2982378312534183,0.17838555494787792,0.041843318583337556,0.18533291072109256,0.04967644475380774,0.4642414773198097,0.4587702978173321,0.16535949385969284,0.31329392267024647,0.26872390162249965,0.21150066292116215,0.6543655264422681,0.32822232718473954,0.5849972571636918,0.6140559174000231,0.0,0.04924615091400263,0.09218986890734027,0.08095320605247022,0.3243779230679992,0.5923231823530387,0.3746075755315799,0.5267414607467807,0.24199350337261136,0.41583849583188326,0.21935745537711934,0.47295003231740657,0.4520950380351018,0.4213552097316827,0.6158878668854305,0.626064477369529,0.04138870382339786,0.10478630736339688,0.44874563715010196,0.22131133263726616,0.12110063971892145,0.2195111453620378,0.31692334974063213,0.3459956247203302,0.4580432224597689,0.41543394819271123,0.4433819751736025,0.2700599777921411,0.36876922885695823,0.3368796383765061,0.45108332919007604,0.07656847975604507,0.19752640912179525,0.07073797212416513,0.17938507433003525,0.32339340227713415,0.3188895656209086,0.38713644574818945,0.31455283481661944,0.09535455509703511,0.480463845937122,0.03288283697111325,0.2654947049172177,0.028791967052818362,0.6460524702099801,0.5020796334045974,0.5712692371434727,0.4740322511145362,0.6322685079301942,0.12961511625979888,0.5234859294983344,0.3885646265267903,0.23291836954540193,0.4365661761050068,0.17602006165166825,0.6227264290094301,0.6141097383118713,0.17668468983576138,0.4244035615439434,0.37398858946949737,0.29261694757950923,0.47543068330598776,0.3400601932415188,0.24910218101062323,0.5977246225492634,0.29321083378909163,0.14576214388703823,0.27772569979615175,0.4636306617610501,0.33574464276835897,0.26541720114685363,0.4406537645635494,0.5312566996469944,1.321003397470956,0.5054985581464723,0.3595856494141433,0.3006418817017187,0.22334926001425284,0.47651509802946695,0.5868069656441108,0.06823266875486847,0.26829941662937745,0.25358966837368874,0.43335246689537454,0.2210066540711647,0.03405217189545731,0.5350159101078906,0.26420475977394386,0.45329531480468693,0.5796832396957192,0.308067485374302,0.3493770861300319,0.6237981156465968,0.395817390079385,0.2439045973582592,0.31682220454432447,0.36866064237060603,0.29963956147765136,0.5013463763071976,0.6444690332952153
101,0.47414858549197036,0.23700869255373808,0.0905866355093721,0.07125587928205633,0.07038127910638227,0.6468105785644443,0.5470322594010506,0.24648047697177616,0.31776888910986256,0.23740661098128907,0.4738769701188287,0.4554061883690482,0.5573512653507681,0.2827779131241817,0.39920476806045835,0.08866074180878038,0.022959942988780062,0.4513122855864366,0.1018292397951574,0.30304880757055963,0.33065876133180866,0.11895525282155822,0.6235964053099983,0.15470853842456778,0.06827727506256319,0.18800387808879826,0.9358069822171398,0.2327506753509339,0.24543827375329386,0.03581569134390692,0.5238515305192329,0.1480766916919404,0.08731424120386484,0.3252849152289565,0.34575890385985847,0.2167880972505345,0.15371699895589913,0.1234687266941779,0.3685379439500159,0.3517423888364077,0.053634747012711495,0.2891030096620759,0.23401992906743566,0.23018604882414354,0.15904357049337906,0.2765297154410911,0.480905036543529,0.23463797875337677,0.32166002916853126,0.5283219310893452,0.15452866305374638,0.23678207295447387,0.34192245479706324,0.06315422032184825,0.06711983957307872,0.2626181491241152,0.17128532955468256,0.3004462950993551,0.20305315799068588,0.038190871575597855,0.636486459835264,0.07640758879000314,0.27621552395631355,0.07433217322129965,0.12600503820083198,0.3962865642453471,0.058245463133296885,0.31075030245778007,0.25647535590579895,0.2805934470243126,0.08952223271847395,0.06952884535706584,0.44720331792041634,0.3551857505096207,0.40043545633835503,0.013452998889607071,0.0646113458956893,0.1471373324052438,0.0969509189744609,0.2193394073484811,0.16102504184689834,0.24477932183165116,0.15577159880011265,0.36564281807786003,0.05447360745123386,0.345123386201296,0.13130795173933935,0.031811108901373876,0.16669699530983273,0.05455056431163926,0.42157723860189916,0.41963158985067706,0.12809632244485322,0.2792725351762541,0.31543432937237936,0.2584642271167901,0.6076362717313846,0.294015951540463,0.5474847445267572,0.5713854472231891,0.04924615091400263,0.0,0.09082788909328958,0.07249919620809098,0.29327365385571513,0.5633822071960093,0.32766350121811766,0.47952969886806224,0.2139417043703077,0.37143597838877007,0.2661885182054725,0.43905793102305285,0.4061606589436352,0.37427008236795445,0.5919787616632691,0.5828830772800343,0.018176013855052308,0.07828527983559552,0.41452418004938774,0.26824047465155215,0.16332198080843238,0.26646189860620817,0.27063825220835613,0.3079138782545286,0.4109987984553937,0.3885051542120354,0.4184370887817167,0.22302181839274776,0.3258823977858433,0.29160750095294924,0.4040212549097599,0.10676880624471732,0.24442182502195922,0.10844430633586889,0.161864457481894,0.30502890336266764,0.27356742736870004,0.3400593397305226,0.3614172260063972,0.06704970251412852,0.43418438323472386,0.06959500488904359,0.218728127744908,0.06626951059845201,0.602560856162681,0.4796392631631284,0.5498317837551169,0.4541218366230795,0.6096772899782896,0.17645116756989673,0.5703739869735991,0.3568083577785511,0.1861381527701818,0.3894541672881553,0.2194707403172077,0.5755209980278096,0.5687449576559109,0.22338341702713008,0.3773120038449426,0.334060624140274,0.24575673279305252,0.5224314539518389,0.29728411972356195,0.23320896932332325,0.5642236778866073,0.34007515868675314,0.19070381511128792,0.2312922405077976,0.41660441836954537,0.2897393808316346,0.3124286282503853,0.42466328576873996,0.48848067584812466,1.3678877757337706,0.49276779528994524,0.33431898109017383,0.253550324002718,0.17725982366297088,0.43060590994216025,0.5397499461376557,0.09458346177430844,0.2223662307960026,0.2065070103912892,0.3946122408392582,0.2677898042725269,0.06608907174464278,0.5071028107857273,0.22595438273753296,0.4100567046189033,0.5377025887071379,0.26111500853510994,0.3964850345547656,0.6068153267372679,0.35372823546959675,0.21202157808382638,0.3075883673909081,0.3454237060607568,0.2714831369429391,0.45436531099289024,0.6099618406006067
102,0.5637851389648488,0.31676196987023314,0.0630294668456554,0.05286278360595966,0.14517481231044596,0.7227619698702332,0.6229851919985419,0.33547089776098377,0.3943452990603092,0.31438218233646564,0.5527139743780971,0.5346885596380451,0.4681929597772584,0.36981273305822104,0.47681091002502524,0.1644677488854638,0.11164367987537085,0.5417109663733239,0.18146846152571314,0.3850550721755415,0.24156702961600293,0.20932721788561295,0.5331922719965527,0.2450093886209582,0.1436421634432125,0.10389736323107776,0.845407555643945,0.1449892109580868,0.33154087737615806,0.07144768723379573,0.4348631316395698,0.06297042542965567,0.05242131954457316,0.40329056663186336,0.2553540081870764,0.2972596827922239,0.24357977427534422,0.21375981537645633,0.44540642039145495,0.42895248512570644,0.06305525447886111,0.365533444372628,0.1479067352790069,0.31525936790467196,0.24441034819934043,0.1868829861283747,0.5616505245363695,0.313314605810504,0.4100754652877906,0.6187268267621274,0.06817255837849483,0.3157835313810305,0.43223666285487,0.1387911715474237,0.06119443477684414,0.3529996768259335,0.08856057442118694,0.390809758199506,0.11363475529922598,0.07070287873514641,0.5475401233033362,0.052845415071512636,0.3666204196290956,0.052203201909212925,0.04647186728318336,0.47329823165780005,0.1332658811050896,0.38672865808183754,0.33402544788611016,0.19020015247186728,0.17991227895722509,0.1453806327582492,0.5256301231376059,0.44365203268201336,0.49083629161901915,0.08873101145196308,0.15488846351447658,0.2231376638658248,0.06542490760536299,0.1289390361126303,0.23962989111519917,0.32158878171663435,0.07559759856809029,0.44305154212035336,0.09277773910737665,0.25471849052851386,0.2208966920234011,0.10287460017567406,0.24230958418270115,0.11401538805747528,0.5051803145560916,0.49843234889540766,0.20687359750741646,0.3556581398432192,0.22698203483650709,0.17205974576973435,0.6972118530303784,0.37075998110674685,0.6258896401995394,0.6529760436865047,0.09218986890734027,0.09082788909328958,0.0,0.14745120071595483,0.3695037206450223,0.6395585939442152,0.41768842705381265,0.5698501383847925,0.28995570857985703,0.4575834617743085,0.17579552196755005,0.5159354729113841,0.4947937155073832,0.4646685477054642,0.6678764729279572,0.666688195031406,0.0881376804388538,0.15391071280597945,0.4914443974875287,0.17783882729246428,0.07486824441903248,0.1760618422579095,0.3571864548633553,0.38587080495202103,0.501353544142263,0.464456810686289,0.49433423656341674,0.31336850958749746,0.4076694509355476,0.37756195826911293,0.4933870879530651,0.026975554782147495,0.15401956446079643,0.04645391869271935,0.2374753393327699,0.38067733969737655,0.3602627488025987,0.43044978372197074,0.2710168879166044,0.14248640182966238,0.5224692404580785,0.07836914764911583,0.3074664230431396,0.08785437279371545,0.685517932017435,0.5554744112431429,0.6256244717346992,0.5298369296806377,0.6855368169840401,0.08649700856825601,0.4799745604004045,0.4333010739322826,0.276345249341222,0.4796329736986029,0.13533709541092828,0.6658937088781716,0.654900860140208,0.13437612489434694,0.4677168995177248,0.41311188451913355,0.336016896203119,0.432032027378644,0.37882735046984534,0.3088542070634249,0.6411801239662573,0.24967374335007206,0.10029976466298747,0.31818890767165514,0.5069063955319112,0.3779887054807007,0.22202920167719054,0.5003010987918263,0.5700949385969274,1.2774828800609888,0.5684230431395947,0.41017734798389105,0.3439552196755,0.2661859908185419,0.5179366910290194,0.6301203036178923,0.04964116906146941,0.3108046205604999,0.29690128275244865,0.47285132335637,0.17802336797096407,0.08075855582624838,0.5832608677638011,0.30418623941397777,0.4937210842075606,0.6185939193556403,0.35127328096256155,0.3060891711828171,0.6824648734649231,0.43459366247369025,0.28818692719468336,0.3833062944364341,0.4212860007623594,0.34739420606904325,0.5429363015628367,0.687119102073286
103,0.45481082715988,0.20225317787832084,0.12079179303601323,0.12521771159614842,0.051586270902732885,0.5936462404083593,0.4945228542070634,0.2266068131722435,0.271550672036328,0.1957118198843202,0.4410869669699531,0.41937009231177186,0.5790705182386184,0.2609683372279952,0.3583382803825055,0.041668315683057365,0.05617280697393062,0.4328668854306502,0.07039207643481005,0.2731262533353221,0.35360015910107895,0.10047632542799848,0.6420365683886045,0.13617629559654612,0.02387988697194187,0.22374936608163867,0.9542477750708496,0.2606612307131374,0.2226956694675086,0.09910354828552015,0.5458617395051293,0.16652298679129574,0.13711120502494242,0.28698951755912433,0.36419840401730225,0.18625812492749305,0.1346900180646016,0.10488774258771273,0.3268390095957839,0.30877661214140106,0.10991469861946666,0.242284799217753,0.26567327101874405,0.20486183065678915,0.1340931238502461,0.2990457167006415,0.4482072125822437,0.2042245645436617,0.30123703574802363,0.5098824309319013,0.18624488307728007,0.20087819652297845,0.32339339399061967,0.046918933028389606,0.11224728616649263,0.24416850627289147,0.2099380417308871,0.28197288652447006,0.22857759492202387,0.09379560483269528,0.657973955484844,0.11912193606125387,0.25777602379886966,0.12157732146704453,0.1598284691493064,0.35418109348845683,0.05745582459106052,0.25958949435688367,0.22090772966075006,0.2993906428677971,0.07107399857471955,0.037913704237723465,0.40937700326488663,0.3348012562356022,0.38199595618091114,0.07882052238187574,0.046051707850643844,0.10681845075324417,0.11803847428694536,0.2378775336018165,0.12537624090555033,0.2010352425462802,0.20533982167420742,0.32945421700724237,0.07259628101228063,0.3635628863587398,0.11206330068446606,0.04879511592833818,0.10622464740880691,0.07757338537264458,0.3963381063657005,0.3888273670428744,0.09749972654502058,0.2405736836871675,0.3391798505112778,0.28822617212747975,0.5883674572001526,0.2516981139892938,0.5082744327880806,0.5403471635260776,0.08095320605247022,0.07249919620809098,0.14745120071595483,0.0,0.24642554566698163,0.513550340575747,0.30883783291072114,0.46101394620394764,0.16335051127794623,0.3487517774573658,0.28708891430086686,0.3957135766253999,0.38595878287674634,0.35582415187523814,0.5371736604849268,0.5578556489169525,0.06840755564394503,0.03157424717015523,0.37137175790119165,0.28667997480899593,0.19667992508990872,0.284913066176105,0.24743228260329142,0.27232328179121296,0.3925182303319577,0.33650409353817595,0.3644323488954076,0.20453450504648743,0.29728220553870627,0.2687234458642006,0.38455873481496206,0.14806499941994392,0.26287880972505345,0.14004163144897983,0.10087034090720759,0.24499459719252892,0.25142861167735625,0.3216053878917449,0.3799529325974908,0.031074180878039072,0.4136291038963192,0.0880488075705597,0.19847081489583848,0.0847238104708397,0.5762515040023867,0.42340725732942225,0.4926712739687433,0.3955576409950446,0.5536038383135287,0.20348393244833363,0.5895883756774225,0.3104134887883458,0.16749139031140722,0.37080137224680554,0.2547422562521751,0.5570587762475347,0.5460579724556258,0.24976887253683355,0.35887250368749896,0.30075743714678727,0.2271831734036029,0.540877434163642,0.26761037637348983,0.1709768640514427,0.5198002867134025,0.35851601783257925,0.21824295231939544,0.20826673461608577,0.39807696514691987,0.26915508211935896,0.3308706972273322,0.362784815790782,0.45807392399608865,1.3863272758912146,0.42872377732478156,0.28075486832728413,0.2351108238452742,0.15734520790864948,0.40909572581580733,0.5212759077876664,0.14215194981686807,0.20196022473027395,0.18805877624753475,0.3610224564543662,0.2911213311456935,0.09379181789555677,0.4561225989824161,0.18905348945126701,0.3848894993287924,0.5059863521105753,0.24243780142196594,0.4152440958583999,0.545812907075026,0.3229559488887783,0.16714193142080577,0.24132235370158603,0.2899336747377318,0.22125616931006478,0.43385242546280184,0.5668735395018147
104,0.21532593347586143,0.07584511675698971,0.3550629443643415,0.36071037803079264,0.26942655662175374,0.35449247584481025,0.25510395432473193,0.0787211173536187,0.025628813868310712,0.06476528447604366,0.20178808896401998,0.17409952103946036,0.8243925984852251,0.031161628465834694,0.11212392482474022,0.2080908782048095,0.27462989111519914,0.1935721838280383,0.1964765657369198,0.0387225343476027,0.5998248893750309,0.18671224249656102,0.885747087290144,0.1470253153018777,0.2384056994646911,0.46875700624803185,1.1946077246888414,0.5068056315152719,0.07281595651237177,0.3285447554649563,0.7911773894164638,0.41021915344967597,0.37472356187540395,0.043439707320306935,0.6037662125656706,0.0869383980510118,0.16668899053680034,0.1895895606489998,0.08573307479408013,0.0630298811713817,0.34409418452410556,0.038038689736323114,0.5108525083279472,0.09774963125010361,0.15074207394885566,0.5452920913505359,0.20398012893816606,0.06015460978803096,0.06193668274250483,0.2705880442168416,0.43092570311075756,0.0705746117767944,0.08409788030958418,0.24126506074015142,0.3516323604965279,0.05359405193987301,0.4522350635575665,0.04267115795753984,0.47443170254727457,0.32633182518768944,0.9025045741560186,0.3576329819851175,0.05045750675350934,0.3592804653706557,0.40103972555063894,0.11045781335454682,0.2912800344719005,0.021850536137489808,0.03983046619930725,0.5383410563648717,0.20868048857289653,0.2335461973184839,0.16415258787848652,0.09547228160890965,0.14269750907373344,0.3051263942060691,0.23070070766834055,0.1465559008269941,0.3637140240971842,0.47708449758862426,0.1349925255638973,0.05812515122889009,0.4440922040471338,0.09014647243076619,0.31286912278957235,0.6050745786307362,0.17069622466398182,0.28527768938828946,0.14340814398647642,0.2777136926366032,0.15704153201080562,0.1495329803278145,0.1653429291171547,0.023810131092659812,0.585263759757371,0.5343421501847893,0.34907307048509256,0.012229495019804753,0.262114519630753,0.2965973002535674,0.3243779230679992,0.29327365385571513,0.3695037206450223,0.24642554566698163,0.0,0.27012933591872584,0.0694663650375379,0.22171135583950677,0.12353876431495386,0.10944252473524577,0.533460647342515,0.15205983692139413,0.14665685543346751,0.11652976516017836,0.30033092195760624,0.3185472579923433,0.29300806277863406,0.22537770761862144,0.12660039941000018,0.5264179220736174,0.43995149074396334,0.5244601252920996,0.057011476822618874,0.03683777490511943,0.15321068463183007,0.09763274996271071,0.12763192131125806,0.08585661843915217,0.05732024064038183,0.06083660650657123,0.14525022787914943,0.38735497770927585,0.5028321235022125,0.3802922985133992,0.18978679626775385,0.05077154079451103,0.03716200135898835,0.08818715093057557,0.622805614942243,0.23504792920001988,0.17433045791279275,0.3302589370059166,0.08888800775617757,0.32563645403470387,0.33692115381428267,0.1900000745786307,0.2605250501334129,0.16799119143505858,0.3189417458028804,0.449049901390477,0.8340573426805219,0.06431772982648036,0.1266577172309783,0.1314798554831867,0.5000211306120419,0.3177568488042559,0.30676207759492197,0.495848505941431,0.11957811697243907,0.06133409569266975,0.0842075191832811,0.7801746217206118,0.03985068529475132,0.12861353353552427,0.27347706292779134,0.5978169840401727,0.4602566913604798,0.09840250087008402,0.1587656573691973,0.031303957639337694,0.5701717960191586,0.14841364623212183,0.2156302142892656,1.6256216626062745,0.21955531248446275,0.049423457465320945,0.07636329736986028,0.12315020964881748,0.16979790848373355,0.2819815210726064,0.3809296889242447,0.08077835230945157,0.1089100830308756,0.12172806973930628,0.5371614544490295,0.3278960788213261,0.2138580105735925,0.0754625781003994,0.1455801471684979,0.2634930061817399,0.04946922388504949,0.6559287276885598,0.32336679427899045,0.0815880110707834,0.08136101029185103,0.10999979283713684,0.055431959429224895,0.026017534264737577,0.1944014899153118,0.32055131009794663
105,0.15808648635211056,0.3372554981023883,0.6230246109481431,0.6305430898755366,0.5256120751089677,0.0942136677770596,0.03770613533535523,0.3422561775965793,0.2561124977212084,0.3270751669732677,0.1022528464177398,0.1332286912278957,1.0878891264356385,0.2907024892689637,0.1789385886408459,0.4759725136313164,0.5446923880077562,0.18149949452261402,0.46553258257511737,0.2830521718954574,0.865358474618406,0.4562996403652696,1.1480760784898656,0.4162518354629676,0.5047832496395365,0.737044150549396,1.4527024561229052,0.774048260660601,0.3343221465387229,0.5986250020716284,1.0547442201561181,0.677220462718971,0.6442804322245976,0.2451905981206185,0.8644289679974807,0.3538733986310678,0.43420426258307215,0.45899357795124224,0.19676585624554593,0.21901141881701722,0.6140052205041513,0.29567365219841235,0.7785705679577056,0.356117353618721,0.4187355276023799,0.8112375495119244,0.11719281061999702,0.32971923631482136,0.254288262980825,0.0954464111105587,0.6989140356983046,0.3336997712921991,0.2540832794709889,0.5070659855151726,0.6210272129137042,0.31812781948656765,0.7206450802963257,0.27946445913919693,0.7420859725882099,0.596251794030395,1.1648617560781582,0.6271751354845124,0.30738569581862485,0.6289457399028823,0.6698203152190124,0.17022900611544775,0.5474853411558032,0.2542244236729147,0.308525207577189,0.7945209068761497,0.47848719733505696,0.5025201942359004,0.13017864068015708,0.2266644293077446,0.21202212499378517,0.5752071214305838,0.5007954888214919,0.4165122640414989,0.6313965345796251,0.733274374782479,0.4043531546760802,0.3218358855798074,0.7136971030345215,0.2005595054608131,0.5805764928155918,0.8677494655198131,0.44005912428114496,0.5544909511261373,0.40800298314522937,0.5467519929067437,0.15404227779711296,0.150499370224896,0.4354116243225774,0.2841685891380367,0.850205721009629,0.8015190175508378,0.09287987868542735,0.2703136860073916,0.05002118033112911,0.05862325361706358,0.5923231823530387,0.5633822071960093,0.6395585939442152,0.513550340575747,0.27012933591872584,0.0,0.24947886110144343,0.13356378958882317,0.379721846566897,0.21040564974560394,0.8002962428943138,0.12806174281973515,0.1705133661479309,0.21657641823696114,0.06667685079301941,0.06234607799267469,0.5630059911500024,0.4881350453272345,0.15257123087886773,0.7871947330913671,0.7087516365866189,0.7845138881983459,0.31695632178193206,0.25986104343790906,0.18893502543959956,0.17714308324632505,0.15764105305026593,0.3527665937453389,0.24974608462188636,0.2932260892623345,0.203186968627256,0.6566966307031935,0.7643400371235848,0.6493214504715027,0.44597572879895275,0.30679023517128234,0.299484993122193,0.26881381030510954,0.8881647027627243,0.5004784633487462,0.1609651552064171,0.5962584895341322,0.355262094167951,0.5891869769137705,0.08071660948971651,0.14358672666103178,0.086422844263246,0.1785856328411143,0.0729942325858897,0.7169347354115913,1.0968881817729825,0.20788456056613466,0.39440963555909103,0.19334604484661666,0.7681676196158371,0.07323511327665358,0.058387593430451315,0.763049553356867,0.23144833358192882,0.24058098410646514,0.3457703558229336,1.036361482623179,0.2824525348447936,0.38479906859576724,0.02290318865078969,0.8550166061751108,0.7279780655960487,0.3610274532226254,0.17384772700906537,0.2839296226321284,0.8263586569217256,0.21774515653225943,0.11105662175375793,1.8818353552428777,0.17080056016838197,0.2452789240789539,0.3323182353038665,0.3918995591574272,0.1601971527536088,0.08748394902136264,0.6504957241585044,0.3483235055271052,0.3739110276935316,0.17560516415585276,0.8036495467276553,0.5939033875271381,0.07649678483236379,0.3419248495997613,0.16670205837020832,0.06392390493710538,0.312741701055702,0.9177640912179519,0.0902917681764696,0.22354266726329575,0.35139140522713325,0.3661815326737268,0.2595135815973086,0.2931512786091915,0.17929494191153314,0.06353626178756692
106,0.14651478314191482,0.11630218432522908,0.41180828319992047,0.39865611793367484,0.3388672666103184,0.33682769850345545,0.2390872155653889,0.09395139959230352,0.0632254760602595,0.11592143555577657,0.15150343061701388,0.13085932812940218,0.8847077677787168,0.047972944530071795,0.07934166128043219,0.2762184905285138,0.31020537297601886,0.12415320108056162,0.24388976449725722,0.05671849052851383,0.6580562985796915,0.21291025704768057,0.9507987122756427,0.17330881353685018,0.303641649679312,0.5156091748288835,1.263039336084456,0.5600592320058339,0.08975052619367244,0.36250368749896417,0.8510802383201578,0.47533014302524074,0.4144914068844363,0.03432402757752033,0.6729606473425147,0.12262735544175414,0.18591965395515334,0.2139795074495766,0.054488523177381155,0.04297152753608772,0.38097726180414,0.10438408823480663,0.5611838197517363,0.11648457879646656,0.180752597822304,0.6039468420093141,0.15476348630239148,0.10478997000281745,0.02202481811100617,0.20116906146936486,0.4820939690747279,0.11467759657932675,0.018590331294850805,0.3080066043520774,0.39467332902434576,0.06926176270737008,0.497988490031323,0.03021409038930047,0.5304438671505992,0.36502882049752244,0.9640817133197436,0.40376485357728853,0.058906420391455015,0.40193183513150693,0.4529433202406404,0.07947440295662837,0.36073554417540893,0.06631405061403063,0.08795487992840455,0.6077481231044598,0.23972382704386885,0.290323140920466,0.12445333863670259,0.028293060872735757,0.07327877492169249,0.33880814232917345,0.26387099554185534,0.20205808018031454,0.4242053812625333,0.546525920217438,0.18754891529524856,0.12302728749233494,0.4831884767728999,0.04951663103465426,0.3743402442864482,0.6723136280017903,0.19754463116723853,0.3367788080677506,0.2108441472347902,0.327050953777822,0.09854825237408645,0.09979944148892092,0.2114890203682527,0.06829744443892014,0.6428233812293874,0.585620659938017,0.2807979416297917,0.06009250236165667,0.2237842688808233,0.24475906959014893,0.3746075755315799,0.32766350121811766,0.41768842705381265,0.30883783291072114,0.0694663650375379,0.24947886110144343,0.0,0.15262767861582066,0.19294707403172073,0.046840542600971126,0.5934436268416778,0.1217512139743781,0.08117605528762498,0.04711078241270163,0.28342485788627586,0.25806965644110774,0.33403194451349877,0.2948172077760652,0.09701310097946603,0.5953975538209121,0.4904985001408707,0.5936376058602229,0.07381137406983873,0.03948452079086495,0.08382196423540332,0.0840349939508444,0.11260968030626954,0.1057870780092478,0.016593563035516,0.053120767662705765,0.07664300866769422,0.43400817050332297,0.5716130612041962,0.43562420656623396,0.25920072424136953,0.12001675533237206,0.057512918676146475,0.056171439699033834,0.6886240076898854,0.3037148776081804,0.10727258489534135,0.39681575763602317,0.11047053315434459,0.39350952120519067,0.27638599413314785,0.17555112779462695,0.24519201511460248,0.1552248877177281,0.3023832678698686,0.5036834219990388,0.8975644276504418,0.04250760702033511,0.147638359933045,0.06209532806311015,0.5470597457697344,0.24832989442980502,0.24196474916720534,0.55077033096339,0.05016084124695475,0.02516350950463219,0.09657497638343363,0.8495886988514892,0.049569739306253,0.1980277266776048,0.2449179220736174,0.6672793218316513,0.5178566847312683,0.11848384129667375,0.08935343641757403,0.039832123502212526,0.6395858731500356,0.14076983377251856,0.1619534049288188,1.695079641691112,0.2106796267753857,0.060129932547771714,0.0832784600341405,0.15182453305490648,0.10366018661230716,0.21256253832512975,0.422177472281609,0.10702495898175311,0.1255262848240774,0.07453676726495304,0.5951036808697526,0.3932517691708513,0.1927823878420259,0.12658306402161118,0.08560699547556307,0.21174688841379538,0.0669741377881636,0.7236199390112532,0.3105695321433898,0.03235958501135254,0.1431370092311772,0.17940652811614377,0.07274596861068294,0.09484137953893833,0.12694656026782017,0.28970358308888106
107,0.03729306087273567,0.26859664561891977,0.5640962810122806,0.5496829745272542,0.4911145776363547,0.22703026235104984,0.13981156465967282,0.23485250004143252,0.21552149521868108,0.2683267704138285,0.04686267588127083,0.056084729611030976,1.0367965080627783,0.20011239828303423,0.12308947778385453,0.4284879265483352,0.4612932680355989,0.06366912776148104,0.39618213758928716,0.19521688294469575,0.8101040040438191,0.3619951689620312,1.1030416480220093,0.3251005319942325,0.4558070070766834,0.6672272908069408,1.41525222492915,0.712195139130579,0.23832391156631705,0.5126112050249424,1.0032987122756425,0.6275229287856939,0.5655555362203548,0.1794171431412519,0.8252041465718689,0.274773587563599,0.3291951722766369,0.3610390957755349,0.13599990884834018,0.16852714662158802,0.5317140572432424,0.2566764116077495,0.7133764729279571,0.2606008137357265,0.330589626941116,0.7559715275360877,0.0411840352011137,0.25680587182419334,0.16230704850925604,0.05029593629327637,0.6340016987354778,0.2672120519067269,0.13836350453272347,0.46029874542170063,0.5462809045559256,0.21768660402061685,0.6494808830109879,0.17940097615141112,0.682516200135899,0.5164834932630638,1.115982714330698,0.5558590463879084,0.20366785992475847,0.5538230580553207,0.605215656540546,0.11159478115315134,0.5129913903114073,0.2186020484263908,0.2401298496826265,0.7600364855234593,0.39086367854952847,0.44250195561742817,0.0654370224896004,0.12675666650093637,0.09651537977096074,0.4890411839771955,0.41543480170370745,0.35421927774739387,0.5763961616864716,0.6987818657916107,0.3398288917615472,0.2753232900777276,0.6340079219078872,0.1326340923780639,0.526612663451499,0.8245686289133064,0.34902179353320406,0.489035996619102,0.36304119226371,0.4790837269427733,0.07207370854671111,0.08273053912063509,0.3635367424054095,0.22045004060392118,0.7948814614097018,0.7379078788180117,0.137882472364474,0.2123287757503438,0.08941161603606287,0.09889209300783905,0.5267414607467807,0.47952969886806224,0.5698501383847925,0.46101394620394764,0.22171135583950677,0.13356378958882317,0.15262767861582066,0.0,0.34523921510134403,0.1123153847428694,0.7456337609174827,0.07740522713336313,0.07575280498516712,0.11699380168713434,0.17566557284674916,0.1257627653756277,0.486282106100532,0.4470765176751354,0.0974126352773496,0.7476857173635628,0.6427672235204427,0.7459059480601268,0.21563333830524206,0.18998778567758828,0.07572183828038251,0.13863862510150973,0.1294574321748786,0.256747543048443,0.1647907240756393,0.19306925040189588,0.0824505046487346,0.5862140489567276,0.7238670677339697,0.5878883557897876,0.41149309733339956,0.2723114155024114,0.2096251926614627,0.1448149952766868,0.8408624687184075,0.45599371053547466,0.06262723943055074,0.5490395349608048,0.26275770231525214,0.5457156482540315,0.1352528215581963,0.11390556688045869,0.1430578813039659,0.14476734781816064,0.19399617991680335,0.6558965428661397,1.0498192296856097,0.16016495135815967,0.29553955982034835,0.09164620726230133,0.698674530568952,0.09726728981255905,0.09927492169243773,0.7028228923250301,0.11545316461989762,0.16038647475099024,0.23650270969025,1.0018766966638493,0.1946152405575167,0.35031428263643744,0.12302414690332952,0.8195204842639089,0.6701490578232985,0.2584362186976914,0.07321317058618798,0.19188619300949628,0.7918738709623959,0.18521075092394634,0.04383491605760782,1.847333018445781,0.15181952800013257,0.21081442350718438,0.2297831999204495,0.3037398863090207,0.05741551069789029,0.060288113823563534,0.5736952551417822,0.25907586304048796,0.27378334079119643,0.1024720081539303,0.7472274896832891,0.5455343144566532,0.08840932067153909,0.27887102868791325,0.0797799101741825,0.07116049321334454,0.21875844810155956,0.8759172177198825,0.21395481363628824,0.1403416447074031,0.29535339498500157,0.33169890120817386,0.2252412784434611,0.24708860769982932,0.048882778965511506,0.1623914549462205
108,0.33863004027246063,0.0766473425147914,0.2699359038101393,0.280643083246325,0.171916215051625,0.4391149008104211,0.349999005618257,0.1108356949899733,0.12972463083577784,0.07710502328510578,0.32531594822585713,0.29218435008866567,0.7367142726926199,0.14520180977477254,0.22219085500256874,0.12571839109033958,0.1950601352359171,0.3171000430898756,0.11561532342266195,0.1500400818707635,0.5148929630918643,0.10901025041846894,0.7964090057839871,0.07027739936028111,0.15456596894214353,0.3869066689868907,1.0962579591972021,0.42370489235817627,0.10692942375577982,0.2489995939607882,0.7035070021047747,0.3269539269792341,0.29430712308788676,0.16582280117337048,0.5126945756475911,0.07048341039791842,0.09305980377533604,0.11216566399840895,0.20925321102437888,0.17673265218183926,0.26416834054260097,0.08856298579691407,0.42839127264290094,0.08534676577338038,0.0731670312733058,0.4607792306799913,0.32357930194401635,0.08847616798422246,0.1854653209367076,0.3941159034786789,0.3487617544208555,0.07829632575945905,0.2076257395714215,0.1524644259931387,0.27097713750642205,0.12835927012380063,0.3706700972836806,0.16617258323803846,0.39189844047796607,0.2464177480568123,0.8130752581249274,0.27717247551334956,0.1420094963456471,0.2789764414392019,0.3197363313942889,0.23385852433749313,0.1873493511659126,0.1272857687399526,0.10513337973781467,0.4215837435158024,0.1337708695868344,0.15304984338487548,0.28410809758199507,0.2189309319014236,0.26622536833557064,0.22561287061436217,0.1516713154013159,0.0668397719551202,0.28120742803162135,0.37751987934834846,0.059005278509753206,0.06992147698834913,0.36372286580818375,0.21366810023367977,0.23041579243938415,0.5167333648220884,0.10067019672185487,0.20441825353419843,0.057693572979333446,0.2024779164387875,0.2805693912726428,0.2730608395896518,0.08589486899020538,0.12479464359701023,0.49957958368551014,0.45118105205588427,0.4726009297469298,0.13291043935100016,0.37589400719269467,0.41730941845241043,0.24199350337261136,0.2139417043703077,0.28995570857985703,0.16335051127794623,0.12353876431495386,0.379721846566897,0.19294707403172073,0.34523921510134403,0.0,0.2329271615373142,0.44997872851721094,0.2755030245778021,0.2701705281824359,0.24005762442201561,0.38010242131954464,0.4420660352342597,0.21326301397106343,0.13783049105885087,0.25012825867183736,0.43578175806692176,0.35864637299259194,0.4328194865675599,0.1296105835363529,0.15527362070965706,0.2767384610285222,0.20827507913621368,0.22953968411806625,0.08869417789489377,0.1808306485026268,0.15294707403172084,0.2687638674820597,0.30665103001375554,0.41293589552362475,0.29919386300734185,0.07489966688211601,0.10954857554815288,0.1356254412568986,0.2058388604385223,0.5377220620162748,0.14898913637945607,0.29785843318583344,0.24599344536700968,0.08255237905832047,0.2387332985299723,0.4603489782727587,0.27088327615638313,0.34074775021130616,0.2479696216377468,0.39936080312898803,0.3667570808266628,0.7455195230282238,0.18512030361789228,0.06263279968179783,0.2549644259931388,0.4179955169956413,0.44127673643911897,0.4302899368567593,0.41280850693581256,0.24310597623427635,0.18486616450388638,0.11131216957523327,0.6656731135749682,0.15064339813387692,0.045618977775568025,0.385008187076352,0.5017097482556887,0.3759948789340228,0.08783614246175772,0.28227243573807986,0.15336609821177014,0.4549366661694758,0.22231191269328293,0.3385988664048128,1.5175580801803146,0.2942996155057259,0.1399800212134772,0.11934429639205155,0.05312441372909724,0.29332576774557084,0.4055093803344437,0.3004989310396261,0.08619369727705128,0.07859513747327598,0.24525592900114349,0.4533193705563566,0.24220719600921453,0.30929271283912557,0.06637050663749812,0.2690902235701619,0.38694822585723987,0.12666255655546163,0.5654839987404495,0.4036534662490262,0.20491061336780525,0.049889946800576714,0.11947755183214835,0.13999878188236461,0.10022274979698037,0.31791821210162574,0.4432581083544639
109,0.10658240938696366,0.15630931901423623,0.45178727688559656,0.4423364822088533,0.3788494754636304,0.3006392880226718,0.20608243424650707,0.13672604782976178,0.1032553820911847,0.1564569349840069,0.10849291503008,0.08498224199937011,0.9245615356568719,0.08890056182568484,0.047515702945027306,0.31620706342498206,0.35412210179154446,0.08417288155256139,0.2838700840252574,0.08649645337178272,0.6978746167487032,0.2584333101310926,0.9907687233795719,0.21828434345945397,0.3435439765325907,0.5574768309053845,1.3029410331626319,0.6001606672301497,0.12923075457001276,0.4071152405575166,0.8911801653988298,0.5152198080843234,0.4578707386599048,0.06714392018429197,0.7129287359750739,0.16250966207593753,0.23104473889192723,0.2597771259053017,0.0284162067651104,0.056213584911914374,0.42492254594872303,0.1443749813553423,0.6023472878237952,0.15840642867796945,0.22417745570857983,0.643683803178707,0.10951249606390555,0.14456204942077264,0.05550478131888161,0.1611887419413646,0.5224316528281873,0.1551508145643779,0.045662167089278886,0.3480041101112051,0.4368676063574139,0.11485664329869578,0.5401690946154228,0.07572244319594294,0.5702535176254162,0.4080813818591623,1.003987818823646,0.4435922206201627,0.10071590513598166,0.44310012595502074,0.4929304844296392,0.046432945524453414,0.4007172889839075,0.10629085665987173,0.127883259583354,0.6477249291503009,0.28424568686918905,0.3302146455857738,0.08107992343260566,0.02297291138401363,0.035294494439748726,0.38373566018661215,0.3076802648370043,0.24193889524188322,0.4641046255324085,0.5865079799134887,0.22754932133446018,0.1630480452112232,0.5267917101708679,0.026581390145676908,0.41431917168000787,0.7122964666302062,0.24267271582227082,0.37674146074678055,0.2507723943055072,0.36704925504234404,0.05644194467922899,0.06081340426589767,0.25125760287707777,0.10818359601584379,0.6828521437213082,0.6266852201726911,0.23967376820961558,0.10005671290541764,0.17814164139279728,0.20002358342034166,0.41583849583188326,0.37143597838877007,0.4575834617743085,0.3487517774573658,0.10944252473524577,0.21040564974560394,0.046840542600971126,0.1123153847428694,0.2329271615373142,0.0,0.6333471138069906,0.08284648403188653,0.04489279736157379,0.03185670959081188,0.2479210626626229,0.2121338520691426,0.37540095129186757,0.33477286663683525,0.06117192860339076,0.6353958385124051,0.5304895424186676,0.6336012363479673,0.11458895573343945,0.07769498997331738,0.043815542186645386,0.05662481976830896,0.0820863123353054,0.15138378163376928,0.05279998839887959,0.08723905765756804,0.03598970814895836,0.4744407679941662,0.6115684051774142,0.4755769651469198,0.29919576061916836,0.16002156979731183,0.09842351547092268,0.06408898059298294,0.7285942176701633,0.34371288055817956,0.06495518652944196,0.43676932829513243,0.15486221183645726,0.4334283713684351,0.23114607467806902,0.14431593165282822,0.2113621786903992,0.12652110575249836,0.2668201080561494,0.5436285569863605,0.9375383168431694,0.04816949236812007,0.19385002237358911,0.02828045708414126,0.5889082102785927,0.20834957490180483,0.19833428628250385,0.5905585525116425,0.03907132203052749,0.04812344420689765,0.13920794179552193,0.8895856742736868,0.08315916737102033,0.23802669086328906,0.20248794312136423,0.7072526806874491,0.5578377168995178,0.16012706541374566,0.04938561295347952,0.08222531032996898,0.6795813238535608,0.12386001591010791,0.11711395614776499,1.7350605247020994,0.18752860504814464,0.09853480336101024,0.12945407613649546,0.19425810835446392,0.06078682941381192,0.17259381991746625,0.4647988034273024,0.14914956330068446,0.1714873796383765,0.03842697923399455,0.6349309484744525,0.4332501533005187,0.1534212366794278,0.16658940320522372,0.04701814746681248,0.16634619400387798,0.11099849185435622,0.7636020318533618,0.28015673942226416,0.028078448433020015,0.18307107343509155,0.21940418303253284,0.11326877309865922,0.13479466845655375,0.08616309517890575,0.24604474717844166
110,0.7395037620775949,0.4884947794958485,0.19033636619764996,0.19669788196688714,0.2809868741609904,0.8792159051359817,0.7806645536054623,0.5112522000696068,0.5585607815840501,0.48244431462238346,0.7257884038515721,0.7057965992144383,0.2932956131192099,0.5455963555909115,0.645171522564179,0.3278838976449726,0.2851481628797295,0.7174949037935665,0.35576871509305763,0.5587650275940934,0.06722211173536188,0.38509739969174156,0.35744186181408377,0.4207583900959578,0.2956946999453091,0.07926256649927907,0.6696381693432107,0.03352722120021877,0.5073247319312552,0.23529291171547426,0.2601079649977625,0.12337742587712752,0.18167061104758114,0.5734031306451882,0.07960707834070833,0.4713860024196623,0.4193289083345765,0.3895095626377633,0.6133759260179984,0.5957546363048773,0.21612287243739536,0.5292708115812327,0.0323273587563599,0.4901414839490213,0.41933871956777546,0.023217380135567272,0.7342554732428446,0.4888523840302291,0.5858640100101095,0.7945104492948177,0.11167230149654453,0.4871102023566847,0.6080214123535359,0.30274057408972643,0.2002208356121248,0.5287749134059232,0.09738765143605302,0.5665792936575016,0.06314762425628537,0.2300245446560268,0.37315886076998295,0.18978092941546928,0.5424040421617861,0.19189706491655478,0.14099612191120178,0.6409031306451879,0.2720268151610069,0.5462656076501102,0.5058904605644774,0.047986161520741144,0.3557009396907473,0.3035360049056167,0.6958774755962148,0.6193911400586685,0.6666239745438276,0.2584709309070419,0.33066408127413455,0.3916296673793069,0.1699935945242712,0.08879703839970833,0.4113765889391605,0.48801270322676876,0.11371619516399016,0.6140674522282438,0.22094545816138808,0.07898181938712937,0.39666970781749783,0.25672612240839254,0.39234011170221583,0.26658893087389585,0.6809639370887819,0.6734553854057904,0.38210613367805235,0.5252039394090059,0.05816871343575466,0.01825191004159831,0.8729954755630687,0.5382824624206565,0.7950783738543894,0.8262146290127447,0.21935745537711934,0.2661885182054725,0.17579552196755005,0.28708891430086686,0.533460647342515,0.8002962428943138,0.5934436268416778,0.7456337609174827,0.44997872851721094,0.6333471138069906,0.0,0.6825844395830228,0.6705651900097781,0.6404521702381545,0.8216477485540032,0.8424605810503987,0.2594783556240574,0.31335531745637146,0.6583130065132003,0.028275940933724476,0.10324833026732297,0.0317662954308159,0.5325080876381776,0.5577569316694012,0.6771330068446608,0.6231770911019405,0.6500490147334229,0.48912067651104607,0.5824509024014319,0.5533487131042941,0.6691628714430135,0.15947019340724913,0.05467111652496725,0.15980077561775954,0.3839503554914731,0.5269076053630322,0.5360350188103881,0.6062334062546612,0.10184306998790169,0.3045869669699531,0.6982571222592353,0.20405285138964852,0.48321368435008866,0.2117050332289233,0.8610067369363098,0.7071970284558908,0.7756533750973664,0.6778009662075938,0.837304131656143,0.08981918825303702,0.3046617610500673,0.5974696050647176,0.45208985896352283,0.655380201859494,0.049124529740300724,0.841671282255258,0.8306859908185419,0.04283247982233715,0.6435005220504152,0.5861563002369944,0.5117511311092329,0.25625447057458683,0.5530558262483632,0.451515636652911,0.806833167603043,0.07394265731947827,0.08137730986592419,0.4934173668771442,0.6826771076749698,0.5537570808266628,0.07608072722451481,0.6424716518338056,0.7437183662307962,1.1017336631366117,0.7039730356817318,0.5669448283862842,0.5197388422081904,0.4419732262715656,0.6937237441787235,0.8059039261505825,0.1728125839009597,0.48658824309319015,0.472684905285139,0.6457602877077844,0.009015611793367465,0.21316587116127209,0.7422346492318399,0.4752488688907671,0.6694889789356802,0.7918015628366397,0.5270612456288636,0.14094016307860585,0.8251578581017253,0.6085056928354796,0.4536789472811945,0.5133138683107111,0.5743769535457997,0.50829158587315,0.7186394951855349,0.8538775833209034
111,0.06331604766403157,0.21430941845241053,0.5037058204478032,0.5075886076998293,0.42146102023566845,0.21786527784683202,0.12500420954937935,0.21443910240474648,0.14583926647773415,0.20166026947745244,0.04981461409701851,0.03071854853411558,0.9741608826795272,0.1630872569979615,0.05887729329289508,0.3588246407795952,0.4208398962528382,0.060846409453255826,0.34152029367407494,0.1575112199406685,0.749254735743052,0.33017390908036265,1.0359640199539273,0.2898524834684036,0.38815600192247135,0.617142453471221,1.3459556340012262,0.6556501184971577,0.20645087754188832,0.4746519912494407,0.9409421767016354,0.5595880110707837,0.5220185700790534,0.11905039858134868,0.7555437445101839,0.22664575979051688,0.3068538507433004,0.3326068711778451,0.07055218846848639,0.10073488954076133,0.49078018362916187,0.18696150085351096,0.6595455178242927,0.22983663136611474,0.29294374285288116,0.6945623725948392,0.053435315467607956,0.2044483418684433,0.1267017683421999,0.11861437047349148,0.5795343890352839,0.20919085500256884,0.1261258141500522,0.39119953926979223,0.4991753012148031,0.1905621239994035,0.6004437594259103,0.15177864233746005,0.6233196605843652,0.4730913256765939,1.0526524801537978,0.5050435042012628,0.17944228442632462,0.5064997348315352,0.5491186380284724,0.04352321881370257,0.4433298115646597,0.14888035930326984,0.1827032599148147,0.6903086312335306,0.3532725020301961,0.38167353618720895,0.02263482159134225,0.09868924741875063,0.08884157012877242,0.4511712159631415,0.3759906942441871,0.2937567907986543,0.5126874989641858,0.6291205522133282,0.27999735660186603,0.20567793632642237,0.5913062198578034,0.07372652016108987,0.4617885861548915,0.7555275940933724,0.314078871045261,0.43315857074197456,0.2938037173304165,0.42558020517409967,0.02711265516498449,0.025608743930128103,0.311889068430037,0.16060521387493995,0.7347708032947182,0.6832227829430382,0.19709939674174243,0.14521478645652067,0.11263185501914184,0.14590734019456733,0.47295003231740657,0.43905793102305285,0.5159354729113841,0.3957135766253999,0.15205983692139413,0.12806174281973515,0.1217512139743781,0.07740522713336313,0.2755030245778021,0.08284648403188653,0.6825844395830228,0.0,0.042517501118679496,0.09397416264770712,0.1653190805283481,0.16656450222907235,0.43960503157162023,0.37738810719435195,0.026219973814614096,0.6780001077246888,0.5880514178226355,0.6761918328112829,0.18963743184341794,0.13262833325046813,0.06397086461492563,0.06902330167884783,0.054781501184971576,0.2254840484595369,0.12193931785412421,0.1653388935845805,0.07643843948358443,0.5350057425545666,0.654184341802151,0.5282310694575648,0.3417871360148494,0.20261379041747454,0.1719127844346112,0.14192676378461694,0.7725921460415319,0.38632139246590097,0.046315848787682926,0.48007647624256283,0.22799879016887914,0.4763519199854159,0.1848660236331395,0.06907141318218728,0.12943887866885423,0.07754722484628515,0.1841256484197616,0.5977190125789288,0.9841370838098079,0.09045857571388327,0.26748329438671503,0.06534227448250712,0.648446319958899,0.1657752034339316,0.15478840385157197,0.6447922156482542,0.10629353320406369,0.11266853113243504,0.21782984471071778,0.9321884187672981,0.1544778667197004,0.2806286067054475,0.1253168928885132,0.7498685344470409,0.6091504499577386,0.23448786025621904,0.04975128026649432,0.1564758945292431,0.722180670876216,0.11360386317307208,0.06440282404415053,1.7776741742488278,0.11561851373075449,0.14110632426788636,0.20475711397272076,0.26533759260179984,0.033895946237093744,0.13000784732925633,0.5282648535772885,0.22131434892855362,0.24659336415916738,0.047629799963539325,0.686345754818608,0.4778519365584448,0.07124471734698952,0.21779285370987253,0.038808034604484655,0.11205021627802914,0.18521304628847018,0.8065610798985731,0.19973871791047249,0.09607919421932744,0.22914391189777758,0.2619958733157658,0.1553327118447438,0.1774147814846119,0.06739054342962263,0.17157001276123235
112,0.06956803228426062,0.19352466066723023,0.48902759409337254,0.47724817282354687,0.41605966290458907,0.25947177613152356,0.16391304960307598,0.17352234044316275,0.14045289116491821,0.19313648718076198,0.07075721341089507,0.05021339432208027,0.9617279537281028,0.12502534844793575,0.04798255688692227,0.35342513962776984,0.3889128921592999,0.04692982979499165,0.32111345067037916,0.12744530071761215,0.7350440511112214,0.2930833954821922,1.027985987503936,0.25292627488025987,0.380747750211306,0.593234408922919,1.3401835380102423,0.6371264522116709,0.16705623228757516,0.4417696348961699,0.928234665804869,0.5524532474850428,0.49291009131739005,0.10436005734268049,0.7501456189197702,0.19971257395714215,0.2667471950148329,0.2945340078556158,0.06094322080246602,0.09345681897280368,0.45974296889242444,0.18160759210460903,0.6386378544556586,0.1955937453388355,0.2604328709458228,0.6809123369628267,0.07486749863272517,0.18175364192313426,0.08678969654783801,0.12394537529624289,0.5590172525232436,0.1920031737350636,0.08367675964135961,0.3852300585027927,0.47243840633752626,0.14993761083213175,0.575783945706757,0.11083968908997495,0.6074590314721822,0.44316495135815964,1.0409907273902446,0.4807951490743963,0.13718932199738143,0.4789052851389648,0.5301494224299376,0.036359535292265314,0.43793410563648716,0.1435333615074827,0.1650648254031389,0.684967433997912,0.3188204975223321,0.367426954374451,0.04376676776214389,0.05713054574984674,0.057908036261787546,0.41848316180248263,0.3423968908997497,0.2791570045907292,0.5013274747675632,0.6237256583635791,0.26476825933475856,0.20025375793433775,0.5617516780191917,0.05704207892076432,0.4515426672632957,0.7495118745753162,0.27749579045062067,0.413967309700194,0.28797749382654664,0.4040171779446128,0.01893196771573936,0.02543677389416459,0.28846258638691386,0.1453913306485026,0.7198210775783489,0.6630196556124565,0.2024304015644939,0.13727338040073583,0.1431543446195661,0.16523585906296095,0.4520950380351018,0.4061606589436352,0.4947937155073832,0.38595878287674634,0.14665685543346751,0.1705133661479309,0.08117605528762498,0.07575280498516712,0.2701705281824359,0.04489279736157379,0.6705651900097781,0.042517501118679496,0.0,0.05958559969505623,0.20647598568090297,0.17729955750012438,0.41130326157211766,0.37200783075622734,0.024788072390990852,0.6726170304446544,0.567708364407763,0.6708369462536669,0.15224944894678408,0.11491909875868017,0.03642252108917949,0.06358450587513875,0.05707745405127695,0.18613613914715202,0.08970846384593716,0.12597159382820391,0.04388250551053219,0.5111461078241271,0.6487983808150617,0.5128194699945308,0.33642441041449156,0.1972399443146225,0.13454949535126529,0.10260812244153864,0.7658091781434895,0.3809318185584779,0.03721665092228902,0.4739836424203251,0.18991765690515253,0.4706455194815956,0.19643612754603176,0.10210834617743085,0.16945459818691064,0.08759512918676146,0.22545118414292584,0.5808435174596861,0.9747554152372429,0.08506202456122905,0.2285462801836292,0.02374190821856518,0.6246750857654252,0.17110663915543844,0.16272390990901406,0.627761712988283,0.0713097333399625,0.0866053796052304,0.17582801339100743,0.9268080097449412,0.1228563201246291,0.2752455957175294,0.16465199124944066,0.7444674588574554,0.5950803709043904,0.1976457929365751,0.0286473259417624,0.1174381991746632,0.7168051840434878,0.11038817348646818,0.08234678234640942,1.772275103995757,0.14785312981653656,0.13573721805134326,0.16406697161040118,0.2289892523906594,0.02475024445217848,0.13534707237441784,0.500100473988631,0.18406400503820086,0.20632353038664877,0.027265748520857096,0.6721553887203965,0.47046909130081704,0.11367007242413697,0.20380747940801142,0.014275485175425555,0.13170610218929713,0.14562136429175163,0.8008437411955784,0.23788740284061724,0.06674843799201174,0.22028914963787935,0.2566302142892657,0.15005452526558283,0.17201992078092115,0.05089493528232157,0.20915246358076858
113,0.10413737383781632,0.16341028190722412,0.4589146903329521,0.44394479524022595,0.3859327715076485,0.3062488440312237,0.21154183861184303,0.13276617113309802,0.11033299358623777,0.16295260113690982,0.11740110044912908,0.09874907605363029,0.93161491738345,0.0948558146472431,0.06553633636619766,0.3233052254760602,0.3555357977427534,0.07836759807089946,0.2910005469099588,0.09003529226536733,0.7049224133644906,0.2567464243689819,0.9978600573426805,0.21973645569200675,0.35060682145875804,0.5615206997132864,1.3100706342498216,0.6070135484512504,0.13312848240772968,0.4070825916902833,0.8981151825519149,0.5223403437246225,0.4597749962710684,0.07423482324864514,0.7200225558925405,0.16957421402409717,0.22642971378378818,0.256681930426424,0.054903089212615386,0.07205183214836175,0.42598499312219296,0.15149468834418867,0.6081890485424023,0.15710403718987714,0.22546763287426047,0.6507899368567593,0.11526572366131359,0.15161044266560594,0.054593082417673494,0.15406938298612843,0.5287888181772983,0.1617613981007308,0.03906333383052421,0.35511715474237215,0.4405874724473391,0.1120428247070716,0.5437266278857786,0.07388898556489165,0.577316810023368,0.4107580586353768,1.0106947745239396,0.4506712408226852,0.09814398647640832,0.4485730704850926,0.5000340658612175,0.06698666699812723,0.40780979963207875,0.11342045774706239,0.13492424468420092,0.6548545302374914,0.2850713717496146,0.33731361971527524,0.09443637614146734,0.02112669252059199,0.02797722037156732,0.3838303584746184,0.3098548119789853,0.24903768706806542,0.4712145710071429,0.5935995293259747,0.23464730108221882,0.17013806990503658,0.5282640746449229,0.046998500140870716,0.421429630918643,0.719387038233978,0.24378441803808476,0.3838544059397736,0.2578555577652928,0.3738656424534712,0.06727946270239811,0.06916480220089827,0.25834711380699044,0.11526617941961252,0.6896971527536089,0.6327245976897198,0.23726433152687312,0.10714718507101544,0.18509386135003897,0.20180115679742788,0.4213552097316827,0.37427008236795445,0.4646685477054642,0.35582415187523814,0.11652976516017836,0.21657641823696114,0.04711078241270163,0.11699380168713434,0.24005762442201561,0.03185670959081188,0.6404521702381545,0.09397416264770712,0.05958559969505623,0.0,0.25366182734218334,0.21840984272195435,0.38110051542120343,0.341894926995807,0.07758872371103268,0.6425041266842342,0.5375856328411146,0.6407240424932464,0.11228810553704903,0.08480619499825985,0.04156696332388674,0.07625615273703575,0.09093158653607121,0.15136344652712183,0.059226975919388795,0.08711124645751503,0.03950604086908962,0.4810324582773993,0.6186854770546412,0.48270656623411046,0.30631150665407114,0.1671260130264008,0.10443218316511699,0.06708311374069839,0.7356808780390794,0.3508121198561461,0.0658575548152936,0.4438579442814763,0.15750569283547955,0.4405326157211754,0.2345292762558214,0.15583102139578048,0.21763750642204874,0.14469833772518598,0.2728110426092577,0.5507148196025788,0.9446376390062812,0.055195313147383906,0.19060278592618365,0.03871279769303437,0.5929737234624372,0.20208380980791854,0.19869711960755063,0.5976196904158176,0.019376597225674936,0.05519812227580835,0.13336636338023497,0.8966951059845207,0.08941449145660352,0.24513269195710904,0.20938069905036538,0.7143388107194352,0.5649674671439697,0.15691733373108607,0.04731080230033643,0.08670460233016788,0.6866922802830674,0.13461521569797313,0.11949182121016257,1.742151427766453,0.19288368219559487,0.1056147019340725,0.1248726942773331,0.19850029002800848,0.0660027428363082,0.16550389466182736,0.4679845705099521,0.15386739090803625,0.16791824524768395,0.05300673693630985,0.6420382256915096,0.44035272377732493,0.1597421568140009,0.17368892424468416,0.0584393510001823,0.17006841346392876,0.11339909511261366,0.7707245894032052,0.2846670561328495,0.040732635608810214,0.19017180430567296,0.22651731052884538,0.11984926001425282,0.14190701702050085,0.09449478778236302,0.2528105371318716
114,0.19842470044249993,0.36942712010474144,0.6459686023964601,0.657652546445914,0.5408985316296261,0.08034775186860901,0.04934859709309068,0.37603462105769053,0.27838965677256833,0.35806065728633224,0.14198876348630238,0.17098346840352008,1.102006074015148,0.3242362153830855,0.20616846484031892,0.5034198279719585,0.5728388355789787,0.22123998574719506,0.49363738212433084,0.31675698138848846,0.8842898871376723,0.4869355889225873,1.1598329107210925,0.4472821723926482,0.5288546213891514,0.7606208836739093,1.4519416629377353,0.7957751454283298,0.368384519133562,0.6267665108801935,1.069045791279272,0.7002804322245977,0.6706323687830424,0.2797721374235569,0.8782273156664843,0.386392109580868,0.4665544755464957,0.4898776247534761,0.23037523823729264,0.24941832811282927,0.6414246590099272,0.30574626692520573,0.8010644525099853,0.38848964185684204,0.44939401547920904,0.830753575631018,0.15565787467475428,0.3604835264091218,0.28895536883276157,0.1501141964566864,0.7222784848936837,0.36567904671936896,0.2899305507217554,0.5297397371517591,0.6471597557135519,0.3512750128440976,0.7445640133247157,0.31300135070186774,0.7653592369777421,0.6237494075142115,1.1758719236314823,0.6535926846649763,0.34201304297386437,0.6556230547407148,0.694728757520012,0.20480724738560466,0.5502841694426489,0.28155778186579167,0.3398406337526309,0.7860163492931604,0.5081543694791097,0.5283881651999537,0.16758951092991267,0.2628530552379058,0.250700384494274,0.6034327549346193,0.5299374119557833,0.4448938331758896,0.6551414010838761,0.7407540396758315,0.43466728815525624,0.3501764364672931,0.740175773546131,0.23412244982515457,0.6044803941066308,0.8836312418170669,0.47046276869023357,0.5805197467641161,0.43096031588193384,0.5726251346558612,0.19185950214620723,0.18720343393161964,0.4640272377732479,0.3140741477319809,0.8674432042294371,0.8229090389300451,0.12869705331543443,0.3018825303700758,0.08850445814481511,0.1090849202008651,0.6158878668854305,0.5919787616632691,0.6678764729279572,0.5371736604849268,0.30033092195760624,0.06667685079301941,0.28342485788627586,0.17566557284674916,0.38010242131954464,0.2479210626626229,0.8216477485540032,0.1653190805283481,0.20647598568090297,0.25366182734218334,0.0,0.11323537844511833,0.5908952418833591,0.5145841329819852,0.1879782893319411,0.802945814481513,0.7335464044813471,0.7995725152886192,0.3508278228011733,0.293497671489418,0.22833885215200772,0.20358966837368864,0.17360914168282532,0.38521876398349314,0.2843014551119508,0.32880602098145484,0.241743118049686,0.6827658976781186,0.7792028373025739,0.6748927144964285,0.4377762309617329,0.2963770612704884,0.3328695454018131,0.3072229238137854,0.9073534281310592,0.5261723677886606,0.20087653093355873,0.6193840550887483,0.3878730837435158,0.6103840550887485,0.1209404033875271,0.11580508460531333,0.0554000646348133,0.1501557864730937,0.020473300850196365,0.74005571023716,1.1098955484843969,0.24155047315997943,0.4261957523326538,0.22937911632609084,0.7913764646414426,0.13864895009860953,0.10125851439367572,0.7848231243474372,0.2696431412519266,0.27703399956910124,0.3799645337178277,1.0182091847727008,0.3176173287591773,0.37305546164172426,0.0656427683587729,0.8652878155090405,0.7501953960125293,0.39300923117718234,0.2123291320704685,0.31701748454565043,0.8050972753940239,0.1887210842075606,0.15131879878685425,1.8677419579376524,0.14262320389797642,0.25780832463249304,0.36566942607600383,0.42330724738560466,0.1985673030709823,0.14303399956910123,0.6769425744543331,0.3805024528082998,0.4065313147383949,0.2113622615555445,0.8244818028141007,0.6180973996917417,0.09843036841843583,0.3731127960357314,0.20292472530204342,0.10794025423026567,0.34605649745604,0.9301527204627188,0.049561883690482075,0.25954408425727965,0.3805403553257428,0.33837501450140034,0.2472951242148527,0.32050356320124623,0.22093942557881302,0.09653325378279387
115,0.15294951026699144,0.3654186927194683,0.6609231011451963,0.6535843567178772,0.5879508443958302,0.11061241485606321,0.09667459686106825,0.34854327217885617,0.3123414043984819,0.3649779495848457,0.11677257660882681,0.15105179071578906,1.13395172276637,0.300438414624041,0.21987635691675367,0.5253136362883044,0.5654918046371337,0.17691484777672825,0.493008957722203,0.29642564510515584,0.9072184656689704,0.4703508013059546,1.19987345663667,0.4301290127446592,0.5526487097896883,0.7680659440826,1.5120790450620658,0.8100265997116294,0.34059553522597336,0.6186411110558677,1.1006210659772284,0.7243587480733852,0.6690054856726164,0.2762486534413895,0.9220334692321713,0.37161016921062673,0.4431015429490046,0.4718015462636106,0.2328416115613451,0.26534902799184595,0.636242015943254,0.3535030991564328,0.8125542932431762,0.36897886938795804,0.43526559936359566,0.852890676013855,0.12671741328162547,0.3537486700144186,0.2618857538242265,0.08432184822420001,0.7324670942508164,0.3637703723959628,0.25632882546943103,0.5571255655546165,0.6477126733953164,0.3269614925669965,0.7508694625366679,0.28782541971196074,0.7793663219476624,0.619228160890966,1.2133559472314757,0.6534752564676247,0.3127812443030213,0.6539474966439616,0.7020424766734614,0.20822799516067556,0.609822022241005,0.31542886855930646,0.3369497257163692,0.8568629410497357,0.495742488274582,0.5393376920399742,0.15796158371865623,0.23060914168282529,0.20933025074992961,0.5952364722650357,0.5191626311340924,0.4510469928238785,0.6732305556936641,0.7956127131705862,0.4366557118944629,0.3721464807172806,0.737973010822188,0.22841276786158213,0.6234380417308871,0.9214011998873033,0.4544554019788198,0.5858628167520178,0.45987701155140126,0.5769037852798357,0.16188241435887238,0.16904266726329573,0.4607914781484614,0.3172883292729412,0.8924132650524538,0.8368855963804508,0.030869387958037117,0.30916139644342805,0.0685731947828104,0.05484395664495598,0.626064477369529,0.5828830772800343,0.666688195031406,0.5578556489169525,0.3185472579923433,0.06234607799267469,0.25806965644110774,0.1257627653756277,0.4420660352342597,0.2121338520691426,0.8424605810503987,0.16656450222907235,0.17729955750012438,0.21840984272195435,0.11323537844511833,0.0,0.5863059629758531,0.5439037024146902,0.19195754818608196,0.8445125374964784,0.7399346194003878,0.8427324533054906,0.32588878668854315,0.28681460581050394,0.18590118331427435,0.23547734466928522,0.21995542683836317,0.3634039261505826,0.26159585011352526,0.29653265715374805,0.20075164487313352,0.6847828270272956,0.8206938878668854,0.6847149770463546,0.5083199174663153,0.36913442383864503,0.309828336565074,0.26678295132501373,0.9376989509272609,0.5528205306683903,0.15714967931188786,0.645873199754719,0.3665350851025041,0.6425514675417224,0.02054597358259176,0.20593091532839453,0.1487670329306087,0.2409276670147002,0.1119059149140688,0.7527332902434577,1.1466470939193558,0.25695164818773925,0.40563532706872835,0.19787785677588293,0.7995159681134923,0.03983653192794052,0.03293332670412176,0.7997083975538208,0.22979278741775638,0.25722817746399507,0.35123194782810446,1.098703516796765,0.2929146406138651,0.44714110276935315,0.0580909279238966,0.9163574139445467,0.766975877956214,0.37135084273852714,0.174250567626245,0.29417482059696043,0.8887006910953114,0.28008611345895684,0.11564282636437455,1.944165257959197,0.23314259434196782,0.3076231127463165,0.3407952899451434,0.40583419513084407,0.1593812128142661,0.07637476590596465,0.6757939558163046,0.36077175624388874,0.3831599545899004,0.19684461127960368,0.8440466365037539,0.6423611345895689,0.13811969870233176,0.3756973350569281,0.1731262284757785,0.06470522381875733,0.322894421518421,0.9727330002154495,0.1320005137639006,0.23718318169011754,0.39218021511791706,0.4285257213410895,0.3218576708264969,0.343915427832745,0.171982490594806,0.03868482241999368
116,0.48020984769386305,0.2395476391720114,0.07875441256898524,0.06810041598302924,0.0644205820447803,0.6459319511427106,0.5461693929299456,0.2522757254843468,0.31796807205953037,0.2380715126203616,0.4759516730472828,0.4577253600490563,0.5509198445449873,0.28688233149372716,0.4003599827640497,0.08769972985962642,0.025800651320041786,0.45814293408906354,0.10383203235055274,0.3066573609108536,0.3242225177745737,0.1257557384113094,0.6167723528729349,0.16140045410099607,0.0659139196871012,0.18265230613699268,0.9290409519547883,0.2263265466779363,0.24990527685245034,0.035924484993122195,0.5173560549561643,0.14131386002419655,0.08319373042310943,0.3267237276056945,0.3389364921526708,0.21958152272990933,0.15991742488274574,0.13024400470674022,0.3691138649961053,0.35258288171829155,0.05120226553307149,0.28912202721291386,0.22788027643812464,0.23501281923797215,0.16392741841926445,0.27010324997099716,0.4839898655927343,0.23585999933707882,0.3265347122093505,0.5351587944778666,0.14847759326472104,0.2388666368352143,0.3486686305706094,0.06122438224034206,0.061930716452045884,0.2694309319014236,0.1659233994597193,0.30724026748868877,0.19651204030560665,0.03355295082782281,0.6303296375478548,0.06981653656838864,0.28305238734483507,0.06839177812028704,0.11902554732428444,0.3969689338570412,0.055952692288569576,0.30996647276222666,0.2576106829745272,0.2737730737996984,0.09634424667296447,0.06633425313644571,0.44894873133462604,0.36030697393062516,0.4072682593347587,0.014525613616400672,0.07141819552859681,0.14662677538573718,0.09019818028140997,0.21252026052801667,0.1627691128457548,0.24524168448267286,0.1522144881419977,0.3667536667826779,0.043227473110260345,0.33828685427335553,0.1373348414789771,0.022795704270869563,0.16418902368285854,0.03824828054823583,0.42464161653325383,0.42142987122756437,0.12817710767496976,0.2793718656258805,0.3090854919703675,0.25216530767828443,0.6136438207461179,0.2944298546545352,0.5492482888347503,0.574858284028572,0.04138870382339786,0.018176013855052308,0.0881376804388538,0.06840755564394503,0.29300806277863406,0.5630059911500024,0.33403194451349877,0.486282106100532,0.21326301397106343,0.37540095129186757,0.2594783556240574,0.43960503157162023,0.41130326157211766,0.38110051542120343,0.5908952418833591,0.5863059629758531,0.0,0.07655052287906655,0.41513200417640345,0.2614117817663535,0.15649476292281936,0.25964298380815065,0.2758253865659026,0.3092403254942906,0.4177813520277099,0.3876559770629277,0.417362866471105,0.22979351663103478,0.3291325427998476,0.2961060590994216,0.40989958401697074,0.10002979001972187,0.23761139561477645,0.10162355193158641,0.15948154593215,0.3029905616599545,0.27799221896285986,0.34688175143771016,0.35460406204942085,0.0651146439284708,0.43943954987653094,0.06279670693912724,0.22418508758845856,0.0594986575846467,0.6061202207527469,0.4782834319428561,0.5483415784152871,0.4523773678715258,0.6083979930061818,0.16968091118513734,0.5635508460531332,0.35691877558461366,0.19269107045194647,0.3960477551832149,0.21410842904257615,0.5823261572117537,0.5733272593181857,0.21690158106697166,0.3841488672334642,0.33619709474800696,0.2524075639304596,0.5156049818525331,0.3005792605114436,0.23080550721755416,0.5648339548219227,0.33325148742935745,0.18387303402442862,0.2366504085251661,0.423334965776695,0.29471598800112697,0.3056021561510798,0.42239961716302904,0.4919267306385589,1.3610537960523046,0.490213435754653,0.3331005402807471,0.2603871873912395,0.18261795853428126,0.43555374633321725,0.5465522713336315,0.08982765707088292,0.22730291353850748,0.21333325046818813,0.3963070567957706,0.2612033096339018,0.05925691509637217,0.5066783837982067,0.2275074827226172,0.41340244286448224,0.5408126087605031,0.2677052486783009,0.38966439616168635,0.6047456454366166,0.3566675201776629,0.21171723926482042,0.3045661015263759,0.34417787003430617,0.2705427252688974,0.4600294336995971,0.6107790318036426
117,0.4406213725782662,0.17997903511824861,0.13498641840269154,0.14314222973532872,0.056861109730025304,0.5698731500356319,0.4702118198843202,0.2126771408210278,0.2452504267554981,0.17894232585889716,0.42715404630504317,0.39647124579459375,0.6031710916654236,0.2470391123485639,0.33340864117734803,0.018855334029400487,0.058845067037902474,0.41893766055121895,0.05368995177248557,0.2539600341404398,0.37932623179038427,0.08654648734649223,0.664102239016225,0.12216205107807555,0.017890651154311422,0.2493794975057591,0.9708944463779643,0.2868653192794048,0.20876654402625164,0.1123996171630288,0.5699818691062165,0.19003114072158966,0.15666055950546073,0.2677066242397122,0.3810593148709788,0.1723207129717098,0.12067189545733274,0.09100046404481339,0.3110864200599943,0.2830814978703658,0.12684456984703088,0.21597127894065207,0.291205754155687,0.1875373390344553,0.11732657982399443,0.3249052851389649,0.4273520194235901,0.1903006761795853,0.28730676676776207,0.4959532060524701,0.2113584497588624,0.1804450686952054,0.30946416911118846,0.027551434395664518,0.13316572200401067,0.23020036792124504,0.23345118414292587,0.268009305755813,0.25466389897081476,0.10917145627206279,0.6809188915958171,0.13941265185037865,0.24384679891943842,0.14128866073352225,0.18210012595502076,0.3356958269112845,0.06594576476242557,0.234391587530453,0.20697068231160604,0.3129675085765426,0.05714369644839985,0.03335886408458877,0.38685567377649605,0.32080501002668255,0.36806673130147993,0.08927913952833155,0.03297173469895093,0.0928643994762922,0.14390248429705493,0.25177402674886884,0.10729875370821519,0.17545357065910938,0.22599598932696927,0.31550954606473425,0.09355270223238701,0.3833486716717214,0.0981123154178889,0.06660460067286497,0.09547679775932645,0.08789036941281754,0.38240669384643433,0.374898142163443,0.08355943088218232,0.22663497903511823,0.36459662075937616,0.3144046553638609,0.5744382323207211,0.23475340990072757,0.48355775700624803,0.5201852864648071,0.10478630736339688,0.07828527983559552,0.15391071280597945,0.03157424717015523,0.22537770761862144,0.4881350453272345,0.2948172077760652,0.4470765176751354,0.13783049105885087,0.33477286663683525,0.31335531745637146,0.37738810719435195,0.37200783075622734,0.341894926995807,0.5145841329819852,0.5439037024146902,0.07655052287906655,0.0,0.35196556124562883,0.3036286398515057,0.22090998359270117,0.30131704204577475,0.2317916273057227,0.25714590894777833,0.3785757636023135,0.3138121281426606,0.341306733621704,0.1905555113608115,0.28266800079550536,0.25478437660551223,0.3706053133131141,0.1688305822105105,0.2804664479026832,0.16142736041366268,0.08402277134191818,0.22682310777440792,0.2374635393360845,0.30767616301231365,0.4021432821226735,0.01363843451167564,0.39969987901688786,0.10963082749134052,0.18438968163211183,0.10387988697194186,0.5622467889756212,0.40183697111321026,0.47188204146571866,0.37595273372114224,0.5319709557665855,0.22942620030162905,0.6125762027875836,0.2869576061916837,0.15346771573940568,0.356819295977726,0.28053710701204865,0.5431140390129103,0.5321287475761943,0.2759492948176138,0.3449432788080677,0.28670524039178635,0.21316940950297492,0.5548131059513746,0.2524848439649314,0.15531796184888713,0.493601136909793,0.37324162647707104,0.2400339084174415,0.19142035830888812,0.3841128540413332,0.2552023732577603,0.3448087555312484,0.346570700541938,0.4404516647607683,1.4002901605926514,0.4150041681168068,0.2568150367092594,0.22118159896584294,0.14341598302921818,0.39516650093637595,0.5073466829082351,0.1627499461376556,0.1880309998508427,0.1741276620427916,0.34709323157493477,0.31693953330350194,0.10617951905069688,0.43127184739554847,0.16883405426009712,0.3709284873796384,0.4887919421932746,0.2285040023865162,0.4337802416347636,0.5286152985631185,0.30674965610964705,0.15172370274615088,0.23085599695056264,0.2677716319461708,0.20000350519564458,0.41975551467541716,0.5450954109282553
118,0.08881279106382274,0.1889193224945724,0.47911857173635625,0.48311113873282624,0.3960034057574704,0.24100435870664078,0.14526130694907108,0.18971993238204138,0.1204036278360596,0.17713785445565886,0.07524029234823247,0.0493746913273339,0.9496648519199856,0.13828537098725532,0.033409154941248624,0.33357228326621263,0.3963256517343674,0.06747789157924398,0.3169382986128375,0.1332693200086179,0.7248959462370936,0.30549342050746614,1.011196887585144,0.26520010275278005,0.36358650292513955,0.5928444372627986,1.3205839009595786,0.6314514410248762,0.18176409121795187,0.45013415038366555,0.9164778667197006,0.535253434760271,0.4975595800394438,0.09392780788544722,0.7300931901423623,0.20184231591507978,0.28209694393344265,0.30789840733190804,0.046047970632592514,0.07485713220305275,0.4662786340509455,0.1615653225940105,0.6352681681830988,0.20502094002220786,0.26816766104840983,0.6702982482308292,0.07842232221283085,0.17991197235618753,0.10220563814448369,0.14398777739107377,0.5552379306915923,0.18394631995889887,0.10204038018528647,0.3659017550837768,0.4747985133992939,0.16579842224763416,0.5761686471436385,0.12702670743631805,0.5990246938132882,0.44859950446643126,1.0279017550837768,0.4806063574139445,0.15484598684101497,0.4820323091201379,0.5248623195611463,0.018808225194318764,0.4178804338819007,0.12349109199688424,0.15813286597391402,0.6649251644873134,0.3286936061253916,0.3573929216592917,0.03871019572747311,0.07500796334045973,0.07697736952882879,0.42667168829446966,0.35144883905931484,0.2693732743333499,0.48841941364623204,0.6036701635757967,0.25521126468784694,0.18020870415485843,0.5668307562273155,0.04908645320605243,0.4375831468867566,0.7306547423722634,0.2894355060574422,0.4088527983559555,0.26883489119806425,0.4012298513399294,0.03416186048824143,0.031290193738709615,0.2874187424385554,0.13618730837435153,0.7103770778435176,0.6589946551981309,0.2224792174215681,0.12083428628250387,0.13700441671224253,0.17093094018793817,0.44874563715010196,0.41452418004938774,0.4914443974875287,0.37137175790119165,0.12660039941000018,0.15257123087886773,0.09701310097946603,0.0974126352773496,0.25012825867183736,0.06117192860339076,0.6583130065132003,0.026219973814614096,0.024788072390990852,0.07758872371103268,0.1879782893319411,0.19195754818608196,0.41513200417640345,0.35196556124562883,0.0,0.6525747609340556,0.5637735709905698,0.6507946767430683,0.16510903395813653,0.10796851124480021,0.057253567344503535,0.04355788130396593,0.038517874011833146,0.20074432788080684,0.09729765988829779,0.14102761895291605,0.0642984471071777,0.5106272974361524,0.6287709441654652,0.5039881917168,0.316382140903893,0.1771966472762227,0.14714003380897916,0.12170698884635145,0.7481775385737252,0.36088275410596793,0.058149339564792256,0.4554727207941797,0.20321162100797163,0.4512045194650226,0.21034036029765177,0.0837994663484645,0.1508693299524354,0.06809058817680103,0.20696928189065117,0.5734415469265317,0.9594924095526939,0.06500880027842683,0.2427153333664794,0.04150535308838402,0.6241775717197834,0.1911621505162498,0.18016623576791133,0.6204905699464692,0.08903731417491174,0.08919510598452077,0.1932440709988564,0.9067657402343429,0.1300950794676743,0.25520332620693087,0.1497586635509372,0.724409444969257,0.5848315683057391,0.20980503488622612,0.050681391802979765,0.13169003463763065,0.6967629145328891,0.09082685327897383,0.08965032566002086,1.7522220620162747,0.12801722766370008,0.11568533618389434,0.17991290044581446,0.24062738858781219,0.04328060624140273,0.1553815525613616,0.5038185419049042,0.19654148229171842,0.22173353883889363,0.024985026268251033,0.6620673942226423,0.45266075009529505,0.0958540910522216,0.19272061187623266,0.02624097184242359,0.13733006844660994,0.16041028190722417,0.7817136677770596,0.21906272062844923,0.07208146472430767,0.20487599231011458,0.2365879447786673,0.1299198942640747,0.1519922189628599,0.06998175309501319,0.1957992011799996
119,0.7412223851903412,0.4833309716766934,0.18834453670097284,0.1987476176270737,0.2651105918228675,0.8623615986343824,0.7651689371716469,0.513284119723562,0.5467065082285087,0.4795515255473244,0.7277624504880756,0.6999338901871095,0.3009891943850576,0.5476483120369909,0.636915286961998,0.321470649165548,0.2871997381461411,0.7195465453520942,0.35472477999303925,0.5564243524088899,0.08175432141732546,0.38714935613782125,0.3609240872404249,0.42278275244866503,0.29190695072838463,0.0813123021594657,0.6683706972273321,0.03555890883176719,0.5093756442765045,0.23734264737566083,0.2681262781948655,0.12020761862145544,0.18372034670776785,0.5691417739770299,0.07768566764447538,0.472929912660137,0.421295977725849,0.3915600938033445,0.6116944596363875,0.5864456818972805,0.218174828883475,0.5168930128109515,0.03567888927559291,0.4893335985017982,0.41883635791113527,0.0440778683770032,0.730238850494705,0.4909021196904159,0.5879137456702958,0.7965624057408974,0.1137242579426242,0.48288515719518055,0.61007224183364,0.2956259053017119,0.20227042211504992,0.5308222791229553,0.09943723793897817,0.5686288801604268,0.065528389598767,0.2320742803162134,0.37911396443427964,0.19183288586154895,0.5444559986078655,0.19394902136263442,0.14251185800228708,0.6365600026516849,0.25271350204676907,0.5336656971444672,0.5075798820000333,0.041473408574885226,0.35775067535093397,0.3051979151129453,0.6901819055668806,0.6214083097167671,0.668673710204014,0.2604154444057741,0.33271603772021424,0.3934706491655481,0.1713129402210842,0.06573227100217106,0.40856736107658403,0.4788709209632245,0.11576815161006981,0.6161165249672684,0.2210787550340576,0.08119116989012085,0.3987199738146141,0.25866574686355426,0.38464856891894134,0.26863866653408247,0.6830158935348615,0.6755073418518704,0.38415701287724363,0.5272419579376522,0.07514267720711318,0.04382376240905551,0.8750474320091483,0.5353588640845889,0.787123684515819,0.8229105967947761,0.22131133263726616,0.26824047465155215,0.17783882729246428,0.28667997480899593,0.5264179220736174,0.7871947330913671,0.5953975538209121,0.7476857173635628,0.43578175806692176,0.6353958385124051,0.028275940933724476,0.6780001077246888,0.6726170304446544,0.6425041266842342,0.802945814481513,0.8445125374964784,0.2614117817663535,0.3036286398515057,0.6525747609340556,0.0,0.10492200732527886,0.005282014948872233,0.5328568173155007,0.557763163128325,0.6791849632907404,0.6106401581066973,0.6337629145328892,0.4911718208787021,0.5832771507648454,0.5553935762939394,0.6712122922156484,0.16147166840683477,0.03474204908931207,0.15999413314771535,0.3654181955285967,0.5070083528066424,0.5380838098079185,0.608285362700741,0.11551285238403024,0.2966494970085682,0.7003068579194219,0.19864618240275772,0.484998881320539,0.20197870365766757,0.8628619549545072,0.6880222990105901,0.7558237955551136,0.6576509968676977,0.8179351000182301,0.09179449443974878,0.3102977178938996,0.5883944795240227,0.454063093521603,0.6574260594308821,0.05015518984404791,0.8437232387013375,0.8327364391189778,0.0449402873763238,0.6455524784964947,0.5873108768789671,0.5137785760453438,0.2542109000812078,0.5530918228674657,0.431119922438224,0.79626840849202,0.07194194467922903,0.08034083262897956,0.49317861582061356,0.6847244733920019,0.5558067667677623,0.05919423590049551,0.6214255788130394,0.7418462105769069,1.0996956611809936,0.6816263113409237,0.5523413215333366,0.5217907986542701,0.4440229619317523,0.6957734798389101,0.8079558825966622,0.17486454034703935,0.4886401995392697,0.47473686173121854,0.6477024312633619,0.03462167089278909,0.20676140638724533,0.7261338189230846,0.4713492517277383,0.671536924708729,0.789559961219112,0.5291109812890502,0.1464279736157377,0.8037157559787202,0.6075676925371649,0.45233232237856114,0.4906790550058833,0.5560081539302938,0.5006049818525332,0.7203647143638442,0.8461802565504897
120,0.6363511741991085,0.39099977626410787,0.09070667395879946,0.09383308473789756,0.1934990470508295,0.7897609423424319,0.6904067932846085,0.40836710088002787,0.4655325245695155,0.3872514377102703,0.6272364888380649,0.608769668042228,0.3953542153499395,0.4427298181938713,0.549921999038764,0.2338699431545103,0.18228124430302128,0.6146280515089743,0.25562520923449183,0.45936495467276545,0.16865368998491848,0.2822308622947016,0.4603492351547091,0.31787634034372453,0.20506538888612666,0.02958668522845923,0.7726625482689472,0.07120316876315486,0.40448540744791933,0.13267183745173103,0.3618820746117767,0.03583109597441118,0.07880332786423375,0.4769129335918725,0.18247835562405745,0.3718749233497407,0.3163895656209084,0.28664227945441584,0.5180020716286317,0.5014159001640729,0.11340527685245028,0.43634756127877483,0.07485731450637237,0.3888975289613683,0.31795028091284244,0.11440435704933781,0.6360038780887981,0.38735335355242884,0.48299672682676215,0.6916439118977779,0.020446394537529628,0.3898763900628118,0.5051541291701884,0.20771374235569032,0.09784756127877485,0.4259173420176005,0.019574512338620138,0.46372246805548645,0.04432891662109083,0.1273075125540695,0.4748248313694293,0.08692554566698159,0.4395375047647459,0.0890307429688924,0.03902790898092444,0.545813835164653,0.1863235221001342,0.45495421700724226,0.4079564709391936,0.1183169426076004,0.25283365650739986,0.20658820994713203,0.5994080114022441,0.5165100018230332,0.5637566913604798,0.15549864101161773,0.22780128938166028,0.2947653176221018,0.07936547672318067,0.05623360513100982,0.3137391239496842,0.39369297635028744,0.04549545899003963,0.5168761497538906,0.12914884237392066,0.1818209781401747,0.29381213642917503,0.15541174862029528,0.30272346243722964,0.16426245877459025,0.5782445350436697,0.5727985962644393,0.27942871111553047,0.42809374533883565,0.15380516747045864,0.0977816503422331,0.7701289381660287,0.44302891164918207,0.6994544324566201,0.7273348994845786,0.12110063971892145,0.16332198080843238,0.07486824441903248,0.19667992508990872,0.43995149074396334,0.7087516365866189,0.4904985001408707,0.6427672235204427,0.35864637299259194,0.5304895424186676,0.10324833026732297,0.5880514178226355,0.567708364407763,0.5375856328411146,0.7335464044813471,0.7399346194003878,0.15649476292281936,0.22090998359270117,0.5637735709905698,0.10492200732527886,0.0,0.10316288801604268,0.4302477916438787,0.4597357844843302,0.5742664694476209,0.5321622416679096,0.5606157460349029,0.3862705464127678,0.4818525000414325,0.45057079169359776,0.5663053000546912,0.056562256583635784,0.08115138633388021,0.060410828817182766,0.29717516863057064,0.44118072888181764,0.43317744742206526,0.5033668688576212,0.1982798190225228,0.21047269593463594,0.5953898390758877,0.11464038184258935,0.3800803874774193,0.12411944182038152,0.7593126916256485,0.6198349574901805,0.6890737168332258,0.5918600987752529,0.7500326322942042,0.015082285089245787,0.4071002005336516,0.5042181424949038,0.34916104012330335,0.5525257959197203,0.061001259550208055,0.7388083577785511,0.7278755531248448,0.061296822950330676,0.5406339846533752,0.48757420573758264,0.40888026815161,0.35911174364838655,0.45321212648535786,0.3667584812476176,0.7131353933608445,0.1767918924741875,0.02738659076219361,0.39122265035880616,0.579819536286647,0.4508995094383401,0.1491073932282604,0.5584099670196722,0.644445756475911,1.2045870084025259,0.6228584000397754,0.47668274250484766,0.4168723048111504,0.33910594308821823,0.5908564609953761,0.7030373887535423,0.07055666318633062,0.38372170569615016,0.36981836788809896,0.5471867614643928,0.10581222758083499,0.11780007126402493,0.6518536518669515,0.3781190689272278,0.5670215863703406,0.6929822917184574,0.4241939624455162,0.23382615721175365,0.741482822055387,0.5089860620825667,0.35908016374152696,0.4337810619997018,0.48633028389598765,0.415731450637233,0.6154676825933476,0.759501955617428
121,0.7394236231956114,0.48114446709425096,0.18637575200119327,0.19697108006430336,0.26221012114884246,0.8592268019025836,0.7621474999585677,0.5115054773861019,0.5439965445234426,0.47777144135633665,0.7259823828701173,0.697729420441174,0.303964508858284,0.5458682278460034,0.6344748007093255,0.3193784451184143,0.28542248794312136,0.7177664611611067,0.3528672168912313,0.554476980062646,0.0852578680455427,0.38537376323770706,0.3637165846301728,0.4209913820248926,0.2901394288934188,0.07953687498964182,0.6702338620129602,0.0348921344404116,0.5075973665456837,0.23557840700044744,0.2711101774971411,0.11842486617279045,0.18194170437030774,0.5672285917897215,0.08004734914400308,0.47114982846914927,0.41950169044896335,0.3897865393858035,0.609917242579426,0.5839880425595386,0.21639474469248746,0.5140374881917168,0.03709743283779975,0.487495591574272,0.4170130181143207,0.04743877094416537,0.7281750857654253,0.4891280680820034,0.5861351033328361,0.7947823215499098,0.11194417375163655,0.4808744593049271,0.6082925056762624,0.29335063557566415,0.2004784882082899,0.5290290359469002,0.09764255290939532,0.5668401282752448,0.06439733837153418,0.23031136578332417,0.3818441638078191,0.19005722666931832,0.5426759144168778,0.1921710750923946,0.14075832380384157,0.634752788412138,0.24938790003148875,0.5310409022357017,0.5057997978090456,0.043592245479706346,0.35597203301347385,0.3034120469348184,0.6880040189595452,0.6195973499726546,0.6668950678665542,0.25864981189612024,0.33093595352922667,0.39169431047912634,0.16954236894877278,0.062184292083064016,0.4067209019042411,0.47646056447736956,0.11398806741908223,0.6143378826298083,0.21930385820116344,0.08432109415137808,0.39694065198296297,0.25689673345597375,0.38287174961467707,0.26686002419662247,0.6812358093438737,0.6737272576608824,0.38237692868625595,0.5254637299259186,0.07833426970947481,0.047345257627736656,0.8732673478181606,0.5335813487131041,0.7847766204279157,0.8209004458144813,0.2195111453620378,0.26646189860620817,0.1760618422579095,0.284913066176105,0.5244601252920996,0.7845138881983459,0.5936376058602229,0.7459059480601268,0.4328194865675599,0.6336012363479673,0.0317662954308159,0.6761918328112829,0.6708369462536669,0.6407240424932464,0.7995725152886192,0.8427324533054906,0.25964298380815065,0.30131704204577475,0.6507946767430683,0.005282014948872233,0.10316288801604268,0.0,0.5310654468917283,0.5560008783705399,0.677404879099753,0.608074247170155,0.6307191368766469,0.48936218697691364,0.5814970665738577,0.5536134921029516,0.6694336498781883,0.15969518056315157,0.03329514907439635,0.15821197732809622,0.36215837186562577,0.5035872072788743,0.5362918759011585,0.6065052785097533,0.1190242049089312,0.294396468287509,0.6985282155819618,0.19686689371716468,0.48321879712955124,0.20019238800775627,0.8610529674008518,0.6846181076915427,0.7523677803742189,0.6541731384345116,0.8145146339846536,0.0900273372114221,0.313189156267091,0.5862073617395052,0.45228890932895804,0.6556318218730836,0.048416107326936256,0.8419431545103497,0.8309570841412686,0.043121041117685076,0.6437723943055074,0.5855352839788529,0.5119802946684566,0.25600364606639153,0.5513141914847777,0.42766175276355267,0.7937118944629509,0.0737063176386748,0.07847992177530284,0.49132557715573666,0.6829411906064075,0.5540324168448268,0.05858763817762973,0.6178886209582524,0.7399955087091268,1.1015048144649398,0.67806043355044,0.549436873332339,0.5200107144632825,0.4422443195942922,0.69399483750145,0.8061757984056744,0.17308483733571986,0.486860115348282,0.47295677754023097,0.6459223470723743,0.03812158802764384,0.20457284674920037,0.7230619168365401,0.46937183247982234,0.6697568239447124,0.7877542716982384,0.5273323389515902,0.14919645668638853,0.8001965478380483,0.6057660634084092,0.4505528513896485,0.4871106083958964,0.5527096156714564,0.4988217156399676,0.7185846301728568,0.8441386168149954
122,0.20909670362452154,0.05373819586005737,0.3484699696713569,0.3416745720015247,0.27574929150300803,0.4042320058337062,0.3066357911135418,0.026597938315185858,0.07412351049901388,0.06733838810719434,0.21954807007076685,0.19436567559952933,0.8252691045592402,0.03237251197401348,0.1456891894131491,0.21306428677969472,0.25321167901357333,0.18749416629377358,0.18054879928404524,0.038538084820762646,0.5986695089411491,0.15460419463365313,0.8891322030527519,0.1163547622598983,0.24199038764314953,0.4584505129352492,1.2010791362137256,0.5013838396393707,0.03159657104028903,0.30508794477866724,0.7918006264604981,0.4133785279835596,0.357544498583006,0.07179911831485442,0.6104111437047349,0.06131332140075242,0.12183818923084579,0.15392295198793482,0.12204609788030961,0.10179092295198794,0.32391585044498583,0.050305772386018965,0.5035181888993852,0.058263105122723244,0.114977767281526,0.544008518536933,0.21642026715722826,0.04520950794676745,0.0677454051276952,0.26451002668257684,0.42383921675864694,0.05852660799814386,0.07801986277531944,0.24468647143638436,0.33756847975604504,0.015206914267720828,0.44095966124728625,0.04674857886275881,0.47071045260942346,0.3080602512471204,0.9047232801339101,0.34441285072672734,0.016971494390029665,0.3441334874625035,0.3919437594259103,0.14712177033096338,0.29767650275940927,0.07568315683057393,0.027424833026732306,0.5444130578895903,0.18330418966174447,0.22906802399774617,0.19001139395747363,0.09671916173619054,0.13661949153946867,0.2810347039228359,0.20690913836821964,0.14097739438837234,0.36304199605561915,0.48351227232801336,0.12465535557433834,0.05983612588872865,0.4261879215764265,0.11940644525099856,0.3124917632045609,0.6100143771027032,0.14042002684830715,0.2766960506471768,0.1487285917897215,0.2687192363148213,0.16826776214388706,0.16970906047498305,0.15226713236878311,0.04807154576641975,0.583948051840435,0.5277200566797593,0.3471691194749665,0.053135053613748984,0.28775230779429545,0.3051638906843003,0.31692334974063213,0.27063825220835613,0.3571864548633553,0.24743228260329142,0.057011476822618874,0.31695632178193206,0.07381137406983873,0.21563333830524206,0.1296105835363529,0.11458895573343945,0.5325080876381776,0.18963743184341794,0.15224944894678408,0.11228810553704903,0.3508278228011733,0.32588878668854315,0.2758253865659026,0.2317916273057227,0.16510903395813653,0.5328568173155007,0.4302477916438787,0.5310654468917283,0.0,0.058955849450604066,0.14755514675417225,0.15141964566863886,0.18034445383582756,0.04847867879812391,0.06816174447703804,0.03152650027345502,0.13915782495566714,0.3754897744410747,0.5092275642619203,0.37306683073965424,0.19587116127214563,0.08592639089146319,0.02350773960456763,0.07623298364242032,0.6261318798786856,0.24047093090704189,0.1725396178259501,0.33472376903826717,0.05399888960705348,0.33138476772899794,0.34078567758829287,0.24268918941314901,0.3126101112050249,0.22207370026019652,0.36979813221962565,0.4432723197268765,0.8363996668821161,0.1101050895772221,0.0893316511708845,0.13106235602181004,0.4898862510150982,0.31175496776545847,0.30624344951026716,0.4912438969820514,0.11350009943817431,0.07900024030892128,0.029419910837103727,0.7862748305407778,0.036184689835761286,0.1347278625764431,0.3111083378909162,0.6045091151659789,0.45451571951805636,0.04645507880475314,0.1556067303070982,0.04123122690134079,0.5762650441671225,0.20453269858632062,0.2229447455211389,1.632024262914533,0.27556087273570984,0.10561420474320089,0.0387676875652563,0.09461290376042028,0.16838350817878978,0.2759035035383417,0.3651667246722684,0.04907231641227067,0.07149666053464596,0.14351073932282604,0.5351084290425762,0.33000967864896663,0.2599091798007922,0.06330520890303118,0.15453282288403852,0.2744847942458444,0.01730164570178495,0.6604581116690699,0.3775756227315667,0.09475373307479408,0.08127089444637796,0.12008796963821071,0.10952422976847473,0.05055737582657982,0.18831233530552377,0.356179237309203
123,0.183503322892325,0.08744747178441804,0.37601102935083436,0.3773289249076055,0.3013326124065696,0.34692999552528214,0.24917378478264474,0.0834424667296442,0.03732033179204163,0.09071341918162383,0.17006451880210147,0.14907390742305973,0.8510207577188885,0.036595949551699584,0.09131203699100085,0.23856008551682983,0.29000536137489846,0.16184861366611977,0.21069474137788174,0.03404659507118113,0.6248668937171646,0.19801857007905335,0.9139989227531116,0.15768913969406187,0.2666938795803709,0.4892887435986675,1.225840932067154,0.529370630935216,0.079602553903777,0.34364718507101544,0.8176852947513217,0.4380795671124811,0.3922559787202307,0.01753782793881237,0.6353462934420524,0.09433842953976701,0.1745017070219924,0.20033409569266974,0.06383724456818976,0.04590449792008484,0.36031098460365607,0.06755781501184971,0.5326004905616601,0.10915942425297072,0.16080572266693183,0.5700015744377599,0.17673452493412217,0.07391924791594164,0.034244667627902375,0.23886447405492303,0.45251924128673,0.08742057375826578,0.052374310147665706,0.2703546462486949,0.3699569349840071,0.06171786075340998,0.4724681549246758,0.03576366031919659,0.49740554202091525,0.3427821392465901,0.9301644707403172,0.37558928719402046,0.05161192595170621,0.3767330333615073,0.42081657800096123,0.08975118082832,0.3230560416977411,0.035913389350171465,0.052469547059116,0.5700693332670412,0.22271859825320278,0.2548837982067983,0.13983059878353968,0.06370083196605843,0.11097393891181494,0.3200823679543911,0.24458917946933167,0.1662266858913804,0.388055188186745,0.5088651618356288,0.15097735295579973,0.08594936939624455,0.46140610550390304,0.0618533701254579,0.33732331493727097,0.6347308457216724,0.1836004242695438,0.30492137755017484,0.17348432191451638,0.2982713833507351,0.12531796184888716,0.11780941016589608,0.18210801471684984,0.0459513581597309,0.6104902716319462,0.5566666583801522,0.3173495003231741,0.024907439632741685,0.24006006894380083,0.26853943552263043,0.3459956247203302,0.3079138782545286,0.38587080495202103,0.27232328179121296,0.03683777490511943,0.25986104343790906,0.03948452079086495,0.18998778567758828,0.15527362070965706,0.07769498997331738,0.5577569316694012,0.13262833325046813,0.11491909875868017,0.08480619499825985,0.293497671489418,0.28681460581050394,0.3092403254942906,0.25714590894777833,0.10796851124480021,0.557763163128325,0.4597357844843302,0.5560008783705399,0.058955849450604066,0.0,0.12148703160476641,0.0940015081456438,0.12280178657253187,0.09326669318351313,0.026022713336316484,0.06017598070899423,0.1135122723280134,0.40605574338321815,0.534067501947331,0.39959246092908407,0.22151757569731018,0.08494531729064118,0.04372323870133751,0.06697502444521787,0.6509940917151426,0.26603353552428777,0.14260688775087424,0.35946778203152197,0.09821273140091813,0.3561447405492303,0.30515548815857074,0.18559856809028982,0.25528173320737824,0.16563547622598973,0.312455517990023,0.470879969837087,0.8615715291933908,0.052213245164818824,0.13705420209151625,0.09971959263494587,0.5206942193274665,0.2860253070153632,0.27503850743300357,0.5186343906925871,0.08785454681052056,0.030575539866421395,0.08653617063590713,0.8119033958136529,0.03824173420176007,0.16034797560450123,0.2568516713899799,0.6296317887270255,0.4820606241402742,0.10450224564543659,0.12702272990934557,0.03445396841180667,0.6018969240458077,0.15250677836888246,0.18599320505808847,1.657401730224233,0.222000472331328,0.05645478877674471,0.0856602611909379,0.13392629973980344,0.1380743383218151,0.250257950910688,0.39863244336167325,0.08926794444720663,0.11991741659623133,0.09000449957738774,0.5613627918924742,0.35557084141268497,0.20324501566151243,0.08948651784086578,0.11383879414640614,0.23413089378345686,0.05611158620461067,0.6859618323140918,0.3209560731864962,0.05084622714993621,0.10600842738527319,0.14200018230331957,0.06275867183745172,0.05728256185883095,0.16266678267787002,0.30239747095576663
124,0.06342319229685606,0.20009148312036995,0.4955955269394587,0.48087253683355713,0.42261446991166585,0.2805592071462901,0.1880383002701404,0.16776005568537763,0.14701392963091858,0.1996521321201876,0.08679635061900268,0.06170028505609966,0.9682957539899567,0.1315750343890353,0.05663981835960156,0.3599860620825668,0.39243818260163416,0.040361896948905435,0.32768138351646536,0.12671612887187386,0.7416043935100016,0.2934631913024743,1.0345408939491874,0.2564262085881436,0.38731129120469343,0.5983591955451697,1.346751470856328,0.643694385057757,0.16982781451465892,0.44398502626825115,0.9347960191584216,0.5590265831386001,0.49673894993287926,0.11091565985515169,0.756703392499047,0.2062755017484546,0.26194922852549746,0.2929660584365005,0.0675041929763503,0.1000250004143257,0.4629567526806875,0.1881755249506952,0.6448705149240128,0.1925075573012479,0.26208887286829413,0.6874707734632661,0.07760467525149571,0.18831637083809813,0.09145831054541842,0.11737744245015666,0.5655074412900446,0.19849308076037048,0.07223577619781571,0.3917979913488788,0.47740240143190976,0.14889716435472905,0.5806009711795024,0.11062109912328673,0.6140220421286395,0.4476147350801306,1.0474308656093074,0.4873627007408145,0.13487938149455583,0.48531335454681057,0.5367149024677239,0.052738519034123854,0.44449063623858526,0.15010129435356892,0.17161638409652133,0.6915353668439982,0.32196346475745374,0.37400552710518903,0.0639782644723976,0.057820886988514855,0.026366454531894828,0.4206242231392631,0.3465932398614497,0.285718523674572,0.5078983907588789,0.6302803659324816,0.2713281376887254,0.20681890651154308,0.5652433915046653,0.06310274449361111,0.4581104675251495,0.7560678748404848,0.28047962346078004,0.4205352425462801,0.2945448466166161,0.4105773546131027,0.037393402277134224,0.042220371567311406,0.29504057906163506,0.15195369495682728,0.726385115762608,0.6694057326107493,0.20215349110856992,0.14382802167752198,0.15054885728964681,0.16582159134224955,0.4580432224597689,0.4109987984553937,0.501353544142263,0.3925182303319577,0.15321068463183007,0.18893502543959956,0.08382196423540332,0.07572183828038251,0.2767384610285222,0.043815542186645386,0.6771330068446608,0.06397086461492563,0.03642252108917949,0.04156696332388674,0.22833885215200772,0.18590118331427435,0.4177813520277099,0.3785757636023135,0.057253567344503535,0.6791849632907404,0.5742664694476209,0.677404879099753,0.14755514675417225,0.12148703160476641,0.0,0.07015512355193156,0.0702434909428396,0.1880512769518885,0.09600854339647655,0.12390446477402679,0.01783209864266891,0.5177132948839059,0.6553663136611477,0.5193874028406169,0.3429923432605777,0.20380759541921475,0.1411267422396791,0.08088859609870899,0.7723620792522249,0.38749295646265264,0.02893519945640467,0.4805387808879829,0.19421500190589827,0.47721930260693746,0.1996810520558843,0.130343973217985,0.1926534828220554,0.12362069308407489,0.2470495782164106,0.5873964185684218,0.9813184756127877,0.09162344420689764,0.2271016175276355,0.02699198694045311,0.6298068496329075,0.165233812293873,0.1633713601484944,0.6343253368468155,0.04518827789655118,0.09189075887900036,0.16887805565223146,0.9333759425910272,0.12611261373241192,0.2818135285636155,0.17942821392465905,0.7510203599661911,0.6016483037504763,0.19156411276288962,0.016248868890767126,0.1233875768574222,0.723373116889574,0.12564769883491606,0.08332531198727187,1.7788322643729586,0.17409067932846084,0.142301206516515,0.1613117635360215,0.23522839291337289,0.03246518006596068,0.12877950413497077,0.5048263643746167,0.1905800145842656,0.2047972455625715,0.03898353469563636,0.6787227746565239,0.4770335603838314,0.13198952584563878,0.21036976085119072,0.039053431445665296,0.13507318649629588,0.15011190109216266,0.8074111271317058,0.26269471651833803,0.0718457631051227,0.22685264091217952,0.26319814713535195,0.15655666318633055,0.1785878536270074,0.05537380467027957,0.22163889026997458
125,0.13231207013705895,0.1715852930940188,0.4483231989260679,0.45477437478247895,0.3524860123634796,0.25831811929266313,0.15855625714711874,0.1748353469563632,0.08988210775783491,0.1554605479043405,0.11871202704718341,0.09014740880690764,0.9109881088516545,0.12332799681797843,0.02911422131622997,0.301870962395797,0.36948705646431007,0.11049544241701062,0.29341590016407315,0.12315108801935729,0.6882567410795671,0.2835409851008468,0.9713679543910239,0.24414728450918974,0.327715988001127,0.5601278194865676,1.277433003530055,0.5969599678483235,0.1675787053149704,0.4234310230530835,0.8778777904837669,0.5001498533286927,0.4681712242496561,0.08218207129717098,0.6879837584315287,0.18411466050149983,0.26403973383715335,0.28655397006910954,0.033678508095924695,0.05507123916538226,0.43837205621571457,0.12808553340294007,0.6015337344006364,0.18930394106630866,0.2482754851754255,0.6341229221564824,0.12083812293872956,0.15741793036013194,0.09370180148825802,0.18751130280581382,0.5219395167304729,0.1657572382704387,0.0926512454631333,0.33398372528547027,0.4448132633951506,0.1497028621621173,0.5438269775766917,0.11198709789688253,0.5650603589718091,0.42064942242993747,0.9881325179403041,0.451073534529906,0.1422370108884801,0.4529573658827625,0.4933323803841629,0.029733182518768955,0.3743567758829281,0.08135409933873608,0.13713265052453633,0.6214043736223671,0.30465986343824064,0.32611078241270147,0.08049428230497689,0.06915620908533451,0.07776336200467358,0.4001170387311689,0.32638269610036613,0.24139813387692863,0.4544232420159432,0.5601481131606423,0.2319690167221863,0.1523271515934967,0.5376423871791046,0.03808512736372825,0.4037006993818262,0.6910098029466845,0.2671188451913356,0.37821546595071187,0.23086815326737264,0.37040501168398543,0.07396479059977792,0.06645623891678681,0.260513274996271,0.11074954838495829,0.6731368849334595,0.6244553356867036,0.26599632907406484,0.09970859643016956,0.17694995773877595,0.2135855416894546,0.41543394819271123,0.3885051542120354,0.464456810686289,0.33650409353817595,0.09763274996271071,0.17714308324632505,0.0840349939508444,0.13863862510150973,0.20827507913621368,0.05662481976830896,0.6231770911019405,0.06902330167884783,0.06358450587513875,0.07625615273703575,0.20358966837368864,0.23547734466928522,0.3876559770629277,0.3138121281426606,0.04355788130396593,0.6106401581066973,0.5321622416679096,0.608074247170155,0.15141964566863886,0.0940015081456438,0.07015512355193156,0.0,0.03030699879016889,0.18301385505228798,0.08559363761414675,0.13139704834352578,0.06750771474502389,0.48043854720827334,0.5876288304413397,0.47317893070816536,0.27285848290492054,0.13368422579094782,0.13178986227812856,0.11872623013308144,0.7112050995210394,0.3271808531795357,0.09125731284906945,0.4191502593679048,0.18576015512355193,0.41208555826248355,0.253858615489153,0.09266345149903044,0.1631669649811896,0.07188604385223483,0.22180608727357098,0.5399346442599314,0.9201569051525548,0.04437642320886985,0.22364401962246638,0.053663476358574096,0.5912121430583868,0.23468449924592716,0.223686181408376,0.5859360695404299,0.08874731931255075,0.08214820431230216,0.1794210378030792,0.8632427451565325,0.11880553207709772,0.2116803311291206,0.18582881718291655,0.6808857869702847,0.552172309783059,0.19492276968461525,0.07569799797809038,0.1155171945176419,0.6532399194550791,0.06864387046520495,0.132821690780424,1.7086984040173026,0.1309833192462586,0.07219701188286184,0.16482579260511443,0.22033714513001534,0.08672393476855764,0.1989047796615787,0.474412436401001,0.1780382588375677,0.20453895490478796,0.040581323853560704,0.6265344221813419,0.4197810868592452,0.11978625764430965,0.17290313064518809,0.06251053215996281,0.18062949336250186,0.14479096438456054,0.7414819934039344,0.22722773827872525,0.06427505427667014,0.17698963357032757,0.1930652645884088,0.08681896451714483,0.11718446609986909,0.11134501731881538,0.2368697028455891
126,0.1171831153980013,0.19877962843268865,0.4756620510780756,0.4842092179187591,0.3705174016805052,0.22922826032914032,0.13164344785296409,0.204594524271201,0.1133908003115729,0.18532020749432374,0.10367715739405695,0.07511684814133478,0.934666890402559,0.15285646099537611,0.0441443013639603,0.33024422015611793,0.39929404696796444,0.09499216924377274,0.3226002088201661,0.14977604037189873,0.7139359038101393,0.31381394288934183,0.9940459570095626,0.2743920515752664,0.3558339879679809,0.5881184557251529,1.2959830789373372,0.6240586602363314,0.19718675317787826,0.4532267604700111,0.9016136164006695,0.5278169343210858,0.49731325510863617,0.1098686918908169,0.710388753542485,0.21423865990487084,0.29423590878204803,0.316836573360513,0.060846061419645686,0.08060810586850956,0.46793618555163324,0.15095886574189163,0.6289857969141017,0.2177969886806211,0.27770401398763656,0.6601253418187241,0.10375007043537347,0.18771999038764325,0.11876887253683355,0.17200198047697177,0.5498090869918294,0.1940092974692984,0.12066788478430204,0.3603854555097035,0.47388207461177684,0.1795837020832297,0.571945110127778,0.14162998226685886,0.5928698685758795,0.450252945855914,1.0106897528961367,0.48024360695404306,0.17145196307529129,0.48223183181690116,0.5217704221150498,0.03624093040985102,0.3898793566350121,0.10859397736124225,0.16732279288685592,0.6369116740416646,0.33475863869139366,0.35510456752680697,0.06470940022207858,0.09484916057607848,0.08980691592502363,0.4298905848621953,0.3564533469232171,0.2713867150599114,0.48245055436782175,0.5759872221946005,0.2615322511145361,0.17908919604236065,0.5668218067916273,0.06403862344420692,0.43171806791627304,0.7148218316511709,0.29726927857604535,0.4072302325195976,0.2582499295646265,0.39934781816072523,0.059601128623278474,0.05176549163890684,0.2905272957788495,0.14103430617013873,0.6981294104973569,0.6513721225078308,0.25049307247385605,0.12970617676792787,0.15779485075987335,0.1963228591789721,0.4433819751736025,0.4184370887817167,0.49433423656341674,0.3644323488954076,0.12763192131125806,0.15764105305026593,0.11260968030626954,0.1294574321748786,0.22953968411806625,0.0820863123353054,0.6500490147334229,0.054781501184971576,0.05707745405127695,0.09093158653607121,0.17360914168282532,0.21995542683836317,0.417362866471105,0.341306733621704,0.038517874011833146,0.6337629145328892,0.5606157460349029,0.6307191368766469,0.18034445383582756,0.12280178657253187,0.0702434909428396,0.03030699879016889,0.0,0.2131182154162316,0.11392274482507167,0.15901649845042182,0.07834712209350501,0.5094815376456354,0.6108158073551103,0.5017806973930623,0.28836865045824434,0.14918315683057395,0.16144650226221843,0.14286164835346957,0.7368582923150867,0.35384751984620233,0.07691158289000481,0.44672241004988483,0.21573484810818874,0.438375669136048,0.23832433417855783,0.0653872951159283,0.13321694923681202,0.05611518255191496,0.19165858731500357,0.5676807951739339,0.9432529955750013,0.0717686736604849,0.2536274465934139,0.06178996171630291,0.6190429490047896,0.21916931006480056,0.2081814332355525,0.6130408939491871,0.10504589900396097,0.10925319445134989,0.20894559074562058,0.8787522497886938,0.14763478015876963,0.22718983576128207,0.16582121016258144,0.6993728517211092,0.579337344006364,0.22352486783009334,0.06456528116143782,0.14534196788146966,0.6687494240872404,0.06244658512736373,0.1165363197931686,1.7242264538689733,0.10693073302507498,0.09121219277747394,0.19404178889275592,0.2506051641558527,0.07248989045227795,0.1833963688493346,0.5035924360695405,0.20821005485672614,0.23432461592005174,0.04384026085947729,0.6531181408376009,0.44629985581464726,0.09248197683090535,0.20157271416496794,0.051987818823646344,0.16484406436964485,0.17451790715789126,0.7639475629360779,0.19869755050630605,0.09118691890816885,0.20720955766585455,0.2085744543330185,0.1019064038184259,0.14699778750062148,0.106170403884718,0.2211481463067005
127,0.25127347155239554,0.02686826099206152,0.3075512438058303,0.29323667942789905,0.23463966091582567,0.438997497472613,0.3402550257710603,0.024090704188004512,0.10687347320969853,0.036846202290392684,0.2564043156167653,0.23631042112066822,0.7802532110243787,0.06321261538971486,0.18344191981968544,0.17198894578962198,0.20477226172127488,0.2284061800825338,0.13963710038283694,0.08224089726379284,0.5536131937884288,0.10717949419115334,0.8465518155753328,0.0684331195412586,0.19933165945739917,0.41056698818343024,1.158729296143456,0.45565010192412864,0.02438635873978695,0.2568400122640416,0.7467517360247932,0.3710105570195065,0.3091149090969358,0.10897711264687852,0.5687118281708349,0.018323546959677896,0.0821711082384528,0.10845937121927784,0.15605166641807128,0.13711679842224755,0.27546552809957087,0.0797684747841362,0.4568836076169642,0.04113575796748368,0.07675979880342725,0.49944198611180146,0.2605084025257296,0.027199547556306942,0.1016130363446528,0.30542172558378494,0.3775263842622517,0.026539534960804814,0.11937319975471923,0.2037711098957556,0.2895736671141386,0.039677339697376676,0.3928336233613419,0.07750134241535338,0.42604310644856563,0.2598472546777375,0.859477949584846,0.2993803841628135,0.0534993122192944,0.2973432522912212,0.34871123982830354,0.18275529093952508,0.2565003811796683,0.10548416447074023,0.04615341652993926,0.5034910837103697,0.13529582028207307,0.18600491390311422,0.2296038963191303,0.1338603142246308,0.17753859858466342,0.23353630322013968,0.15876601368932214,0.09772747311026041,0.31988778402028545,0.4422910721092493,0.08332986128374682,0.04106695503737216,0.3777210759210461,0.15223430119823006,0.2700932812940221,0.5680795588259668,0.09472296524635823,0.23252193440395102,0.10655634829877868,0.22353136445748195,0.2033859609870897,0.20394897164354733,0.10704498748736321,0.07362942707038576,0.5383971643547292,0.4813789008767132,0.38612737201478325,0.08345963638774262,0.3292383118712607,0.35053583917532605,0.2700599777921411,0.22302181839274776,0.31336850958749746,0.20453450504648743,0.08585661843915217,0.3527665937453389,0.1057870780092478,0.256747543048443,0.08869417789489377,0.15138378163376928,0.48912067651104607,0.2254840484595369,0.18613613914715202,0.15136344652712183,0.38521876398349314,0.3634039261505826,0.22979351663103478,0.1905555113608115,0.20074432788080684,0.4911718208787021,0.3862705464127678,0.48936218697691364,0.04847867879812391,0.09326669318351313,0.1880512769518885,0.18301385505228798,0.2131182154162316,0.0,0.10616951722766375,0.07039353486136671,0.1816853776164671,0.3297137257826614,0.46734742040802807,0.3313657087455874,0.15496057276388403,0.11175843981504494,0.05405963804504565,0.1171479474303519,0.5843773098659243,0.1994948292149357,0.21274683040819375,0.29255155869338245,0.012502494240872452,0.289210601766685,0.38202732892490765,0.27560209814547804,0.34604294900478955,0.2537682924808167,0.4040457001276124,0.39941164918212096,0.7933205472414193,0.14489477783854565,0.04492360662258243,0.1671575017816006,0.44199264986161546,0.3527925719683787,0.3475640547572881,0.4463454399310562,0.1544129087323291,0.11642699580702374,0.030890999187921583,0.7453579111354184,0.0772428280216776,0.09379809907356766,0.34945907290475475,0.5630357728832099,0.4136040206168481,0.0245259616500107,0.193647334228277,0.0693935100018231,0.535350163244336,0.23258841710999512,0.2677127396874327,1.590843616897861,0.30381493727108494,0.13395976897197498,0.030650217935332118,0.04801912527552668,0.2092079335090075,0.3168209201345731,0.31704337161703067,0.008088060789870642,0.033175309501317654,0.17875041846898365,0.49070558842539647,0.2890268814531233,0.2962322544291421,0.02535164653043637,0.1908499312219295,0.3174623377914783,0.040762491920648444,0.6193699431545099,0.40913267538407994,0.134507573874277,0.03885302209184779,0.1330322676875652,0.14113603970897753,0.07298214256119592,0.23192233878585994,0.39447662374252146
128,0.15804707568902365,0.1041833059878354,0.3996877144135633,0.39666007888761834,0.32672029698868055,0.33756723677886613,0.24023456636669482,0.09267590613036346,0.051107210924940735,0.1045115514012496,0.1521469779081523,0.1303303004690167,0.8755563234392347,0.04320952451979649,0.07928683770032649,0.264080636072855,0.30852438721225084,0.1362697426208589,0.23177357099057,0.043508211935895505,0.6490429407182752,0.21313937917433165,0.9389930310412835,0.1728712524238055,0.29189009595783816,0.5111499693398962,1.251142569482424,0.5526117436483868,0.08463499560814729,0.3616064237060607,0.8422092924973895,0.46336405144268217,0.4121173701917499,0.01909734168613995,0.6608138268781386,0.1111556041697741,0.18622602297021817,0.21456355756641649,0.05515517327101875,0.04244876448068412,0.3792939060972173,0.09226771242479989,0.5552765127032268,0.10950595800394437,0.174708745587431,0.594252282934752,0.1550680985763768,0.09596297585309667,0.019713891512951824,0.21328525497605202,0.47528537098725526,0.10253634465271212,0.02836947910969689,0.2958901788229835,0.390829297800759,0.06990930409851011,0.49397659059646326,0.030800129269626608,0.521193614411906,0.3623335156366529,0.9548481496213063,0.39646468287508907,0.05774632493080761,0.3970804786290789,0.4431804305672948,0.0799304264240375,0.34859147483385544,0.05419348182767359,0.07663634631001508,0.5956275543181023,0.2386736439118978,0.279041946336532,0.12382099471320374,0.038312882215482506,0.08542241336449065,0.3378823232072127,0.2621396277697675,0.19088313528563608,0.4129394504383566,0.5343821657634364,0.17542375577984393,0.11091109398564775,0.481071786075341,0.0516679925089909,0.36239496842837954,0.6601805962975853,0.197200210477469,0.32762873928967995,0.19879641691111893,0.31972441538640023,0.10248500969522199,0.10221083378909163,0.2036830739654287,0.05749511095642952,0.6345350933890188,0.5795446228807237,0.2917755348945127,0.04798113160642366,0.22316166989840727,0.2457575282984471,0.36876922885695823,0.3258823977858433,0.4076694509355476,0.29728220553870627,0.05732024064038183,0.24974608462188636,0.016593563035516,0.1647907240756393,0.1808306485026268,0.05279998839887959,0.5824509024014319,0.12193931785412421,0.08970846384593716,0.059226975919388795,0.2843014551119508,0.26159585011352526,0.3291325427998476,0.28266800079550536,0.09729765988829779,0.5832771507648454,0.4818525000414325,0.5814970665738577,0.06816174447703804,0.026022713336316484,0.09600854339647655,0.08559363761414675,0.11392274482507167,0.10616951722766375,0.0,0.04850327317323792,0.08808613831850046,0.42758151444339487,0.5594812061850546,0.42347959031472177,0.24708453073468228,0.10789903710701207,0.052525911930923624,0.053506612638591966,0.6764684035201112,0.2915873150035631,0.11708544225128027,0.3847724025920218,0.10867055304197948,0.38146155885911276,0.2796117353618722,0.1769866338520691,0.24635143108105864,0.15695557599562465,0.3032717479573742,0.4940124629178475,0.8864083760088831,0.04314366330234177,0.14828699514410246,0.07428031621339437,0.5425901655645603,0.26044641939707325,0.2494623543645072,0.542000033146058,0.062304081937055646,0.019954258439815055,0.0960504068678632,0.837468130065132,0.03549446460829648,0.18590571603772021,0.24463105951374733,0.6551279603573146,0.5057497389747924,0.11340357811697241,0.10152672400934717,0.03692098808399212,0.6274653043636784,0.14336485523459125,0.16282413530220913,1.6829347105520478,0.21296769916637664,0.05430719766651751,0.0841109232834485,0.1487432423474038,0.11256600208820167,0.2246788146969622,0.41892194931967724,0.10362082566830738,0.12614512172889844,0.07555887568570908,0.5854280813404267,0.381125747857936,0.19299535126535072,0.11446297585309664,0.08899801952302817,0.21183341619847862,0.06568210444322911,0.7114976134838163,0.3121482457448748,0.030741212151344902,0.13116687382952985,0.16729033460945658,0.0631749780407365,0.08270017733141088,0.13729956578663882,0.28920693912726436
129,0.18630969190738994,0.0762997315169294,0.3718041399426574,0.3627911549743948,0.29882339780241646,0.38194031223586733,0.2851382273488126,0.05240692586884105,0.06748353469563634,0.07584793417192862,0.19246443427965323,0.1686699978455063,0.8451624156847147,0.03136640481280759,0.12341154974394676,0.23619467508576544,0.2744058734814962,0.1641540131589851,0.2038899965196639,0.03699837584315287,0.6184387212250784,0.17741049735660183,0.9107497224017633,0.13777897379804102,0.2635234176900511,0.47853648552345907,1.222960083859527,0.5210954109282553,0.04625361706359067,0.327023003364325,0.8117678864416049,0.43523048940154774,0.37847132037322456,0.06358145643779317,0.6329120055022456,0.08248941812094997,0.1476217869039924,0.1780130512603788,0.10089259019871058,0.0903905268565936,0.3452378229669036,0.0697943369959728,0.523338794146406,0.07318236961169397,0.14100594971742988,0.5640663501218119,0.19071610401233044,0.06497310197384774,0.042873224614262705,0.24116891231210327,0.44347606025953357,0.07465447720379854,0.05565349110856989,0.2680066043520775,0.35786294104973554,0.03411524055751664,0.46118560963887373,0.03833646563582417,0.49051683819751735,0.3287282851886838,0.9245863786274214,0.36410324168448266,0.025154518636371127,0.36411485109133396,0.41292351547092254,0.12455403636122574,0.32069924924178395,0.07541181491241153,0.048997953230912016,0.5677439798471967,0.20410595137473275,0.2502123999403371,0.16491567642818078,0.06969883491605763,0.1133041150831137,0.3033288503289748,0.22786138318500476,0.16194495268400205,0.38410461724589395,0.5064893932614064,0.147536750691924,0.08302751951474174,0.447292058204478,0.09520749432373753,0.3343190805283482,0.6322764878436832,0.1614982266858913,0.2967459934702266,0.17074500737499798,0.28794284790931246,0.1402560201528033,0.14290935381759723,0.17188188402194265,0.041308664379588675,0.6036023135948555,0.5476640812741346,0.3196561262201893,0.05673493925984856,0.26189530817547524,0.2802309865924195,0.3368796383765061,0.29160750095294924,0.37756195826911293,0.2687234458642006,0.06083660650657123,0.2932260892623345,0.053120767662705765,0.19306925040189588,0.15294707403172084,0.08723905765756804,0.5533487131042941,0.1653388935845805,0.12597159382820391,0.08711124645751503,0.32880602098145484,0.29653265715374805,0.2961060590994216,0.25478437660551223,0.14102761895291605,0.5553935762939394,0.45057079169359776,0.5536134921029516,0.03152650027345502,0.06017598070899423,0.12390446477402679,0.13139704834352578,0.15901649845042182,0.07039353486136671,0.04850327317323792,0.0,0.11604452344254955,0.3953529392267025,0.5315749266643465,0.3955960158438157,0.21920095626377636,0.09520729544738898,0.028655198130562266,0.059574760934055865,0.6485729130413166,0.2637015694658513,0.14496890071098292,0.35674739389118165,0.07360213957805072,0.35342206533088044,0.3124893601153485,0.22218113492102956,0.2912009148312038,0.20227792141069628,0.34780627786340523,0.46360725235751343,0.8575270886159866,0.08873396145113441,0.11165803211853036,0.10557263129982271,0.5099886971941863,0.28833743515802374,0.2773805498931039,0.5109067269924924,0.09018727522829341,0.05809710137721871,0.05530372561693098,0.8095845555942259,0.023124836341338086,0.1580221415668142,0.28656952385687534,0.6272311937552827,0.4778569167536752,0.0750051624985499,0.12954419198196854,0.03456521486932167,0.5995817298927727,0.18675670793350901,0.19742671406552975,1.6550408773761578,0.2574180380848208,0.09610914996933995,0.046348149621306255,0.11453899633736055,0.14045250998524997,0.25256268748239113,0.3856179171017086,0.06938210775783485,0.08894831700889973,0.11787097896882608,0.555084588740284,0.35324217338703,0.23636998458708294,0.0865783738543894,0.12673009993536516,0.24791986111801662,0.03142717811034322,0.6836140390129104,0.35735981703375935,0.07437917433169261,0.10306125391537817,0.14340037952236534,0.09302288735312159,0.06684522448167855,0.1659950695238569,0.3304036941281759
130,0.07063242678864418,0.19212035333697944,0.4876250766502593,0.4748397553820913,0.4146530353502709,0.29419627438306895,0.20057634365833035,0.15820949966025283,0.1390465122060359,0.19169392929945805,0.10095023119375526,0.07296452543131308,0.9605149654452344,0.12364435936956193,0.058406917582326544,0.35202340111702213,0.3863897893568007,0.048336341338106395,0.31970662423971247,0.11874136959512091,0.7338006347470127,0.2874022688476772,1.0265793599496182,0.24976426523475698,0.3793474867001441,0.5920124214852749,1.3387810205671293,0.635970110542104,0.16188104708397555,0.4379885397504102,0.927061867117453,0.5510475480203516,0.490721564825403,0.10295521967550007,0.7487389913654519,0.1983170337592602,0.2536938050017401,0.2862743830689935,0.05955114436765604,0.09205541192263714,0.4569892855367176,0.18020088168514561,0.6375604004043818,0.18395990155620745,0.2541184225790948,0.679654783804836,0.09102330996536241,0.1804915477551832,0.08433878585989157,0.12608607202638428,0.5581070369081357,0.19053375097366546,0.06259556008551681,0.38382339780241626,0.4710895689355144,0.14291464890037953,0.5743858864084587,0.10449211123817095,0.6061036808697525,0.44141060508129065,1.0399250236165665,0.4794201760055686,0.1285268897396377,0.47802453636951225,0.5287427948756194,0.05701861979814045,0.43652747808216913,0.14213084406436963,0.16365667313014795,0.6835649165547988,0.3158713352889508,0.3660308009744941,0.07422157311191764,0.050021984123038175,0.01730261522398447,0.4141235519315864,0.34026414922355364,0.277750377036411,0.4999206483368965,0.6223221796847811,0.2633616317804405,0.19884683206549664,0.5592744162150516,0.055239123949684284,0.45014054757287986,0.7481052470209981,0.27274658181275796,0.4125604832695271,0.28657935166310344,0.40286675284641765,0.050042783274499056,0.05485919554516976,0.2871702464409421,0.1439871061833971,0.7187013125839007,0.661921833308474,0.21599468834418864,0.13586691857670824,0.16497171812592187,0.17599767977593267,0.45108332919007604,0.4040212549097599,0.4933870879530651,0.38455873481496206,0.14525022787914943,0.203186968627256,0.07664300866769422,0.0824505046487346,0.2687638674820597,0.03598970814895836,0.6691628714430135,0.07643843948358443,0.04388250551053219,0.03950604086908962,0.241743118049686,0.20075164487313352,0.40989958401697074,0.3706053133131141,0.0642984471071777,0.6712122922156484,0.5663053000546912,0.6694336498781883,0.13915782495566714,0.1135122723280134,0.01783209864266891,0.06750771474502389,0.07834712209350501,0.1816853776164671,0.08808613831850046,0.11604452344254955,0.0,0.5097932266030262,0.6473930293839806,0.5114169525514177,0.33501758398382486,0.19583548782711022,0.133164561891977,0.06824572830176169,0.7644028157576361,0.37952519100415993,0.04374094698288003,0.4725813238535607,0.1862570311075755,0.46924457647624257,0.21278483236381127,0.13948878834584597,0.20555444240043755,0.13066477734135465,0.26052538988050855,0.5794368899053679,0.9733530966704786,0.0836515354911417,0.2207232552743665,0.03153844942740191,0.623458037090439,0.17575614445052123,0.17636721689123125,0.6264463365319277,0.036309857637680416,0.08392695437445098,0.16161916836540213,0.925405492301828,0.11814880922786253,0.2738430782744163,0.19414327383615906,0.7430608313031373,0.5936735444737238,0.181168183098825,0.031166998127247707,0.1156035731450637,0.7154026666003747,0.12861312749631254,0.09517076849135712,1.7708684764414395,0.1838374434445384,0.1343291154974395,0.15490368584166123,0.22795851770828157,0.0432745736588276,0.13689793500058,0.49857637680438854,0.18292423639768643,0.19885071015429492,0.04316275543181025,0.6707950827822801,0.46906246374649896,0.14619667213576626,0.20240516084124693,0.044246225492633316,0.14822526061088181,0.14337237938978104,0.7994405111122159,0.27493925156200805,0.06388199174663146,0.2188868310711149,0.25522338785859894,0.14859290840086847,0.17061480137224683,0.0577631382687814,0.23651674704585757
131,0.5802027461509142,0.33714815459321507,0.04789509272609758,0.041043794229271284,0.14551066474419524,0.7384489716435475,0.6388887038233977,0.35218096919073894,0.4128559306584464,0.3338606125391537,0.573129294486153,0.5550285056099703,0.45091065480037795,0.3863171000513763,0.49658569913323053,0.18130894612108248,0.12572845091897444,0.5580751918328114,0.20148627753194456,0.4051892474187507,0.22422134937602545,0.2256793118878336,0.5168398796798092,0.26134872139080856,0.15427117618787178,0.08359006612638593,0.8290457332736706,0.12634115580304622,0.34914754967765455,0.07704234408922915,0.41740018064601664,0.042660708662722244,0.03521266510880191,0.4233512570642535,0.23899951109564294,0.3175542352375743,0.2598755531248446,0.23009346359734167,0.464678781550904,0.44831478811382364,0.057524370639221695,0.38375222492915034,0.12836237756674784,0.3343624355723495,0.2633621206847976,0.1701057110658115,0.5819934536535243,0.332595468933857,0.4264485241717629,0.6350907373340624,0.049514145080296335,0.3361223172409219,0.4486017003927808,0.15479118812045278,0.0428845854256782,0.36935583122027205,0.06982453305490648,0.4071602114718506,0.09651448482739187,0.07120867100880024,0.5303410977974444,0.035238643331841756,0.3829843302010308,0.035361275460315846,0.030452393974046678,0.49263239364258604,0.13836392714496426,0.4030849284873796,0.35410887651436046,0.17389426407464503,0.1962812277299922,0.1544216675781832,0.5458119789853991,0.46001103763734896,0.5072042625830724,0.0990324251313412,0.17124436931337944,0.24132084555594221,0.046376613798703954,0.1126047083975538,0.2599759193887867,0.34068150781418316,0.05754343790914665,0.46297139495185535,0.08255280995707585,0.23836583304330536,0.2372519017550838,0.10230344387543706,0.2525173105288454,0.11058460531331309,0.5229702514128507,0.5183913472215317,0.22432184822419993,0.3745086014020783,0.2090926266593746,0.15237171646861902,0.7135757636023135,0.38985870664081274,0.6459644177066242,0.6732209433368138,0.07656847975604507,0.10676880624471732,0.026975554782147495,0.14806499941994392,0.38735497770927585,0.6566966307031935,0.43400817050332297,0.5862140489567276,0.30665103001375554,0.4744407679941662,0.15947019340724913,0.5350057425545666,0.5111461078241271,0.4810324582773993,0.6827658976781186,0.6847828270272956,0.10002979001972187,0.1688305822105105,0.5106272974361524,0.16147166840683477,0.056562256583635784,0.15969518056315157,0.3754897744410747,0.40605574338321815,0.5177132948839059,0.48043854720827334,0.5094815376456354,0.3297137257826614,0.42758151444339487,0.3953529392267025,0.5097932266030262,0.0,0.13765530585525115,0.026750824508195253,0.24790294005535393,0.3920943834004542,0.37737353950181485,0.446813694293906,0.25467619615837184,0.1579041250269311,0.5390498268118464,0.06788801604269208,0.3241303551600126,0.077778170006132,0.7047670246440942,0.5694856643298694,0.6391064319925753,0.5423602727920581,0.6996869023351397,0.06970688940817713,0.4636133180861467,0.45156122076932004,0.2926574023434263,0.4959756045012348,0.11501861151162605,0.6822515702945025,0.6725791113541822,0.11692736041366283,0.48408081008966003,0.43353265715374806,0.35235559919786535,0.41566317804405106,0.39895932150019053,0.3184873962114056,0.6602284509189743,0.23332204710054857,0.08393540661926785,0.3363994017136512,0.5232580254893187,0.39440211969041583,0.205659822005668,0.5103239364258606,0.5902999966853941,1.2611298911151991,0.5764357380798488,0.425278940651983,0.3603191302474353,0.28255351431081055,0.535004424998757,0.6464842141898275,0.02850677836888253,0.3271685311324351,0.3132651933243839,0.49317293955816316,0.1612702232387014,0.06767600556853777,0.6000792770844726,0.32444524271201053,0.511957879646663,0.6389150549395911,0.36764153366810853,0.2897578597590282,0.6932739190241801,0.4548359601584382,0.30619259517061925,0.38874514824574485,0.4357084804189663,0.36357470292845423,0.5599537695354581,0.706411218283366
132,0.7174696299242614,0.4599509106879466,0.16479276255821282,0.17492835479540592,0.24226108321317882,0.839264803858201,0.7422480982449161,0.48946485689189406,0.5238665125374965,0.4557380301297667,0.7039438008584827,0.6765992890170534,0.3238598998989047,0.5238296624073981,0.6138467326273225,0.29799161404729935,0.2633810885165482,0.695727895722501,0.3311614047299426,0.532873887535425,0.10726549163890683,0.3633307065082285,0.38379800792190777,0.3989658761331809,0.26810116176933646,0.058102197583652315,0.6919397404663651,0.034399235983360726,0.4855569946469116,0.21364874293574632,0.290838744427319,0.09639816702298677,0.1599010838761,0.5455851439367573,0.10137133528895073,0.44911126303054405,0.39747469298463683,0.36774253799366907,0.5878758100067947,0.5634225045161506,0.19442714496428504,0.49406544689172854,0.04645148245744869,0.4657689305424353,0.3952610832131789,0.055729909345531015,0.706751512288901,0.467082856858748,0.5640944828386282,0.7727437561113045,0.08990560831303133,0.45936056282006676,0.586253592204047,0.2723602147864566,0.17865086428346505,0.5069942325858897,0.07560980460398749,0.5448014468254362,0.05827715076484524,0.2083503124015976,0.4006089593795058,0.16801488258008915,0.5206373489782725,0.1701303717330416,0.1187724274515653,0.6129440577404333,0.22909603241684479,0.5107825784318599,0.4837612323704403,0.046994472894811054,0.33393141251926617,0.28137185733936587,0.6667782280117337,0.5975856825602016,0.644854447372346,0.23662022903926144,0.30889738809062145,0.3696513863338803,0.14762634448698192,0.03925310329969003,0.3850057094085084,0.4558407994829215,0.09293559720910188,0.5922972621356005,0.197304670279587,0.10459617328759174,0.3749013241850212,0.23486106829745276,0.3608300021544938,0.24481983460117004,0.6591972439052685,0.6516886922222774,0.3603383632476506,0.5034226951059845,0.08830322842605941,0.056534819934039374,0.8512287823795555,0.5115448217570725,0.7640017318815359,0.7993949518553506,0.19752640912179525,0.24442182502195922,0.15401956446079643,0.26287880972505345,0.5028321235022125,0.7643400371235848,0.5716130612041962,0.7238670677339697,0.41293589552362475,0.6115684051774142,0.05467111652496725,0.654184341802151,0.6487983808150617,0.6186854770546412,0.7792028373025739,0.8206938878668854,0.23761139561477645,0.2804664479026832,0.6287709441654652,0.03474204908931207,0.08115138633388021,0.03329514907439635,0.5092275642619203,0.534067501947331,0.6553663136611477,0.5876288304413397,0.6108158073551103,0.46734742040802807,0.5594812061850546,0.5315749266643465,0.6473930293839806,0.13765530585525115,0.0,0.13630034471900423,0.3420701702050084,0.48298769452592843,0.5142563764729279,0.5844667130711477,0.1311823447521503,0.2734161073269361,0.6764875950877544,0.1749283465088914,0.4611876895540198,0.1781721026201959,0.8390420789207645,0.6641379207477751,0.7315660435207741,0.6333233232237856,0.7939558080180313,0.06799112514294234,0.3326896120253898,0.5650472497058288,0.43026275708911316,0.6336037140158106,0.03900118497157735,0.8199045890717447,0.808917789489385,0.03970345050464871,0.621733828866902,0.5634916140472994,0.48996348961699737,0.27801924128673,0.5292787914947216,0.4068430617013872,0.7733605462470374,0.09569746764116072,0.05710856991332309,0.4695992641575102,0.6609005701121993,0.5319875039360944,0.06801489086660371,0.5966205522133283,0.7182747145295745,1.1235044830043583,0.6554440328808897,0.5295142859510433,0.49797214902467724,0.4202036991000845,0.6719542170072421,0.7841372329670692,0.1512036493809974,0.46482154990967695,0.4509182121016259,0.6238837816337691,0.057880500174016816,0.18374963125010355,0.7031333631647856,0.4478263643746168,0.6477180762027875,0.7659650806277863,0.5052917184573825,0.15657874674754302,0.7784885314638957,0.5839273521271482,0.4285136727489683,0.46400243623527077,0.5325478297618458,0.47684536535242544,0.6965512023732576,0.822655131838446
133,0.5813763154841812,0.33067496146770736,0.03073904108453905,0.03895458161388147,0.13625288785031225,0.7307886524470077,0.6312949584845622,0.3534887800593312,0.4056818475612787,0.3277260561162762,0.5687169078042392,0.5484409420109712,0.45303528397885284,0.38785075158686744,0.4896681996718541,0.17406036725832366,0.1274074479192561,0.5597492997895226,0.19600874227282541,0.39937536253501044,0.2266906146936474,0.22735882265201593,0.5162071877226998,0.2629714198113989,0.147126095891546,0.08996140141533657,0.8280883756774226,0.1305344967599729,0.3495802714662157,0.07797298596264426,0.419674199108371,0.04035679245595717,0.023925007043537228,0.4166001508145644,0.2375512935249174,0.3131541291701884,0.2614809824491623,0.23177474767563253,0.4583954821922801,0.4412701569465853,0.05860045741560172,0.3765213129153614,0.13434424667296427,0.33042078920764356,0.2596360231359485,0.1718886043852235,0.5757499958567426,0.33111533170917634,0.42811840600606565,0.6367648452907737,0.055713684350088534,0.3295264339813387,0.4502758083494919,0.14766463647060762,0.043458708298115586,0.37101215631681006,0.07755223818757354,0.40882326521818396,0.09895632178193191,0.07246759144168767,0.5322909643845605,0.032043181027196235,0.3846584381577419,0.03415545501251251,0.030051409536120795,0.48573817928702817,0.12910794013821894,0.3955907704801207,0.34903143074959797,0.1727547357430518,0.19795533568670345,0.14865320936707602,0.5390852185153878,0.461613748984902,0.5088783705397834,0.1006243142909228,0.17291907389913652,0.23609308241767324,0.027786497953230845,0.11105735096703613,0.2534523774010174,0.33362857355938935,0.06802425462801821,0.4582583072308125,0.07288859609870887,0.2370251247120435,0.23892395465619248,0.09939154609788022,0.24479721241651328,0.1093997828933193,0.523218333084738,0.515732602462752,0.2243621372578265,0.3698329687266942,0.21224342465072327,0.1576886093571321,0.7152498715590248,0.3832311523227098,0.6391667909643844,0.6672278542899286,0.07073797212416513,0.10844430633586889,0.04645391869271935,0.14004163144897983,0.3802922985133992,0.6493214504715027,0.43562420656623396,0.5878883557897876,0.29919386300734185,0.4755769651469198,0.15980077561775954,0.5282310694575648,0.5128194699945308,0.48270656623411046,0.6748927144964285,0.6847149770463546,0.10162355193158641,0.16142736041366268,0.5039881917168,0.15999413314771535,0.060410828817182766,0.15821197732809622,0.37306683073965424,0.39959246092908407,0.5193874028406169,0.47317893070816536,0.5017806973930623,0.3313657087455874,0.42347959031472177,0.3955960158438157,0.5114169525514177,0.026750824508195253,0.13630034471900423,0.0,0.23940183794892184,0.38357869702845593,0.378275178574388,0.44848780225061724,0.25328162548268934,0.15064790599777908,0.5405115182551914,0.05791590845058738,0.32520132087041537,0.06767112481148171,0.703024088897728,0.5614426407464493,0.6309451101277781,0.533997008568256,0.6916651419479939,0.07200696067220193,0.4637165183380565,0.4444996685394189,0.2942738858781218,0.49762949336250173,0.12135323754122541,0.6839256782512139,0.6729403868144979,0.12001680505145915,0.48575491804637116,0.42829072407563923,0.35397771756243895,0.41403612091681996,0.39370331792041624,0.3096507234127181,0.6531402989774442,0.23180447140323823,0.08282494738063279,0.33381152322710017,0.5249244932796368,0.3960180894612107,0.20403177049669363,0.5014290757221695,0.5844288188402195,1.25953568173155,0.566974179220736,0.4176291619019207,0.3619932382041464,0.2842276222675218,0.5359781401746796,0.6481583221465387,0.017012902103117337,0.32884263908914624,0.31493930128109515,0.4885877127562603,0.16350690266660028,0.05851266179419602,0.5925892623344766,0.31778986227812844,0.5117401266179418,0.6328930293839804,0.3693156416248198,0.28844605479043406,0.6844821591342247,0.4490932730075073,0.2997464492285254,0.37876901340758046,0.4277863405094548,0.35641445831054536,0.5605671539137207,0.6995468519531313
134,0.4049530486086942,0.14290122474684697,0.21093202572134107,0.22392015114602495,0.10895733273670433,0.49785559919786543,0.4116977908152273,0.1770882348066756,0.19597851306783345,0.14335890551716135,0.39156983045791266,0.3584382323207212,0.6655807769436021,0.2114556920068281,0.2888118795472247,0.07661108072722453,0.14176457183579444,0.38335392532193113,0.08278592618372867,0.2162859593297867,0.44657297104691823,0.07629414640613863,0.7242811282918179,0.08658267455542853,0.0943690150648834,0.3235083693796715,1.021615721175359,0.3581612970052535,0.1731830242463415,0.19507511725418053,0.6325380268151612,0.2633860521387494,0.23580273952170244,0.23207668340542592,0.44132413530220915,0.136737292629974,0.08904805349773781,0.07973776496130197,0.27550255224647413,0.24302579591972023,0.2082796615787468,0.15757655910770813,0.36362609589154615,0.1510802548931868,0.08090419960556192,0.3930217106680587,0.3898331841760719,0.15471418982747479,0.2517184242363977,0.4603697857107343,0.2851823613251794,0.14456026782014947,0.273879621803477,0.09934186844329539,0.21233736886590765,0.1946194666799252,0.3080209814547806,0.2324288022671904,0.328346807205953,0.19099332935580632,0.7406970450289199,0.21901194915394684,0.20826337857770266,0.22130263179701362,0.2585870084025258,0.3001124065695487,0.11355174099670198,0.19291368766469444,0.17138726196987025,0.35193994762922814,0.09449584016970787,0.09832644723976211,0.35036197981405065,0.28518560963887374,0.3324792505676263,0.17208440643696452,0.10249290674356558,0.05727476424866171,0.21854919703674247,0.30457193523260245,0.07166713899799468,0.13617401680505145,0.3054149057823298,0.27992064005038214,0.16820625963307312,0.446368393576294,0.08008400868426727,0.14604489633570333,0.05138886126717383,0.15336147433666453,0.34682327350469844,0.3393147218217073,0.051266270571272365,0.191046073020766,0.4300638310213958,0.38519999502809127,0.5388548119789854,0.19916432158305572,0.44214788942475025,0.48356330068446607,0.17938507433003525,0.161864457481894,0.2374753393327699,0.10087034090720759,0.18978679626775385,0.44597572879895275,0.25920072424136953,0.41149309733339956,0.07489966688211601,0.29919576061916836,0.3839503554914731,0.3417871360148494,0.33642441041449156,0.30631150665407114,0.4377762309617329,0.5083199174663153,0.15948154593215,0.08402277134191818,0.316382140903893,0.3654181955285967,0.29717516863057064,0.36215837186562577,0.19587116127214563,0.22151757569731018,0.3429923432605777,0.27285848290492054,0.28836865045824434,0.15496057276388403,0.24708453073468228,0.21920095626377636,0.33501758398382486,0.24790294005535393,0.3420701702050084,0.23940183794892184,0.0,0.1475622648701503,0.20188373191468212,0.27209274267057787,0.4696204859212118,0.09503781136578335,0.36411219940668554,0.1829685029582857,0.14880626129037605,0.17332798853146392,0.526650706839689,0.3232599148146306,0.3920239397404664,0.29485586436633027,0.4533799449775436,0.3028628001789887,0.6738639271449642,0.25137418584994786,0.11786894877276721,0.3212183082251942,0.3540925355077148,0.5075306186711747,0.4965438190888148,0.3472210427749881,0.30935985846633185,0.2511152571305458,0.1775725815807355,0.5915915079799136,0.21689701519746765,0.07461390642867796,0.45126206930840757,0.4291417905500588,0.3134449029649149,0.15417837551169222,0.3485263179701354,0.21961321864797234,0.3814464856891894,0.2629829214935614,0.40485274863686843,1.4430375876298918,0.33102287906660705,0.20069680471999868,0.1855981786241071,0.10782894976714893,0.35957964997762637,0.4717632625664993,0.24229137042377238,0.1524475795091069,0.13854424170105575,0.3115098112331991,0.386754661164421,0.18300018230331958,0.3702002187639836,0.13262258240938699,0.33534410580221746,0.4532021080892955,0.1929162399111686,0.49401095477220364,0.4459973731748952,0.27115954026417405,0.11613970234839821,0.14774979698039412,0.19072595667810205,0.16440659440825997,0.3841720943336814,0.5095119905865196
135,0.26579375693995594,0.09921588856295264,0.35567712424799885,0.3680371318715922,0.24771786075340993,0.36044988316014526,0.2725134738726197,0.10659360446808862,0.05679512421485277,0.09070036792124499,0.2523843368302425,0.21925515835529263,0.8056617776230961,0.07227019837915777,0.15083760917482888,0.21756566234110614,0.2851837948921925,0.24416843169426083,0.21300183131971032,0.0782770347536419,0.5885687532110243,0.20539914483170085,0.8635596794776184,0.1675883176718209,0.2383433848754537,0.4671500190589834,1.1582767944447205,0.5012473524586089,0.10230956760967203,0.33881562505179075,0.7727455625714713,0.4072423225442914,0.37990705845307354,0.09297503273173241,0.5819258274084756,0.11275014501400421,0.1903776827590779,0.20877713419181618,0.13636503753791082,0.10426501930757884,0.35231362800178984,0.04275529093952501,0.5068291735030412,0.12479235651900097,0.17080642702066656,0.5352233132799681,0.2506569051525548,0.08581318881652003,0.11253559886640481,0.3211842920830641,0.42884704751487424,0.09607180264837004,0.13469654783804838,0.24241474833855384,0.35653104956992987,0.0830369661413017,0.45143609439997356,0.09326970947480072,0.47209091135086756,0.33493529889457907,0.8796814249490379,0.36319382986128373,0.08215289447952404,0.3654712872271665,0.40257679113011485,0.16092691294187841,0.25508384295397674,0.05476765441919816,0.06735818459039761,0.4955561245628864,0.22428971312086718,0.23826535076815997,0.21117648618638024,0.14601695420872074,0.19329496677107677,0.31565537214736744,0.2444352740350354,0.16048289663401777,0.3625522879066608,0.44438627587464163,0.15335489484413067,0.0727149853328693,0.4495891131772154,0.14073915709574245,0.31211495052950833,0.5874456487512223,0.1887014948872206,0.2902079169359784,0.13970498350983615,0.28218788014385393,0.20763777987702817,0.20012922819403703,0.17930300469016727,0.05681520243954992,0.5712668423407747,0.5280933558726529,0.3996693183513151,0.06071873083743516,0.30296239579707984,0.3443778070567958,0.32339340227713415,0.30502890336266764,0.38067733969737655,0.24499459719252892,0.05077154079451103,0.30679023517128234,0.12001675533237206,0.2723114155024114,0.10954857554815288,0.16002156979731183,0.5269076053630322,0.20261379041747454,0.1972399443146225,0.1671260130264008,0.2963770612704884,0.36913442383864503,0.3029905616599545,0.22682310777440792,0.1771966472762227,0.5070083528066424,0.44118072888181764,0.5035872072788743,0.08592639089146319,0.08494531729064118,0.20380759541921475,0.13368422579094782,0.14918315683057395,0.11175843981504494,0.10789903710701207,0.09520729544738898,0.19583548782711022,0.3920943834004542,0.48298769452592843,0.38357869702845593,0.1475622648701503,0.0,0.07006296093737059,0.13349168033941564,0.6116851787401182,0.23827559290011444,0.22492811448648475,0.3270669218913141,0.11511842257909478,0.31726193672417513,0.3874762674223967,0.18118065430318694,0.2488653275659192,0.1509003380897926,0.3109775103995757,0.44647959031472195,0.8135543512487775,0.11219049868244425,0.1495625051790716,0.1820403718987719,0.4975940933724457,0.36834512504350425,0.3573583254611446,0.49028255357231654,0.17017436483866155,0.11196882613235219,0.11290249258356948,0.7295757553157991,0.07807007905334859,0.0783274167619616,0.31207657568073716,0.5689121297999635,0.4575468188070734,0.12332150847710434,0.20934606141964568,0.0804980278095428,0.5195695321433899,0.12117958534281309,0.265667255009198,1.5789266726329574,0.19219988730340246,0.06165823099487894,0.10727378643994764,0.14570485921211823,0.22039473640597296,0.33257776893882895,0.38647600225393197,0.1063652529872885,0.13505020799151465,0.17232431760552877,0.5295317124910919,0.32719530486086945,0.2310147251363132,0.09862340277432506,0.1961586121745471,0.3140166144616251,0.07940200367921249,0.6340131506985528,0.3017978256185883,0.13209655446726,0.10037542882712674,0.05939129750244452,0.05173909080362616,0.039327284177729155,0.244986600706011,0.37032649695884917
136,0.2036878884303685,0.059898316180248344,0.3544833026732298,0.34464045642122004,0.2815318947944115,0.3864022854207063,0.28821636918079524,0.04339227531115856,0.05524390526856594,0.06650672864979529,0.20235472082732556,0.18258938663219476,0.8275820116342665,0.010063068662059273,0.12955618256848814,0.21889496842837963,0.25632226254992624,0.18147460183297698,0.1865683637448417,0.031807852301165146,0.6008644160493211,0.16070793350900742,0.8934550207991513,0.1204488059132568,0.2462160708662722,0.4603819917466314,1.2056392465900998,0.5032981653656838,0.03814098675814973,0.3091936061253914,0.7941867863239364,0.4179081605595054,0.36028296789804265,0.05509722567493658,0.6156146522149852,0.06518362916190185,0.13522153167934509,0.16234315285304693,0.10292903428959702,0.08397237276056954,0.32714827889093284,0.0471142296027446,0.5053711944182039,0.07057844843302014,0.12681090173851084,0.5465726064402793,0.20743437909146664,0.04743999734831526,0.04985898838230659,0.25849046222178024,0.4255840832628979,0.06074103813453992,0.07200145842655653,0.25069208140671884,0.3396548832430105,0.019164031555047315,0.4429997762641078,0.030562521752100637,0.4730053116558113,0.31052725434627676,0.9070212880558177,0.34629785876464636,0.013847204958650192,0.34596120253898793,0.395618455725153,0.12928374683040814,0.3034031389317026,0.05735520144516819,0.030576633686338818,0.5504235237574373,0.18651795687697836,0.23288675649248416,0.17559740797825618,0.08344745521138905,0.13060319196539544,0.2856661114701934,0.20980346044846612,0.14462603788594444,0.3667850892457614,0.4891946916587945,0.13023729262997397,0.06574673925653395,0.4291371998210111,0.09904661993072474,0.3170075738742771,0.6149809078705316,0.1452505593397305,0.2794294320422944,0.15344732262715655,0.27027792141069623,0.14955491473176546,0.15009797146124387,0.15417701652330992,0.027430559008269906,0.5859349840070269,0.5296881618853478,0.3369770795008203,0.034656499113342926,0.2753633470889475,0.2978416032748305,0.3188895656209086,0.27356742736870004,0.3602627488025987,0.25142861167735625,0.03716200135898835,0.299484993122193,0.057512918676146475,0.2096251926614627,0.1356254412568986,0.09842351547092268,0.5360350188103881,0.1719127844346112,0.13454949535126529,0.10443218316511699,0.3328695454018131,0.309828336565074,0.27799221896285986,0.2374635393360845,0.14714003380897916,0.5380838098079185,0.43317744742206526,0.5362918759011585,0.02350773960456763,0.04372323870133751,0.1411267422396791,0.13178986227812856,0.16144650226221843,0.05405963804504565,0.052525911930923624,0.028655198130562266,0.133164561891977,0.37737353950181485,0.5142563764729279,0.378275178574388,0.20188373191468212,0.07006296093737059,0.0,0.07022841777291625,0.6312782114387046,0.24640085185369334,0.16223633968080337,0.3394534712209351,0.05775451200715955,0.33610590165564563,0.3290126369346527,0.2241753509338903,0.29428972969389616,0.20329043404763097,0.3517957539899568,0.44631255075490156,0.8402252440378529,0.09173556903495253,0.09722315583619223,0.11940834286282516,0.49181146522149854,0.3056544440577404,0.29540509454913066,0.4933695619748421,0.1074805349773777,0.06239606224829708,0.04773966257312855,0.7922735792770845,0.023884096521321126,0.14071459586668658,0.29554865841329814,0.6099364921526707,0.46053528397885296,0.06746647276222686,0.14667805233762582,0.019255829562969246,0.5822692288569583,0.18532647209930572,0.21494864846948075,1.6377441372909725,0.2563774673097003,0.08638988050846058,0.04196619102073276,0.09653070982283422,0.15771396609158242,0.26988983907588787,0.36740775452029356,0.051226785329554575,0.07743447024312625,0.1248416447074031,0.5376585458824308,0.33593812459603245,0.24286767264953013,0.0692773082086213,0.13698567261638417,0.26426925371650173,0.0135211637581,0.6663016871343577,0.3587906494970086,0.08076668489699858,0.08575897843848924,0.12209215432804661,0.09058524337493173,0.03995152389002145,0.18307438804090218,0.3404758365236414
137,0.13487384610285222,0.1291916173619052,0.42469592634945896,0.4095479872056216,0.35171400752415505,0.3597108172160626,0.2659373042310944,0.09500548567261638,0.08487044034538191,0.13147940801140223,0.1665729627604037,0.13866195163990125,0.8973961533999568,0.06266645121728898,0.11033799035449712,0.289086461492567,0.3210867183745173,0.11126149753890527,0.2567817829264655,0.05864065529756872,0.6707036493809972,0.22113642088864585,0.963641293359187,0.1855256964815458,0.31639339399061966,0.5270258787848654,1.2758518702663284,0.5727947844677572,0.09908429871227559,0.3713175475231608,0.8638964185684216,0.48812157974112913,0.42483822237690383,0.06271535822602296,0.6858037919090472,0.13535831717462996,0.1870735593894495,0.21853776164669622,0.08720191749946139,0.08870684797560449,0.3907095328063111,0.1172759243606954,0.5739702845589087,0.12244454664479024,0.1911892722782943,0.6165711728732659,0.15762706541374572,0.11739244104144914,0.05110490727390245,0.18870988083992116,0.4945810752581249,0.1286846484031886,0.04413282454134143,0.320898390758879,0.406092601799831,0.07750140042095487,0.5090054856726164,0.05100270969025002,0.5431023218813701,0.3763246739256534,0.9764688344188669,0.4164524768391919,0.06388773430119822,0.4143620958252539,0.4658153018777242,0.10807152090687619,0.37359103564858553,0.09221412353535849,0.10071742985465451,0.6206357662539982,0.25068888281211166,0.30309485573178196,0.13972731566648436,0.061079973151692925,0.0641397520674854,0.34804633818923075,0.27558869885148907,0.2148189230845722,0.43699580702364965,0.5593807653424816,0.2004285370987255,0.13592011799996687,0.49302348398216733,0.08456211571288881,0.38721086693514967,0.6851682742504849,0.2097012545782992,0.34963564195628033,0.22363679378179946,0.33966393211687296,0.11536647110492386,0.120198163708381,0.22412834982349716,0.08116266428015044,0.6554783887701153,0.5985058337062265,0.2819832198080842,0.08084545650408524,0.23131174696299242,0.2435162498549861,0.38713644574818945,0.3400593397305226,0.43044978372197074,0.3216053878917449,0.08818715093057557,0.26881381030510954,0.056171439699033834,0.1448149952766868,0.2058388604385223,0.06408898059298294,0.6062334062546612,0.14192676378461694,0.10260812244153864,0.06708311374069839,0.3072229238137854,0.26678295132501373,0.34688175143771016,0.30767616301231365,0.12170698884635145,0.608285362700741,0.5033668688576212,0.6065052785097533,0.07623298364242032,0.06697502444521787,0.08088859609870899,0.11872623013308144,0.14286164835346957,0.1171479474303519,0.053506612638591966,0.059574760934055865,0.06824572830176169,0.446813694293906,0.5844667130711477,0.44848780225061724,0.27209274267057787,0.13349168033941564,0.07022841777291625,0.0,0.7014621140555861,0.31659335587265286,0.10969066441273471,0.4096391802979831,0.1234564212201064,0.4063138517376819,0.2795899003960955,0.20466608661064978,0.270968585823431,0.18724837998641009,0.32601669732677035,0.5164960556190854,0.9104188750227877,0.08421767016357574,0.1545992724440246,0.0818236878304248,0.5584202837302573,0.2416986360397089,0.24306106332554403,0.563406577835231,0.05009777258489534,0.0524336415916737,0.09454634647574534,0.8624763420010275,0.055850212963423296,0.21091392797361577,0.25993539833275325,0.6801200467359417,0.5307487031604767,0.11809788030958418,0.09504195462304645,0.05778264472397616,0.6524735162995741,0.18702790069440994,0.16206382273488124,1.7079326637829595,0.24903971726412433,0.10267627073700261,0.09015037537910806,0.16430761199224375,0.1086969373042311,0.19969876033742692,0.4335111950811249,0.11965714546147599,0.1343948524171763,0.0999314622383533,0.6078227100217105,0.40613395979383143,0.21183339133893503,0.13947016026119088,0.10855793102305313,0.21497663202903594,0.07918092775816633,0.7365111619350667,0.3402727671986609,0.06161881204527751,0.1559530403221797,0.19229854654535208,0.10597105520475977,0.10803829198362583,0.11704299043736228,0.30248111503339464
138,0.8344611528199007,0.5793438654932962,0.2825739571421469,0.2919306004408425,0.3676372329670694,0.9658920681482955,0.8678497903511823,0.6064590480452112,0.6470578232983643,0.5734182452476839,0.820939201842921,0.7963468900710983,0.20188138683107107,0.6408250633918361,0.7348875602843931,0.4176283083909247,0.3803769866918576,0.8127232967069392,0.44850049719087154,0.6507809542750129,0.04869895092726095,0.4803287426042857,0.2639035201113707,0.5159893518288338,0.3855841081224415,0.1758910986260959,0.5749901473342284,0.1309266643464426,0.6025523956313499,0.33090172193771855,0.16864443394819262,0.21382261058353627,0.2768952750294172,0.6641026450554366,0.05639446295099353,0.566106664014982,0.514495765591077,0.48475104824408766,0.7048719070584533,0.6850451449311389,0.31162468718407665,0.6176986277531943,0.12749676825933476,0.5830316876315483,0.5123763569167535,0.08511101443510827,0.8254709391935566,0.5840822519431875,0.6810886739919454,0.8897391570957425,0.20690170536468952,0.5780485672616384,0.7032489931884852,0.39266392383035836,0.29602572134108945,0.6240148577205452,0.1926316395697641,0.661823281791213,0.15847219045724995,0.3255203268201329,0.2804722070302789,0.2850614942242993,0.6376327499627107,0.2871546429340891,0.23573284277167336,0.7311383847925887,0.3573500223735892,0.6342611826513532,0.6007566333548785,0.12377462337791476,0.45092560367258333,0.39839231674373116,0.786323439234989,0.714626394206069,0.7618486385256635,0.3536069126104177,0.42590210311738685,0.4866577089444637,0.26497241419314194,0.16962716485191995,0.5028051508974296,0.577314166625234,0.20894490296491494,0.7093005684548965,0.31430398249888125,0.050690647839705665,0.49191215465950705,0.35190352011137066,0.480754470574587,0.36181523558560796,0.7761926448897067,0.7686840932067154,0.4773513813619714,0.6204200351348215,0.06251716137158389,0.10321049404199603,0.9682241833639935,0.629034612771176,0.8848647972289893,0.9177610914996934,0.31455283481661944,0.3614172260063972,0.2710168879166044,0.3799529325974908,0.622805614942243,0.8881647027627243,0.6886240076898854,0.8408624687184075,0.5377220620162748,0.7285942176701633,0.10184306998790169,0.7725921460415319,0.7658091781434895,0.7356808780390794,0.9073534281310592,0.9376989509272609,0.35460406204942085,0.4021432821226735,0.7481775385737252,0.11551285238403024,0.1982798190225228,0.1190242049089312,0.6261318798786856,0.6509940917151426,0.7723620792522249,0.7112050995210394,0.7368582923150867,0.5843773098659243,0.6764684035201112,0.6485729130413166,0.7644028157576361,0.25467619615837184,0.1311823447521503,0.25328162548268934,0.4696204859212118,0.6116851787401182,0.6312782114387046,0.7014621140555861,0.0,0.3940759873382057,0.7934817862410712,0.2933583420341736,0.5781811017749716,0.29960380516747037,0.9560768408492021,0.792554558411641,0.8605346956363215,0.7623902202555563,0.9225417557466976,0.18506279520708002,0.21188001126965972,0.6863909660418632,0.5472833822237689,0.7506316644293076,0.15072603125673278,0.9369091715142778,0.9259131904738227,0.1382435738079849,0.73872922985134,0.6804860869421104,0.6070004226122406,0.16101827176453043,0.6462667511891147,0.5358690399244269,0.8957152505013338,0.06809058817680108,0.17518315683057392,0.5866879215764265,0.777917980079219,0.6489992956462651,0.146127479739472,0.7261666418071231,0.8357970218266793,1.0064709309070419,0.7856255158355291,0.6543835827574207,0.6149675500091152,0.537198321152157,0.7889490213626343,0.9011326339515073,0.2685829148643498,0.5818169508941149,0.5679136130860637,0.7408791826182071,0.09588828121115696,0.3041558610517244,0.8292881966887087,0.5662920582044783,0.7647318401034158,0.8835506968958717,0.6222859096106997,0.04272965246358073,0.908334841478977,0.7009867912958451,0.5455242877740764,0.5942198163708381,0.6602443195942922,0.5973823397802418,0.813554011501682,0.9432181093488455
139,0.44951997050000825,0.18748733820580396,0.12323459122623846,0.13173094515984687,0.050939077545202924,0.5813600241966222,0.4817121016258142,0.2215883839639371,0.2550830143025241,0.18785951871923634,0.43607044365998765,0.4035208240110045,0.5956333714513001,0.255956305208903,0.3408408243424652,0.027663012313760595,0.04812829181789556,0.42785453852400607,0.06139177812028711,0.26187291801322526,0.3710791362137257,0.09545734930973332,0.6568616400669551,0.13110034140439844,0.014201188286183058,0.23944965942425295,0.9637389665059082,0.27779031803642745,0.2176836374484164,0.10075362535010524,0.5623885795256798,0.18145182220454426,0.14571058519365582,0.2765772966075009,0.3740684548965014,0.18123790583204896,0.1296130197716236,0.09986858416612805,0.3200024528082998,0.29125336846815497,0.11530731367772089,0.22591760718606552,0.2818419181623826,0.19590492053232575,0.125813503704072,0.31654832695271706,0.43510767496975433,0.19920340078556162,0.29621903743847267,0.5048703989128093,0.20182706044183696,0.18910120320190918,0.3183802350055521,0.018840625466116454,0.12219506455194809,0.23913658661893633,0.22371904572498713,0.27694592220620157,0.24538788345845966,0.09759119309236149,0.6736583221465389,0.12827777225343476,0.2527639917797776,0.1300272294867333,0.1718504947049172,0.3446130197716236,0.05742919173337311,0.24706151079732844,0.2158878751719452,0.30408332919007613,0.06605585110790703,0.03010513929630919,0.3948625930161255,0.32973408574885227,0.37697986376970116,0.07786038051674703,0.041024743532375466,0.10177481396774882,0.1347306468453239,0.2437992260395432,0.1161696083793235,0.1834880342730241,0.21482135103332828,0.32442143555577657,0.08491179833938248,0.3760728384626858,0.10703479507449579,0.055775957506753494,0.10742395465619253,0.08105141782263545,0.3913238867067734,0.38381533502378246,0.09247276222675219,0.23554594043653362,0.35654903130645194,0.30529362435572355,0.5833554251810603,0.24366493478513065,0.49083332504681876,0.5282622433252128,0.09535455509703511,0.06704970251412852,0.14248640182966238,0.031074180878039072,0.23504792920001988,0.5004784633487462,0.3037148776081804,0.45599371053547466,0.14898913637945607,0.34371288055817956,0.3045869669699531,0.38632139246590097,0.3809318185584779,0.3508121198561461,0.5261723677886606,0.5528205306683903,0.0651146439284708,0.01363843451167564,0.36088275410596793,0.2966494970085682,0.21047269593463594,0.294396468287509,0.24047093090704189,0.26603353552428777,0.38749295646265264,0.3271808531795357,0.35384751984620233,0.1994948292149357,0.2915873150035631,0.2637015694658513,0.37952519100415993,0.1579041250269311,0.2734161073269361,0.15064790599777908,0.09503781136578335,0.23827559290011444,0.24640085185369334,0.31659335587265286,0.3940759873382057,0.0,0.40861281260876053,0.10154709226205272,0.19330687449245093,0.09661093156996306,0.5711849632907408,0.41347305225476066,0.48351479142842935,0.38755822105106136,0.543598286348796,0.21987497306882778,0.6052240507797608,0.2979908765475066,0.16238467657733804,0.36574906776711585,0.27073395316461996,0.5520318119292662,0.5410444322908899,0.2669236646281841,0.3538604716684068,0.29561399758033763,0.22210435207742918,0.5458943883723628,0.26139762839954256,0.16641213808647812,0.5027132451648187,0.3660137058950264,0.2293260826331229,0.19970298645983525,0.39304062049420774,0.2641142461757735,0.33589156267090936,0.3578637697011883,0.44935336183894337,1.3917178690399241,0.4260152803327865,0.26837065579475966,0.23009879182618212,0.15232956296922384,0.4040802631797013,0.5162638757685741,0.15159169856974766,0.19694819271118183,0.18304485490313066,0.3560104244352741,0.308389085003066,0.09391573443378247,0.4425262682510482,0.17726842506504914,0.37985396675450384,0.49770272129137055,0.23741685311324354,0.4264582359667878,0.5400561825684881,0.3156553804338819,0.1606426689205986,0.24120780092477498,0.2793898307893734,0.21197603539999005,0.4286731384345116,0.554290782081241
140,0.047749283216493466,0.2212135434793417,0.5167196423540331,0.505428827126734,0.44373346426026283,0.2529513747327599,0.16150289199356962,0.19431745637150105,0.16813410066457846,0.22075763602313594,0.05927594093372445,0.04593562206864549,0.9895035632012462,0.1527495815310164,0.07566863885712392,0.3811101774971411,0.41701225575498435,0.033889797643315275,0.3488012396625732,0.14783598501798176,0.762772195429159,0.3196277283349079,1.0556607500952948,0.28029741957937643,0.4084075142113724,0.6216313744012992,1.3678755862709024,0.6650141782263546,0.1909334344288105,0.4694251396277697,0.9561208173817926,0.5801410364772368,0.5211403321235023,0.13203705729296142,0.7778232486451548,0.22738088964019953,0.289568529475132,0.3200912345249341,0.08861461906892723,0.12114808830109874,0.4877953976698321,0.20929544738891928,0.6669343376588941,0.2166124645751504,0.28479917632045604,0.7085996287641492,0.049780399078539594,0.20941445002403086,0.11304671936889904,0.09625758630404879,0.5871042526392549,0.21959172342929112,0.10033566184391518,0.4129179635061899,0.5008749482092842,0.175084605313313,0.6042075108967663,0.13605567709110186,0.6351175027759824,0.4714666882116044,1.0688297949916303,0.508476192843766,0.15975344304678568,0.5072673643911896,0.5578347586138318,0.06440591491406883,0.4656104923846931,0.1712254097681433,0.19273030709822836,0.7126594822585725,0.3465990072755598,0.39511857173635617,0.0522915112945193,0.07929020202522415,0.05264375445400157,0.44597426208588153,0.3704758199506124,0.30683837982067985,0.5290152637597574,0.6514031057856444,0.2924479938348332,0.22793876265765098,0.5899343045128357,0.08419189081688458,0.4792345829397239,0.7771877309865923,0.30387459188915966,0.44165509869238795,0.31566050978637367,0.4318337062264869,0.03196484031886508,0.0344757619450107,0.31615206582807137,0.1730668721722269,0.7477195926349459,0.6913044382571802,0.1749229105553622,0.16494799383483322,0.12169844544987489,0.1381533336647939,0.480463845937122,0.43418438323472386,0.5224692404580785,0.4136291038963192,0.17433045791279275,0.1609651552064171,0.10727258489534135,0.06262723943055074,0.29785843318583344,0.06495518652944196,0.6982571222592353,0.046315848787682926,0.03721665092228902,0.0658575548152936,0.20087653093355873,0.15714967931188786,0.43943954987653094,0.39969987901688786,0.058149339564792256,0.7003068579194219,0.5953898390758877,0.6985282155819618,0.1725396178259501,0.14260688775087424,0.02893519945640467,0.09125731284906945,0.07691158289000481,0.21274683040819375,0.11708544225128027,0.14496890071098292,0.04374094698288003,0.5390498268118464,0.6764875950877544,0.5405115182551914,0.36411219940668554,0.22492811448648475,0.16223633968080337,0.10969066441273471,0.7934817862410712,0.40861281260876053,0.0,0.5016628963025572,0.216520061651668,0.4983375677422562,0.17098258174646597,0.11424337493163622,0.16575302043454482,0.11991870929249734,0.21953728931536814,0.6085155123551931,1.002442591027362,0.11274247170155284,0.25388134539849844,0.045893609439997374,0.6531002916853114,0.1434585425678251,0.13504782147533104,0.6554266974925006,0.07299051194086742,0.11299881502842274,0.19696274383068993,0.9545000580056017,0.1472151842092179,0.30293764397819,0.15118250219592633,0.7721395034720496,0.6227681598965843,0.21752983973880907,0.02016979896915758,0.14478135202771006,0.7444972323041482,0.13740982614892525,0.05540005634829877,1.799952120519067,0.15138128739289677,0.16341923962942703,0.18833299358623776,0.25735739737151764,0.023432150019058986,0.10769052354198777,0.5284914566035235,0.21227676129866255,0.2310355657203467,0.05261781766353438,0.6998443046785658,0.49815341652993916,0.1040784567195346,0.2314938762657651,0.03832151676361889,0.10639544904622215,0.17335494456321784,0.828530469513913,0.2362775568040571,0.09295743217487859,0.24797675632675387,0.28431800328145973,0.17766062579757702,0.1997093670760205,0.054314324069010086,0.19306171796019161
141,0.5427141235353585,0.28713570824839657,0.05626523475695652,0.050261911864631525,0.07951339929398896,0.675940245943751,0.5769086246043188,0.3146401581066972,0.3546834054260096,0.2809213858366893,0.5291170635907125,0.5040372893153682,0.4942106431992575,0.3490021296342333,0.44237346492318397,0.12520629277913123,0.0885559754056249,0.5209006778368883,0.15696447571222602,0.3590549064452509,0.2697101377218714,0.18850686952054224,0.5559148063441555,0.22417205290110867,0.09327520343393166,0.14144715689686604,0.8664072076103347,0.17786602363313944,0.3107304728285189,0.038737764961302,0.4610142776645286,0.08128416944264895,0.0615418386118431,0.37204659507118115,0.27616461161106404,0.2742837302573792,0.22267500290028003,0.19292153499395082,0.4130503488622616,0.3924883905931486,0.036218449095941276,0.32538264638127906,0.18392965577818662,0.2915392532193109,0.2209386300734185,0.2156903412386682,0.5334426490329638,0.29226236762293056,0.3892697840534315,0.5979162233381393,0.10576815989658434,0.28597785014667126,0.41142718639685777,0.10021265682228742,0.030712424799880636,0.3321933658164702,0.13024966439616165,0.36999965196638995,0.14658337890916318,0.03472616384096523,0.5726511625979881,0.0390423689487728,0.34580981620510787,0.041705397835562416,0.08167187059778916,0.43895525282155806,0.07229717098394071,0.34225669136047987,0.30893369959727535,0.21215618422579088,0.1591067137340692,0.10656762624504877,0.49401937387096234,0.4228031289878852,0.4700297485871493,0.061805109464856886,0.1340765673942227,0.1948375097366545,0.03578605048144646,0.14999621306286143,0.21103382555229616,0.28476559936359563,0.12437994497754354,0.4174790765508212,0.026454415883591022,0.27570564643099815,0.20008816022804488,0.06007624422015608,0.18852932597490848,0.06999470491721774,0.48436971113210364,0.4768611594491125,0.18552458608859945,0.3285985432307463,0.25508087638177634,0.20554737400354664,0.6764012496063908,0.33692627488026,0.5923599164719335,0.6258622864150882,0.03288283697111325,0.06959500488904359,0.07836914764911583,0.0880488075705597,0.3302589370059166,0.5962584895341322,0.39681575763602317,0.5490395349608048,0.24599344536700968,0.43676932829513243,0.20405285138964852,0.48007647624256283,0.4739836424203251,0.4438579442814763,0.6193840550887483,0.645873199754719,0.06279670693912724,0.10963082749134052,0.4554727207941797,0.19864618240275772,0.11464038184258935,0.19686689371716468,0.33472376903826717,0.35946778203152197,0.4805387808879829,0.4191502593679048,0.44672241004988483,0.29255155869338245,0.3847724025920218,0.35674739389118165,0.4725813238535607,0.06788801604269208,0.1749283465088914,0.05791590845058738,0.1829685029582857,0.3270669218913141,0.3394534712209351,0.4096391802979831,0.2933583420341736,0.10154709226205272,0.5016628963025572,0.0,0.2863827789655115,0.01086832728417771,0.6642545368667031,0.5055715954855069,0.5747996817978422,0.4776568968660401,0.6357635194484494,0.12140763022257574,0.5041698404017303,0.3938361838943302,0.25546936475579635,0.45880969190738996,0.17235320439516738,0.6450836357911136,0.6340917648618638,0.1671477651270323,0.44690629609373705,0.38866916919405364,0.31517972621356,0.45283716170304433,0.3545973333996254,0.25296552809957074,0.6032084306998791,0.27048421418982743,0.13449698370871238,0.29527362899617154,0.4860955600855167,0.3571790301463398,0.242834336001591,0.44475084108122437,0.5441433649878188,1.2982940801140224,0.510387842025887,0.3631470027676959,0.3231446162515123,0.24537900031488757,0.4971295182220453,0.6093097001939045,0.060522008982581824,0.2899940171365121,0.27609067932846093,0.4490562488606043,0.20828368053829202,0.015624910919968834,0.5385283398796797,0.2742904009015728,0.4729070501665588,0.5918138765972257,0.3304670196721855,0.3278410232188137,0.6277952899451433,0.4095207245728301,0.2537071214305839,0.32257522497886937,0.37213444041167404,0.30471787732643885,0.5217400768988547,0.6506530684963291
142,0.25634105636487176,0.02298306236430833,0.301409444969257,0.2898783539667545,0.22843299524354066,0.44159382820398085,0.3428834584597027,0.030876845821110718,0.10958964351414505,0.03336823613251795,0.2590781418319826,0.2388472215316794,0.7749393841462402,0.06652160294336999,0.18595755647259649,0.1657999801123651,0.201423614909097,0.23454845953694967,0.13349530154626368,0.08674947380632754,0.5482360082202224,0.1045111039294652,0.840375561411359,0.06453971726412433,0.19328977941298328,0.4066026036228642,1.1526727655413582,0.450425520807438,0.027677182253600496,0.2538120038449428,0.7414485821773644,0.3649237972124164,0.3056937055635659,0.1122071960092146,0.5625185866520823,0.01723574305175759,0.07895993470226541,0.1059286531099289,0.1588143903611263,0.14056075672450652,0.272213203732246,0.08421389151295183,0.4519663401779943,0.03051645701784914,0.07140929581199557,0.49400694409917295,0.26320881187954726,0.0349231260047399,0.10497701320870417,0.3115635244203584,0.3726059845207909,0.022402674886889025,0.12511398100730872,0.19761190937867712,0.2857030693249805,0.046171166244054415,0.3890428744261588,0.0838690150648834,0.42043232403586395,0.25615470093969067,0.8543950347204958,0.2937020998027809,0.06028064767397538,0.29253182021578084,0.34252882049752237,0.18523307479408013,0.25030455426838366,0.10991156631697567,0.05247871194418206,0.4973492848737964,0.1309842141898275,0.1799123038167686,0.23202505013341285,0.13755129352491752,0.18368512073451662,0.22996541208836743,0.1550083113740699,0.09176869023351397,0.3138827623924825,0.43609605727638845,0.07714205571852366,0.04768889109862609,0.37439904539352664,0.15510030825834037,0.2639243855549479,0.5618833507350138,0.08859540264174083,0.22656310180811745,0.10041524552942545,0.21733706226487018,0.20651264522116708,0.20685813487131044,0.10157812525895359,0.07703598004607304,0.5331769087986211,0.47631048741278437,0.39052471038631736,0.08762720628449258,0.3317074280316213,0.35331636255158355,0.2654947049172177,0.218728127744908,0.3074664230431396,0.19847081489583848,0.08888800775617757,0.355262094167951,0.11047053315434459,0.26275770231525214,0.08255237905832047,0.15486221183645726,0.48321368435008866,0.22799879016887914,0.18991765690515253,0.15750569283547955,0.3878730837435158,0.3665350851025041,0.22418508758845856,0.18438968163211183,0.20321162100797163,0.484998881320539,0.3800803874774193,0.48321879712955124,0.05399888960705348,0.09821273140091813,0.19421500190589827,0.18576015512355193,0.21573484810818874,0.012502494240872452,0.10867055304197948,0.07360213957805072,0.1862570311075755,0.3241303551600126,0.4611876895540198,0.32520132087041537,0.14880626129037605,0.11511842257909478,0.05775451200715955,0.1234564212201064,0.5781811017749716,0.19330687449245093,0.216520061651668,0.2863827789655115,0.0,0.2830898506770082,0.3848897064916556,0.27831868277565086,0.34869789853991595,0.25642489931884843,0.406694749664396,0.3934099587331576,0.7871331062828353,0.14744004706740246,0.04004333018445779,0.1724733505692836,0.4380566217537579,0.35873052254760596,0.35086601534662504,0.44079122126651094,0.16056107161205854,0.11922347901025872,0.04287946435970098,0.7391898606208257,0.07994398316180248,0.08765144433948192,0.3518856958186248,0.556839564792257,0.4074622217802747,0.018015147748554,0.19976485357728832,0.07314972074446045,0.5291870349193722,0.23512107426374323,0.27046303385869835,1.584648088301099,0.30632420988083986,0.13690098443792575,0.03679387295115929,0.042466414756625076,0.21272453139760358,0.32295713386035557,0.3132477336382771,0.016399567443941727,0.024561759392764254,0.18141605760784904,0.4850380931072773,0.28284747841362967,0.2987278542899285,0.02820074910091318,0.1937801090505311,0.3200960075573012,0.04582596662191952,0.6132193440395101,0.41173646397852137,0.13741836125888732,0.03313085235088417,0.13710285221829993,0.14380534148726365,0.07792973864333183,0.2359146157543214,0.39687977924725293
143,0.5394034786787981,0.2829397487528796,0.06237231309766494,0.05868485556605178,0.06960387145958663,0.6675645188021017,0.5690640961898609,0.31131482954639617,0.3482859344702431,0.2776044432290889,0.5257917350304113,0.4996666998127249,0.49934506703790255,0.34567680107393217,0.4372542551252094,0.12086793781799499,0.08523048111503333,0.5175753492765873,0.15354330532491434,0.35547125408110847,0.2761972687648121,0.185183678880989,0.5603488539750412,0.22084331029682303,0.08995020633421164,0.1503141914847776,0.8697267024644093,0.18575022787914958,0.3074049785379274,0.03926374318434173,0.46620574586917246,0.09007989028654763,0.07045353751305118,0.3682226337857769,0.2795095460647342,0.2709584016970782,0.2193464094532558,0.18959546064734245,0.40972677704304006,0.3869555842821394,0.04345313976035393,0.31883479175989,0.19176508559969507,0.28813221962578095,0.21755952203384216,0.22227298264803863,0.52955693664131,0.2889364590066127,0.3859444554931304,0.5945908947778384,0.11391852698917775,0.2820914416877973,0.4081018578365565,0.09551508145643788,0.04130925272212006,0.3288457962511807,0.1386421800162416,0.3666519166708099,0.1551643298695701,0.03771292199075218,0.5771201296010872,0.04885676759641356,0.34248448764480677,0.05145191335620404,0.0904223967914616,0.4352652181839274,0.062351745968610664,0.3352897048343526,0.3056083710369744,0.21504216178590965,0.15578138517376822,0.10321987437643977,0.48976491158288993,0.4194672102620196,0.4667044200268483,0.058505667975935934,0.13074452675715537,0.1915122474684698,0.0453033444372628,0.15322478827955385,0.20750544424004372,0.27932435903810143,0.13436850958749721,0.4141472347901026,0.022520774291917383,0.27977069557002926,0.1967500041432572,0.05675081622168084,0.18269789025340152,0.0666693763569167,0.48104438257180265,0.47353583088881157,0.18218550191418487,0.32527266776048663,0.26112053564029886,0.21312078423573483,0.6730759210460895,0.3335591325676594,0.5873184673262732,0.6221082798853147,0.028791967052818362,0.06626951059845201,0.08785437279371545,0.0847238104708397,0.32563645403470387,0.5891869769137705,0.39350952120519067,0.5457156482540315,0.2387332985299723,0.4334283713684351,0.2117050332289233,0.4763519199854159,0.4706455194815956,0.4405326157211754,0.6103840550887485,0.6425514675417224,0.0594986575846467,0.10387988697194186,0.4512045194650226,0.20197870365766757,0.12411944182038152,0.20019238800775627,0.33138476772899794,0.3561447405492303,0.47721930260693746,0.41208555826248355,0.438375669136048,0.289210601766685,0.38146155885911276,0.35342206533088044,0.46924457647624257,0.077778170006132,0.1781721026201959,0.06767112481148171,0.17332798853146392,0.31726193672417513,0.33610590165564563,0.4063138517376819,0.29960380516747037,0.09661093156996306,0.4983375677422562,0.01086832728417771,0.2830898506770082,0.0,0.660921269825486,0.4963094267389251,0.5653180032814598,0.46796891728401185,0.6264752647541394,0.1298088632559372,0.5088661727904009,0.38832548600407696,0.25215573675400654,0.45547267936160707,0.1809940171365121,0.6417517277382787,0.6307664363015629,0.17490463879083173,0.4435809675334361,0.385343674903462,0.31185018810387977,0.4561676776214388,0.35127215399658596,0.24290530171199398,0.59724094698288,0.2738313860024196,0.14360953114900815,0.29189844876448073,0.4827561113044632,0.35384452012794376,0.24616332720131262,0.43462231724092215,0.5406982465735263,1.3016390311407213,0.4999934867995825,0.35545541026533417,0.3198192876912113,0.24205367175458656,0.4938041896617443,0.6059843716336033,0.07104541838611846,0.28666868857621103,0.2727653507681599,0.4457309203003032,0.21535822602297028,0.018075912759575086,0.5306021395780507,0.2705260030825834,0.46957308705812173,0.5883400536966142,0.32714169111188457,0.33144646911616044,0.6176983211521573,0.40615994630338587,0.2503860852848076,0.3120377285006382,0.3630991895788794,0.29966736273388694,0.518442856195827,0.6456794030394937
144,0.1619248247402177,0.38376027113475525,0.6792283846268582,0.6734806178425232,0.6063233812293871,0.10983493263063693,0.11499115000248604,0.3646871012114884,0.3307027378643996,0.383359717595585,0.1353033692968065,0.16824035035383422,1.1535843069987903,0.3197871857339367,0.2381792870282901,0.5436789638542238,0.5852631051227235,0.18733402111403918,0.5112699580702365,0.3112124082268516,0.9270001905898344,0.48920428744261607,1.218247667346161,0.4491210162581416,0.5710655297568739,0.7882757669169197,1.5304155852765209,0.8299998922753113,0.3579359866752848,0.6382048012065166,1.1201882364639786,0.7427097233961453,0.6889920200865115,0.29461882033179215,0.9404073319080528,0.3900478877674474,0.4599656358242597,0.49017835893866335,0.2512332570973998,0.2836348713104293,0.6560675433799036,0.3718223039824988,0.8326104012330334,0.38388759343045126,0.45165603506852936,0.8723065015992972,0.13740458907174463,0.3735719269460881,0.28094285619582704,0.09265805697807401,0.7526465387228827,0.38210165896020826,0.2712303236712575,0.5754594043653356,0.6678307147947432,0.3450795173933942,0.7710333283614246,0.3059233083080595,0.7990437030776115,0.6392020832297519,1.2330447803245002,0.6735629692238851,0.33004860869421104,0.6740777855118582,0.7208137440129935,0.2266098626095893,0.6281924708729014,0.3337399857471951,0.3553639602910226,0.8751482706044182,0.5152387427700162,0.5577222608926234,0.1763281376887255,0.24831313909743288,0.22173628167520196,0.6144773695288289,0.5388001375561414,0.46954137456702966,0.6916214720164404,0.8139812061850544,0.45501999535955195,0.39049868244419034,0.7579205488987224,0.24711424617577366,0.6417834153698273,0.9397717479573742,0.4732566002088202,0.6051559356303553,0.4782703309633903,0.5970671704867497,0.18209435854091063,0.18836019821342753,0.4809627023981174,0.33597456040040447,0.9123358441472351,0.8568653689984919,0.013263403437246326,0.3275320605247022,0.0845333449344537,0.05691382024892693,0.6460524702099801,0.602560856162681,0.685517932017435,0.5762515040023867,0.33692115381428267,0.08071660948971651,0.27638599413314785,0.1352528215581963,0.4603489782727587,0.23114607467806902,0.8610067369363098,0.1848660236331395,0.19643612754603176,0.2345292762558214,0.1209404033875271,0.02054597358259176,0.6061202207527469,0.5622467889756212,0.21034036029765177,0.8628619549545072,0.7593126916256485,0.8610529674008518,0.34078567758829287,0.30515548815857074,0.1996810520558843,0.253858615489153,0.23832433417855783,0.38202732892490765,0.2796117353618722,0.3124893601153485,0.21278483236381127,0.7047670246440942,0.8390420789207645,0.703024088897728,0.526650706839689,0.3874762674223967,0.3290126369346527,0.2795899003960955,0.9560768408492021,0.5711849632907408,0.17098258174646597,0.6642545368667031,0.3848897064916556,0.660921269825486,0.0,0.2242476342001028,0.16710473325709738,0.2592452974030064,0.1163020185949386,0.771642925802549,1.1650720346707772,0.2753190473822902,0.4237489434693981,0.21552308622947025,0.8197066159531978,0.04361419645668652,0.03661576260793198,0.8196322859178973,0.2430110624968927,0.27563347917598907,0.36762999055337353,1.117048045211223,0.30984106465138644,0.46548823314937277,0.07541412684996442,0.9347316412270673,0.7852793052586221,0.38594471237508077,0.19061380699050376,0.31310643199257543,0.9070402973201415,0.2983988382306634,0.12539631084373298,1.9625369495682727,0.25147235618754044,0.3259675417226007,0.35867109995193835,0.42533112912046944,0.17440243457796797,0.08388770944165476,0.6958660402061686,0.3801993983990456,0.40116848141334804,0.21536070369081367,0.8634095609804606,0.6607170155289284,0.15647756840517751,0.3940571769502312,0.1929084837335721,0.07355839506786664,0.341941894960142,0.9910129601087189,0.13680376704950364,0.2555647342514792,0.410564319925753,0.4468594441406054,0.34017927874177556,0.36226802731235197,0.17869437677124256,0.037402144549959465
145,0.11026724009347198,0.26051484114751655,0.5326820878702001,0.5446731964401134,0.4267600142528049,0.19096630703193623,0.10930878867730652,0.26732032350552704,0.16908212764546976,0.24766078324135302,0.08918082831999202,0.07431726578166689,0.9867298347669005,0.21565857902848895,0.10025393195114277,0.39109612356850454,0.4603070567957706,0.12849640365269566,0.3825478214753311,0.21047333399625442,0.7694650474817282,0.3758159647988862,1.0443907588790002,0.33653197765955684,0.4154024097184242,0.6465894446377962,1.336176171298828,0.6814006115447719,0.2599526259964533,0.5141953711529856,0.9538072556721192,0.5863214836175609,0.5573730340244285,0.17268292480816722,0.763094333681367,0.27676477071214306,0.35664024097184244,0.37889151295182216,0.1236645038863753,0.14116242397122933,0.528572556721192,0.19613410895109298,0.686812542468387,0.279472555063889,0.3389518470640879,0.7159993370788377,0.08768001624156843,0.2500051293524917,0.18257657568073712,0.1579807835728136,0.608248205969605,0.2561464890037952,0.18354091880873066,0.41708385952700566,0.5338927642155156,0.24222106763453163,0.6306417076849135,0.20436000762359338,0.6513689156267088,0.5109504217835894,1.0603646232121844,0.5403908085980875,0.2342935249175492,0.5424953264058071,0.5810635161338438,0.0989851754255125,0.4354136876646945,0.17064208886458176,0.22976474585259946,0.6717869951441028,0.39645651237176605,0.41515932481479645,0.06908244253302173,0.15760586850958747,0.1536845241054707,0.4909071413182188,0.41790537629062463,0.33281345398498474,0.5413061867117452,0.6255434627686902,0.3234748752879564,0.23954462288072384,0.6269592137755018,0.12712654336333049,0.4907121016258141,0.7685876050315716,0.35920431230215943,0.4672854041333135,0.31727702646712735,0.4593517128225526,0.09400451615041677,0.09166658380152137,0.3519495931321368,0.2032000364606639,0.7524106050812905,0.708435961815741,0.23646580984106463,0.19228674654866662,0.1397588872868294,0.18117429854654532,0.5020796334045974,0.4796392631631284,0.5554744112431429,0.42340725732942225,0.1900000745786307,0.14358672666103178,0.17555112779462695,0.11390556688045869,0.27088327615638313,0.14431593165282822,0.7071970284558908,0.06907141318218728,0.10210834617743085,0.15583102139578048,0.11580508460531333,0.20593091532839453,0.4782834319428561,0.40183697111321026,0.0837994663484645,0.6880222990105901,0.6198349574901805,0.6846181076915427,0.24268918941314901,0.18559856809028982,0.130343973217985,0.09266345149903044,0.0653872951159283,0.27560209814547804,0.1769866338520691,0.22218113492102956,0.13948878834584597,0.5694856643298694,0.6641379207477751,0.5614426407464493,0.3232599148146306,0.18118065430318694,0.2241753509338903,0.20466608661064978,0.792554558411641,0.41347305225476066,0.11424337493163622,0.5055715954855069,0.27831868277565086,0.4963094267389251,0.2242476342001028,0.0,0.070622126651088,0.035947811531513614,0.13023092030030323,0.6259740549230184,0.9945395101012611,0.1346299076882282,0.3160409105222162,0.12446378793152019,0.6772539070915993,0.20514161653325375,0.1941548169508941,0.6704481927111815,0.16971485274863685,0.17195884088234803,0.2716819138533949,0.902442765044167,0.2104885728964683,0.2576238668191385,0.14887306717048673,0.7500227796284327,0.6363547788329273,0.28444500240308923,0.11688994680057672,0.2080162249954424,0.6893665539700691,0.07463122524403788,0.10263545965296075,1.7521816238253867,0.052722575780175314,0.1453743267206947,0.25690242629145327,0.312886375312816,0.09814858549197034,0.1693742604285785,0.5637393228260331,0.27069261174364834,0.29697023483982166,0.10663518619798135,0.7099555594225957,0.504745023948027,0.06781121662606272,0.2632351712822552,0.09850706839689087,0.1508131059513747,0.23724899318848508,0.814959495516996,0.13780494373456634,0.15395000745786308,0.269085690846716,0.22389245761447818,0.13473976201130272,0.20842507333565352,0.1278904191319047,0.20712298844859878
146,0.16374027577520348,0.3307298513399294,0.6022843434594545,0.6144966356751024,0.4957379472646216,0.13380242463415035,0.055246515520641706,0.3374718589966687,0.2393386864217173,0.31815015992973045,0.10783507350138385,0.1359923598336068,1.053440709988565,0.2856989426407464,0.16894727290806943,0.46135395846798916,0.5304062878072224,0.18618770612704888,0.45311053381726585,0.27937537910803956,0.8374120220752749,0.4463458128242098,1.1105986095228622,0.4070902650027345,0.4850007374997928,0.7155096869354812,1.3996692603457135,0.7499475132169907,0.32999058651949814,0.5842653341951308,1.0205859145826082,0.6553843699763007,0.6269869901721937,0.24195420043421337,0.830316602860505,0.3471946336531928,0.4271511957440461,0.4494342547937486,0.19257849815210726,0.21107070054193808,0.5984673428462521,0.2666073269361441,0.7554556008551684,0.3496946253666783,0.40951182485622895,0.7840805697807389,0.12109438340045409,0.320557566416414,0.25108348663385205,0.13423546959677823,0.6771741659623132,0.3264951109564296,0.2524814133479176,0.4871382439218416,0.6035295579973151,0.3124919455078805,0.6996558527652101,0.2744621886342167,0.7203522182999388,0.5808890767165515,1.1263575548152933,0.610068289166211,0.30397097233961445,0.6122210676345314,0.650359469000149,0.1673409900727556,0.5036669318351316,0.24121381693432098,0.3002477419247916,0.739077594922024,0.46684699779578726,0.4848590629609374,0.13174920035134824,0.22574547141981136,0.2146514691990255,0.5610081456437793,0.48823298364242035,0.4031738593612754,0.610484769386301,0.6926271317058621,0.39400492218962857,0.31009918129236486,0.6965979963207878,0.19614285951043275,0.5599361772651189,0.836046454200434,0.42967966820795844,0.536966050149986,0.3867084306998791,0.5289655363860851,0.1557634200102753,0.15084781816072523,0.42229758530966705,0.2737607268930543,0.81982997729495,0.7768564278493181,0.17930192744327877,0.26265706259633076,0.08260237988697194,0.1240104161487595,0.5712692371434727,0.5498317837551169,0.6256244717346992,0.4926712739687433,0.2605250501334129,0.086422844263246,0.24519201511460248,0.1430578813039659,0.34074775021130616,0.2113621786903992,0.7756533750973664,0.12943887866885423,0.16945459818691064,0.21763750642204874,0.0554000646348133,0.1487670329306087,0.5483415784152871,0.47188204146571866,0.1508693299524354,0.7558237955551136,0.6890737168332258,0.7523677803742189,0.3126101112050249,0.25528173320737824,0.1926534828220554,0.1631669649811896,0.13321694923681202,0.34604294900478955,0.24635143108105864,0.2912009148312038,0.20555444240043755,0.6391064319925753,0.7315660435207741,0.6309451101277781,0.3920239397404664,0.2488653275659192,0.29428972969389616,0.270968585823431,0.8605346956363215,0.48351479142842935,0.16575302043454482,0.5747996817978422,0.34869789853991595,0.5653180032814598,0.16710473325709738,0.070622126651088,0.0,0.0982951573609108,0.06637300916488509,0.6948613003198596,1.0609938514062214,0.20373177381129953,0.3864822088533122,0.19227135020467684,0.7460730207660052,0.15054481347055804,0.1369909345531083,0.7389787533767547,0.23335158023832014,0.24001934072490425,0.34166455360546244,0.9663638194202757,0.2798620212466231,0.3247460017567412,0.09170918477270092,0.8169178972140738,0.7054491373738376,0.35457752862990766,0.17643315268731663,0.27824427816171965,0.7515243374931636,0.1362546280183629,0.11722187142644061,1.8131558444786953,0.08761717960191583,0.21570417143141254,0.32696736770579554,0.3834246424368982,0.16241883359021528,0.13275909444969258,0.6334060474983013,0.34115644939425577,0.36730387477419246,0.17422991763204557,0.7783207212582245,0.5743199340393443,0.07130599612191123,0.33371975836523643,0.16587869371385008,0.09708559140854175,0.3074020699713287,0.8816697575365848,0.07582772336299903,0.22233238867067734,0.3396026450554368,0.2832046520492551,0.205219310893452,0.27884787616632695,0.18721459586668657,0.14995910605081292
147,0.13755796416911126,0.23926748868890763,0.5055766502593679,0.5180390129103897,0.39841216294602166,0.22596305871824188,0.14430782744162143,0.24621427269262,0.14806992989608708,0.22501592668091938,0.12417837551169225,0.09114127678615816,0.9551624571172874,0.19480816718871696,0.08176840849202013,0.36595183877757326,0.4345027511228227,0.12734968262649365,0.35909237806393896,0.19114036526956027,0.7392598070899415,0.3521364208886458,1.0124251644873135,0.31332441704370306,0.3883421667578182,0.6179965279504136,1.3025779015230619,0.6521205770728717,0.23905219675500086,0.48828397056630046,0.922317754686024,0.5579866587116128,0.5302186562588044,0.1532020086511211,0.7320600772303152,0.2548851737682095,0.33435786970284553,0.3553506687217222,0.10488068247733635,0.12087057292961441,0.5021520989741295,0.17518929713783785,0.6577221034488474,0.2579182535341984,0.31609619814713535,0.6859467840037123,0.1224411657468635,0.2275911185137307,0.16386864217172964,0.19297753525911931,0.579678955567709,0.2341756575349277,0.16416154560068943,0.39130008783705383,0.5067776645287458,0.22094244187010065,0.6022082401100449,0.18350062977510398,0.6229013241850214,0.4846650839423921,1.0282336465635824,0.5133910737665521,0.2140326820132915,0.5156089842390493,0.5532142312600473,0.08054642105437608,0.40594722318898224,0.1484405774043322,0.20768784699779577,0.6416587033262071,0.37192791561013605,0.38826963489617017,0.08296972936243555,0.13896430998193537,0.14465313478844524,0.4650624306004408,0.392924402127977,0.3081193423822071,0.5132320721258224,0.5943640100101094,0.2998226768756524,0.2167749879845539,0.5998625267240092,0.10809119309236148,0.46274952352541465,0.7378101310926598,0.33527855947231483,0.440327847660717,0.2898692636603192,0.43227512885530084,0.09136370340907202,0.0911299656938298,0.3271873995260114,0.18055421866454527,0.7215853179535625,0.678974618406006,0.27146256152737036,0.17091874243855545,0.17475815807355108,0.216171050232851,0.4740322511145362,0.4541218366230795,0.5298369296806377,0.3955576409950446,0.16799119143505858,0.1785856328411143,0.1552248877177281,0.14476734781816064,0.2479696216377468,0.12652110575249836,0.6778009662075938,0.07754722484628515,0.08759512918676146,0.14469833772518598,0.1501557864730937,0.2409276670147002,0.4523773678715258,0.37595273372114224,0.06809058817680103,0.6576509968676977,0.5918600987752529,0.6541731384345116,0.22207370026019652,0.16563547622598973,0.12362069308407489,0.07188604385223483,0.05611518255191496,0.2537682924808167,0.15695557599562465,0.20227792141069628,0.13066477734135465,0.5423602727920581,0.6333233232237856,0.533997008568256,0.29485586436633027,0.1509003380897926,0.20329043404763097,0.18724837998641009,0.7623902202555563,0.38755822105106136,0.11991870929249734,0.4776568968660401,0.25642489931884843,0.46796891728401185,0.2592452974030064,0.035947811531513614,0.0982951573609108,0.0,0.1620938116309518,0.5973301098791826,0.9627665771723095,0.11546696166658382,0.29335009695222,0.10757123087886766,0.6484602413033032,0.24013836821955947,0.22915307678284355,0.6411795273372116,0.15690683471718123,0.15344158007258984,0.25091532839457065,0.8689373870962397,0.19064460796499777,0.22653750476474582,0.1838698188567924,0.718649008104211,0.6081363297369861,0.2633164619897579,0.11495973582591686,0.18687820480949302,0.6551373655513019,0.04401218946286815,0.1374604981852533,1.7175998276404976,0.06556753509338899,0.12116374981355336,0.23565746034902793,0.2901342746813835,0.10029416297916764,0.2043710121148842,0.536707767778717,0.24866104012330334,0.27485536717545866,0.09199738974792417,0.6804054674422844,0.47751734367490345,0.10280796831236844,0.24115939939342707,0.08863676892225587,0.1858098576376804,0.21624559571752927,0.7834444886391885,0.15720057508410806,0.135289853991614,0.24556201627471447,0.18848802598650952,0.11306243888695537,0.1843042725268897,0.11901072274979693,0.24211974013490437
148,0.21705877624753483,0.3883373688659076,0.6628629244767067,0.6748591375395682,0.5569272609754885,0.0683364407762807,0.06386659540264175,0.3949676080147167,0.29721387493992274,0.37667905500588345,0.1605786555958833,0.18963847594424832,1.1163791411856345,0.34316079981438213,0.22527652927625588,0.5211082633122857,0.5903975538209119,0.23999302275476894,0.5120850776446411,0.3357467806891065,0.8994429804935448,0.5053445698470308,1.1739030892126152,0.4658299855814649,0.5456160112033677,0.7767574205737585,1.4646670892789075,0.8115279504134968,0.38733422827690217,0.644302971544109,1.0834795488821487,0.7165193407249042,0.6875731782097813,0.29874219824657344,0.8928668937171645,0.4052096488175144,0.48533752630968363,0.5083452410547076,0.24933742687150937,0.268385273206384,0.6587325610301795,0.3246038466000431,0.8169354563383551,0.4073871128126088,0.4680518072888183,0.8460250501334128,0.17424100498848175,0.37908551682991104,0.3079285951043272,0.16280423938083166,0.7384083760088832,0.38450941348050166,0.3089183446858582,0.547193249805267,0.6640970019390444,0.370182195594889,0.7608095344636138,0.331931503670926,0.7815465702116375,0.6411064319925753,1.1898148378329108,0.670587737615804,0.3609720495865028,0.6726885762110741,0.7112706375644275,0.22379134556422883,0.5654344951026701,0.29991881701718615,0.35854332189794336,0.8012277134191818,0.5262543462768692,0.5453558892258739,0.18637493163625515,0.2818285022953645,0.2694872636271732,0.6210048144649398,0.5478452244816786,0.46275288785031243,0.671502469381329,0.7552599396741743,0.45303982498881323,0.36874034206731954,0.7571495301546264,0.25308316345978554,0.620901837948922,0.8984222476342001,0.4887998558146473,0.5974897247219877,0.44748204312302153,0.589534090720761,0.2106615124546313,0.2060975737085467,0.48188708795306523,0.3325238320157776,0.8822431594822585,0.838540545915577,0.1221083378909163,0.3206709507946768,0.10674474220653309,0.12022864979532308,0.6322685079301942,0.6096772899782896,0.6855368169840401,0.5536038383135287,0.3189417458028804,0.0729942325858897,0.3023832678698686,0.19399617991680335,0.39936080312898803,0.2668201080561494,0.837304131656143,0.1841256484197616,0.22545118414292584,0.2728110426092577,0.020473300850196365,0.1119059149140688,0.6083979930061818,0.5319709557665855,0.20696928189065117,0.8179351000182301,0.7500326322942042,0.8145146339846536,0.36979813221962565,0.312455517990023,0.2470495782164106,0.22180608727357098,0.19165858731500357,0.4040457001276124,0.3032717479573742,0.34780627786340523,0.26052538988050855,0.6996869023351397,0.7939558080180313,0.6916651419479939,0.4533799449775436,0.3109775103995757,0.3517957539899568,0.32601669732677035,0.9225417557466976,0.543598286348796,0.21953728931536814,0.6357635194484494,0.406694749664396,0.6264752647541394,0.1163020185949386,0.13023092030030323,0.06637300916488509,0.1620938116309518,0.0,0.7561386333880242,1.1241072274979695,0.26051262864813807,0.4448978107028623,0.24835607152919334,0.8074030560665574,0.1429324566200965,0.11028076368517875,0.800556969787368,0.28847942458443127,0.2960041598302921,0.39892610914996923,1.0309993453653525,0.3365965876133181,0.38725890385985845,0.073864788942475,0.8797050166558944,0.7665228707800926,0.4119947049172177,0.23108528480750432,0.33591764033212346,0.8171372081075258,0.20072157311191768,0.17003386698486886,1.8793767795289948,0.15391673710204015,0.27536268416778537,0.3845800228707801,0.44195559256865374,0.21734982349724052,0.1548272924642437,0.6939346939790185,0.3992817083478348,0.42535011352524904,0.23033978024163476,0.8400416645950379,0.6349564543661644,0.11651395449046227,0.3918791743316926,0.22190403387527136,0.12586314821259884,0.3649718175640962,0.944562397454383,0.03416788478430202,0.2785292431097632,0.39873713518619797,0.3495481115033393,0.2642823215499097,0.33832817912129803,0.23936961998044382,0.0865453769535458
149,0.6497357513382722,0.40222777142478333,0.10263226105835366,0.10696157543214174,0.1992195594888878,0.7969048790997532,0.6979115911765195,0.4214913488788346,0.4745636487180762,0.3971773894164638,0.6382864068015712,0.6197901357331078,0.3821038631730722,0.4558590049553359,0.5600749349508609,0.2431770248098245,0.19541043106448563,0.6277572382704387,0.26772691791378717,0.47129650806277856,0.15541023218813693,0.295360049056166,0.44714619897578683,0.3310344304678565,0.2122915775866355,0.02081231044598021,0.759376646944762,0.05867094250816223,0.41758633719484917,0.14587578514725136,0.3487094002220784,0.0409580288039244,0.09192916687382953,0.4875565803211851,0.16930773628996174,0.38356069871890497,0.3295541523724291,0.29977078672168905,0.5279858466331891,0.5111179336747378,0.12659913157327765,0.4453287011717132,0.06301475828237124,0.4015512023732578,0.3306784500903229,0.10097639172011459,0.6475513681035484,0.3991148510913339,0.49612173718490526,0.704773098659242,0.02193495086096885,0.40093305324914225,0.5182829347519844,0.21762981653656838,0.11113669434362512,0.43904828552014447,0.013152563018942935,0.47685762110740976,0.03967214405276851,0.1404659175657535,0.46152787583486626,0.10006030096620759,0.4526666915262102,0.10216248197683088,0.05134145411756907,0.5557507416430503,0.19152173552760243,0.46299956081473,0.418838023500555,0.10500185617925392,0.26595855085433967,0.21638459371219274,0.6100863289083345,0.5296593579608545,0.5768825635161338,0.16867482888347501,0.24093644243358364,0.30495685211886164,0.08623711861316886,0.04298360098775253,0.32489580536634666,0.40334910257047685,0.05026912113226937,0.5273102802499212,0.1364108785362701,0.1686722186313992,0.3069464939757039,0.16694997431180494,0.309478082169078,0.17684917714910756,0.5912265864532058,0.5841114784799218,0.2923844611279603,0.4380873481496213,0.14073779810736006,0.08591509637216393,0.783258124927493,0.4529372627985217,0.7098319163393493,0.7391338189230847,0.12961511625979888,0.17645116756989673,0.08649700856825601,0.20348393244833363,0.449049901390477,0.7169347354115913,0.5036834219990388,0.6558965428661397,0.3667570808266628,0.5436285569863605,0.08981918825303702,0.5977190125789288,0.5808435174596861,0.5507148196025788,0.74005571023716,0.7527332902434577,0.16968091118513734,0.22942620030162905,0.5734415469265317,0.09179449443974878,0.015082285089245787,0.0900273372114221,0.4432723197268765,0.470879969837087,0.5873964185684218,0.5399346442599314,0.5676807951739339,0.39941164918212096,0.4940124629178475,0.46360725235751343,0.5794368899053679,0.06970688940817713,0.06799112514294234,0.07200696067220193,0.3028628001789887,0.44647959031472195,0.44631255075490156,0.5164960556190854,0.18506279520708002,0.21987497306882778,0.6085155123551931,0.12140763022257574,0.3934099587331576,0.1298088632559372,0.771642925802549,0.6259740549230184,0.6948613003198596,0.5973301098791826,0.7561386333880242,0.0,0.39395568372031353,0.5132618289994862,0.3623403602976516,0.5656658877343013,0.05137508079351664,0.7519435108304746,0.7409471320373227,0.04817801090505313,0.5537631714148393,0.49884439583022583,0.42204130827491343,0.3459924841313247,0.4651542037488192,0.37157102371600453,0.7225099769634898,0.16362607931851703,0.019615630023699426,0.4042838711281261,0.5929523193954157,0.46402800013258405,0.1359857471950148,0.563000364606639,0.6563165531414178,1.1914379505792272,0.626316544854903,0.48414176569051537,0.43000149157261475,0.35223226271565655,0.6039829629261338,0.716166575515007,0.0838858698354299,0.3968508924576145,0.38294755464956337,0.5582112232552744,0.0923742189960059,0.12839444637796454,0.6595262516780193,0.3890903478678798,0.5797661794196125,0.7046680670876216,0.4373195528596761,0.22054408425727973,0.7459883491605759,0.5208546213891514,0.36859271781103425,0.4365685791942194,0.49277656242231394,0.424288420424601,0.6288520111370755,0.7691758646977908
150,1.0433936011534826,0.7911375975737084,0.49411950811249783,0.5008833507350139,0.5748389598766968,1.1713417607186065,1.0746867448913637,0.8154198528315021,0.8564237723528731,0.7845391123485639,1.0299902633454314,1.0080357977427532,0.03280695735759625,0.8497818243590383,0.9459476706607667,0.6291573360513102,0.5893336316478562,1.0216803725616934,0.6596790715789125,0.8624344288105537,0.24011337609174827,0.6892828684598685,0.053321127297436106,0.724927915610136,0.5962517194517641,0.3834554599844213,0.36562635277349637,0.33773708546711073,0.8115091565985517,0.5395494953512653,0.04702243159482255,0.4249100996039046,0.4858560798157079,0.8759564212201064,0.2336891479805764,0.7755577818657918,0.72343711364126,0.6936985614610782,0.9160564311639238,0.895640564145909,0.5203403934437097,0.8266796516349295,0.3364485904638791,0.7940783075622732,0.7232808134042661,0.2939165962312932,1.0373182021578082,0.793038449427402,0.8900494787782363,1.0986959180629448,0.4158577702646713,0.7898906594408258,0.9122068811216625,0.6040510532159963,0.5045103332836143,0.832965138633388,0.4015778766635179,0.8707695188849665,0.3673464011667412,0.5342862825038532,0.07529575398995675,0.4939668788014386,0.8465895109299126,0.49608253368468147,0.44478912477833565,0.9429581365286132,0.5605060574421187,0.843301571123154,0.8100489484413068,0.3249718589966687,0.6598864084588741,0.6075355740068612,0.9980288204975223,0.923565190009778,0.9708094433119542,0.5625507466149587,0.6348495500422612,0.6958526740582375,0.47388989708148965,0.3694027826115779,0.7146017998309551,0.7880073335653559,0.41790166393211675,0.9183535855748358,0.5243788594441406,0.22988977278377165,0.7008599330449627,0.5608247153582259,0.6908192213990952,0.5707743996420226,0.9851494058569086,0.9776408541739173,0.6862963589055171,0.8294035946900016,0.2549622300667893,0.3120008286514527,1.1771809443311954,0.8407034505046487,1.0959787368037257,1.1295800145842656,0.5234859294983344,0.5703739869735991,0.4799745604004045,0.5895883756774225,0.8340573426805219,1.0968881817729825,0.8975644276504418,1.0498192296856097,0.7455195230282238,0.9375383168431694,0.3046617610500673,0.9841370838098079,0.9747554152372429,0.9446376390062812,1.1098955484843969,1.1466470939193558,0.5635508460531332,0.6125762027875836,0.9594924095526939,0.3102977178938996,0.4071002005336516,0.313189156267091,0.8363996668821161,0.8615715291933908,0.9813184756127877,0.9201569051525548,0.9432529955750013,0.7933205472414193,0.8864083760088831,0.8575270886159866,0.9733530966704786,0.4636133180861467,0.3326896120253898,0.4637165183380565,0.6738639271449642,0.8135543512487775,0.8402252440378529,0.9104188750227877,0.21188001126965972,0.6052240507797608,1.002442591027362,0.5041698404017303,0.7871331062828353,0.5088661727904009,1.1650720346707772,0.9945395101012611,1.0609938514062214,0.9627665771723095,1.1241072274979695,0.39395568372031353,0.0,0.8970483849583188,0.7562177530287211,0.9595765425346793,0.35278827955385406,1.1458567510233844,1.134871459586669,0.3470179485904638,0.9476859908185418,0.8902178193208371,0.8159366495964465,0.10577869205654716,0.8569988316014518,0.7369177977758995,1.1057630139710637,0.245458177961186,0.38531884021942703,0.7973355126866538,0.9868673329024344,0.8579473060541274,0.320118977775568,0.925178143489286,1.047393369131076,0.7975233016788478,0.9799279570427087,0.862110707834071,0.8239243109763175,0.7461586950396925,0.9979092129468502,1.1100893949187092,0.47705569366413103,0.7907737118613168,0.7768703740532659,0.9499799963539336,0.30262259898241595,0.515163683521437,1.0353986227812857,0.7781403155504734,0.9736785246689539,1.0952651436052971,0.8312467143969904,0.1800960655629029,1.105459371219278,0.9123110923283448,0.7563670594474553,0.7873950430070105,0.8640275278012561,0.8082426788644161,1.0225221581398432,1.1542847826447238
151,0.1537113972720795,0.13178295961152825,0.419150640547573,0.4247294287276885,0.3310138633388024,0.2948783539667546,0.19767361076583967,0.13474560400404378,0.055837841197235616,0.11996834551450963,0.14019644011335947,0.11161657468635544,0.8875799482921493,0.08303435588922581,0.048961865460150196,0.27188049188750235,0.3383809227862576,0.1319800543595353,0.2590579558825967,0.07937737615804044,0.6635393277979417,0.2487482308291486,0.948594491125143,0.20858110011766853,0.30207825784318587,0.5330132832827855,1.2562646712739687,0.570907414773198,0.12696099537612487,0.39226166326919565,0.8544010507300421,0.47414927327267586,0.4388651369760851,0.038742173387029906,0.6657677787169164,0.1460125043504201,0.22634331858333748,0.2513349574901805,0.025610310081373544,0.02828876017169661,0.4080420872072788,0.09655736754006533,0.5750361789224216,0.14942827193026068,0.2114959561809112,0.6090993387361407,0.14203446361391475,0.1224685443908583,0.05305263594027076,0.20899559986078653,0.4951340012264041,0.127201014269378,0.049436342995409235,0.3043223951341587,0.4158156499113343,0.1103402608594773,0.5164328543727935,0.07178674654866668,0.5385972091019072,0.39030173685344466,0.9653956147765126,0.42179822337128553,0.10046490661098124,0.4234004623875104,0.465284832363811,0.04886951225575495,0.35288830607070054,0.05848313694293906,0.1009941497207444,0.599917209433368,0.27140959412651855,0.2977706375644277,0.10183668108520193,0.03679531480468688,0.08110935713220302,0.36881888993851397,0.2939367987537082,0.21056207428031623,0.4278424402127977,0.5386798587977923,0.19743178541241985,0.11840769651469199,0.508209880839921,0.029045451532176532,0.3769913405923201,0.6678601816403985,0.23258716584630176,0.34952586221183646,0.20640603092527224,0.34186845986841,0.09544981686802895,0.0879405359717595,0.22913879083180025,0.07766684896998624,0.6488508178789834,0.5984507615306852,0.2874806261290376,0.06293389018710946,0.1990160344056083,0.2347667511891148,0.3885646265267903,0.3568083577785511,0.4333010739322826,0.3104134887883458,0.06431772982648036,0.20788456056613466,0.04250760702033511,0.16016495135815967,0.18512030361789228,0.04816949236812007,0.5974696050647176,0.09045857571388327,0.08506202456122905,0.055195313147383906,0.24155047315997943,0.25695164818773925,0.35691877558461366,0.2869576061916837,0.06500880027842683,0.5883944795240227,0.5042181424949038,0.5862073617395052,0.1101050895772221,0.052213245164818824,0.09162344420689764,0.04437642320886985,0.0717686736604849,0.14489477783854565,0.04314366330234177,0.08873396145113441,0.0836515354911417,0.45156122076932004,0.5650472497058288,0.4444996685394189,0.25137418584994786,0.11219049868244425,0.09173556903495253,0.08421767016357574,0.6863909660418632,0.2979908765475066,0.11274247170155284,0.3938361838943302,0.14744004706740246,0.38832548600407696,0.2753190473822902,0.1346299076882282,0.20373177381129953,0.11546696166658382,0.26051262864813807,0.5132618289994862,0.8970483849583188,0.0,0.1866999038764315,0.06987551169227209,0.564245388554666,0.25615643282122674,0.24517114138451082,0.5599404613931289,0.0610615770894446,0.03849560814730104,0.1385392200732528,0.841757950910688,0.07614595866686551,0.19019896750029006,0.20940259202174383,0.6594249241783922,0.5244906279520709,0.15438459371219282,0.09716277200483929,0.07611597805730952,0.6317549594789439,0.10695814481512789,0.15402505841992736,1.6872293044299709,0.17400186446576843,0.05074640779595291,0.12504417540893947,0.18414851091333967,0.10820889474469243,0.22038907671655145,0.44507544042824715,0.14045828568587476,0.16627559290011434,0.06013574139445462,0.6010811332637268,0.3911551235519315,0.1513960788213262,0.13528401199887302,0.08397326770413827,0.20188892755928992,0.10498881320538955,0.7185651237176618,0.2703784036858417,0.030195619748421377,0.14540743963274164,0.171579989724722,0.06517460514758289,0.08919787368037262,0.1328069739306253,0.2581468204643763
152,0.2885834286282503,0.06149081854190492,0.27047297767612993,0.25563990951126137,0.1975252987288487,0.4801420722915527,0.381074338321815,0.06414537032433416,0.1483126999121629,0.06846363877425875,0.29873972886524475,0.27841295016490175,0.7433075788461857,0.105906122076932,0.22573909909014075,0.13488063275824924,0.1671968212930277,0.2654849765491639,0.1025579890286548,0.12510679659921442,0.5166705613284939,0.06724004375279666,0.8094583851240489,0.03145858400039775,0.16229921775302872,0.3732375246523807,1.1216858002287076,0.4186810852019424,0.06619624123701086,0.21773546131026367,0.7096847561278774,0.3339801372246805,0.27111549743946706,0.1520289282222112,0.5316193589552363,0.04559661247286167,0.042965826414093675,0.06648410646513862,0.19813773844445548,0.18019544573161636,0.23705301711993892,0.12175819121960925,0.41979799963539355,0.04811698901208175,0.03736604849268303,0.4625543429622631,0.3020803626178757,0.06920853842456784,0.1438768706806543,0.3425008369379672,0.3406332720131259,0.06153690813569993,0.15835456338354958,0.1666745968610683,0.2522522912212664,0.07952631797013543,0.35523350569283546,0.11847645801223089,0.38908632062182,0.22252690631266675,0.8225908864913241,0.2624172508659407,0.0950820447803245,0.26046507234127175,0.31160344056083134,0.22473113574968093,0.21939460382174047,0.14702742007656738,0.08849449775435453,0.4664128175806693,0.09678151775800067,0.1489696050647177,0.2718132716816653,0.17554054591557702,0.21461958269112844,0.19411126303054407,0.12172034670776785,0.060712714827889064,0.2828541656308524,0.4051828916621091,0.04621795190506968,0.07815944082599978,0.33935395846798916,0.19412433086395203,0.2329916803394156,0.5309739140522712,0.055513440726561614,0.1954292994580619,0.06949710800643034,0.18565386400172354,0.2458140837600888,0.24620548070070758,0.07011170221581399,0.11372671903743847,0.5014403785279835,0.44428616649264996,0.42736808697525636,0.1257483799864101,0.3713873779810737,0.3917227912295531,0.23291836954540193,0.1861381527701818,0.276345249341222,0.16749139031140722,0.1266577172309783,0.39440963555909103,0.147638359933045,0.29553955982034835,0.06263279968179783,0.19385002237358911,0.45208985896352283,0.26748329438671503,0.2285462801836292,0.19060278592618365,0.4261957523326538,0.40563532706872835,0.19269107045194647,0.15346771573940568,0.2427153333664794,0.454063093521603,0.34916104012330335,0.45228890932895804,0.0893316511708845,0.13705420209151625,0.2271016175276355,0.22364401962246638,0.2536274465934139,0.04492360662258243,0.14828699514410246,0.11165803211853036,0.2207232552743665,0.2926574023434263,0.43026275708911316,0.2942738858781218,0.11786894877276721,0.1495625051790716,0.09722315583619223,0.1545992724440246,0.5472833822237689,0.16238467657733804,0.25388134539849844,0.25546936475579635,0.04004333018445779,0.25215573675400654,0.4237489434693981,0.3160409105222162,0.3864822088533122,0.29335009695222,0.4448978107028623,0.3623403602976516,0.7562177530287211,0.1866999038764315,0.0,0.2083769866918577,0.4046258141500523,0.39224041664595033,0.388812890501997,0.40939899567443944,0.19149790351182486,0.1591804471403238,0.06536373655513017,0.7082533933276982,0.11939623626510214,0.09147879480932733,0.3915683803178708,0.5259395415900163,0.376524909262666,0.048372586552644245,0.2337668672003182,0.11239205986178095,0.49825056762624503,0.2698625764430965,0.3089647574537198,1.553739198528315,0.3407009396907472,0.17301063988465176,0.06773009164885066,0.01484302855532903,0.25031712491091995,0.3538943137937321,0.2796936061253915,0.04843858864084586,0.023706218200500527,0.22101103763734894,0.45373456636669485,0.25191772319726874,0.3379325560582707,0.05697612655164985,0.23312157145461482,0.3591452708861599,0.0838816934321086,0.5822820315219013,0.448280249921278,0.17729776761298663,0.05194269046553636,0.16654481347055802,0.18132440047067405,0.11206914267720709,0.27039156267090925,0.43666505079633405
153,0.08469741792207357,0.17832444190324664,0.47382324864515485,0.460302731235188,0.4008834418866737,0.282398689073402,0.18661838114652218,0.15196484031886506,0.12526684234077462,0.17791810437693711,0.09285028754205411,0.07065770065794927,0.9465329554682705,0.10987017517691712,0.03892160128606703,0.3382448250716783,0.3718389930227548,0.06213561709673686,0.3059073484810819,0.107862742173387,0.7199047548020352,0.2740188435340327,1.012806054127513,0.23503310462553245,0.3656062331162268,0.5773533701254578,1.324993826546678,0.6219224216510051,0.1482746316644294,0.4239645834369147,0.9130354579956578,0.5372833573642255,0.4761577255174928,0.08918125093223293,0.734966066723015,0.18456910124463452,0.24542957291304135,0.2746717463000713,0.045783622532690346,0.07825114768226185,0.44257488523177385,0.16640148991531178,0.623179742786589,0.17526294767894723,0.241593877923068,0.6657616218366231,0.09388910986260957,0.16664167453885553,0.07080366761132938,0.13915147748554005,0.5439039095775535,0.1767231226901341,0.06082760735179572,0.3700259285039527,0.4563929133727772,0.12958127413447368,0.5596930426424038,0.09044321251595158,0.5923352309451599,0.4267375660849533,1.0258975041018248,0.46567027130048566,0.11507107343509175,0.46374157675798416,0.5149654783804836,0.030263527734964168,0.4227546197318485,0.12832901605926506,0.14990511112215987,0.6697630885496942,0.301327864233746,0.3522754271698239,0.06547292795704274,0.03690770480120648,0.040764513830192785,0.40042830507631894,0.32558177961185986,0.26400194733091376,0.4861526458840882,0.608545691841098,0.24958409983592703,0.18506278692056546,0.5448153184507531,0.04148459536949575,0.43634927658728184,0.734333797378147,0.2589158338719568,0.39877617295613127,0.2728210112862328,0.38888751056530607,0.039921443842291085,0.04295352094002227,0.27334238220719603,0.1302432009148313,0.7046726992492417,0.6476331394288933,0.21927116790135728,0.1220939939342714,0.1638095593231575,0.1836573111917665,0.4365661761050068,0.3894541672881553,0.4796329736986029,0.37080137224680554,0.1314798554831867,0.19334604484661666,0.06209532806311015,0.09164620726230133,0.2549644259931388,0.02828045708414126,0.655380201859494,0.06534227448250712,0.02374190821856518,0.03871279769303437,0.22937911632609084,0.19787785677588293,0.3960477551832149,0.356819295977726,0.04150535308838402,0.6574260594308821,0.5525257959197203,0.6556318218730836,0.13106235602181004,0.09971959263494587,0.02699198694045311,0.053663476358574096,0.06178996171630291,0.1671575017816006,0.07428031621339437,0.10557263129982271,0.03153844942740191,0.4959756045012348,0.6336037140158106,0.49762949336250173,0.3212183082251942,0.1820403718987719,0.11940834286282516,0.0818236878304248,0.7506316644293076,0.36574906776711585,0.045893609439997374,0.45880969190738996,0.1724733505692836,0.45547267936160707,0.21552308622947025,0.12446378793152019,0.19227135020467684,0.10757123087886766,0.24835607152919334,0.5656658877343013,0.9595765425346793,0.06987551169227209,0.2083769866918577,0.0,0.6087857770264673,0.18631231044598026,0.18064495599860794,0.6126322942044117,0.04980574752647546,0.0708264638127911,0.15362433086395202,0.9116139064286781,0.1048227431677688,0.2600540943668274,0.18691588359104386,0.7292900114353902,0.5798742687150931,0.1762060939027826,0.02833437743416373,0.10167721539965867,0.701606158537596,0.10957181922139908,0.10086581647027627,1.7570978554500405,0.16725253981670227,0.12053378411972356,0.1432569482424303,0.2136380533320075,0.04219420275443746,0.150544954341305,0.48389538275410604,0.16889442980493544,0.18571480302954982,0.018833938248893796,0.6569767646132685,0.45528112000530346,0.13647306882778967,0.18862303816768594,0.02712344420689775,0.15097664031555053,0.1287414193142081,0.7856331145693498,0.26025418054657845,0.05013576625399828,0.20511442019257867,0.24142600142528048,0.13477440792853704,0.15682296690366102,0.06620108884800881,0.2310895192164272
154,0.6931357413944549,0.45198494340310597,0.15165143605296752,0.1491970284558909,0.2505334360861135,0.8482533601816404,0.7492455211388985,0.46594321251595155,0.5256004076965147,0.4477364142594342,0.6878427965329221,0.6697433832181509,0.33915305192330014,0.5006701221432241,0.6106115696315817,0.2940515338338389,0.2375023948026981,0.6695045990155619,0.3164550539452098,0.5201915676428182,0.11270064137622438,0.3374918046371336,0.40542313429125443,0.3738011485109134,0.2635432224597689,0.031484595369495626,0.717608768789672,0.024763834336001742,0.46374760934055914,0.1874118894910422,0.3059631332968728,0.09126630371733041,0.13369686272560025,0.53778301761713,0.12762870614362187,0.4325010192412867,0.372676179585343,0.34168483899302277,0.5784976217703308,0.5618839722236034,0.168135716534911,0.49636028936508725,0.03168439152123836,0.4490807603705731,0.37800104410083046,0.06719827143306993,0.696966522481314,0.4471625814150053,0.5402673643911898,0.7465418386118431,0.06929325974908429,0.4508417690051212,0.561273587563599,0.26824388040902253,0.15242571139727212,0.48112389167868225,0.04950512106597723,0.5193033858698355,0.04139608710784067,0.18223843616897847,0.41949249241783904,0.14616550655463298,0.49505791445002395,0.14589603738875354,0.09993045957009572,0.6063664628184092,0.24254490462221784,0.5142352292878571,0.46863695951208995,0.08172520260528032,0.3079296143456139,0.26680511775137145,0.6602997563764729,0.5740904058734814,0.6186753675069191,0.21155608313031377,0.2832545948723048,0.3551350287542055,0.13680608727357108,0.06444726462155492,0.3747298099073569,0.45413466414756637,0.06651103763734896,0.5772296856096388,0.18761215797411301,0.1270933724456819,0.35072227746565254,0.21578825469431054,0.36080538291983627,0.22334645088582838,0.6376641144201929,0.6329968428379653,0.33901244634481853,0.4883277399360282,0.1025177248545717,0.0523611760221417,0.8267021329488389,0.5035435042012628,0.7602616549826812,0.7882385604666966,0.17602006165166825,0.2194707403172077,0.13533709541092828,0.2547422562521751,0.5000211306120419,0.7681676196158371,0.5470597457697344,0.698674530568952,0.4179955169956413,0.5889082102785927,0.049124529740300724,0.648446319958899,0.6246750857654252,0.5929737234624372,0.7913764646414426,0.7995159681134923,0.21410842904257615,0.28053710701204865,0.6241775717197834,0.05015518984404791,0.061001259550208055,0.048416107326936256,0.4898862510150982,0.5206942193274665,0.6298068496329075,0.5912121430583868,0.6190429490047896,0.44199264986161546,0.5425901655645603,0.5099886971941863,0.623458037090439,0.11501861151162605,0.03900118497157735,0.12135323754122541,0.3540925355077148,0.4975940933724457,0.49181146522149854,0.5584202837302573,0.15072603125673278,0.27073395316461996,0.6531002916853114,0.17235320439516738,0.4380566217537579,0.1809940171365121,0.8197066159531978,0.6772539070915993,0.7460730207660052,0.6484602413033032,0.8074030560665574,0.05137508079351664,0.35278827955385406,0.564245388554666,0.4046258141500523,0.6087857770264673,0.0,0.7946928437660551,0.7871368600739156,0.02969762508493673,0.595542750128441,0.5483600656291951,0.4642561610235504,0.30425529922603967,0.5139630338586981,0.42254956164338175,0.7734204991796352,0.12198650955435125,0.0425849699199524,0.4506610898423906,0.6355425346790634,0.5084092295198793,0.09556175939276432,0.6138553174563716,0.7053185584779332,1.1497107426374313,0.6765581961915182,0.5354648237458363,0.471762757089113,0.3957454962793549,0.6493565355740069,0.7580410513929632,0.12499041250269305,0.4408996834551451,0.4252077677787168,0.6078134208389268,0.055437826281509554,0.1778380566466134,0.7108429456901839,0.4390747029284544,0.6268091035648585,0.7539123038167684,0.4801092411209998,0.1891488838064934,0.7967817166343493,0.5698462685825089,0.41933668108520206,0.486413820248927,0.5440922454797062,0.47537774905119423,0.6738115563731585,0.8199472563350402
155,0.12279020202522413,0.3646293939243275,0.6601338023500557,0.6458934851422797,0.5871596562753774,0.14770117171315403,0.10952113889855651,0.3317013871625316,0.3115521056033412,0.3641841926448897,0.11597260478297616,0.1490923863504533,1.1328340294005537,0.29609754884900313,0.21908705812161292,0.5245251329985582,0.5574505792273654,0.1475673859361276,0.49221965892706215,0.29125440428247074,0.9061433649878187,0.45865328394570676,1.1990859808747243,0.42106843003695776,0.5518481744808498,0.763254553439732,1.511289746266925,0.8082326604683537,0.33436499610533804,0.6091419397073203,1.099334294569018,0.7235594557417259,0.661775824922521,0.27546005071346885,0.9212456122905583,0.3708097996320787,0.4264154444057741,0.45808052834816615,0.23204321417325435,0.2645597291967053,0.6280517161371585,0.35271380036129196,0.8094137788163542,0.3564868741609904,0.42662714827889103,0.8520090488738625,0.11769743449510267,0.35284703922835975,0.2558266626891396,0.05337606688874526,0.7300341321533335,0.362980460398747,0.23519953098327778,0.5563362667594756,0.6423116475248182,0.3140386648767795,0.7455359883325877,0.27556620925106473,0.7785573675400653,0.6125476640315549,1.2119965859560153,0.6518955567709108,0.2996684234077462,0.6498461608578201,0.701253177878321,0.20743263063690148,0.6090340990072756,0.31463956976416585,0.3361529524851256,0.8560736422545948,0.4869385223487298,0.5385335935298895,0.1571716551484115,0.2223458045376954,0.18378058138185918,0.5856875321102437,0.5114395747360745,0.45025699796151747,0.6724336830242462,0.7948256517343675,0.435868252705547,0.37135718192213996,0.730326936144119,0.22761037637348974,0.6226487429357463,0.9206118679461045,0.4450032648867234,0.5850735179568771,0.45907748719733504,0.5751074760934055,0.1607206698818343,0.1682417839208472,0.45956708762160453,0.316491324019291,0.8909210709491375,0.8339437097068231,0.04639091632277628,0.3083733737715242,0.07227208770446977,0.03776723180695739,0.6227264290094301,0.5755209980278096,0.6658937088781716,0.5570587762475347,0.3177568488042559,0.07323511327665358,0.24832989442980502,0.09726728981255905,0.44127673643911897,0.20834957490180483,0.841671282255258,0.1657752034339316,0.17110663915543844,0.20208380980791854,0.13864895009860953,0.03983653192794052,0.5823261572117537,0.5431140390129103,0.1911621505162498,0.8437232387013375,0.7388083577785511,0.8419431545103497,0.31175496776545847,0.2860253070153632,0.165233812293873,0.23468449924592716,0.21916931006480056,0.3527925719683787,0.26044641939707325,0.28833743515802374,0.17575614445052123,0.6822515702945025,0.8199045890717447,0.6839256782512139,0.5075306186711747,0.36834512504350425,0.3056544440577404,0.2416986360397089,0.9369091715142778,0.5520318119292662,0.1434585425678251,0.6450836357911136,0.35873052254760596,0.6417517277382787,0.04361419645668652,0.20514161653325375,0.15054481347055804,0.24013836821955947,0.1429324566200965,0.7519435108304746,1.1458567510233844,0.25615643282122674,0.39224041664595033,0.18631231044598026,0.7946928437660551,0.0,0.038888736969455884,0.798859137539568,0.20573870133744346,0.25642984636802063,0.33363844279819016,1.0979142180016246,0.2906515852102288,0.44635180397421237,0.07474046636503756,0.9155674522282438,0.7661865791610729,0.3551688625930162,0.15929865427004095,0.2879237143472712,0.8879113923001709,0.2792968146638162,0.10268425065049139,1.943375097366546,0.23235329554682707,0.3068338139511758,0.32640384328543737,0.3997490014749996,0.1479811978985399,0.044099479606887704,0.6697396377135849,0.355112191120171,0.36986613964434273,0.19604407597076515,0.8432573377086129,0.6415718357944282,0.13733039990719106,0.37490803626178754,0.1721865128689571,0.05472160625797576,0.31473740035466286,0.9719437014203087,0.16113917201146855,0.23638861267173794,0.3913909163227764,0.42773642254594874,0.3210683720313562,0.3431261290376043,0.14004080279752734,0.07705996121911202
156,0.12665026765441922,0.353642594341968,0.6491485109133399,0.6399368318997661,0.5761650839423922,0.13436567559952933,0.08484753641923136,0.3288312451316726,0.30056530602098147,0.3531864217172973,0.10497470127115133,0.1381070949137374,1.1224237226337856,0.2865079882000034,0.20810025853925324,0.5135390460564477,0.5515510366429672,0.1512563018942972,0.4812328593447025,0.28026760470011103,0.895681018909826,0.4545578813039659,1.1880923697774244,0.4149758282371269,0.5408434428810553,0.7556738593612753,1.5003044548302091,0.7983297867051162,0.32347248048525834,0.604162200235337,1.089064841976168,0.7125726561593662,0.6556003414043984,0.26446713568338887,0.9102548683272845,0.35980803460448474,0.4243533866984869,0.455103009662076,0.2210434876282338,0.2535751835462967,0.6223732577603208,0.3417270007789324,0.8005697558792823,0.34984868824475057,0.4182583900959579,0.8413047199986742,0.10671345232768195,0.34218664545318944,0.24721898771938552,0.057650093637614155,0.7206394537529625,0.35199743946701134,0.23484726296425193,0.5453494671771159,0.63502431263362,0.31008124927492997,0.7383343857206779,0.271002850560997,0.7677365634166957,0.6058563284111437,1.2017970218266794,0.6412738775916073,0.294769179137871,0.6412532027378643,0.6902663782959612,0.19643292066490992,0.5980421120668225,0.30365427832744984,0.3251580652645885,0.845088350817879,0.48124494936939627,0.5275474402956627,0.14618701005982865,0.21384419695387727,0.1852047432009148,0.5805569615008535,0.5050063474701271,0.43926999950280915,0.6614468834418865,0.7838319743449511,0.42487961351696235,0.3603703823397803,0.7244284708066093,0.2166235104990139,0.6116634514990305,0.9096193506687219,0.43866800079550533,0.5740868178126918,0.4480893783456802,0.5651379456073186,0.15015379770960738,0.15729051691277618,0.4490938862095824,0.3054984918543562,0.8808415949883159,0.8248903859858464,0.04290109216261457,0.2973794975057592,0.05439592966406471,0.03196359734168617,0.6141097383118713,0.5687449576559109,0.654900860140208,0.5460579724556258,0.30676207759492197,0.058387593430451315,0.24196474916720534,0.09927492169243773,0.4302899368567593,0.19833428628250385,0.8306859908185419,0.15478840385157197,0.16272390990901406,0.19869711960755063,0.10125851439367572,0.03293332670412176,0.5733272593181857,0.5321287475761943,0.18016623576791133,0.8327364391189778,0.7278755531248448,0.8309570841412686,0.30624344951026716,0.27503850743300357,0.1633713601484944,0.223686181408376,0.2081814332355525,0.3475640547572881,0.2494623543645072,0.2773805498931039,0.17636721689123125,0.6725791113541822,0.808917789489385,0.6729403868144979,0.4965438190888148,0.3573583254611446,0.29540509454913066,0.24306106332554403,0.9259131904738227,0.5410444322908899,0.13504782147533104,0.6340917648618638,0.35086601534662504,0.6307664363015629,0.03661576260793198,0.1941548169508941,0.1369909345531083,0.22915307678284355,0.11028076368517875,0.7409471320373227,1.134871459586669,0.24517114138451082,0.388812890501997,0.18064495599860794,0.7871368600739156,0.038888736969455884,0.0,0.7881341752432093,0.206474618406006,0.24543043471055204,0.3318536352939226,1.0869289265649087,0.27964799714943894,0.4353665125374964,0.04831643713021431,0.9045711231541789,0.7551997795787134,0.35122177198826626,0.1551715142776645,0.2790780341072937,0.8769261008634547,0.2683115232271002,0.09320838098079187,1.932383740201197,0.2213680041101112,0.2958470143688162,0.3233539004623875,0.39166698984073317,0.13855082119358952,0.04941437544540015,0.6627626327913955,0.3465133827209599,0.36602047597739423,0.18503995757304562,0.8323348746250353,0.6305850362120685,0.12634512504350418,0.3639227448250717,0.16127376158040405,0.04337939806758481,0.30790327151593494,0.9609569018379488,0.13073983658993354,0.22538905185700786,0.38040562488606045,0.4167496229635891,0.31008157244899653,0.3321393294552446,0.14486427517857442,0.0642832744990802
157,0.6970364523774008,0.44988971477817,0.15060753409900735,0.15391540297320133,0.24403694128175812,0.8422461840600605,0.743574760934056,0.46873414375445405,0.5211443510830475,0.44441262699083506,0.685954946220521,0.6673749979283713,0.33429973980344396,0.5028232237856114,0.607290815227299,0.29014967931188784,0.24234836507068397,0.6746624239712293,0.31580915328394576,0.5192197583652365,0.10756306866205936,0.3423191633934935,0.40024036692686327,0.378010631598137,0.2584398896236265,0.041053762906246356,0.7124509438340042,0.015458393410563665,0.46475447057458685,0.1928310876878967,0.3009621554881584,0.08617051160940678,0.13884353403271515,0.5350609473143407,0.12240286547672319,0.43139160410348193,0.37673486468121775,0.3467723943055072,0.5752677870034305,0.5581097797444439,0.17357655910770808,0.4918869802283764,0.01952176038714597,0.4495667147284509,0.3787165017650276,0.05341350536137491,0.6953112249125774,0.44621230050216276,0.5430934138782545,0.7516779694724808,0.0688662722285752,0.44854464774026764,0.5651933409569267,0.26483199091798015,0.15793506687217218,0.48597402177696003,0.05457895391040612,0.5237858598916123,0.031149397570393957,0.18750236165664,0.41369216427186395,0.14722371103266543,0.4995721092494076,0.14916586287475758,0.0993315434461957,0.6029152455294253,0.23556553804338823,0.5090699630421452,0.4665016738759343,0.0594352077429192,0.31287513879911827,0.26389361772651176,0.6575661843915211,0.5767010888480089,0.6237940635409934,0.21590279089809242,0.2878700674522282,0.35252343426308025,0.13257704801206516,0.056163932116873025,0.3725914914068844,0.4503340874061552,0.07229837252854705,0.5747245231110889,0.18306392217305562,0.12176734781816072,0.3539011170221581,0.21462426457183575,0.3552038316843169,0.22376399177977757,0.6381391471519249,0.6315250915659854,0.33933525580470325,0.48551519746764116,0.09276288967334557,0.038953413215333396,0.8301659457399029,0.5002074363181359,0.75712278957225,0.7869644591391969,0.17668468983576138,0.22338341702713008,0.13437612489434694,0.24976887253683355,0.495848505941431,0.763049553356867,0.55077033096339,0.7028228923250301,0.41280850693581256,0.5905585525116425,0.04283247982233715,0.6447922156482542,0.627761712988283,0.5976196904158176,0.7848231243474372,0.7997083975538208,0.21690158106697166,0.2759492948176138,0.6204905699464692,0.0449402873763238,0.061296822950330676,0.043121041117685076,0.4912438969820514,0.5186343906925871,0.6343253368468155,0.5859360695404299,0.6130408939491871,0.4463454399310562,0.542000033146058,0.5109067269924924,0.6264463365319277,0.11692736041366283,0.03970345050464871,0.12001680505145915,0.3472210427749881,0.49028255357231654,0.4933695619748421,0.563406577835231,0.1382435738079849,0.2669236646281841,0.6554266974925006,0.1671477651270323,0.44079122126651094,0.17490463879083173,0.8196322859178973,0.6704481927111815,0.7389787533767547,0.6411795273372116,0.800556969787368,0.04817801090505313,0.3470179485904638,0.5599404613931289,0.40939899567443944,0.6126322942044117,0.02969762508493673,0.798859137539568,0.7881341752432093,0.0,0.600668373688659,0.5466030759541923,0.46904563383549613,0.29907541556870354,0.5130787798936012,0.4149960721921147,0.7692909975306187,0.11671912030361788,0.044162523409403555,0.452232063839308,0.6399023019937352,0.510988175143771,0.0900667064419364,0.606017633702912,0.7041896037388753,1.1445317373506354,0.6679205986178094,0.5298506107161207,0.47690636238585327,0.39914271863968565,0.6509738974792424,0.7630767662705713,0.13045419214769882,0.44377616466961656,0.42985633669765816,0.6058663716667494,0.045008170503322904,0.1755972173884221,0.7051755166641807,0.43670134572995906,0.6269463613914713,0.7524903379240624,0.48423821243308635,0.174169318351315,0.7887827275891214,0.5687713253451332,0.4157175292928289,0.4774523193954159,0.5375412917018844,0.4708605876796103,0.6763973135119906,0.816148452907738
158,0.09890061983128655,0.1664586337194849,0.46196304214521294,0.44681119176651907,0.38898112331990914,0.3221959843550606,0.22811785909610702,0.13227208770446977,0.11338134539849846,0.1660009529491705,0.12965268731666088,0.10562387510565308,0.934663269195711,0.09790597291967054,0.07812362651021727,0.32635357728832104,0.35835274035035386,0.07401150168216243,0.2940488987222195,0.09308364407762802,0.7079707651767514,0.2584031223586735,1.0009084091549414,0.22278858615489147,0.35365517327101886,0.5642425131341255,1.3131189860620824,0.6100619002635113,0.13617683421999038,0.40822656988017714,0.9011635343641755,0.5253886955368832,0.4618585326240078,0.07728317506090589,0.7230709077048013,0.17262256583635793,0.224273935597209,0.2548306485026269,0.06534147069059812,0.08101592668091948,0.4275546992823878,0.15454304015644943,0.6112374003546628,0.15828119458393408,0.2284563880740483,0.6538382886690199,0.12135492799018877,0.15465707088284525,0.057641947993834826,0.152656043355044,0.5318286183065679,0.16482458277399356,0.03548023666285487,0.358165506554633,0.44329692238850493,0.11474874459304918,0.5461349956081472,0.07693496743399783,0.5803651618356287,0.41348810885165477,1.0137029864598348,0.45371959263494577,0.10109649646165829,0.4516034571338603,0.5030824176734782,0.07872661131274963,0.41085815144433957,0.11646880955932312,0.13797259649646165,0.6579028820497524,0.28780462056049977,0.34036197152753606,0.10489461210825501,0.02570682311606092,0.02317424882745818,0.3851492318401034,0.3128364407762807,0.25208603888032616,0.4742629228194037,0.5966478811382357,0.23769565289447953,0.17318642171729726,0.5299013324715358,0.056878188236463956,0.42447798273090376,0.7224353900462388,0.2468325046818807,0.38690275775203437,0.26090390957755344,0.3769147234790103,0.07941563499560815,0.08279950778103713,0.26139546561925114,0.11831453123187322,0.6927455045658694,0.6357729495019804,0.24539480269808917,0.11019553688327616,0.1945249506952386,0.20755104492948181,0.4244035615439434,0.3773120038449426,0.4677168995177248,0.35887250368749896,0.11957811697243907,0.23144833358192882,0.05016084124695475,0.11545316461989762,0.24310597623427635,0.03907132203052749,0.6435005220504152,0.10629353320406369,0.0713097333399625,0.019376597225674936,0.2696431412519266,0.22979278741775638,0.3841488672334642,0.3449432788080677,0.08903731417491174,0.6455524784964947,0.5406339846533752,0.6437723943055074,0.11350009943817431,0.08785454681052056,0.04518827789655118,0.08874731931255075,0.10504589900396097,0.1544129087323291,0.062304081937055646,0.09018727522829341,0.036309857637680416,0.48408081008966003,0.621733828866902,0.48575491804637116,0.30935985846633185,0.17017436483866155,0.1074805349773777,0.05009777258489534,0.73872922985134,0.3538604716684068,0.07299051194086742,0.44690629609373705,0.16056107161205854,0.4435809675334361,0.2430110624968927,0.16971485274863685,0.23335158023832014,0.15690683471718123,0.28847942458443127,0.5537631714148393,0.9476859908185418,0.0610615770894446,0.19149790351182486,0.04980574752647546,0.595542750128441,0.20573870133744346,0.206474618406006,0.600668373688659,0.0,0.05824647408806908,0.13179453587232137,0.8997434577967813,0.09246284326886425,0.24818104376936978,0.22270981454780486,0.7173871625316961,0.5680158189562307,0.1552724025920218,0.05814257776893881,0.08975295414242859,0.6897406320953282,0.1486507731318053,0.12576631200384492,1.7451997795787135,0.20965887734301203,0.10950733356535575,0.12405943088218233,0.20153090869918297,0.07329151958103383,0.16267598070899417,0.4706885182054724,0.156912278957225,0.17083969737648946,0.0649941000016573,0.6450865775037706,0.4434010755895855,0.1744713286597391,0.17673727605694486,0.07205942259566782,0.17837788992194104,0.11644361855516328,0.7737732063839305,0.3021863637116956,0.04891280929415469,0.19322015611793364,0.2295656623411061,0.1229009761514112,0.1449553688327616,0.08858498649298135,0.2653784534049288
159,0.15417574868658745,0.11010297651601784,0.40471045260942345,0.4040971593828203,0.33075278012562365,0.32997818160725234,0.23434535706591098,0.10321300485589749,0.05532468221216791,0.1103429539766983,0.1411684731268334,0.12165075655877626,0.8794447703806827,0.053425321931089356,0.07222468884137956,0.2681209251064817,0.3163968908997497,0.13224054094366833,0.23823524586088607,0.047848406503256585,0.65311964069673,0.22278914135136477,0.9427166592088035,0.18244888877840196,0.2954572250120154,0.5169190904721657,1.2548927144964286,0.5574261422960274,0.09531919653955154,0.3698653938580354,0.8461680256550488,0.4671422214488141,0.419206069043239,0.02305821276454697,0.6648244336167323,0.11787742587712757,0.19704158172989272,0.2246401912527552,0.048610202356684715,0.04271946833722799,0.3869441157460348,0.09631352027710108,0.560486443262235,0.121960241303303,0.18552589535789454,0.5982735461310263,0.14876081804471403,0.10123490611379042,0.029366040206168485,0.2092564013324716,0.4803661479308573,0.10792705381262531,0.03046404481347056,0.2999283796549495,0.3972586884104808,0.08058664379588654,0.4999845787964666,0.0415487164188998,0.5254946634846449,0.3695777357927708,0.9585625300386149,0.40279887800593317,0.06774576144781982,0.40378184921858173,0.44879000314887557,0.07302696431826844,0.35261167735627036,0.05823436749034617,0.08034615257130545,0.5996695172276637,0.24747243076617115,0.2830117668506272,0.11326941116027775,0.03472742339117318,0.08136586618936346,0.34634724639122283,0.2705160344056083,0.19454332189794332,0.4165056182568487,0.5384129253053582,0.1794492285254976,0.11498376671804306,0.4882979582028206,0.047106299408342836,0.3662487445930492,0.6641889159581696,0.20709142511476816,0.3327760072258407,0.2026649762177033,0.3251536071197733,0.09572077760652312,0.09379751901755086,0.2094622549263328,0.06141277614809657,0.6387031439036114,0.5847097233961451,0.2877414276007226,0.05196311672384362,0.21344559903213509,0.24039878851157628,0.37398858946949737,0.334060624140274,0.41311188451913355,0.30075743714678727,0.06133409569266975,0.24058098410646514,0.02516350950463219,0.16038647475099024,0.18486616450388638,0.04812344420689765,0.5861563002369944,0.11266853113243504,0.0866053796052304,0.05519812227580835,0.27703399956910124,0.25722817746399507,0.33619709474800696,0.28670524039178635,0.08919510598452077,0.5873108768789671,0.48757420573758264,0.5855352839788529,0.07900024030892128,0.030575539866421395,0.09189075887900036,0.08214820431230216,0.10925319445134989,0.11642699580702374,0.019954258439815055,0.05809710137721871,0.08392695437445098,0.43353265715374806,0.5634916140472994,0.42829072407563923,0.2511152571305458,0.11196882613235219,0.06239606224829708,0.0524336415916737,0.6804860869421104,0.29561399758033763,0.11299881502842274,0.38866916919405364,0.11922347901025872,0.385343674903462,0.27563347917598907,0.17195884088234803,0.24001934072490425,0.15344158007258984,0.2960041598302921,0.49884439583022583,0.8902178193208371,0.03849560814730104,0.1591804471403238,0.0708264638127911,0.5483600656291951,0.25642984636802063,0.24543043471055204,0.5466030759541923,0.05824647408806908,0.0,0.10635329554682703,0.8415040769651471,0.04367850809592466,0.18994240872404253,0.23406641641392795,0.6591406884436267,0.5110007209267637,0.12453637779877029,0.0974476540877376,0.04704924675582956,0.6315012512636935,0.14488594441406055,0.1577143224117072,1.6869533054906447,0.2124972074446046,0.057328709458227683,0.09701917499461378,0.1579162813437412,0.10846626559936359,0.22064987818823645,0.4257137423556903,0.11306158537595914,0.1376744642768359,0.06692853709872552,0.5895922869122789,0.3851560102089859,0.18369133562041134,0.11850382836971111,0.08471433898473622,0.2059290922951988,0.07571815078141833,0.7155530336929681,0.30789970002817413,0.023982813768872534,0.1349839407348481,0.17132666268913968,0.06772266693183515,0.08671356833888531,0.13321731384345117,0.27844993287923236
160,0.22900845224481675,0.05052617709938845,0.33016850627289146,0.3152565173436748,0.2574771126468785,0.4333750642204875,0.3355662341106084,0.017762491920648292,0.10288333416198474,0.06655572681018909,0.24637009231177173,0.22351890982614894,0.8029153201080561,0.05626881453123184,0.17491163260909195,0.1946011037637349,0.22682347238104708,0.2057889176154726,0.1622543628498982,0.06764411906064068,0.5763016705613286,0.1268304330532491,0.8691730058502792,0.09108367722368621,0.22199050365435283,0.43287698669185765,1.1813635791113541,0.47829608545053776,0.030553000546909907,0.2771966969953098,0.7693689984918543,0.39365814812973365,0.3307208853312119,0.10062869785710732,0.5913319577719218,0.04214026583138596,0.09363576625399829,0.12475607815840498,0.14976937801421966,0.1307113061204197,0.2965801803145561,0.07755658860769984,0.47950736671141375,0.05902859676163008,0.09667298927725017,0.522162597988034,0.24571314572664443,0.03710496527950412,0.0915839506786655,0.28280628614991965,0.4002556969787368,0.05700026516846486,0.09926925371650169,0.22638384792588534,0.3118768872536834,0.031100316544854983,0.41489124778335745,0.06759116823281795,0.44873678715258764,0.2821611975670793,0.8822056878635709,0.32207043537347324,0.03886826099206149,0.3200779843882066,0.3713232320721258,0.17570542269510595,0.2791148428048194,0.10334196788146968,0.04567911301148507,0.5261099371882199,0.15869567775402316,0.20871810106233124,0.2190280001325842,0.12081853361838946,0.15491798836573362,0.25357743747824785,0.18134399807752868,0.12038906843003688,0.34253247485042837,0.46490394272361163,0.10614899981769668,0.05173570990569943,0.39889777755680395,0.14599394255788128,0.2927065662341107,0.5906935564063043,0.11970761862145546,0.2551321036145776,0.12920100598286352,0.2482575282984471,0.1933678632393642,0.1956021810106233,0.12974987155902487,0.07306282835313807,0.5610778683770034,0.5039893684018627,0.37051431909710136,0.08035587265284473,0.3169633156001922,0.3344978869387959,0.29261694757950923,0.24575673279305252,0.336016896203119,0.2271831734036029,0.0842075191832811,0.3457703558229336,0.09657497638343363,0.23650270969025,0.11131216957523327,0.13920794179552193,0.5117511311092329,0.21782984471071778,0.17582801339100743,0.13336636338023497,0.3799645337178277,0.35123194782810446,0.2524075639304596,0.21316940950297492,0.1932440709988564,0.5137785760453438,0.40888026815161,0.5119802946684566,0.029419910837103727,0.08653617063590713,0.16887805565223146,0.1794210378030792,0.20894559074562058,0.030890999187921583,0.0960504068678632,0.05530372561693098,0.16161916836540213,0.35235559919786535,0.48996348961699737,0.35397771756243895,0.1775725815807355,0.11290249258356948,0.04773966257312855,0.09454634647574534,0.6070004226122406,0.22210435207742918,0.19696274383068993,0.31517972621356,0.04287946435970098,0.31185018810387977,0.36762999055337353,0.2716819138533949,0.34166455360546244,0.25091532839457065,0.39892610914996923,0.42204130827491343,0.8159366495964465,0.1385392200732528,0.06536373655513017,0.15362433086395202,0.4642561610235504,0.33363844279819016,0.3318536352939226,0.46904563383549613,0.13179453587232137,0.10635329554682703,0.0,0.7679625118082833,0.06431240159763996,0.11640269974643261,0.3403069987901688,0.5856558693382389,0.4362212830839093,0.03689268963688496,0.17725268068744926,0.06439036112630303,0.5579572830176172,0.2325159101078905,0.2519410497356601,1.613459188915958,0.30368926399177976,0.13349343708049516,0.03364945557599559,0.07207875503405754,0.19341594159664557,0.2941979399724887,0.33932859344702426,0.03191401083876097,0.05926490329637549,0.17037626576509385,0.5133847677289978,0.3116367854952849,0.2890106896037389,0.0477637183247982,0.1800696564411077,0.30308319660584365,0.03501299325477717,0.6419936525298728,0.4064190076070204,0.12333824723644736,0.06469899235983356,0.13797383118712606,0.13819956412933596,0.07498827458194529,0.2110630769485739,0.38464623212184484
161,0.9953650872569979,0.733293143737881,0.43816583801521414,0.45294081771325345,0.5107700740814398,1.086700326488672,1.002081390145677,0.7674773198097417,0.7863659573410231,0.7337425048476107,0.981954225293757,0.948821831651171,0.09617888098907836,0.8018392913372778,0.8798347337542883,0.5733898805084605,0.5413910986260958,0.9737378395399329,0.606149604733257,0.8067012462917847,0.19180600440842568,0.641340335438108,0.148629228194037,0.6769717264124363,0.5461045758133215,0.33550550224564546,0.4337537579343376,0.28974330863952,0.7635666235767913,0.49154300701039116,0.07535728136031422,0.37440260859477287,0.43791354679394745,0.8224630007126401,0.1766967964334841,0.7271208919604232,0.6754849516896202,0.6457524983841296,0.8658854389366745,0.8334358292315087,0.4723658081837617,0.7488035433136113,0.28850605744211866,0.7414648651784087,0.6713227183082253,0.245953960125292,0.9802245231110891,0.7450953197765955,0.842106945756476,1.050753385041184,0.367915237242911,0.7349493196771574,0.8642643480999022,0.5418002452808302,0.4564603738875354,0.7850134738726198,0.3536262119027495,0.8228178541241985,0.3193918692719468,0.4862738941646365,0.17402529044233414,0.4460238651618356,0.7986469779081521,0.4481400006629211,0.3966696580984107,0.8904960058999983,0.48889725550638885,0.7833088715424518,0.7617708613003197,0.24606686388571244,0.6119438754371138,0.5593868890767166,0.9407455791445001,0.8755884502560533,0.9228669102901937,0.5146049984255622,0.5869070170205007,0.6476638492517278,0.4255126700807107,0.3030969522199572,0.6620554119226372,0.7265631018081175,0.3699591309103565,0.8703097250534481,0.4752671157957541,0.1773290989244104,0.6529124944066027,0.5128554003215169,0.6388395482192281,0.5228318666202623,0.9372068728351481,0.9296983211521568,0.6383479921775306,0.781435158023832,0.2070043172740682,0.2639849102570476,1.1292384113094347,0.7895520641707683,1.032534007855616,1.0739469000149158,0.47543068330598776,0.5224314539518389,0.432032027378644,0.540877434163642,0.7801746217206118,1.036361482623179,0.8495886988514892,1.0018766966638493,0.6656731135749682,0.8895856742736868,0.25625447057458683,0.9321884187672981,0.9268080097449412,0.8966951059845207,1.0182091847727008,1.098703516796765,0.5156049818525331,0.5548131059513746,0.9067657402343429,0.2542109000812078,0.35911174364838655,0.25600364606639153,0.7862748305407778,0.8119033958136529,0.9333759425910272,0.8632427451565325,0.8787522497886938,0.7453579111354184,0.837468130065132,0.8095845555942259,0.925405492301828,0.41566317804405106,0.27801924128673,0.41403612091681996,0.5915915079799136,0.7295757553157991,0.7922735792770845,0.8624763420010275,0.16101827176453043,0.5458943883723628,0.9545000580056017,0.45283716170304433,0.7391898606208257,0.4561676776214388,1.117048045211223,0.902442765044167,0.9663638194202757,0.8689373870962397,1.0309993453653525,0.3459924841313247,0.10577869205654716,0.841757950910688,0.7082533933276982,0.9116139064286781,0.30425529922603967,1.0979142180016246,1.0869289265649087,0.29907541556870354,0.8997434577967813,0.8415040769651471,0.7679625118082833,0.0,0.8072850229536451,0.6515632426788646,1.0416456686388573,0.18237190705845308,0.3319970168547705,0.7447158056978076,0.9389156681416663,0.8099999668539418,0.21896432655496437,0.8304568604053764,0.9952363479673182,0.8518960539617825,0.8814345033891844,0.7910974576973433,0.7759817779545567,0.6982161620179319,0.9499666799250899,1.062146861896949,0.4290555196473261,0.7428311788395565,0.7289278410315054,0.9018934105636488,0.254659382820398,0.45636115944911254,0.960583818094433,0.7230061817398363,0.9257286663683522,1.0435857074197454,0.7833041813752298,0.12624127015694658,1.0083822983476691,0.8615481777954554,0.7065233016788477,0.688286199638708,0.7782524486650425,0.7547927459851838,0.974555693664131,1.0998955899169691
162,0.18828696199804432,0.07400386151576926,0.36950478960539623,0.3680859643016953,0.2965182800510449,0.37082420988084,0.27375601186628884,0.06134957490180479,0.04692610914996933,0.0770043255605827,0.18439614511344232,0.15951330814232922,0.8463370539783555,0.018180248263975202,0.11163015628366396,0.23389694890535137,0.27994019622466404,0.1664569101244635,0.20186474750990246,0.019005991150002472,0.6199410248761168,0.18431381859162402,0.9093330350188105,0.14418954573327364,0.26188115480866436,0.4825011103929466,1.220996718540248,0.5237920499179636,0.05353284774358209,0.3329915726147267,0.8130316710585193,0.4332760237988697,0.3835276438124596,0.04295699298960871,0.630608064435937,0.0817259069590149,0.15601149339564785,0.1854691327333897,0.08777067071048573,0.07226569051525548,0.35071014600838596,0.062080412336962834,0.5265535888894414,0.07933408740615525,0.1447454631332969,0.5651075921046089,0.18362686653739707,0.06710423606622583,0.03951215631681,0.2434727705132667,0.4465060657286333,0.07335900495533565,0.05698260660600937,0.2657029284542335,0.3622661379870399,0.04045774706243053,0.46539001309269273,0.029528505609970224,0.4921678350652147,0.33374208223537016,0.9254686852616052,0.3678598916123899,0.025868194699945304,0.3684872884867167,0.41450135898838225,0.11284284625200948,0.3183953081754751,0.0552850229536452,0.04720166061751105,0.5654463033858699,0.21012513465586108,0.2497746150914002,0.15486681085201942,0.06860131092659803,0.11558223537015862,0.30930608727357095,0.23355964633156,0.161452824872802,0.3833972223603308,0.5041897114635642,0.14523280962561527,0.08072833490777111,0.45249613019771634,0.08593693133794061,0.33269244601335785,0.6300314473226272,0.1684708729014401,0.2988429208306401,0.16859506289464524,0.2909904373622367,0.1355053862344421,0.13595805366346808,0.1750019639039427,0.029659523691145006,0.605482962926134,0.5508280465370655,0.32195995127529453,0.035873266046835384,0.2528601484943403,0.27434534877939637,0.3400601932415188,0.29728411972356195,0.37882735046984534,0.26761037637348983,0.03985068529475132,0.2824525348447936,0.049569739306253,0.1946152405575167,0.15064339813387692,0.08315916737102033,0.5530558262483632,0.1544778667197004,0.1228563201246291,0.08941449145660352,0.3176173287591773,0.2929146406138651,0.3005792605114436,0.2524848439649314,0.1300950794676743,0.5530918228674657,0.45321212648535786,0.5513141914847777,0.036184689835761286,0.03824173420176007,0.12611261373241192,0.11880553207709772,0.14763478015876963,0.0772428280216776,0.03549446460829648,0.023124836341338086,0.11814880922786253,0.39895932150019053,0.5292787914947216,0.39370331792041624,0.21689701519746765,0.07807007905334859,0.023884096521321126,0.055850212963423296,0.6462667511891147,0.26139762839954256,0.1472151842092179,0.3545973333996254,0.07994398316180248,0.35127215399658596,0.30984106465138644,0.2104885728964683,0.2798620212466231,0.19064460796499777,0.3365965876133181,0.4651542037488192,0.8569988316014518,0.07614595866686551,0.11939623626510214,0.1048227431677688,0.5139630338586981,0.2906515852102288,0.27964799714943894,0.5130787798936012,0.09246284326886425,0.04367850809592466,0.06431240159763996,0.8072850229536451,0.0,0.15572260892623346,0.27634581282421,0.6249243192628317,0.47595435787798934,0.08142804819436847,0.1316682328179121,0.023565438605213845,0.5972821972521918,0.17581072772170572,0.1914056746051476,1.6527369363098494,0.24620770148660073,0.07872703392499049,0.05707448747907655,0.12013566681582392,0.14268263478015875,0.25486624736903163,0.3903471552395632,0.07499697542219791,0.09725741228724376,0.10894316279686438,0.5563692056547176,0.3509382323207212,0.22564382903263225,0.0842800510449295,0.12181733207378312,0.24042498218399377,0.0369095609804604,0.6813250799648651,0.345948084986493,0.059751794030394934,0.10120606075672452,0.13710291851041614,0.0796633272013126,0.052494895507051845,0.16732251114536206,0.320474286945425
163,0.34381276620427914,0.08209014899153119,0.2821534993950844,0.29483661479308576,0.17427630554036358,0.4382424551285238,0.3505189761182652,0.11591490578232981,0.13480939359286698,0.0821800908201992,0.3303918112663452,0.29725941762375907,0.7291509802946685,0.15027687730986589,0.229133951507317,0.14730884668290825,0.2130865609307413,0.322175425512521,0.14578547042542972,0.15537471618687745,0.5127324118729181,0.1371566814166625,0.7868065181723263,0.10103994928653111,0.1656556870349194,0.3922480650988581,1.0805491721771987,0.425929316031091,0.11200420954937933,0.2663628333250468,0.6962941132600804,0.3326377384444555,0.30623303336150753,0.17090058668522845,0.5056579906859576,0.07559420938364905,0.12610755895855086,0.14073553588889437,0.21432358839225052,0.18193523260246275,0.2793307645138302,0.09957898705646431,0.4316473176552479,0.09941129286199638,0.10500583370622651,0.45947792472530186,0.3287656407961683,0.09354205406122078,0.19054453172906413,0.3991909710137722,0.3540009612356849,0.0833953413215333,0.21270193407249044,0.17092173387029944,0.28293993934271366,0.13345449046222185,0.3768217156399676,0.17125926846649764,0.3973460862791892,0.2621825850610716,0.8028229586171464,0.2896939707320307,0.1470845638807405,0.29205142610914997,0.32830514261091504,0.2389335918725865,0.18070359137539568,0.1317579757702315,0.11020844727290809,0.4192749796980394,0.15726591425114772,0.16568085317953565,0.2891831651170884,0.22402958285685873,0.27130449626278197,0.24338158570741975,0.17360776612141407,0.09214450852682343,0.28816964981189613,0.3680309501317555,0.08710333283614248,0.07502468552677372,0.37594414060557846,0.21874731102603628,0.23791706856262118,0.5113181690117504,0.12523332338951595,0.2169204908931206,0.06681010623311627,0.21273730920300304,0.2856444588077363,0.2781359071247452,0.11021873083743523,0.12987274399642026,0.4951196406967302,0.4526680919471653,0.4776759972820232,0.13798965014335668,0.38107525812492754,0.42238645817796117,0.24910218101062323,0.23320896932332325,0.3088542070634249,0.1709768640514427,0.12861353353552427,0.38479906859576724,0.1980277266776048,0.35031428263643744,0.045618977775568025,0.23802669086328906,0.451515636652911,0.2806286067054475,0.2752455957175294,0.24513269195710904,0.37305546164172426,0.44714110276935315,0.23080550721755416,0.15531796184888713,0.25520332620693087,0.431119922438224,0.3667584812476176,0.42766175276355267,0.1347278625764431,0.16034797560450123,0.2818135285636155,0.2116803311291206,0.22718983576128207,0.09379809907356766,0.18590571603772021,0.1580221415668142,0.2738430782744163,0.3184873962114056,0.4068430617013872,0.3096507234127181,0.07461390642867796,0.0783274167619616,0.14071459586668658,0.21091392797361577,0.5358690399244269,0.16641213808647812,0.30293764397819,0.25296552809957074,0.08765144433948192,0.24290530171199398,0.46548823314937277,0.2576238668191385,0.3247460017567412,0.22653750476474582,0.38725890385985845,0.37157102371600453,0.7369177977758995,0.19019896750029006,0.09147879480932733,0.2600540943668274,0.42254956164338175,0.44635180397421237,0.4353665125374964,0.4149960721921147,0.24818104376936978,0.18994240872404253,0.11640269974643261,0.6515632426788646,0.15572260892623346,0.0,0.3900909610699547,0.4924463282454135,0.38299898075871336,0.09370886988514888,0.2873566847312683,0.15843954159001641,0.4415595883259583,0.19183944049453913,0.3436739339399062,1.5009857389085,0.25973846102852216,0.13990183794892197,0.12441936392714498,0.08501180828319993,0.2984042658976781,0.4105844478695371,0.3129013158985068,0.09126876481214471,0.09521027030610389,0.2503309965362369,0.4540797328427718,0.2535122308954407,0.30902140406702133,0.07144618737466649,0.2741678764977875,0.3920232933923334,0.1317417673478182,0.5575967367705794,0.3748366893717164,0.20998682444190325,0.05507623593364158,0.08024162647707121,0.1295417060276107,0.10324145246026611,0.32299327963671914,0.4483331758895574
164,0.14786681913853397,0.3317528298447108,0.6247560035797742,0.6328428876845823,0.5325768988548036,0.10424896004242695,0.039852052569648154,0.33719763337145126,0.25529580370904387,0.326853295546827,0.09418817017186232,0.12154282470707171,1.0965272460597626,0.28658229337576036,0.1700597789157924,0.47937201478314184,0.5460508211935895,0.1717220122971876,0.4639287525481034,0.2745038615157692,0.8729056911781767,0.4548402940055354,1.1571228392913375,0.4144512338620128,0.5114654203748819,0.7421450720098114,1.4616785329554685,0.7802228989542418,0.32908033775833223,0.5998522431594823,1.0633128490694248,0.6835467939475295,0.6472758497820646,0.24055400321516768,0.8736391720114688,0.35064660501499856,0.4305397255506389,0.4571202870448631,0.1957901440196225,0.21288590298148793,0.6160208405840336,0.296445250998525,0.784300419297635,0.35045180563151523,0.4151552809957077,0.8184855731782096,0.10536009048873862,0.3296081390145677,0.24909130081705033,0.08896606672301498,0.7043660070601101,0.3300710817216063,0.24721476159697708,0.5069824988813205,0.6244283050763189,0.3140959744112433,0.7255191667080992,0.27512268184756133,0.7479087654750659,0.5983421584713037,1.1739354646248696,0.6302893319411987,0.30177661214140106,0.631753683355707,0.6741441107741263,0.1679389698205141,0.5541193340956927,0.2626887585143937,0.3077797941629791,0.7998050928918281,0.47828687084638466,0.5067595999270788,0.12167685079301944,0.2199295729130413,0.2028919687101211,0.5763380400735842,0.5010903810139381,0.41899249241783915,0.637178259500489,0.7413925653391671,0.4036654982681186,0.3196410116176933,0.71655938944961,0.1986433732743334,0.5862757669169193,0.8765188766800907,0.43880965876133193,0.5583228260329138,0.4155396758315517,0.5507308705812162,0.14710735179568768,0.1455829065778352,0.43714669616665847,0.2858551351530519,0.8581474253799366,0.8077327681930426,0.08759294154692653,0.270470790036295,0.03641773148378328,0.04901854521950976,0.5977246225492634,0.5642236778866073,0.6411801239662573,0.5198002867134025,0.27347706292779134,0.02290318865078969,0.2449179220736174,0.12302414690332952,0.385008187076352,0.20248794312136423,0.806833167603043,0.1253168928885132,0.16465199124944066,0.20938069905036538,0.0656427683587729,0.0580909279238966,0.5648339548219227,0.493601136909793,0.1497586635509372,0.79626840849202,0.7131353933608445,0.7937118944629509,0.3111083378909162,0.2568516713899799,0.17942821392465905,0.18582881718291655,0.16582121016258144,0.34945907290475475,0.24463105951374733,0.28656952385687534,0.19414327383615906,0.6602284509189743,0.7733605462470374,0.6531402989774442,0.45126206930840757,0.31207657568073716,0.29554865841329814,0.25993539833275325,0.8957152505013338,0.5027132451648187,0.15118250219592633,0.6032084306998791,0.3518856958186248,0.59724094698288,0.07541412684996442,0.14887306717048673,0.09170918477270092,0.1838698188567924,0.073864788942475,0.7225099769634898,1.1057630139710637,0.20940259202174383,0.3915683803178708,0.18691588359104386,0.7734204991796352,0.07474046636503756,0.04831643713021431,0.7692909975306187,0.22270981454780486,0.23406641641392795,0.3403069987901688,1.0416456686388573,0.27634581282421,0.3900909610699547,0.0,0.8643153267372676,0.7316441604932135,0.3545060574421187,0.1655230033643249,0.2802187971295514,0.8316428429374036,0.22303032035665155,0.1010668555991979,1.8883028058138183,0.17608474618406006,0.25056541374567026,0.3281259467342847,0.3898735477883294,0.1516081224415386,0.0810554782147533,0.653516249854986,0.34554973566018654,0.37024988813205395,0.1707623510499014,0.8104603407414773,0.5961091002502527,0.08140343724622548,0.3389412983310961,0.16036245214537861,0.0538864581779612,0.3088859112680025,0.92642731898109,0.09347051658131558,0.21713050431727401,0.3541613301513118,0.37146787318318164,0.2648001872752283,0.29858326289795983,0.16876060259533637,0.058249921278112016
165,0.8131243888695536,0.553107202638426,0.25907315335023784,0.2705843732909064,0.3318879000314887,0.9266898606208258,0.8305228542070633,0.5851150748272264,0.6138288337559457,0.5513862095825254,0.7995971345232769,0.7695145262599645,0.23681028853643576,0.6194829960721921,0.7055119325809178,0.3918270521553224,0.35903442218134196,0.7913812293872952,0.4259494108288172,0.6271615207411461,0.03039246590099272,0.45898404017302225,0.29514914897495825,0.4946468536104343,0.36373336482208857,0.1531446493975704,0.5977398945955354,0.10744017965163494,0.5812103283117055,0.30917109995193826,0.20438445284144577,0.19205203102471027,0.25555315799068595,0.6403123270190091,0.01562917018843535,0.544764596695338,0.4931518752382373,0.4633947778385455,0.6835291436715887,0.6551125971593827,0.29000951291867616,0.5834223553588891,0.10615518155753327,0.5605689355143438,0.4902274482507168,0.0636292364805515,0.8005772883209863,0.5627300916488506,0.6597457283017617,0.8683970897760985,0.1855589419778253,0.5535590828485724,0.681906925868841,0.3649562554898157,0.2741255406950727,0.6026722269179139,0.17128992028373016,0.640481562505179,0.13702377401017587,0.3039059149140689,0.3135795836855103,0.263672309783059,0.6162906826430665,0.26578370539783563,0.21438510747609338,0.7081540463050433,0.3156833722799516,0.6020063723296708,0.5794145660352343,0.08034282967898042,0.42958254197119616,0.3770505974576975,0.7600408359435854,0.6932820232353868,0.7405065546329903,0.3322558792820564,0.4045603838313528,0.4653137854455659,0.24316076666832395,0.1246114370473491,0.4798570079053348,0.5476168730008781,0.18760283564527092,0.6879570758547537,0.29296516349293167,0.02195707585475397,0.4705704353734731,0.330532831170553,0.45648996503090883,0.34047316826596385,0.7548505775700624,0.7473420258870714,0.45600840252572966,0.5990761282089527,0.041938828949767144,0.0817176121579741,0.9468821160443495,0.6072012380052704,0.8558885960987089,0.8933943966588772,0.29321083378909163,0.34007515868675314,0.24967374335007206,0.35851601783257925,0.5978169840401727,0.8550166061751108,0.6672793218316513,0.8195204842639089,0.5017097482556887,0.7072526806874491,0.07394265731947827,0.7498685344470409,0.7444674588574554,0.7143388107194352,0.8652878155090405,0.9163574139445467,0.33325148742935745,0.37324162647707104,0.724409444969257,0.07194194467922903,0.1767918924741875,0.0737063176386748,0.6045091151659789,0.6296317887270255,0.7510203599661911,0.6808857869702847,0.6993728517211092,0.5630357728832099,0.6551279603573146,0.6272311937552827,0.7430608313031373,0.23332204710054857,0.09569746764116072,0.23180447140323823,0.4291417905500588,0.5689121297999635,0.6099364921526707,0.6801200467359417,0.06809058817680108,0.3660137058950264,0.7721395034720496,0.27048421418982743,0.556839564792257,0.2738313860024196,0.9347316412270673,0.7500227796284327,0.8169178972140738,0.718649008104211,0.8797050166558944,0.16362607931851703,0.245458177961186,0.6594249241783922,0.5259395415900163,0.7292900114353902,0.12198650955435125,0.9155674522282438,0.9045711231541789,0.11671912030361788,0.7173871625316961,0.6591406884436267,0.5856558693382389,0.18237190705845308,0.6249243192628317,0.4924463282454135,0.8643153267372676,0.0,0.15161335951871924,0.5644637547854622,0.7565762607931851,0.6276498864747511,0.09309274267057786,0.6814747012711513,0.8130959661247286,1.0278128159233662,0.7388270770148659,0.618602462752117,0.5936254826894711,0.5158562538325129,0.7676069540429907,0.8797905666318633,0.24670548898722222,0.5604748835744708,0.5465715457664199,0.7195371152985629,0.07233888529806594,0.27650800477303233,0.7909196788146969,0.5419860703690813,0.7433903031207012,0.8612675798405675,0.6009435439765326,0.09285022124993779,0.8627695188849663,0.6791984785959329,0.524182750791362,0.5470000580056017,0.6192431097631715,0.5724683538010243,0.792211645867515,0.9175423109431711
166,0.6635712888844695,0.41063454813636285,0.10952726263279139,0.12120805780672539,0.2108972223603308,0.8069367407481066,0.708424982183994,0.43574455990321337,0.48383152687316666,0.4092761232370441,0.6514411077412618,0.6280734765243043,0.3745854339647658,0.47011165249672676,0.568039112348564,0.2531102769353155,0.2096630786058769,0.6420098858118297,0.274606175110625,0.4784692404580785,0.14819518884966607,0.3096136412602131,0.4376858250882513,0.34523177381129955,0.22623646397852135,0.014539974146074676,0.7486899186264273,0.05173538673163282,0.43183898473624033,0.15984896169972984,0.3411225575498434,0.054037189877193914,0.10618181441522066,0.49731472182170733,0.15782931437378808,0.3958399625449542,0.34374188335902156,0.31402577106017665,0.5400359717595585,0.5200076318798788,0.14064736737433498,0.45406422048757855,0.05854049619648985,0.40981356170967365,0.3395594308821824,0.09438013556737757,0.6550786141633106,0.4133809559323157,0.5103743847262964,0.7190257462006332,0.03969953926979235,0.4096846484031887,0.5325355822933758,0.22578126916256477,0.1248162299673512,0.45326707436318153,0.022915676428180896,0.4910808515222328,0.038052072457282995,0.15458198677472287,0.4539194882248627,0.11429710469182454,0.46691933906760125,0.11641236182237026,0.06493689819188252,0.5664702679858797,0.20359219576061918,0.4739325477717562,0.4316826762127315,0.09438107194351913,0.2802111983957309,0.22999987570228217,0.6190716369180794,0.543840774623378,0.5911352110575248,0.18287346492318396,0.25517937817995,0.3182776479557168,0.10065538043388195,0.03804363678549528,0.3343846682908234,0.41247503273173225,0.051891595816967485,0.5407548931868279,0.15030175342647376,0.1579581116690697,0.32118331427435004,0.1811566151245463,0.322928213924659,0.1911018246904987,0.6054792339945972,0.5981897611826513,0.3066203533369794,0.4519857306219859,0.13372390162249956,0.08011094814299206,0.797510772468884,0.4644292745985183,0.7181279520707997,0.7469619317522663,0.14576214388703823,0.19070381511128792,0.10029976466298747,0.21824295231939544,0.4602566913604798,0.7279780655960487,0.5178566847312683,0.6701490578232985,0.3759948789340228,0.5578377168995178,0.08137730986592419,0.6091504499577386,0.5950803709043904,0.5649674671439697,0.7501953960125293,0.766975877956214,0.18387303402442862,0.2400339084174415,0.5848315683057391,0.08034083262897956,0.02738659076219361,0.07847992177530284,0.45451571951805636,0.4820606241402742,0.6016483037504763,0.552172309783059,0.579337344006364,0.4136040206168481,0.5057497389747924,0.4778569167536752,0.5936735444737238,0.08393540661926785,0.05710856991332309,0.08282494738063279,0.3134449029649149,0.4575468188070734,0.46053528397885296,0.5307487031604767,0.17518315683057392,0.2293260826331229,0.6227681598965843,0.13449698370871238,0.4074622217802747,0.14360953114900815,0.7852793052586221,0.6363547788329273,0.7054491373738376,0.6081363297369861,0.7665228707800926,0.019615630023699426,0.38531884021942703,0.5244906279520709,0.376524909262666,0.5798742687150931,0.0425849699199524,0.7661865791610729,0.7551997795787134,0.044162523409403555,0.5680158189562307,0.5110007209267637,0.4362212830839093,0.3319970168547705,0.47595435787798934,0.38299898075871336,0.7316441604932135,0.15161335951871924,0.0,0.4129134390692587,0.6071822784600341,0.4782679527337213,0.12201043272178859,0.574016266428015,0.6653070816553143,1.17860310910025,0.637860297651602,0.49400131755580967,0.4442541391140058,0.36648491025704766,0.6182356104675252,0.730419223056398,0.09738273753293895,0.4111035399990057,0.3972002021909545,0.5712795621405724,0.08591919819685445,0.13630693249805267,0.6699423921510133,0.3975830391620676,0.5940000662921163,0.714361308606374,0.45157220040106744,0.21034751984620223,0.7572752034339315,0.5306869934867996,0.38108565770065805,0.44835131506985537,0.5030183877757337,0.43619719418618147,0.6428280548235801,0.7801056696332389
167,0.25082921493561383,0.025877210427749864,0.3067269013407581,0.30216894545816136,0.23505352259732512,0.4466913273338967,0.34935239231674375,0.02579568769784052,0.11590358640348694,0.04705029914317438,0.26503249970997195,0.23780938530635243,0.7862747725351761,0.07648252374086412,0.18840313893170255,0.1726685891380368,0.21371246623245335,0.22926421551566986,0.1388204975223322,0.08214533717827607,0.5596831153980013,0.11469605893369127,0.8499650474817282,0.07695619748421426,0.20268284194302186,0.4192287823795556,1.1615263594027079,0.462341943021926,0.03154466431329653,0.26530694078456724,0.7527527635525944,0.37401882696100375,0.3180491970367424,0.11652924310976318,0.570676262450488,0.028097407978256186,0.08058992525563903,0.11340017235950216,0.16692284426324597,0.14495413414209712,0.2843215581961914,0.08983955650574252,0.46440516084124694,0.026031811929266315,0.07434557251528863,0.5050087671323688,0.2591452045940436,0.046847536419231346,0.11299625449543411,0.3062797610169211,0.38478172492086365,0.03365141947993839,0.12036393543147883,0.20298264803858201,0.29830140539286376,0.05311214968759851,0.40163093521602955,0.09030654303187002,0.43172400934718835,0.2687087538739455,0.8657271582227084,0.30537078837899206,0.06232686985200285,0.30498078357281366,0.3529547639172011,0.19166685725650076,0.2571158040405045,0.11778057309534462,0.06277261804139941,0.5026330482772337,0.14322031356170975,0.1899903793566351,0.2339547804902302,0.1420963141583387,0.17839799300618173,0.24117948590463878,0.16754696796433485,0.1018779893601153,0.32392464243689834,0.4431150168216246,0.08471193589552363,0.05541575100681151,0.3865987835396676,0.1643731997547192,0.27327129219907514,0.5706231873249475,0.10025872155653892,0.23770506637498137,0.10927502113061206,0.2293059546893386,0.21380408193705555,0.215160625797577,0.1132504101824691,0.08948751222260895,0.5449525265582792,0.48861665755150063,0.3920209731682659,0.09636488838064933,0.33078833755945575,0.34789239132236205,0.27772569979615175,0.2312922405077976,0.31818890767165514,0.20826673461608577,0.09840250087008402,0.3610274532226254,0.11848384129667375,0.2584362186976914,0.08783614246175772,0.16012706541374566,0.4934173668771442,0.23448786025621904,0.1976457929365751,0.15691733373108607,0.39300923117718234,0.37135084273852714,0.2366504085251661,0.19142035830888812,0.20980503488622612,0.49317861582061356,0.39122265035880616,0.49132557715573666,0.04645507880475314,0.10450224564543659,0.19156411276288962,0.19492276968461525,0.22352486783009334,0.0245259616500107,0.11340357811697241,0.0750051624985499,0.181168183098825,0.3363994017136512,0.4695992641575102,0.33381152322710017,0.15417837551169222,0.12332150847710434,0.06746647276222686,0.11809788030958418,0.5866879215764265,0.19970298645983525,0.21752983973880907,0.29527362899617154,0.018015147748554,0.29189844876448073,0.38594471237508077,0.28444500240308923,0.35457752862990766,0.2633164619897579,0.4119947049172177,0.4042838711281261,0.7973355126866538,0.15438459371219282,0.048372586552644245,0.1762060939027826,0.4506610898423906,0.3551688625930162,0.35122177198826626,0.452232063839308,0.1552724025920218,0.12453637779877029,0.03689268963688496,0.7447158056978076,0.08142804819436847,0.09370886988514888,0.3545060574421187,0.5644637547854622,0.4129134390692587,0.0,0.20041509637216393,0.08448073385372647,0.5347299010590165,0.2432814680389135,0.2667737615804041,1.5914090057839871,0.3145967533436086,0.14476758812708196,0.04110673859361276,0.055015661512454635,0.21347219045724988,0.317673237872686,0.3258507930194402,0.02973498897893567,0.034915593563035544,0.18885951871923637,0.4961019821342747,0.28907600391123484,0.3032949004789605,0.036322113392664786,0.20008269941497206,0.31890919637382126,0.05671983294386718,0.6205760784898654,0.4188183347420407,0.1399681714977046,0.04291008303087554,0.14560892623344765,0.150393667445599,0.08859438340045409,0.23010054856726167,0.4009335255804703
168,0.05899898075871327,0.20562865642453473,0.5011326173784784,0.4866890982614893,0.4281690448963356,0.2647280614527917,0.1718130645188021,0.176262723943055,0.15256079815707912,0.20520562985796906,0.07174413729097263,0.053948640182966204,0.9738383963937088,0.1371429672351216,0.06014732594176239,0.3655370572929614,0.3982398117303899,0.03548280548235805,0.333215358226023,0.13225010358143158,0.7471674041664595,0.2997621604600672,1.040094789439666,0.26199967682593345,0.39286962826695826,0.6041107575531581,1.352288561295348,0.6492338951590183,0.17538724539684114,0.4500578895904804,0.9403299938679792,0.5645602761066639,0.5025707585475396,0.11646925703110753,0.7622544208554997,0.2118364076302226,0.2700064800543595,0.29998245744874796,0.07306292779131238,0.10556185883093853,0.4688695702613565,0.1937094996602529,0.6504260511443677,0.2003366810852019,0.26796872669417793,0.6930379108039577,0.06882752448665044,0.19390667727340527,0.09690196224663983,0.11184346774059896,0.5711024710386319,0.20401659788859614,0.08268037256169308,0.39733196605843657,0.48313397636686056,0.15507987371351864,0.5863513565024279,0.11636142461757737,0.6196032831170555,0.453376820961567,1.053059538606871,0.4929398316180248,0.14058904688509916,0.4909256036725831,0.5422582243656673,0.05106962329504958,0.4500429075722169,0.1556383847925885,0.17717465486666995,0.6970724572830176,0.3277425877127563,0.37954417540893953,0.05236359568438318,0.0633555577652928,0.03972167255009198,0.4266248943469397,0.35232024064038187,0.29126900512106596,0.5134320837269427,0.6358362004673592,0.2768770612704884,0.21236222840948643,0.5711435307181093,0.06864750824508196,0.46364886723346427,0.7616206765110458,0.28603976698321165,0.42606921725583774,0.30009758199506126,0.4161523807156233,0.02459215432804652,0.026047274565372286,0.30061061668241107,0.1575066955037372,0.7319448946784005,0.6749394752979001,0.19368135037040712,0.1493821823364656,0.13987792306799912,0.1582151924957324,0.4636306617610501,0.41660441836954537,0.5069063955319112,0.39807696514691987,0.1587656573691973,0.17384772700906537,0.08935343641757403,0.07321317058618798,0.28227243573807986,0.04938561295347952,0.6826771076749698,0.04975128026649432,0.0286473259417624,0.04731080230033643,0.2123291320704685,0.174250567626245,0.423334965776695,0.3841128540413332,0.050681391802979765,0.6847244733920019,0.579819536286647,0.6829411906064075,0.1556067303070982,0.12702272990934557,0.016248868890767126,0.07569799797809038,0.06456528116143782,0.193647334228277,0.10152672400934717,0.12954419198196854,0.031166998127247707,0.5232580254893187,0.6609005701121993,0.5249244932796368,0.3485263179701354,0.20934606141964568,0.14667805233762582,0.09504195462304645,0.777917980079219,0.39304062049420774,0.02016979896915758,0.4860955600855167,0.19976485357728832,0.4827561113044632,0.19061380699050376,0.11688994680057672,0.17643315268731663,0.11495973582591686,0.23108528480750432,0.5929523193954157,0.9868673329024344,0.09716277200483929,0.2337668672003182,0.02833437743416373,0.6355425346790634,0.15929865427004095,0.1551715142776645,0.6399023019937352,0.05814257776893881,0.0974476540877376,0.17725268068744926,0.9389156681416663,0.1316682328179121,0.2873566847312683,0.1655230033643249,0.7565762607931851,0.6071822784600341,0.20041509637216393,0.0,0.12894122375246525,0.72891131772154,0.12555638973135122,0.07546776545849278,1.7843839059314872,0.1590760702033511,0.1478422910555362,0.16830025356734454,0.2408284608627919,0.024198727191368733,0.12323694459636383,0.5105825502577107,0.19616385753824225,0.2110112779462703,0.038306219857803386,0.6842755597540563,0.4825778932365469,0.11686435804371963,0.21591939707320307,0.0322018677803742,0.12606078158405004,0.15572540976814334,0.8129476375147086,0.2464716021147185,0.07740138219062291,0.23240106730307095,0.26873212184490963,0.16208143986476412,0.18412292215648254,0.05716568885795253,0.2088509007441289
169,0.18620225724655698,0.07819029151958107,0.37222439052685674,0.36092396294270696,0.29927102703061037,0.37061427932183166,0.2722301662274813,0.0600027179767646,0.03897524818111005,0.08141296673793066,0.18705281824359035,0.16706459338073223,0.8449522448167852,0.01128487379638376,0.11422814431793704,0.2366281840932067,0.2725353336979399,0.16374702099802782,0.20429594457979094,0.03087350635575665,0.6182423391173206,0.17625128855300876,0.9111684151212315,0.13614106962329503,0.26393952501698736,0.4769657849815211,1.2233754951192426,0.5203978769949783,0.05510451780771971,0.32519149306418726,0.8115226470441999,0.43563900628117785,0.3766551898440478,0.04161040123303333,0.6333280465370658,0.08294414060557849,0.15076022970218259,0.17771910373058877,0.08725965793268033,0.06881188783373937,0.3433687416099039,0.06481993403934441,0.522224680554865,0.08429946634846452,0.14325188518205476,0.5641348547374004,0.19157592104608964,0.06497413778816355,0.03279519050696896,0.2407628813868311,0.44255366346807207,0.07710619997016852,0.054272717479573705,0.26842977178939,0.3561908798621124,0.03441596645618921,0.45958761331808634,0.012831676030428056,0.4906624571172872,0.3269143920184292,0.9243393493428794,0.3640052039311225,0.029745620577072855,0.3626074429473474,0.41333768375345975,0.11377942126982542,0.32111653325378275,0.04373590878204807,0.04835186197981403,0.5681675284641776,0.20249665224813143,0.2506507316992327,0.1602634200102753,0.06576951059845208,0.11287234624372297,0.3017492500704354,0.2259948209284211,0.16235219344039512,0.3845108139014568,0.506924907605363,0.14795431644541668,0.08351122822718311,0.4454683538010242,0.0834159913157328,0.33475164487313336,0.6326943021926115,0.16078387112812612,0.29714980360960574,0.17117672649530158,0.2874061883690482,0.13405549478778234,0.13472414193142082,0.17168555163327204,0.03150274283630818,0.603120941679511,0.546584505875139,0.3192479076550821,0.02499053680041098,0.25993311954125853,0.2818143489285536,0.33574464276835897,0.2897393808316346,0.3779887054807007,0.26915508211935896,0.031303957639337694,0.2839296226321284,0.039832123502212526,0.19188619300949628,0.15336609821177014,0.08222531032996898,0.5537570808266628,0.1564758945292431,0.1174381991746632,0.08670460233016788,0.31701748454565043,0.29417482059696043,0.29471598800112697,0.2552023732577603,0.13169003463763065,0.5558067667677623,0.4508995094383401,0.5540324168448268,0.04123122690134079,0.03445396841180667,0.1233875768574222,0.1155171945176419,0.14534196788146966,0.0693935100018231,0.03692098808399212,0.03456521486932167,0.1156035731450637,0.39440211969041583,0.5319875039360944,0.3960180894612107,0.21961321864797234,0.0804980278095428,0.019255829562969246,0.05778264472397616,0.6489992956462651,0.2641142461757735,0.14478135202771006,0.3571790301463398,0.07314972074446045,0.35384452012794376,0.31310643199257543,0.2080162249954424,0.27824427816171965,0.18687820480949302,0.33591764033212346,0.46402800013258405,0.8579473060541274,0.07611597805730952,0.11239205986178095,0.10167721539965867,0.5084092295198793,0.2879237143472712,0.2790780341072937,0.510988175143771,0.08975295414242859,0.04704924675582956,0.06439036112630303,0.8099999668539418,0.023565438605213845,0.15843954159001641,0.2802187971295514,0.6276498864747511,0.4782679527337213,0.08448073385372647,0.12894122375246525,0.0,0.5999971411524885,0.16859859294983348,0.19894612108255022,1.6554575316130529,0.23963493760254564,0.06972645386897366,0.05406757652596164,0.11291771491075421,0.14100802963257592,0.252156358242596,0.38388158570741987,0.06766698984073319,0.09167225177745737,0.10950855168299109,0.5553661230713137,0.3536552975687367,0.22734471900429243,0.08701095477220369,0.12153877260146839,0.24844284790931237,0.029739223387858598,0.68405334858052,0.34235357728832094,0.06524946551981302,0.10348660899252557,0.13982896634017802,0.07405630686620597,0.05521123154178893,0.1659012578929051,0.32516947579509103
170,0.7853529640862461,0.5232844180380848,0.22818306567891414,0.24293799201180005,0.3007672483799864,0.8758973715175925,0.7920785644442236,0.5574744941082881,0.5763631316395699,0.5237396791461575,0.7719513995923035,0.7388190059497173,0.3145037372180512,0.5918364656358244,0.6698287426042858,0.3633870548070071,0.33138827292464246,0.7637350138384791,0.3961629211621009,0.5967084638459371,0.11983746830408191,0.43133750973665447,0.36750888314357216,0.46696737599231014,0.33609793831518586,0.125502676544192,0.6483313528563616,0.07975049304761427,0.5535637978753377,0.2815362700740815,0.28221156300236994,0.16439467840037125,0.2279107210924941,0.6124601750111867,0.1086707850643862,0.5171180662589702,0.46548060126949403,0.43574967268267617,0.6558826132352211,0.6234218498815027,0.2623629824823083,0.538378536270074,0.08334371633603473,0.5314614594209384,0.46131555047315986,0.0793411309435024,0.7702152670743633,0.5350924940751423,0.6321041200550225,0.8407505593397303,0.1579124115414574,0.5249449692570312,0.6542615223984488,0.3318209864266892,0.24645653723130972,0.5750091234524936,0.14362186148262324,0.6128135037040721,0.11152709690250089,0.27627083644077627,0.382184416380782,0.23602103946038222,0.5886441522066989,0.23813717496146772,0.18666683239695717,0.680493180198545,0.27889255705265253,0.5733003115729461,0.5517680355988664,0.05492169243772687,0.40194104973566036,0.3493825386565903,0.7307427534430468,0.6655769237143473,0.7128640845887405,0.30460217272410883,0.37690419131904734,0.43766102355027425,0.21550578398713938,0.0930941265185038,0.45205258622118366,0.5165602761066641,0.15995630520890305,0.6603068993519946,0.26526276537562776,0.11441213808647804,0.44290966870514936,0.30285104990139045,0.42883672251777466,0.3128290409188088,0.7272040471336947,0.7196954954507035,0.4283451664760769,0.5714323323223784,0.09450343890352837,0.08636515354911414,0.9192355856079816,0.5795492384693152,0.8225311821541622,0.8639440743134621,0.26541720114685363,0.3124286282503853,0.22202920167719054,0.3308706972273322,0.5701717960191586,0.8263586569217256,0.6395858731500356,0.7918738709623959,0.4549366661694758,0.6795813238535608,0.07608072722451481,0.722180670876216,0.7168051840434878,0.6866922802830674,0.8050972753940239,0.8887006910953114,0.3056021561510798,0.3448087555312484,0.6967629145328891,0.05919423590049551,0.1491073932282604,0.05858763817762973,0.5762650441671225,0.6018969240458077,0.723373116889574,0.6532399194550791,0.6687494240872404,0.535350163244336,0.6274653043636784,0.5995817298927727,0.7154026666003747,0.205659822005668,0.06801489086660371,0.20403177049669363,0.3814464856891894,0.5195695321433899,0.5822692288569583,0.6524735162995741,0.146127479739472,0.33589156267090936,0.7444972323041482,0.242834336001591,0.5291870349193722,0.24616332720131262,0.9070402973201415,0.6893665539700691,0.7515243374931636,0.6551373655513019,0.8171372081075258,0.1359857471950148,0.320118977775568,0.6317549594789439,0.49825056762624503,0.701606158537596,0.09556175939276432,0.8879113923001709,0.8769261008634547,0.0900667064419364,0.6897406320953282,0.6315012512636935,0.5579572830176172,0.21896432655496437,0.5972821972521918,0.4415595883259583,0.8316428429374036,0.09309274267057786,0.12201043272178859,0.5347299010590165,0.72891131772154,0.5999971411524885,0.0,0.6165325577155735,0.7852335222658645,1.0630380102421315,0.6649077710933228,0.581100979466017,0.5659789522531034,0.4882133363164785,0.7399638542236362,0.8521440361954956,0.21905269394587254,0.5328283531381032,0.5189250153300518,0.6918905848621955,0.08279149472149025,0.24636232784766074,0.7505809923929798,0.5130033560383831,0.7157258406668988,0.8335828817182916,0.5733013556737765,0.1564894761265516,0.7925904473060543,0.6515453520940023,0.49652047597739435,0.4709656026782014,0.5679083677223685,0.5447883955650575,0.7645528679626776,0.8898927642155156
171,0.17669269460879372,0.2195617842523078,0.4731196572697592,0.4866563499560815,0.3652544457150433,0.2651215548815858,0.18347827275891213,0.2268369793997249,0.13138770944165468,0.20253182021578087,0.16334338487545366,0.13073812956794115,0.9177305391206352,0.17735187026632862,0.07687695354579956,0.3378414209715109,0.4046433318417607,0.15520081539302943,0.3335031820215781,0.17808500306601038,0.7030177497141153,0.32627052155322434,0.974698462022904,0.28863545136644625,0.3573479424584431,0.5836725003728932,1.2640202605280164,0.6169294320422942,0.22010566963323885,0.45805803874774176,0.8848920018561793,0.5242130877210428,0.49801042443527405,0.1417021743814117,0.6951423706060754,0.23363966920234008,0.3115350436699316,0.32966793450338916,0.10024703757105688,0.1069412651850379,0.4711377715905136,0.15515859560151812,0.6227606274548798,0.23722479656606843,0.2918553837484878,0.6498655181557533,0.16159961219112015,0.20631009794660168,0.1495232188137026,0.23213598170337593,0.5454533386367026,0.2128118215416232,0.1520262185319611,0.361520832297519,0.4747563764729281,0.20174726959346373,0.5681265102172725,0.1658229834766901,0.588873937254512,0.4539473474867003,0.9903982581746466,0.4815320025191005,0.1977858516050979,0.4838858615489154,0.5199633238867066,0.08387895059580042,0.3725226138981422,0.12952030196058936,0.1872897379804107,0.6039491042277798,0.3444596198147136,0.35706914267720724,0.12212817580669222,0.13139584679891944,0.138007888761829,0.43501001839606235,0.36453404928818844,0.2812233795720844,0.47984357546528783,0.5574656938298611,0.274322477999304,0.19384445383582757,0.5677484794245844,0.10278052337625754,0.4296089096604186,0.7010760536303218,0.30893842291055545,0.40874388869553685,0.258538341702713,0.4005499511095643,0.11922648701503176,0.11374891032333981,0.2998872536833558,0.15965416231624657,0.6847293955816306,0.6435267571554055,0.310621007971627,0.15257689885480372,0.21392049917963507,0.2553304744858218,0.4406537645635494,0.42466328576873996,0.5003010987918263,0.362784815790782,0.14841364623212183,0.21774515653225943,0.14076983377251856,0.18521075092394634,0.22231191269328293,0.12386001591010791,0.6424716518338056,0.11360386317307208,0.11038817348646818,0.13461521569797313,0.1887210842075606,0.28008611345895684,0.42239961716302904,0.346570700541938,0.09082685327897383,0.6214255788130394,0.5584099670196722,0.6178886209582524,0.20453269858632062,0.15250677836888246,0.12564769883491606,0.06864387046520495,0.06244658512736373,0.23258841710999512,0.14336485523459125,0.18675670793350901,0.12861312749631254,0.5103239364258606,0.5966205522133283,0.5014290757221695,0.2629829214935614,0.12117958534281309,0.18532647209930572,0.18702790069440994,0.7261666418071231,0.3578637697011883,0.13740982614892525,0.44475084108122437,0.23512107426374323,0.43462231724092215,0.2983988382306634,0.07463122524403788,0.1362546280183629,0.04401218946286815,0.20072157311191768,0.563000364606639,0.925178143489286,0.10695814481512789,0.2698625764430965,0.10957181922139908,0.6138553174563716,0.2792968146638162,0.2683115232271002,0.606017633702912,0.1486507731318053,0.14488594441406055,0.2325159101078905,0.8304568604053764,0.17581072772170572,0.19183944049453913,0.22303032035665155,0.6814747012711513,0.574016266428015,0.2432814680389135,0.12555638973135122,0.16859859294983348,0.6165325577155735,0.0,0.17661937552826532,1.6790372478827955,0.07252461923465753,0.09904360363943719,0.21645168133379739,0.2667261058353635,0.13136579989724723,0.24352945855914088,0.5047322212830841,0.22723038167685905,0.25281407547357426,0.09283233066507567,0.6449089477783855,0.4453432191451632,0.14196820464376278,0.21962330333615077,0.10715065712060194,0.2249688012728087,0.19784518304910592,0.7459265400487248,0.18555880939359296,0.12839972488771775,0.22154911417159717,0.15026529276255823,0.09619973814614098,0.16032589204328876,0.15876467127396876,0.28127883292729416
172,0.047326306369015074,0.26195152389002135,0.557979954921361,0.5594148063441555,0.48448753708215253,0.20321462072623012,0.11280279752730407,0.24879489219244602,0.20887423556903492,0.26374805681234353,0.025578829612688307,0.04641451631614711,1.036984545650408,0.20571368435008863,0.11640918808730671,0.4218464674588575,0.4711906644127348,0.07074702099802786,0.39131873249473814,0.18916671638575386,0.8107985133992939,0.3748020600275112,1.0996140638724543,0.33492265367341173,0.4518805747526474,0.6738747824789937,1.410187208936177,0.7149205571852366,0.24336357082483964,0.5241000430898755,1.0036709425081622,0.6231412850726726,0.5749088069076385,0.17287941464061385,0.819294436434147,0.2728665622565836,0.3443585657700657,0.3754076633686338,0.13173671257395717,0.16188209118480587,0.5419970914334012,0.25003593032698584,0.7177900362949335,0.26388333416198484,0.3330782164106134,0.7559427899037107,0.016298057640995067,0.2583493843119707,0.16684268880823347,0.055517037073866,0.6377650358806078,0.26030598783539666,0.15455041515437778,0.45365839672516944,0.5536368269278575,0.23039831618024828,0.6567428694542502,0.19128993685675927,0.6831895291602444,0.5251202290392615,1.1160217438141173,0.5592379058320488,0.21510384660004303,0.5598883392167586,0.6056486932166593,0.10544274018462355,0.5063578697028457,0.21197359916471925,0.23792835479540594,0.7533957722202889,0.40112931105918237,0.4406397106349128,0.054500911516597875,0.13387880972505345,0.10419802283763406,0.5002988282868459,0.4247236696000929,0.3521413182187308,0.5739897081489583,0.6921444339481926,0.33332154162316247,0.26867931188783367,0.6438473292563683,0.1299339481927112,0.523094225956678,0.8195930244120718,0.3588761331808614,0.4900356320124629,0.3581086113458957,0.48228086312335305,0.06772958617146455,0.07273993602810784,0.3663260992061519,0.21910139379174332,0.7963982250285884,0.7420250667064419,0.13595050464873462,0.20725079964865176,0.07073300021544938,0.08296418568421751,0.5312566996469944,0.48848067584812466,0.5700949385969274,0.45807392399608865,0.2156302142892656,0.11105662175375793,0.1619534049288188,0.04383491605760782,0.3385988664048128,0.11711395614776499,0.7437183662307962,0.06440282404415053,0.08234678234640942,0.11949182121016257,0.15131879878685425,0.11564282636437455,0.4919267306385589,0.4404516647607683,0.08965032566002086,0.7418462105769069,0.644445756475911,0.7399955087091268,0.2229447455211389,0.18599320505808847,0.08332531198727187,0.132821690780424,0.1165363197931686,0.2677127396874327,0.16282413530220913,0.19742671406552975,0.09517076849135712,0.5902999966853941,0.7182747145295745,0.5844288188402195,0.40485274863686843,0.265667255009198,0.21494864846948075,0.16206382273488124,0.8357970218266793,0.44935336183894337,0.05540005634829877,0.5441433649878188,0.27046303385869835,0.5406982465735263,0.12539631084373298,0.10263545965296075,0.11722187142644061,0.1374604981852533,0.17003386698486886,0.6563165531414178,1.047393369131076,0.15402505841992736,0.3089647574537198,0.10086581647027627,0.7053185584779332,0.10268425065049139,0.09320838098079187,0.7041896037388753,0.12576631200384492,0.1577143224117072,0.2519410497356601,0.9952363479673182,0.1914056746051476,0.3436739339399062,0.1010668555991979,0.8130959661247286,0.6653070816553143,0.2667737615804041,0.07546776545849278,0.19894612108255022,0.7852335222658645,0.17661937552826532,0.0,1.8407059944646087,0.13176430666732958,0.20415594391686964,0.2437042294370142,0.31124453504366983,0.05889851505659688,0.0669105139296309,0.5817354944563217,0.26611535656872,0.2863550440013921,0.09840618008253367,0.7472465486666997,0.5388939657601219,0.057751636586618915,0.2722301662274815,0.07873290906378952,0.053795488821491884,0.22779189247418755,0.870144897993006,0.18729318517045362,0.13551607583818093,0.2912770927592435,0.32505855251164256,0.21839050199704999,0.24146630703193622,0.07193108934519958,0.14305752498384125
173,1.8409039924426986,1.5790529674008522,1.2855166227481396,1.2983920184292084,1.3563878005933145,1.9385723495583287,1.8489371385008038,1.6129276918742443,1.6344931553390014,1.579198826629543,1.8274097515702954,1.794946344818443,0.8106210991232867,1.64729561311921,1.728876232619036,1.4189729859626448,1.3868470392283598,1.8191938464343125,1.4529132899119974,1.6535665075655883,1.0372317323787268,1.4867966572200404,0.7442940552544789,1.5224512172889841,1.391544606307695,1.180957266444588,0.4321341918162382,1.1352430186115114,1.6090229453587228,1.3369778832927295,0.8442438058303916,1.2198551020069937,1.2833657750377039,1.667946767430683,1.0221336946253665,1.5725772137423555,1.5209576973433434,1.4912073948855638,1.7113417607186068,1.6797902766038546,1.317822129965694,1.6005365186695173,1.1339623792240505,1.5875699381826014,1.5174667545037206,1.091437080495202,1.8268074628349817,1.5905427086958681,1.6875583453487795,1.8962097068231156,1.2133715590248428,1.580603755448383,1.7097195429158594,1.3897454217007241,1.3019333847097234,1.630479872056216,1.1990975654220326,1.6682892076434812,1.164834617743085,1.3317154990967697,0.7314967931188784,1.2914801869437678,1.6441032996900844,1.293596322444853,1.242154502063342,1.7359523276819304,1.3343589469497341,1.628881105089577,1.6072271830822518,1.0974656938298613,1.457395159018214,1.4048582425959995,1.7862935497770924,1.7210884916886262,1.7683191716800077,1.3600519067269927,1.4323680289696548,1.4931216294602163,1.270959048045211,1.1485691343906925,1.5075470508294804,1.5726797593596187,1.2154154526922887,1.715764720993056,1.3207597988034272,1.0227699083511497,1.4983780805117752,1.3583280631100942,1.484297610169211,1.3682857853129813,1.7826631946170801,1.775154642934089,1.4838160476640316,1.6268852483468401,1.0524542750128438,1.1095094963456473,1.9746947330913673,1.6350093803344434,1.879919049039593,1.9199563963605628,1.321003397470956,1.3678877757337706,1.2774828800609888,1.3863272758912146,1.6256216626062745,1.8818353552428777,1.695079641691112,1.847333018445781,1.5175580801803146,1.7350605247020994,1.1017336631366117,1.7776741742488278,1.772275103995757,1.742151427766453,1.8677419579376524,1.944165257959197,1.3610537960523046,1.4002901605926514,1.7522220620162747,1.0996956611809936,1.2045870084025259,1.1015048144649398,1.632024262914533,1.657401730224233,1.7788322643729586,1.7086984040173026,1.7242264538689733,1.590843616897861,1.6829347105520478,1.6550408773761578,1.7708684764414395,1.2611298911151991,1.1235044830043583,1.25953568173155,1.4430375876298918,1.5789266726329574,1.6377441372909725,1.7079326637829595,1.0064709309070419,1.3917178690399241,1.799952120519067,1.2982940801140224,1.584648088301099,1.3016390311407213,1.9625369495682727,1.7521816238253867,1.8131558444786953,1.7175998276404976,1.8793767795289948,1.1914379505792272,0.7975233016788478,1.6872293044299709,1.553739198528315,1.7570978554500405,1.1497107426374313,1.943375097366546,1.932383740201197,1.1445317373506354,1.7451997795787135,1.6869533054906447,1.613459188915958,0.8518960539617825,1.6527369363098494,1.5009857389085,1.8883028058138183,1.0278128159233662,1.17860310910025,1.5914090057839871,1.7843839059314872,1.6554575316130529,1.0630380102421315,1.6790372478827955,1.8407059944646087,0.0,1.725588665705431,1.6394536949568272,1.6214380997364888,1.5436688708795305,1.7954195710900083,1.9076031836788812,1.2745131341255242,1.5882875006214883,1.5743841628134378,1.7473497323455809,1.100145900661264,1.302457200152472,1.807472944530072,1.5689149637879318,1.7711981471353522,1.8890462884701436,1.6287561610235504,0.9721397272079418,1.8538766386582475,1.7069946883441889,1.551990594806013,1.5302676875652559,1.6301202953313776,1.6002753691642222,1.8200194898821662,1.9453519116989015
174,0.15257916935978394,0.29079674008518536,0.5390703027892407,0.5532747725351762,0.4309565455178243,0.21817798604550948,0.13652845589088317,0.29806631697575364,0.20203082583403764,0.27364259434196786,0.11844201097134524,0.12507331908052832,0.9732219791511294,0.2482940966870515,0.1409685029582857,0.4069726793616069,0.47253318749067774,0.17133555411922644,0.40380393277979426,0.24797770927592439,0.762548749564958,0.39619927410132755,1.0287235535888894,0.35904276670147006,0.4250463630487743,0.6468967003099155,1.3132065579475958,0.6787528132716817,0.2913217322129965,0.5255674107956712,0.9405746283498233,0.5884582359667876,0.563839440494539,0.21047916770248098,0.7531788146969622,0.30484722981819384,0.3824792588541408,0.3996690946154229,0.1643800195561743,0.17653890518570087,0.5380430401564494,0.22688717910472497,0.6849106133678051,0.30844375942591024,0.3624218664545319,0.7097777473938911,0.11832912378395398,0.2775454183861184,0.21843072473856046,0.1851924625863869,0.6089364921526708,0.2840253650209649,0.22128624935779512,0.4297712507665026,0.540912577271748,0.27294709060475,0.631729934205075,0.2367949087654751,0.6527721291370422,0.5211823033195777,1.043788171829165,0.5477701072274981,0.26855696150085345,0.5502150516249854,0.5846665175094051,0.14116075838180944,0.4389904042161785,0.20052873763237705,0.25852006993818255,0.6637058618803763,0.41376106664014983,0.4243226603026236,0.11875263096836208,0.19815011849715775,0.19291681996718543,0.5026898937668839,0.43332920664909935,0.3510988829778417,0.5446370258042064,0.616458666865543,0.34453111586204616,0.2648965760121977,0.6336725915245529,0.16674023434263086,0.49484601998707306,0.7595626377633038,0.3787353867316329,0.47543314440080203,0.32618747410464216,0.4671404481347056,0.14005583453487794,0.13489823331510298,0.36949153946866875,0.23087846169144333,0.7424591889159581,0.7047547854621388,0.263677488854638,0.22359655446725998,0.16697328427716734,0.20838597756011865,0.5054985581464723,0.49276779528994524,0.5684230431395947,0.42872377732478156,0.21955531248446275,0.17080056016838197,0.2106796267753857,0.15181952800013257,0.2942996155057259,0.18752860504814464,0.7039730356817318,0.11561851373075449,0.14785312981653656,0.19288368219559487,0.14262320389797642,0.23314259434196782,0.490213435754653,0.4150041681168068,0.12801722766370008,0.6816263113409237,0.6228584000397754,0.67806043355044,0.27556087273570984,0.222000472331328,0.17409067932846084,0.1309833192462586,0.10693073302507498,0.30381493727108494,0.21296769916637664,0.2574180380848208,0.1838374434445384,0.5764357380798488,0.6554440328808897,0.566974179220736,0.33102287906660705,0.19219988730340246,0.2563774673097003,0.24903971726412433,0.7856255158355291,0.4260152803327865,0.15138128739289677,0.510387842025887,0.30632420988083986,0.4999934867995825,0.25147235618754044,0.052722575780175314,0.08761717960191583,0.06556753509338899,0.15391673710204015,0.626316544854903,0.9799279570427087,0.17400186446576843,0.3407009396907472,0.16725253981670227,0.6765581961915182,0.23235329554682707,0.2213680041101112,0.6679205986178094,0.20965887734301203,0.2124972074446046,0.30368926399177976,0.8814345033891844,0.24620770148660073,0.25973846102852216,0.17608474618406006,0.7388270770148659,0.637860297651602,0.3145967533436086,0.1590760702033511,0.23963493760254564,0.6649077710933228,0.07252461923465753,0.13176430666732958,1.725588665705431,0.0,0.17024748504284123,0.28768108520194235,0.3375990569946469,0.14349351165912594,0.19658593944215183,0.5708239032798025,0.29843910240474647,0.3239233746001757,0.14923343111420473,0.706173536187209,0.5113836241899932,0.09811399758033779,0.2907971875569697,0.14063246822121678,0.17802478496494806,0.2689674920035135,0.8020443079931718,0.12986859245264257,0.19448353469563634,0.2924434279653292,0.1959845456504085,0.1666350287542054,0.23141979482590033,0.17936960340741476,0.23433466746217205
175,0.20428080511775137,0.12059819519713616,0.3890254893186828,0.39991447488357446,0.28729211621007983,0.3131953877260147,0.21531814415220668,0.1278282122673561,0.03442758414955504,0.10832772336299903,0.19087390410845392,0.15775002900280083,0.8532962594673432,0.07878585160509788,0.08948927725020303,0.24575244037852806,0.3150671539137208,0.18265712060193248,0.23807539899567454,0.0805986841014932,0.6315329720412999,0.23099897247219872,0.9130710900081208,0.19220904390195398,0.2720051624985499,0.5044706408790335,1.21459725053448,0.5408239944314621,0.1216698321152157,0.36898578034107293,0.8201305871824192,0.44426439781898935,0.4130917317158057,0.04819770795008205,0.6293339713949518,0.13501049072739024,0.2137422562521752,0.23419853660153467,0.07487828767463832,0.04367331245131674,0.38363764729279576,0.06670197550506309,0.5456046089593797,0.1409992376406636,0.19505545335520974,0.5775200202190953,0.18913951175856414,0.10749916306203289,0.07050971179502478,0.2596729809907357,0.46621180331129125,0.11599962710684626,0.07611253086726662,0.2723269941497207,0.38966671638575384,0.10283179204163151,0.48820796665506555,0.06746467458857458,0.5092831253418187,0.36595354579956596,0.929770488407166,0.3960106813172244,0.09918360430235836,0.39797505759127594,0.437794560731865,0.09941644707403174,0.305804040504483,0.03076528447604366,0.08831913853394986,0.549242695437445,0.25133671423126014,0.2709089974974727,0.14966517509405197,0.08464147566250683,0.13178639022854205,0.34567055304197963,0.27255526276537567,0.18747817332073777,0.3987307462834982,0.49471099123286755,0.17867505261936723,0.09594168779727871,0.4825902235701619,0.07923235386731636,0.3479471486103515,0.6332576111635926,0.21450739157095752,0.3230097532275974,0.17473852732063838,0.3152245396841181,0.14612797693034357,0.13861791710170865,0.2066048658413298,0.06064191484777676,0.6161258224365667,0.5682008485390873,0.3381580072589866,0.05367229321003,0.24145128358110007,0.28286649596446745,0.3595856494141433,0.33431898109017383,0.41017734798389105,0.28075486832728413,0.049423457465320945,0.2452789240789539,0.060129932547771714,0.21081442350718438,0.1399800212134772,0.09853480336101024,0.5669448283862842,0.14110632426788636,0.13573721805134326,0.1056147019340725,0.25780832463249304,0.3076231127463165,0.3331005402807471,0.2568150367092594,0.11568533618389434,0.5523413215333366,0.47668274250484766,0.549436873332339,0.10561420474320089,0.05645478877674471,0.142301206516515,0.07219701188286184,0.09121219277747394,0.13395976897197498,0.05430719766651751,0.09610914996933995,0.1343291154974395,0.425278940651983,0.5295142859510433,0.4176291619019207,0.20069680471999868,0.06165823099487894,0.08638988050846058,0.10267627073700261,0.6543835827574207,0.26837065579475966,0.16341923962942703,0.3631470027676959,0.13690098443792575,0.35545541026533417,0.3259675417226007,0.1453743267206947,0.21570417143141254,0.12116374981355336,0.27536268416778537,0.48414176569051537,0.862110707834071,0.05074640779595291,0.17301063988465176,0.12053378411972356,0.5354648237458363,0.3068338139511758,0.2958470143688162,0.5298506107161207,0.10950733356535575,0.057328709458227683,0.13349343708049516,0.7910974576973433,0.07872703392499049,0.13990183794892197,0.25056541374567026,0.618602462752117,0.49400131755580967,0.14476758812708196,0.1478422910555362,0.06972645386897366,0.581100979466017,0.09904360363943719,0.20415594391686964,1.6394536949568272,0.17024748504284123,0.0,0.12128921592999552,0.169310968030627,0.1588850991895789,0.2710664578465006,0.4193549859957905,0.1286212731400918,0.1558961782595005,0.11081338769286864,0.570178905848622,0.3607015114602496,0.17689884651717797,0.12107248214256122,0.13464874293574636,0.25250530336929683,0.09882912378395405,0.6823339548219228,0.27588889441323194,0.07061926780357645,0.12442466729644175,0.12090260859477286,0.029914135136478903,0.06319692073120202,0.18347727837716904,0.3088151858665208
176,0.22216827425048474,0.042899095112613736,0.3382013623029881,0.32304951192429426,0.2652194434776844,0.41921298828286846,0.3209367158885629,0.0222246391222924,0.09207969969671356,0.04247512388339219,0.23458359435854093,0.21372601468370372,0.8109015893534861,0.049149845042178356,0.16251576095062897,0.20259189744609618,0.23459106050812903,0.19777197169326638,0.17028721887999476,0.06989023682858513,0.5842090853345268,0.13464144251644877,0.8771467293127166,0.09902458608859935,0.22989349342879403,0.4404808332919008,1.189357306219858,0.4863002204212864,0.01695381096803063,0.2844602164437594,0.7774018545219509,0.4016270156946584,0.33808389267306377,0.09483646563582426,0.5993092278625766,0.04886088599413313,0.10496675450372056,0.1320113773844446,0.1368617146455858,0.12159822005667978,0.30363948689902054,0.0770384908599745,0.487475720512438,0.03987813851737681,0.10469470823182354,0.5300766088267952,0.2369884320257214,0.03751966389897081,0.07937066408127415,0.2755459487230481,0.4080665407116459,0.0410536883276156,0.09258958550854339,0.2344038267124083,0.31953524254628013,0.0262386599048707,0.4223728020020218,0.05686360397089771,0.4566034819934039,0.28972740681814413,0.8899413066176104,0.32995791279272113,0.03945553456305209,0.3278417772916356,0.37932073783125336,0.1622667429026003,0.2870964716021147,0.09708148129733668,0.048405981206185056,0.5341412022075274,0.16404294071827508,0.21660029168531128,0.20764031555047313,0.11062800178988715,0.14716679096438456,0.2613875519978786,0.18907476093405584,0.1283243590381014,0.3505012429771789,0.47288620129601094,0.11393397305225478,0.05910985432307463,0.406023807156234,0.1319231674373125,0.30071630288867907,0.5986737102040142,0.12307082483965594,0.2631410779098095,0.1371422297353287,0.25315231442350716,0.18152312766204287,0.18270167719054012,0.13763378577702642,0.06109831949485406,0.5689838247236446,0.5120112696597557,0.3618126750526194,0.07556221515106318,0.30683029218250213,0.32645159018213765,0.3006418817017187,0.253550324002718,0.3439552196755,0.2351108238452742,0.07636329736986028,0.3323182353038665,0.0832784600341405,0.2297831999204495,0.11934429639205155,0.12945407613649546,0.5197388422081904,0.20475711397272076,0.16406697161040118,0.1248726942773331,0.36566942607600383,0.3407952899451434,0.2603871873912395,0.22118159896584294,0.17991290044581446,0.5217907986542701,0.4168723048111504,0.5200107144632825,0.0387676875652563,0.0856602611909379,0.1613117635360215,0.16482579260511443,0.19404178889275592,0.030650217935332118,0.0841109232834485,0.046348149621306255,0.15490368584166123,0.3603191302474353,0.49797214902467724,0.3619932382041464,0.1855981786241071,0.10727378643994764,0.04196619102073276,0.09015037537910806,0.6149675500091152,0.23009879182618212,0.18833299358623776,0.3231446162515123,0.03679387295115929,0.3198192876912113,0.35867109995193835,0.25690242629145327,0.32696736770579554,0.23565746034902793,0.3845800228707801,0.43000149157261475,0.8239243109763175,0.12504417540893947,0.06773009164885066,0.1432569482424303,0.471762757089113,0.32640384328543737,0.3233539004623875,0.47690636238585327,0.12405943088218233,0.09701917499461378,0.03364945557599559,0.7759817779545567,0.05707448747907655,0.12441936392714498,0.3281259467342847,0.5936254826894711,0.4442541391140058,0.04110673859361276,0.16830025356734454,0.05406757652596164,0.5659789522531034,0.21645168133379739,0.2437042294370142,1.6214380997364888,0.28768108520194235,0.12128921592999552,0.0,0.07776922885695818,0.18483837982067983,0.28647514874293584,0.34692663948689895,0.034685907953396655,0.04706890236828582,0.1575223487296773,0.5213248976615454,0.31963939574736083,0.27569577719219734,0.053086270902732886,0.1686228724373954,0.2940962975853096,0.030494033709541072,0.6500112613732408,0.3910585193655844,0.11464174083097162,0.06945847627570892,0.135690274946552,0.12298823314937271,0.07332849400885001,0.2045767165514841,0.37288253865659016
177,0.2983117055304197,0.060444621223421,0.26043574636636335,0.24832733389681633,0.18745021462072614,0.477357496809692,0.3781126965975571,0.07070180148825803,0.14535689189413145,0.06528543727937157,0.29773933939906194,0.2786292861996387,0.7331359734168614,0.105574321748786,0.22407129717098395,0.12482628150947146,0.16001417822635441,0.27553670925935136,0.09251799002303655,0.12638021014600836,0.5064398564775683,0.06507006248031956,0.7993775004557584,0.024768391918990943,0.15212426457183575,0.36427843517459685,1.1115916902832332,0.4085346044846616,0.06835221829993866,0.21288543893667447,0.6996326256649927,0.3238577868377002,0.2639380583039162,0.14999366910290196,0.5215399990056182,0.04155626543363329,0.045563192959777156,0.06734152040968529,0.1953999486236099,0.17769395415900166,0.230803568173155,0.11801692106266261,0.40990599777921394,0.05352154493776828,0.03535985846633188,0.45230840749763834,0.30372156482540313,0.06426353602147863,0.144551268665374,0.3525408359435855,0.3303131059513747,0.06043184341802145,0.16609961219112016,0.15663459785545,0.24352156151079732,0.08691806294436427,0.3468572896468286,0.12473215499096761,0.3788342531364458,0.21419008435671785,0.8122710850362119,0.25219229685609634,0.10058138185916242,0.250147508245082,0.3015515089742953,0.22248660899252556,0.20932724274515652,0.14300551881867443,0.08408999154775516,0.4563755862709027,0.09023489782727584,0.1388346757486865,0.2710779015230613,0.178395241883359,0.22465416231624658,0.18974434445383584,0.11351184971577251,0.05055513018114321,0.2727320141202206,0.3951192097979747,0.036164744195296555,0.07368067087621603,0.33279580370904394,0.19167400023202236,0.22295068695205422,0.5209044813470558,0.053311606092245424,0.18537184905285137,0.05982902434577962,0.17663501218117636,0.24492470044249992,0.24442126982548598,0.05986816984040165,0.10995013175558094,0.4912145958666866,0.4343109680306268,0.43108814365501585,0.12209105222161455,0.3711193340956926,0.39414821259881677,0.22334926001425284,0.17725982366297088,0.2661859908185419,0.15734520790864948,0.12315020964881748,0.3918995591574272,0.15182453305490648,0.3037398863090207,0.05312441372909724,0.19425810835446392,0.4419732262715656,0.26533759260179984,0.2289892523906594,0.19850029002800848,0.42330724738560466,0.40583419513084407,0.18261795853428126,0.14341598302921818,0.24062738858781219,0.4440229619317523,0.33910594308821823,0.4422443195942922,0.09461290376042028,0.13392629973980344,0.23522839291337289,0.22033714513001534,0.2506051641558527,0.04801912527552668,0.1487432423474038,0.11453899633736055,0.22795851770828157,0.28255351431081055,0.4202036991000845,0.2842276222675218,0.10782894976714893,0.14570485921211823,0.09653070982283422,0.16430761199224375,0.537198321152157,0.15232956296922384,0.25735739737151764,0.24537900031488757,0.042466414756625076,0.24205367175458656,0.42533112912046944,0.312886375312816,0.3834246424368982,0.2901342746813835,0.44195559256865374,0.35223226271565655,0.7461586950396925,0.18414851091333967,0.01484302855532903,0.2136380533320075,0.3957454962793549,0.3997490014749996,0.39166698984073317,0.39914271863968565,0.20153090869918297,0.1579162813437412,0.07207875503405754,0.6982161620179319,0.12013566681582392,0.08501180828319993,0.3898735477883294,0.5158562538325129,0.36648491025704766,0.055015661512454635,0.2408284608627919,0.11291771491075421,0.4882133363164785,0.2667261058353635,0.31124453504366983,1.5436688708795305,0.3375990569946469,0.169310968030627,0.07776922885695818,0.0,0.2536838943303668,0.36397718722550926,0.27115353254114255,0.045681275791776464,0.033746001756741056,0.21926932000861798,0.4435604418369544,0.24187016689040264,0.33549379340061986,0.05225345133330019,0.23303583088881158,0.3605357231641227,0.0852400768988548,0.5722469547059116,0.44508809393592863,0.1769654203748819,0.04648675814978705,0.16281535988332585,0.17823827872520262,0.10765548815857076,0.2783310794013822,0.435172591524553
178,0.04610353999900562,0.21668016539882995,0.5121862642735213,0.5018453156333382,0.4392009148312038,0.2510317622101792,0.15755384577139164,0.19056279520708,0.16360113690979297,0.2162241750774789,0.05799409171514276,0.03358335404961964,0.9852148527486368,0.14875940105073,0.07113608942806476,0.3765767994166294,0.4134328709458228,0.03383995425843985,0.34426869023351403,0.14330343558892258,0.7584689670030991,0.31610966373324056,1.0511282006662361,0.27673094515984675,0.40387496478231333,0.6178852814928983,1.3633422081903905,0.6609212615389715,0.18640277432506344,0.4658997497472613,0.951843691476491,0.5756084870481777,0.5175458990039609,0.12750367921244965,0.7732906992160957,0.22284727953728103,0.285917350304115,0.31657404829380653,0.08408124098841545,0.11661447819818026,0.4842350221249937,0.2047628316677439,0.6629742372263379,0.21225771060176665,0.2804662821723926,0.7042089113177213,0.05247276222675219,0.20502994746349792,0.10945341321533339,0.10079013573310798,0.583136047995492,0.21505486501267837,0.09721977493826549,0.4083852980659275,0.497170387311689,0.17156791627305717,0.6004971162929448,0.1325359386135003,0.6306098626095892,0.46784481015595214,1.0645910190755563,0.5039470740317208,0.15624512338620128,0.5034798886292448,0.5533022091847727,0.05947181756409619,0.4610779429556342,0.16669203168763144,0.18819669699530983,0.7081261041780608,0.3430501168398547,0.39058519365584443,0.03315911765193324,0.075641840269146,0.05628384626858253,0.4423175640961897,0.36689272278294294,0.3023058303916206,0.524482714330698,0.6468697277051325,0.28791544440577393,0.2234062132285918,0.5863489202671572,0.07966346807205948,0.4747012048592122,0.7726551815575333,0.30026317141483944,0.4371225492633288,0.3111271317058618,0.4277248794312136,0.02124811481794528,0.030530129766817484,0.31179224050779764,0.1685343227431678,0.7435407779379836,0.6873145726644458,0.1794456487512222,0.1604153283945707,0.12448535772883211,0.1416542617544209,0.47651509802946695,0.43060590994216025,0.5179366910290194,0.40909572581580733,0.16979790848373355,0.1601971527536088,0.10366018661230716,0.05741551069789029,0.29332576774557084,0.06078682941381192,0.6937237441787235,0.033895946237093744,0.02475024445217848,0.0660027428363082,0.1985673030709823,0.1593812128142661,0.43555374633321725,0.39516650093637595,0.04328060624140273,0.6957734798389101,0.5908564609953761,0.69399483750145,0.16838350817878978,0.1380743383218151,0.03246518006596068,0.08672393476855764,0.07248989045227795,0.2092079335090075,0.11256600208820167,0.14045250998524997,0.0432745736588276,0.535004424998757,0.6719542170072421,0.5359781401746796,0.35957964997762637,0.22039473640597296,0.15771396609158242,0.1086969373042311,0.7889490213626343,0.4040802631797013,0.023432150019058986,0.4971295182220453,0.21272453139760358,0.4938041896617443,0.17440243457796797,0.09814858549197034,0.16241883359021528,0.10029416297916764,0.21734982349724052,0.6039829629261338,0.9979092129468502,0.10820889474469243,0.25031712491091995,0.04219420275443746,0.6493565355740069,0.1479811978985399,0.13855082119358952,0.6509738974792424,0.07329151958103383,0.10846626559936359,0.19341594159664557,0.9499666799250899,0.14268263478015875,0.2984042658976781,0.1516081224415386,0.7676069540429907,0.6182356104675252,0.21347219045724988,0.024198727191368733,0.14100802963257592,0.7399638542236362,0.13136579989724723,0.05889851505659688,1.7954195710900083,0.14349351165912594,0.1588850991895789,0.18483837982067983,0.2536838943303668,0.0,0.11220668224531398,0.5248309633901789,0.20853620378196522,0.22752422976847475,0.048075125540695075,0.6953149869901725,0.49362086710087993,0.1032228823812128,0.22696049818525324,0.024273778153433102,0.10982123502212499,0.16976798587977923,0.8239964782313263,0.2320439848191054,0.08842488274581943,0.24344337824624201,0.2797854538524005,0.1731217620444489,0.19517598899550867,0.04393257263129983,0.19456123734234904
179,0.08034620229039262,0.32886203781965223,0.6243664462453802,0.6092442947347485,0.5513845274200767,0.18150898258174647,0.10736933823894992,0.2946754918046371,0.27578474949866594,0.3284043570493379,0.08019596778203153,0.11332503024577804,1.097066673295878,0.2603132882546943,0.18331970201693767,0.4887569813884884,0.5207784020285386,0.10364184026914602,0.45645230282238697,0.2554870481777954,0.8703741692769187,0.4208237126899683,1.1633118132551084,0.3851883276156382,0.5160621405724325,0.726687929862941,1.47552239016225,0.7724653043636786,0.29858032118530314,0.5706870183463433,1.0635669384643434,0.6877920996370506,0.6243687333233895,0.23968657916107333,0.8854743118049686,0.3350267488688908,0.38667733969737644,0.417270612704884,0.1962614229602745,0.2287923730920301,0.5900171696580985,0.3169464442566168,0.7736408044548301,0.3206830076733125,0.3908597921742157,0.8162483551268667,0.08193007839042744,0.3170784732925637,0.22004502063342113,0.012820116342663966,0.6942611080727225,0.32721322030527517,0.19791856013523595,0.5205689106548004,0.6057309368733322,0.2771943933442715,0.7085663086892389,0.23935335355242868,0.7427779296972107,0.5759874542170073,1.1761602363313943,0.6161270074081442,0.2635743963274168,0.6140561162763718,0.6654858217736455,0.1716508559969506,0.573261555544507,0.27887221365949055,0.300376000596629,0.8203062861499197,0.4502829513250138,0.5027670660766668,0.12140156449394253,0.1865784484330201,0.14019173337310864,0.5475526359402709,0.4752824872802001,0.4144909511261374,0.636666326919571,0.759051285238403,0.40009905699464704,0.3355898258174646,0.6923331095974412,0.191845091897446,0.5868813868310712,0.8848387941464061,0.40924212366794266,0.5493061618522017,0.42330731367772084,0.5393214256119591,0.12494960141865126,0.132459926415751,0.4238067916273057,0.28071793533204065,0.8551489086660371,0.7981763536021477,0.08668138351646529,0.27259894098344356,0.06352420490893121,0.04981651170884503,0.5868069656441108,0.5397499461376557,0.6301203036178923,0.5212759077876664,0.2819815210726064,0.08748394902136264,0.21256253832512975,0.060288113823563534,0.4055093803344437,0.17259381991746625,0.8059039261505825,0.13000784732925633,0.13534707237441784,0.16550389466182736,0.14303399956910123,0.07637476590596465,0.5465522713336315,0.5073466829082351,0.1553815525613616,0.8079558825966622,0.7030373887535423,0.8061757984056744,0.2759035035383417,0.250257950910688,0.12877950413497077,0.1989047796615787,0.1833963688493346,0.3168209201345731,0.2246788146969622,0.25256268748239113,0.13689793500058,0.6464842141898275,0.7841372329670692,0.6481583221465387,0.4717632625664993,0.33257776893882895,0.26988983907588787,0.19969876033742692,0.9011326339515073,0.5162638757685741,0.10769052354198777,0.6093097001939045,0.32295713386035557,0.6059843716336033,0.08388770944165476,0.1693742604285785,0.13275909444969258,0.2043710121148842,0.1548272924642437,0.716166575515007,1.1100893949187092,0.22038907671655145,0.3538943137937321,0.150544954341305,0.7580410513929632,0.044099479606887704,0.04941437544540015,0.7630767662705713,0.16267598070899417,0.22064987818823645,0.2941979399724887,1.062146861896949,0.25486624736903163,0.4105844478695371,0.0810554782147533,0.8797905666318633,0.730419223056398,0.317673237872686,0.12323694459636383,0.252156358242596,0.8521440361954956,0.24352945855914088,0.0669105139296309,1.9076031836788812,0.19658593944215183,0.2710664578465006,0.28647514874293584,0.36397718722550926,0.11220668224531398,0.0,0.6331751520575415,0.3193365153549113,0.3332723031538474,0.16025963307313676,0.8074899816039377,0.605804479689753,0.10156304380251577,0.3391406801571123,0.1364216095725816,0.039380094134805005,0.27887312517608837,0.9361763453156335,0.17288693879580372,0.20060849533469227,0.355623560218101,0.3919690664412735,0.2853010159266809,0.30735877293292896,0.1009797063259252,0.11356470110542102
180,0.5681667578183267,0.32924839655943927,0.03429651634929325,0.024213974378097133,0.13988250551053222,0.7325104824408759,0.6328958716584634,0.34102732892490767,0.4063072225260611,0.3269173503041152,0.5653521602943371,0.5473432191451633,0.4639753310462553,0.3763396973764894,0.4895092891827841,0.17496433484147905,0.11253032864316617,0.5446823198926067,0.1931632111901094,0.3964792339945973,0.23728282702729586,0.21253811796682084,0.530224017633703,0.24891212979996355,0.14845816138815687,0.09370116342663946,0.842431047912627,0.13942116210079727,0.3394005121065976,0.06256274548799279,0.4304755962147201,0.05503407414773194,0.011225285470425356,0.41604431627968647,0.25238364904953686,0.30921106581149843,0.24770573758265804,0.21681908881486273,0.45781470524867834,0.4414629758530967,0.04331665257959189,0.37728240441505506,0.14249927907323626,0.32456644127347156,0.2534468337227996,0.18369202340111707,0.5737696763287429,0.3247268184756128,0.4156496627388588,0.621697865393858,0.0653269610036626,0.32844994116574683,0.4363160890966041,0.1482977344669286,0.030082459106050827,0.35615504068678633,0.08225311987271908,0.3943423242015944,0.11053912063507843,0.05730475314473219,0.5431327665357397,0.023359038101393836,0.3701097465983858,0.02194959313213674,0.04171442184988159,0.48576666003745506,0.13225962478662232,0.3969930227547689,0.3467526806874493,0.18884945889060153,0.18294009678648968,0.14858054492119527,0.5383928056480882,0.4494801289381661,0.49381286564245336,0.0865922537662209,0.15831653656838865,0.2345757470292846,0.03144556588607702,0.1262998558146473,0.25231898937668845,0.3339165713717497,0.06486436633023412,0.4556821541623162,0.07668737466646786,0.251749904705083,0.22586628880160428,0.09647059115994636,0.24685126535076823,0.10446614958816021,0.5140598203483651,0.5106085947728668,0.2165864449195379,0.36767286497953233,0.22210589336913109,0.16550417640332132,0.7020070518238618,0.3830647508245082,0.6386533833838811,0.6646645287459189,0.06823266875486847,0.09458346177430844,0.04964116906146941,0.14215194981686807,0.3809296889242447,0.6504957241585044,0.422177472281609,0.5736952551417822,0.3004989310396261,0.4647988034273024,0.1728125839009597,0.5282648535772885,0.500100473988631,0.4679845705099521,0.6769425744543331,0.6757939558163046,0.08982765707088292,0.1627499461376556,0.5038185419049042,0.17486454034703935,0.07055666318633062,0.17308483733571986,0.3651667246722684,0.39863244336167325,0.5048263643746167,0.474412436401001,0.5035924360695405,0.31704337161703067,0.41892194931967724,0.3856179171017086,0.49857637680438854,0.02850677836888253,0.1512036493809974,0.017012902103117337,0.24229137042377238,0.38647600225393197,0.36740775452029356,0.4335111950811249,0.2685829148643498,0.15159169856974766,0.5284914566035235,0.060522008982581824,0.3132477336382771,0.07104541838611846,0.6958660402061686,0.5637393228260331,0.6334060474983013,0.536707767778717,0.6939346939790185,0.0838858698354299,0.47705569366413103,0.44507544042824715,0.2796936061253915,0.48389538275410604,0.12499041250269305,0.6697396377135849,0.6627626327913955,0.13045419214769882,0.4706885182054724,0.4257137423556903,0.33932859344702426,0.4290555196473261,0.3903471552395632,0.3129013158985068,0.653516249854986,0.24670548898722222,0.09738273753293895,0.3258507930194402,0.5105825502577107,0.38388158570741987,0.21905269394587254,0.5047322212830841,0.5817354944563217,1.2745131341255242,0.5708239032798025,0.4193549859957905,0.34692663948689895,0.27115353254114255,0.5248309633901789,0.6331751520575415,0.0,0.31630394106630877,0.30021904572498714,0.4855775286299077,0.17540672699249243,0.05962356021810114,0.5939763834336003,0.31694449692570326,0.5030176668489701,0.6305971593828205,0.3552733223951341,0.30433462602959954,0.6876778783208208,0.44644186181408374,0.299675723827044,0.383070650822851,0.42991730887154256,0.35744429804935457,0.5488920764348101,0.6995872487114472
181,0.2534123121032831,0.028911790052867967,0.3050507631879878,0.29345634664147563,0.23206889408177128,0.4343258671837451,0.33543077445764763,0.025423250302457786,0.10213400951291866,0.036128250385322934,0.25297557964169104,0.23360320853842456,0.7778016871343575,0.060443220802466044,0.17962653507681603,0.1694413811962412,0.20512335305523793,0.23091201378876022,0.1371366197649945,0.0808178126916256,0.5510958749730688,0.10979724556257152,0.8439961301977164,0.06949607219211448,0.19674289431379383,0.4094312136429177,1.1562067071048574,0.4531970035963473,0.02541676196158371,0.25802031853361845,0.7443405840335436,0.36847641657965813,0.3090903064353072,0.10524107956711246,0.566158628747576,0.017304380251578568,0.08644719004292409,0.11171157128888447,0.1516142296027445,0.13310381345398495,0.27593269692901773,0.07489349342879398,0.45477789655115264,0.04573329024345778,0.07822590695901488,0.496978993685676,0.2585870001160112,0.022216029433699592,0.09946140141533666,0.3079222062016274,0.3752067816834883,0.02689937685410758,0.1214333184176072,0.20125322759740794,0.2886643132965413,0.04223231243474361,0.3920081953628663,0.08004970251412845,0.42345538540579053,0.25934848108188735,0.857124819768309,0.29680910356485846,0.05583074794080115,0.2951156134506705,0.34617013871625313,0.17847582823712688,0.2539458724871145,0.10054850925603664,0.04114303352723775,0.5009906859576724,0.1358287343177713,0.183449692570311,0.22628729345862544,0.1332363976864051,0.18003573145063725,0.23466198478595926,0.15862675881270813,0.09517375992310118,0.3173506438621786,0.4397356021810106,0.0807833739372545,0.0349015810669716,0.37793542319229695,0.14782704386880788,0.2675665158521022,0.5655231110890139,0.09553960953943547,0.22999047879480936,0.10399163062032843,0.2206713154013159,0.20009927244402462,0.20001043272178853,0.10450625631846729,0.06832971212648532,0.5359096438456056,0.47916884601998705,0.38641899932050583,0.07865875304529406,0.3262299839241618,0.3490192164271864,0.26829941662937745,0.2223662307960026,0.3108046205604999,0.20196022473027395,0.08077835230945157,0.3483235055271052,0.10702495898175311,0.25907586304048796,0.08619369727705128,0.14914956330068446,0.48658824309319015,0.22131434892855362,0.18406400503820086,0.15386739090803625,0.3805024528082998,0.36077175624388874,0.22730291353850748,0.1880309998508427,0.19654148229171842,0.4886401995392697,0.38372170569615016,0.486860115348282,0.04907231641227067,0.08926794444720663,0.1905800145842656,0.1780382588375677,0.20821005485672614,0.008088060789870642,0.10362082566830738,0.06938210775783485,0.18292423639768643,0.3271685311324351,0.46482154990967695,0.32884263908914624,0.1524475795091069,0.1063652529872885,0.051226785329554575,0.11965714546147599,0.5818169508941149,0.19694819271118183,0.21227676129866255,0.2899940171365121,0.016399567443941727,0.28666868857621103,0.3801993983990456,0.27069261174364834,0.34115644939425577,0.24866104012330334,0.3992817083478348,0.3968508924576145,0.7907737118613168,0.14045828568587476,0.04843858864084586,0.16889442980493544,0.4408996834551451,0.355112191120171,0.3465133827209599,0.44377616466961656,0.156912278957225,0.11306158537595914,0.03191401083876097,0.7428311788395565,0.07499697542219791,0.09126876481214471,0.34554973566018654,0.5604748835744708,0.4111035399990057,0.02973498897893567,0.19616385753824225,0.06766698984073319,0.5328283531381032,0.22723038167685905,0.26611535656872,1.5882875006214883,0.29843910240474647,0.1286212731400918,0.034685907953396655,0.045681275791776464,0.20853620378196522,0.3193365153549113,0.31630394106630877,0.0,0.03948352640912178,0.1748327118447439,0.4881857007905335,0.28648879663236054,0.2918432440047067,0.021350279255539523,0.18797919256202458,0.3154031803642752,0.04049590646182402,0.6168692802333483,0.40395207079998013,0.13173519614179882,0.036307877160708664,0.12742238850494703,0.13616097383118714,0.06779507449576558,0.2332791312418171,0.39071584713038005
182,0.26799521039460383,0.04414852748636872,0.2911474253799368,0.2762022075274698,0.21816550655463302,0.4602513134125523,0.36153154676080157,0.04825771060176672,0.1289647740267489,0.05035153051923304,0.27683750145014013,0.25610789870564643,0.7638476524304348,0.08546389565620909,0.20448996503090874,0.1555379605230448,0.18780206002751124,0.24481069457564758,0.12323328195694336,0.1053601402078258,0.5371551484114753,0.08891603274830548,0.830092792389665,0.051968759840235954,0.1828470309418453,0.3937824541341421,1.1423033692968065,0.4392462834982351,0.044348688244750516,0.23928070567957696,0.7303479175988995,0.35457307877160704,0.29202740350353823,0.13231185468768134,0.5522552909395252,0.040410356485854934,0.06128163376920397,0.08913647889424753,0.17775542352375748,0.16041749946137657,0.25822894810984603,0.10606025953363499,0.4404217835893867,0.02594447206615956,0.057958973466580535,0.4830226719037438,0.27953216824939103,0.05682715159349676,0.1216793450338919,0.32182640580718946,0.3610258124927493,0.04087366379953263,0.1364363595684383,0.18734988978935682,0.27283949850014083,0.059011683985481934,0.3759810073087057,0.09637387924891028,0.4095557931023053,0.24300166558941977,0.8429017219377184,0.2829039758696697,0.07440479623460776,0.2808011816569714,0.33226680090820204,0.20392078920764348,0.24004253467906334,0.13060481612224262,0.07465453520940026,0.4870872652844762,0.11730735511029353,0.16954635476225985,0.24991840269145993,0.15304130827491344,0.19395963638774255,0.21602253931951143,0.14206754337990354,0.08127042211505003,0.3034473060541275,0.4258322643729595,0.06688003612920335,0.07032662125656709,0.3605106813172243,0.1733969986244386,0.2536623659656276,0.5516197732809626,0.0760168879166045,0.21608714098675819,0.09008829281227729,0.2061061336780523,0.2237767032930609,0.2247427368700177,0.09057984885397502,0.09600575084108123,0.5219298878005934,0.46495733273670425,0.40446587613318086,0.10877081158123274,0.3491966638492518,0.3691373406917582,0.25358966837368874,0.2065070103912892,0.29690128275244865,0.18805877624753475,0.1089100830308756,0.3739110276935316,0.1255262848240774,0.27378334079119643,0.07859513747327598,0.1714873796383765,0.472684905285139,0.24659336415916738,0.20632353038664877,0.16791824524768395,0.4065313147383949,0.3831599545899004,0.21333325046818813,0.1741276620427916,0.22173353883889363,0.47473686173121854,0.36981836788809896,0.47295677754023097,0.07149666053464596,0.11991741659623133,0.2047972455625715,0.20453895490478796,0.23432461592005174,0.033175309501317654,0.12614512172889844,0.08894831700889973,0.19885071015429492,0.3132651933243839,0.4509182121016259,0.31493930128109515,0.13854424170105575,0.13505020799151465,0.07743447024312625,0.1343948524171763,0.5679136130860637,0.18304485490313066,0.2310355657203467,0.27609067932846093,0.024561759392764254,0.2727653507681599,0.40116848141334804,0.29697023483982166,0.36730387477419246,0.27485536717545866,0.42535011352524904,0.38294755464956337,0.7768703740532659,0.16627559290011434,0.023706218200500527,0.18571480302954982,0.4252077677787168,0.36986613964434273,0.36602047597739423,0.42985633669765816,0.17083969737648946,0.1376744642768359,0.05926490329637549,0.7289278410315054,0.09725741228724376,0.09521027030610389,0.37024988813205395,0.5465715457664199,0.3972002021909545,0.034915593563035544,0.2110112779462703,0.09167225177745737,0.5189250153300518,0.25281407547357426,0.2863550440013921,1.5743841628134378,0.3239233746001757,0.1558961782595005,0.04706890236828582,0.033746001756741056,0.22752422976847475,0.3332723031538474,0.30021904572498714,0.03948352640912178,0.0,0.19957283846268586,0.4742709607384942,0.2725854588243094,0.3173655015827242,0.0514854405939774,0.21094126518503792,0.33659232005833706,0.06419007607020337,0.6029573244501897,0.4300442914201429,0.15561468536104345,0.050134664147566295,0.1563047614312468,0.16235972588209951,0.09872701735196147,0.24900603258257517,0.41508281542617553
183,0.09391018246904985,0.1738945706756824,0.4653125673279305,0.4642177613152355,0.39113107608677633,0.2643888778402028,0.16854965279504133,0.16697095576658547,0.11553129816536566,0.1681550158272427,0.08022180513432438,0.06240574089726379,0.9389001972190457,0.11589128921593,0.025396832894148062,0.3285035300551883,0.37678539584679893,0.07184731268333919,0.29955863537678795,0.11413614743366646,0.7124829877856774,0.28430235834203416,1.003058361921808,0.24396523807156223,0.3558051260378859,0.5763738709623958,1.3152689388289498,0.6167317655247848,0.1589229022688477,0.430394156349956,0.905636594905451,0.5275386483037503,0.47914120220752754,0.079974286945425,0.7252208604716686,0.1804251810603424,0.2599777258489533,0.28648884635144767,0.03600797162697424,0.06853999900561825,0.44714730108221884,0.1566929929233166,0.619863512819238,0.18487696183231409,0.24852833159316534,0.6576373075457005,0.0894554434113923,0.16088120452775154,0.07949129915974742,0.1488599744775353,0.5396875818293312,0.1693505941430915,0.07869404531066143,0.3603154593215003,0.4569727373672085,0.14343874608462182,0.5594534463613913,0.10453476192843758,0.5847851721109066,0.42966472762226754,1.0180857405658033,0.46256239745438266,0.13182602462752116,0.4636544026251677,0.5084382074611775,0.015922487943121358,0.4130081042112066,0.1186187623261903,0.14012294701602607,0.6600528348166196,0.3081942690465538,0.342612837468304,0.05283324218167353,0.05167912958451415,0.053659357960854526,0.4069716352607767,0.3312345415071511,0.2542647789986576,0.47641325676593904,0.5987978339051027,0.24040063640431558,0.17533637448416445,0.5482824955667147,0.031843583751802296,0.42662793549777095,0.7245853428131057,0.2683164537032432,0.39223320737831247,0.2630538623444207,0.38448525000414324,0.03532748305407779,0.028037131871592166,0.2690917814348928,0.12079433699597274,0.6980534148726364,0.6440752249788695,0.2273508841710999,0.11234548965014335,0.15312002187639834,0.18112099139859794,0.43335246689537454,0.3946122408392582,0.47285132335637,0.3610224564543662,0.12172806973930628,0.17560516415585276,0.07453676726495304,0.1024720081539303,0.24525592900114349,0.03842697923399455,0.6457602877077844,0.047629799963539325,0.027265748520857096,0.05300673693630985,0.2113622615555445,0.19684461127960368,0.3963070567957706,0.34709323157493477,0.024985026268251033,0.6477024312633619,0.5471867614643928,0.6459223470723743,0.14351073932282604,0.09000449957738774,0.03898353469563636,0.040581323853560704,0.04384026085947729,0.17875041846898365,0.07555887568570908,0.11787097896882608,0.04316275543181025,0.49317293955816316,0.6238837816337691,0.4885877127562603,0.3115098112331991,0.17232431760552877,0.1248416447074031,0.0999314622383533,0.7408791826182071,0.3560104244352741,0.05261781766353438,0.4490562488606043,0.18141605760784904,0.4457309203003032,0.21536070369081367,0.10663518619798135,0.17422991763204557,0.09199738974792417,0.23033978024163476,0.5582112232552744,0.9499799963539336,0.06013574139445462,0.22101103763734894,0.018833938248893796,0.6078134208389268,0.19604407597076515,0.18503995757304562,0.6058663716667494,0.0649941000016573,0.06692853709872552,0.17037626576509385,0.9018934105636488,0.10894316279686438,0.2503309965362369,0.1707623510499014,0.7195371152985629,0.5712795621405724,0.18885951871923637,0.038306219857803386,0.10950855168299109,0.6918905848621955,0.09283233066507567,0.09840618008253367,1.7473497323455809,0.14923343111420473,0.11081338769286864,0.1575223487296773,0.21926932000861798,0.048075125540695075,0.16025963307313676,0.4855775286299077,0.1748327118447439,0.19957283846268586,0.0,0.6489194882248629,0.4455510283564527,0.11880704850925598,0.1789458144815128,0.02418323969571919,0.14665056596894213,0.13815619251230546,0.7759236066225823,0.24223732577603208,0.0515873812956794,0.19537010888480086,0.23171561510797328,0.12506113790417475,0.14710532159962875,0.07598224199937023,0.21590393443709704
184,0.7412895225310329,0.49231317224349097,0.19378279388123776,0.198318873365485,0.28399507781037137,0.8822621438870383,0.7838461774308492,0.5130239894595536,0.5620944331195412,0.4862698834916058,0.7289197285337841,0.7096443262235039,0.29023273504698455,0.5472012545782994,0.6489662490263346,0.33165822270836454,0.28675130512603786,0.7190809592469215,0.3591329736986029,0.5622945192992923,0.06364293408906345,0.3867081986774723,0.3558540993387362,0.4223604550953778,0.29934686521155457,0.08232865973914048,0.6680435290608062,0.03692152670743635,0.5090098443792572,0.2376825270554699,0.25694639453752954,0.1276938712938564,0.1832644226785329,0.5772526972604785,0.07801220603589723,0.4746592419496512,0.4210239148809228,0.3911542534679063,0.6172326853278975,0.5994749830126451,0.21836041366280515,0.5327964086246045,0.03398317008899719,0.49317408309716765,0.4223418518702664,0.017247427037239506,0.7379914317439796,0.4904663153184507,0.5874771955120235,0.7960965047481725,0.11327410132749961,0.49092440212797694,0.6096137489849018,0.3065611213311457,0.20281587364722653,0.530364631498699,0.09896906644127351,0.5681722434909429,0.06521482788909329,0.23222100134241538,0.3696540297320141,0.19173309965362367,0.5439938099736489,0.19382228740946977,0.1432181673544474,0.6447291304131657,0.2752477336382771,0.5496496213062861,0.5093567095908119,0.04921463729925921,0.3572915361540628,0.30665463464757464,0.6997209267637845,0.6210294502726265,0.6682116044349423,0.2602114967102538,0.3322621521735527,0.39518436666169465,0.17475421369263663,0.09157800924775024,0.4151475662506836,0.4917303319577718,0.11539653457962518,0.617382174049951,0.22479335090074407,0.07738069905036546,0.39827613152355856,0.2586106912610419,0.39572039642685497,0.26817568239447126,0.6825501416993981,0.6751477402674887,0.3837109332272659,0.528190448963357,0.05193733737715246,0.013693266378296006,0.874581531016424,0.5421314821259882,0.7988858284028572,0.8298598336067885,0.2210066540711647,0.2677898042725269,0.17802336797096407,0.2911213311456935,0.5371614544490295,0.8036495467276553,0.5951036808697526,0.7472274896832891,0.4533193705563566,0.6349309484744525,0.009015611793367465,0.686345754818608,0.6721553887203965,0.6420382256915096,0.8244818028141007,0.8440466365037539,0.2612033096339018,0.31693953330350194,0.6620673942226423,0.03462167089278909,0.10581222758083499,0.03812158802764384,0.5351084290425762,0.5613627918924742,0.6787227746565239,0.6265344221813419,0.6531181408376009,0.49070558842539647,0.5854280813404267,0.555084588740284,0.6707950827822801,0.1612702232387014,0.057880500174016816,0.16350690266660028,0.386754661164421,0.5295317124910919,0.5376585458824308,0.6078227100217105,0.09588828121115696,0.308389085003066,0.6998443046785658,0.20828368053829202,0.4850380931072773,0.21535822602297028,0.8634095609804606,0.7099555594225957,0.7783207212582245,0.6804054674422844,0.8400416645950379,0.0923742189960059,0.30262259898241595,0.6010811332637268,0.45373456636669485,0.6569767646132685,0.055437826281509554,0.8432573377086129,0.8323348746250353,0.045008170503322904,0.6450865775037706,0.5895922869122789,0.5133847677289978,0.254659382820398,0.5563692056547176,0.4540797328427718,0.8104603407414773,0.07233888529806594,0.08591919819685445,0.4961019821342747,0.6842755597540563,0.5553661230713137,0.08279149472149025,0.6449089477783855,0.7472465486666997,1.100145900661264,0.706173536187209,0.570178905848622,0.5213248976615454,0.4435604418369544,0.6953149869901725,0.8074899816039377,0.17540672699249243,0.4881857007905335,0.4742709607384942,0.6489194882248629,0.0,0.21818739952601138,0.7453843865493295,0.4790793102305309,0.6711369346525464,0.7954196042360663,0.5286525547324283,0.13481583221465387,0.8275408442301002,0.6119502146207261,0.4575268565935796,0.5154654286613966,0.5772290061154475,0.511906279520708,0.7205819536286646,0.8575880193572978
185,0.5390520227381957,0.27724330863952007,0.05221676693349245,0.050780904555925724,0.08093661645038863,0.6738736637995327,0.5744273521271482,0.3111292530535806,0.3486275128855301,0.27826182071297173,0.5256110475811664,0.4932182750791361,0.5052515537214736,0.34549690913008185,0.43283191633934937,0.1199165050796334,0.08504833523923169,0.5173951424451847,0.1505900992724441,0.3511460498185252,0.2801575515006878,0.184997953230912,0.5667584978206467,0.2206370672367788,0.09827615638310215,0.1466474170934222,0.8742070634249822,0.1859570344221813,0.30722424136959514,0.037038938331758905,0.4720165564560234,0.09113526906312663,0.06209651303468734,0.36611790052867965,0.28418674489136375,0.2707785097532276,0.21915029251396276,0.18940869089643517,0.41011441190606424,0.3843392250451615,0.03744651883524752,0.3194790765508212,0.191338272095991,0.2853765640796168,0.21527901523061366,0.22611977328096242,0.5244205986178094,0.2887472530204345,0.38575964135965124,0.5944110028339878,0.11286366197649944,0.2786331891479805,0.40792083892673064,0.09064021611229886,0.030495939607882112,0.3286738593612755,0.1356143124678898,0.36648319494854076,0.1544500903230083,0.034551691277614816,0.5837256666500936,0.03930244120717946,0.3423045957009562,0.04200890800311573,0.08523773181524386,0.43522400934718836,0.07354913903114073,0.3401623493925985,0.3054284790931238,0.21622400934718836,0.15559645502908576,0.1040479540595635,0.484403743847263,0.4192665191667082,0.4665204676908799,0.058256931669401206,0.13056463481330488,0.19134463613914715,0.043493031041283416,0.15495056265433638,0.2057107260644028,0.2767133363164785,0.12409007441290043,0.41396165829728704,0.029104733257097382,0.28600146671307114,0.19657206781683492,0.05653573973715177,0.19456072357844845,0.06666036891562672,0.48086449062795206,0.4733559389449611,0.18201003496909138,0.3251759889955087,0.2658921344404117,0.21382247799930387,0.6728960291022392,0.33398892921659284,0.5824300618173983,0.6176898026152241,0.03405217189545731,0.06608907174464278,0.08075855582624838,0.09379181789555677,0.3278960788213261,0.5939033875271381,0.3932517691708513,0.5455343144566532,0.24220719600921453,0.4332501533005187,0.21316587116127209,0.4778519365584448,0.47046909130081704,0.44035272377732493,0.6180973996917417,0.6423611345895689,0.05925691509637217,0.10617951905069688,0.45266075009529505,0.20676140638724533,0.11780007126402493,0.20457284674920037,0.33000967864896663,0.35557084141268497,0.4770335603838314,0.4197810868592452,0.44629985581464726,0.2890268814531233,0.381125747857936,0.35324217338703,0.46906246374649896,0.06767600556853777,0.18374963125010355,0.05851266179419602,0.18300018230331958,0.32719530486086945,0.33593812459603245,0.40613395979383143,0.3041558610517244,0.09391573443378247,0.49815341652993916,0.015624910919968834,0.28284747841362967,0.018075912759575086,0.6607170155289284,0.504745023948027,0.5743199340393443,0.47751734367490345,0.6349564543661644,0.12839444637796454,0.515163683521437,0.3911551235519315,0.25191772319726874,0.45528112000530346,0.1778380566466134,0.6415718357944282,0.6305850362120685,0.1755972173884221,0.4434010755895855,0.3851560102089859,0.3116367854952849,0.45636115944911254,0.3509382323207212,0.2535122308954407,0.5961091002502527,0.27650800477303233,0.13630693249805267,0.28907600391123484,0.4825778932365469,0.3536552975687367,0.24636232784766074,0.4453432191451632,0.5388939657601219,1.302457200152472,0.5113836241899932,0.3607015114602496,0.31963939574736083,0.24187016689040264,0.49362086710087993,0.605804479689753,0.05962356021810114,0.28648879663236054,0.2725854588243094,0.4455510283564527,0.21818739952601138,0.0,0.5356543529060807,0.26675708911317725,0.46939123949684286,0.5872433252125492,0.3269574570344222,0.3377160542932431,0.628315127860919,0.4052001110392947,0.2516809940502826,0.32369615008535113,0.37101470856328417,0.3044953595518654,0.5182133114569348,0.6468032781451466
186,0.1012863985150566,0.27946795604832697,0.5648550771474502,0.5741376887253683,0.4616600291685311,0.14925590414159998,0.06452297850478128,0.28556228972969394,0.19145445731616365,0.270755133495749,0.04676081804471402,0.07430400735842489,1.0269430302126317,0.23407204295729134,0.11734175243209204,0.4191894297220703,0.48839179469331606,0.12459968676975094,0.4082594507698174,0.2246917168000796,0.8063746913273339,0.3999642602628482,1.0860093471883856,0.35986279189247417,0.447353104956993,0.6798290409188088,1.3844500406039206,0.7161694509355476,0.27759733339962545,0.5423295629692239,0.9939011750277598,0.6196522481313911,0.5877565504897329,0.18842972207030279,0.8025940436533583,0.2973502792555394,0.3776606920896931,0.40262767032930613,0.140271855682063,0.15964637299259185,0.5576359319842887,0.22797739438837236,0.72097726180414,0.2987016771905401,0.36166460332454975,0.7525221167072704,0.05923914052271336,0.27342407895391035,0.19753930293839803,0.09016956694675085,0.6415843401448482,0.27671978322477997,0.19720841412684997,0.4475575166973268,0.5644331775468602,0.2615207908649464,0.6635249672682675,0.22281260047398865,0.6846647773413546,0.5398872619698701,1.102527270919306,0.5706487677952898,0.25061878718573394,0.5724691575929335,0.6129439251562007,0.1136039626112464,0.47567058618803765,0.19707950082036493,0.25217756343326864,0.7199583768375345,0.42222119193224955,0.44580380019556176,0.07237971295513677,0.16976410779098094,0.1550420043421336,0.5189174663153183,0.4445224067352791,0.360187474104642,0.5740860140207824,0.6664321417325445,0.3480343973217984,0.2632802996403653,0.6571930923614908,0.14403673411889492,0.5232937817994995,0.8072194020451118,0.3837347818160725,0.49783645734930976,0.3501132020749433,0.4900732859344702,0.09708471303800192,0.09367233464260262,0.37911064982846926,0.2279011750277598,0.7905867763801188,0.7435350188103879,0.16865470922620526,0.21397862079252217,0.07722066159531978,0.1134986824441903,0.5350159101078906,0.5071028107857273,0.5832608677638011,0.4561225989824161,0.2138580105735925,0.07649678483236379,0.1927823878420259,0.08840932067153909,0.30929271283912557,0.1534212366794278,0.7422346492318399,0.07124471734698952,0.11367007242413697,0.1597421568140009,0.09843036841843583,0.13811969870233176,0.5066783837982067,0.43127184739554847,0.0958540910522216,0.7261338189230846,0.6518536518669515,0.7230619168365401,0.2599091798007922,0.20324501566151243,0.13198952584563878,0.11978625764430965,0.09248197683090535,0.2962322544291421,0.19299535126535072,0.23636998458708294,0.14619667213576626,0.6000792770844726,0.7031333631647856,0.5925892623344766,0.3702002187639836,0.2310147251363132,0.24286767264953013,0.21183339133893503,0.8292881966887087,0.4425262682510482,0.1040784567195346,0.5385283398796797,0.2987278542899285,0.5306021395780507,0.15647756840517751,0.06781121662606272,0.07130599612191123,0.10280796831236844,0.11651395449046227,0.6595262516780193,1.0353986227812857,0.1513960788213262,0.3379325560582707,0.13647306882778967,0.7108429456901839,0.13733039990719106,0.12634512504350418,0.7051755166641807,0.1744713286597391,0.18369133562041134,0.2890106896037389,0.960583818094433,0.22564382903263225,0.30902140406702133,0.08140343724622548,0.7909196788146969,0.6699423921510133,0.3032949004789605,0.11686435804371963,0.22734471900429243,0.7505809923929798,0.14196820464376278,0.057751636586618915,1.807472944530072,0.09811399758033779,0.17689884651717797,0.27569577719219734,0.33549379340061986,0.1032228823812128,0.10156304380251577,0.5939763834336003,0.2918432440047067,0.3173655015827242,0.11880704850925598,0.7453843865493295,0.5356543529060807,0.0,0.2848079517393394,0.10982722617212744,0.08315598534944232,0.25614075473574305,0.8558410812244155,0.13483190805283485,0.1666823696116939,0.29509541921476984,0.2904060226387577,0.18373823729263,0.23655449211952476,0.12363567510233843,0.13931177182253598
187,0.27238557152090687,0.023264024925835704,0.2899957987371353,0.2955708911317722,0.21267305556936647,0.42697220703027905,0.3282038316843169,0.044471154642934066,0.09478028306733623,0.027538573725119732,0.25894804355392026,0.23078936508725698,0.7680535391703545,0.07883310959744112,0.17334473557732147,0.15016747045857576,0.20812228409486405,0.25073165780009615,0.12588990536800418,0.08522376075175256,0.5424122126651089,0.11590872404249322,0.8301310926598057,0.07557495152389,0.1822529044233414,0.40766511708845027,1.1394985498599581,0.4475101426937802,0.040861689786042196,0.2617366462818409,0.734752299507781,0.3534838993022755,0.3105261025207577,0.10109968676975094,0.5487616798422249,0.01561819884320259,0.09348294635310489,0.11827502941712655,0.14958380980791858,0.12629354977709273,0.27851281095145763,0.06743504201262865,0.45082613235221003,0.049558386781352035,0.07689256533916705,0.4875883756774224,0.25918062115712887,0.028270132087041554,0.11910076401663931,0.32774720330134743,0.3707592850395267,0.0180055685377616,0.14125816636006563,0.1814347271250767,0.2883286183065678,0.06201720280415652,0.3908189230845721,0.0998244999088483,0.415359419281062,0.2610379108039576,0.8467625913588225,0.29393790086014027,0.07564079616831568,0.29503577288320987,0.33916298745421697,0.1743370705513847,0.23459788030958423,0.09348781053713183,0.04272737367208605,0.48116815823928133,0.1410899169691245,0.17287029118812047,0.22182116873000876,0.15260311738676471,0.19986072855035716,0.238151460912511,0.16256095560085523,0.08421112381710004,0.3053673909080363,0.42053244170437015,0.06499518553506026,0.026287194020451106,0.37966961666583804,0.1499834518304911,0.25434525762773663,0.5496668572565007,0.10281322196257811,0.22330249092626656,0.08805380433881903,0.21743167768773106,0.21420069109531154,0.20676414922355357,0.10046811349210295,0.07038028472463913,0.5280401647359086,0.4748691476491159,0.4062322295695984,0.07531117519349009,0.3217458608859941,0.3516206102189297,0.26420475977394386,0.22595438273753296,0.30418623941397777,0.18905348945126701,0.0754625781003994,0.3419248495997613,0.12658306402161118,0.27887102868791325,0.06637050663749812,0.16658940320522372,0.4752488688907671,0.21779285370987253,0.20380747940801142,0.17368892424468416,0.3731127960357314,0.3756973350569281,0.2275074827226172,0.16883405426009712,0.19272061187623266,0.4713492517277383,0.3781190689272278,0.46937183247982234,0.06330520890303118,0.08948651784086578,0.21036976085119072,0.17290313064518809,0.20157271416496794,0.02535164653043637,0.11446297585309664,0.0865783738543894,0.20240516084124693,0.32444524271201053,0.4478263643746168,0.31778986227812844,0.13262258240938699,0.09862340277432506,0.0692773082086213,0.13947016026119088,0.5662920582044783,0.17726842506504914,0.2314938762657651,0.2742904009015728,0.02820074910091318,0.2705260030825834,0.3940571769502312,0.2632351712822552,0.33371975836523643,0.24115939939342707,0.3918791743316926,0.3890903478678798,0.7781403155504734,0.13528401199887302,0.05697612655164985,0.18862303816768594,0.4390747029284544,0.37490803626178754,0.3639227448250717,0.43670134572995906,0.17673727605694486,0.11850382836971111,0.0477637183247982,0.7230061817398363,0.0842800510449295,0.07144618737466649,0.3389412983310961,0.5419860703690813,0.3975830391620676,0.036322113392664786,0.21591939707320307,0.08701095477220369,0.5130033560383831,0.21962330333615077,0.2722301662274815,1.5689149637879318,0.2907971875569697,0.12107248214256122,0.053086270902732886,0.05225345133330019,0.22696049818525324,0.3391406801571123,0.31694449692570326,0.021350279255539523,0.0514854405939774,0.1789458144815128,0.4790793102305309,0.26675708911317725,0.2848079517393394,0.0,0.20273058883972217,0.32057952567990855,0.06029799963539338,0.5999873216327747,0.3964420772634614,0.13854933790748936,0.022569573575962475,0.11860425263925486,0.12869254545153216,0.06238344188667361,0.2515495119242944,0.3865389051857007
188,0.07019504797891911,0.1924428810553705,0.4879482507167836,0.4807604202920168,0.414983733571985,0.25589111519912494,0.1602457780208488,0.17711203367639491,0.1393738626758812,0.19201179999668538,0.06632554400967863,0.046530229204991766,0.9611843335156367,0.1277081489583851,0.04690054525265583,0.3523482490594805,0.39266264770712145,0.04990817713253457,0.32003314605810507,0.12666720529011086,0.7344597772584894,0.297665680571438,1.0269081356999619,0.2573724456818971,0.37968159896584297,0.5953698188567926,1.3391041946336535,0.6372811200053033,0.16889559820348363,0.4458198428876845,0.9278068247733637,0.5513794063540991,0.4962028124430302,0.10328220553870625,0.7490677671157956,0.19864496428512235,0.27109541921476976,0.2992468055486501,0.059875461973184815,0.09237591773148376,0.46341435058585656,0.18052728749233504,0.6397879480932731,0.19723020766005403,0.2626206847975605,0.6800797991348877,0.07091909875868013,0.18100133412883873,0.08973239529988894,0.12502567990851693,0.5597648701503174,0.19080400735842484,0.08739708148958385,0.3841497538905185,0.47496305043172743,0.15468297452725438,0.5781535325411428,0.11557494323737551,0.6065406122076931,0.44642031687631556,1.040614362186977,0.48066285486998467,0.14145607318649628,0.4811923382886691,0.5290715706259634,0.03526219360612534,0.43685625383251303,0.14245401813089376,0.16398390758878997,0.6838880906213232,0.32293280465370666,0.3663593115563732,0.03912503521768669,0.06008607202638424,0.057789066772734064,0.42229934205074665,0.34633718656258816,0.2780791527867549,0.5002512139743781,0.6226478065596047,0.26369040753078443,0.19917554152372427,0.5651645701784916,0.05546015843815777,0.4504631913024744,0.7484340890634583,0.28171868940486244,0.4128870050879198,0.2869101161769337,0.40418647972289906,0.020158297286995145,0.026674621720611878,0.28807405658032115,0.14432121844909593,0.7196560350685294,0.6640814978703655,0.20351072274979695,0.13619552859676157,0.1384235154709226,0.16165678914135131,0.45329531480468693,0.4100567046189033,0.4937210842075606,0.3848894993287924,0.1455801471684979,0.16670205837020832,0.08560699547556307,0.0797799101741825,0.2690902235701619,0.04701814746681248,0.6694889789356802,0.038808034604484655,0.014275485175425555,0.0584393510001823,0.20292472530204342,0.1731262284757785,0.41340244286448224,0.3709284873796384,0.02624097184242359,0.671536924708729,0.5670215863703406,0.6697568239447124,0.15453282288403852,0.11383879414640614,0.039053431445665296,0.06251053215996281,0.051987818823646344,0.1908499312219295,0.08899801952302817,0.12673009993536516,0.044246225492633316,0.511957879646663,0.6477180762027875,0.5117401266179418,0.33534410580221746,0.1961586121745471,0.13698567261638417,0.10855793102305313,0.7647318401034158,0.37985396675450384,0.03832151676361889,0.4729070501665588,0.1937801090505311,0.46957308705812173,0.1929084837335721,0.09850706839689087,0.16587869371385008,0.08863676892225587,0.22190403387527136,0.5797661794196125,0.9736785246689539,0.08397326770413827,0.23312157145461482,0.02712344420689775,0.6268091035648585,0.1721865128689571,0.16127376158040405,0.6269463613914713,0.07205942259566782,0.08471433898473622,0.1800696564411077,0.9257286663683522,0.12181733207378312,0.2741678764977875,0.16036245214537861,0.7433903031207012,0.5940000662921163,0.20008269941497206,0.0322018677803742,0.12153877260146839,0.7157258406668988,0.10715065712060194,0.07873290906378952,1.7711981471353522,0.14063246822121678,0.13464874293574636,0.1686228724373954,0.23303583088881158,0.024273778153433102,0.1364216095725816,0.5030176668489701,0.18797919256202458,0.21094126518503792,0.02418323969571919,0.6711369346525464,0.46939123949684286,0.10982722617212744,0.20273058883972217,0.0,0.12770498350983603,0.15023570161918495,0.7997578846185718,0.2338713850080379,0.06476709093621036,0.21921225906959013,0.2555499096769917,0.14888267124082266,0.17093961616864717,0.05792086378627418,0.20465229785047803
189,0.09800994381743153,0.31030088334244854,0.6071505742554568,0.6084525762773664,0.5328318583337477,0.1579646165829729,0.07540839258191222,0.3001071280597955,0.25722359502146214,0.3114247335885579,0.06658222708364409,0.09476387576857422,1.0849856726163842,0.2549614345613948,0.1647585475397339,0.47019582691128453,0.5203429705497274,0.1231541706027611,0.44064658015545516,0.23982937237938975,0.8589315285304695,0.42458273256103013,1.1474232088698855,0.3844746681250932,0.49961409701851206,0.7224778252871278,1.4578916952551417,0.7632571885513514,0.29335631183811467,0.5734154775518321,1.051693647557964,0.6708482739190241,0.6238634299540927,0.22112892159299954,0.8670391289215932,0.3214561809111851,0.3953966505908285,0.4255921543280464,0.1794932050580884,0.21023121861482622,0.5911057773579278,0.298385289779413,0.7662128308390924,0.31573803841628134,0.38389152123833686,0.8040762359336415,0.06406240574089729,0.30680474485821774,0.21620542269510595,0.04452108089295482,0.6861745720015248,0.3086549495351264,0.20661974013490447,0.5020077561775966,0.6024021528364738,0.28052268019025833,0.7053974046636504,0.2413615489152952,0.7314211040951953,0.5740942425297073,1.1639001640729876,0.6079575564725962,0.2654785959329787,0.6087096488175144,0.6541452211670726,0.1532006745222824,0.5547029698868063,0.2603110591822867,0.2860991730058502,0.8017451316727159,0.4504696879298631,0.48881613052917683,0.10284874625035222,0.18375244037852798,0.15712679195876628,0.5496627554318102,0.4739610450952121,0.40027680273123517,0.6220214952186812,0.7404945226138983,0.38153790251744313,0.31702867134026086,0.6928408823480666,0.17807662539982433,0.5710821110724409,0.8672706292779131,0.4086440113359518,0.5384587580172027,0.40575116425529095,0.530759193887867,0.11654744858217735,0.12111718788843034,0.4149005038200833,0.26727852632625665,0.8445478960539621,0.7904371550738328,0.08565719518056311,0.2549419115331709,0.024763196274383087,0.03448754536866704,0.5796832396957192,0.5377025887071379,0.6185939193556403,0.5059863521105753,0.2634930061817399,0.06392390493710538,0.21174688841379538,0.07116049321334454,0.38694822585723987,0.16634619400387798,0.7918015628366397,0.11205021627802914,0.13170610218929713,0.17006841346392876,0.10794025423026567,0.06470522381875733,0.5408126087605031,0.4887919421932746,0.13733006844660994,0.789559961219112,0.6929822917184574,0.7877542716982384,0.2744847942458444,0.23413089378345686,0.13507318649629588,0.18062949336250186,0.16484406436964485,0.3174623377914783,0.21183341619847862,0.24791986111801662,0.14822526061088181,0.6389150549395911,0.7659650806277863,0.6328930293839804,0.4532021080892955,0.3140166144616251,0.26426925371650173,0.21497663202903594,0.8835506968958717,0.49770272129137055,0.10639544904622215,0.5918138765972257,0.3200960075573012,0.5883400536966142,0.07355839506786664,0.1508131059513747,0.09708559140854175,0.1858098576376804,0.12586314821259884,0.7046680670876216,1.0952651436052971,0.20188892755928992,0.3591452708861599,0.15097664031555053,0.7539123038167684,0.05472160625797576,0.04337939806758481,0.7524903379240624,0.17837788992194104,0.2059290922951988,0.30308319660584365,1.0435857074197454,0.24042498218399377,0.3920232933923334,0.0538864581779612,0.8612675798405675,0.714361308606374,0.31890919637382126,0.12606078158405004,0.24844284790931237,0.8335828817182916,0.2249688012728087,0.053795488821491884,1.8890462884701436,0.17802478496494806,0.25250530336929683,0.2940962975853096,0.3605357231641227,0.10982123502212499,0.039380094134805005,0.6305971593828205,0.3154031803642752,0.33659232005833706,0.14665056596894213,0.7954196042360663,0.5872433252125492,0.08315598534944232,0.32057952567990855,0.12770498350983603,0.0,0.2772588044216841,0.9180605247020998,0.1469938928387942,0.18428469977957865,0.3390655877624753,0.3734079119640697,0.26673986144947714,0.28915702116375813,0.11646399509438339,0.09156331725749513
190,0.21339016224995452,0.05100064634813309,0.34552376572366134,0.3320781252589536,0.272541316561428,0.39960703690813576,0.3013374931636255,0.031747443610268676,0.06821610401233034,0.058305788959048074,0.21568488042559544,0.19581097631714145,0.8182239927741595,0.022544656026782003,0.14290501997050004,0.20991430086676943,0.24367124910919974,0.19043768541076253,0.17760528016705632,0.04386715888562954,0.5915271466215879,0.14747724523111097,0.8844647905997779,0.1073827209599098,0.2372217139826646,0.4486479805764099,1.196679709640531,0.49362262384195954,0.028860165067369364,0.2963243093190142,0.7847199158090122,0.4089450769817198,0.3478161139561477,0.06856104675251498,0.6066272891496378,0.05619343210858649,0.1224506455194816,0.1490617511062497,0.1161617444770381,0.09735619582691131,0.3144895258456388,0.047402210842075646,0.49479812393311134,0.06181023053083415,0.1165238485888066,0.5373964268549364,0.2204067269924925,0.0382178276073518,0.06109405193987306,0.26745354579956576,0.4154101907555644,0.05198574719501481,0.08125458658579027,0.2417220868758183,0.3277713336316478,0.0073290243457796046,0.43109476458012225,0.039581274134473515,0.4639304761431246,0.29818241104426646,0.8973412386681913,0.3372803162133944,0.015651071446328216,0.33522046271897116,0.3866387991183149,0.14254178060624137,0.2944145328891762,0.06999764662987454,0.023569780738825655,0.5414636056282006,0.17358049520210808,0.2239240540943668,0.18891972853378414,0.0943373522928786,0.139563441555213,0.27317897214073816,0.1971273554417541,0.13564242032516288,0.3578193042642403,0.48020722915527275,0.12125203433931621,0.05676265765093889,0.4165998110674688,0.11227846832065498,0.3080387063093522,0.6059917714910755,0.13292252108917949,0.27045913919687103,0.14446463315600191,0.260557301247949,0.1626662440544258,0.16336740748106532,0.1449561891976996,0.03857722202887023,0.5763018860107062,0.5193302424634151,0.34681067800261867,0.046812111569631616,0.2886205687863571,0.3106695835197799,0.308067485374302,0.26111500853510994,0.35127328096256155,0.24243780142196594,0.04946922388504949,0.312741701055702,0.0669741377881636,0.21875844810155956,0.12666255655546163,0.11099849185435622,0.5270612456288636,0.18521304628847018,0.14562136429175163,0.11339909511261366,0.34605649745604,0.322894421518421,0.2677052486783009,0.2285040023865162,0.16041028190722417,0.5291109812890502,0.4241939624455162,0.5273323389515902,0.01730164570178495,0.05611158620461067,0.15011190109216266,0.14479096438456054,0.17451790715789126,0.040762491920648444,0.06568210444322911,0.03142717811034322,0.14337237938978104,0.36764153366810853,0.5052917184573825,0.3693156416248198,0.1929162399111686,0.07940200367921249,0.0135211637581,0.07918092775816633,0.6222859096106997,0.23741685311324354,0.17335494456321784,0.3304670196721855,0.04582596662191952,0.32714169111188457,0.341941894960142,0.23724899318848508,0.3074020699713287,0.21624559571752927,0.3649718175640962,0.4373195528596761,0.8312467143969904,0.10498881320538955,0.0838816934321086,0.1287414193142081,0.4801092411209998,0.31473740035466286,0.30790327151593494,0.48423821243308635,0.11644361855516328,0.07571815078141833,0.03501299325477717,0.7833041813752298,0.0369095609804604,0.1317417673478182,0.3088859112680025,0.6009435439765326,0.45157220040106744,0.05671983294386718,0.15572540976814334,0.029739223387858598,0.5733013556737765,0.19784518304910592,0.22779189247418755,1.6287561610235504,0.2689674920035135,0.09882912378395405,0.030494033709541072,0.0852400768988548,0.16976798587977923,0.27887312517608837,0.3552733223951341,0.04049590646182402,0.06419007607020337,0.13815619251230546,0.5286525547324283,0.3269574570344222,0.25614075473574305,0.06029799963539338,0.15023570161918495,0.2772588044216841,0.0,0.6573409734997265,0.37172685162167085,0.094010880193573,0.07678087969638213,0.11736929680637734,0.10345639636056284,0.04607861416331066,0.19372647872851725,0.3538162216808366
191,0.8692969389615341,0.6126587447587797,0.31630974162647707,0.32699506123734234,0.3954611528199009,0.9915434130496031,0.8951760884336831,0.6415154874956495,0.6769438257180264,0.6077982067982564,0.8559842556224002,0.8294636222012296,0.17194259931387654,0.6758696034074146,0.7665072175541523,0.4507214405276852,0.41544439748752865,0.8477670080710652,0.48230056845489666,0.6845869752564676,0.0904251562007988,0.5154041250269312,0.23111105586768094,0.5509903544970916,0.4202738361590348,0.21245969439334425,0.5410620328477437,0.1679686852616052,0.6376118348000464,0.36639603738875354,0.13904328875188524,0.24937934006198312,0.31195161504168123,0.6980411011120502,0.08455577652927622,0.6011566731301479,0.549508816851456,0.5198379986410115,0.7399381411690615,0.7163301430252408,0.3470299391769834,0.6468082997729495,0.16254874956495796,0.617055677091102,0.546422703392499,0.12217806062414023,0.8589688675649246,0.6191592585226798,0.7161398597921742,0.9247828684598686,0.24196712739687426,0.611719484910257,0.7383010573592533,0.42500268483070647,0.331625275526608,0.6590419794825899,0.2276423208869886,0.6968559223719318,0.19391897446096223,0.36087599231011447,0.2479252390659441,0.32034975720512426,0.6726834882911549,0.32248248230829146,0.2707181839274764,0.7651230961732876,0.3816537645635493,0.6641058187905002,0.6358044714032385,0.14497602711347551,0.4859780490230201,0.4334255870995543,0.8196677190540116,0.7495980460398748,0.7968977692702894,0.3886632360496528,0.4609535375130511,0.5217094416546514,0.30064256948242435,0.19184731268333913,0.5371034239878023,0.6088492185816804,0.24403553257428864,0.74434379920118,0.3493072556721191,0.08272153167934503,0.526947380632758,0.3869515901821376,0.5132218548534115,0.3968602562190292,0.811238129567941,0.8037278045708416,0.512406909295812,0.6554783307645139,0.08668720893617728,0.13910420292016765,1.0032678947281195,0.663620709657104,0.9169157344337825,0.9515799068595767,0.3493770861300319,0.3964850345547656,0.3060891711828171,0.4152440958583999,0.6559287276885598,0.9177640912179519,0.7236199390112532,0.8759172177198825,0.5654839987404495,0.7636020318533618,0.14094016307860585,0.8065610798985731,0.8008437411955784,0.7707245894032052,0.9301527204627188,0.9727330002154495,0.38966439616168635,0.4337802416347636,0.7817136677770596,0.1464279736157377,0.23382615721175365,0.14919645668638853,0.6604581116690699,0.6859618323140918,0.8074111271317058,0.7414819934039344,0.7639475629360779,0.6193699431545099,0.7114976134838163,0.6836140390129104,0.7994405111122159,0.2897578597590282,0.15657874674754302,0.28844605479043406,0.49401095477220364,0.6340131506985528,0.6663016871343577,0.7365111619350667,0.04272965246358073,0.4264582359667878,0.828530469513913,0.3278410232188137,0.6132193440395101,0.33144646911616044,0.9910129601087189,0.814959495516996,0.8816697575365848,0.7834444886391885,0.944562397454383,0.22054408425727973,0.1800960655629029,0.7185651237176618,0.5822820315219013,0.7856331145693498,0.1891488838064934,0.9719437014203087,0.9609569018379488,0.174169318351315,0.7737732063839305,0.7155530336929681,0.6419936525298728,0.12624127015694658,0.6813250799648651,0.5575967367705794,0.92642731898109,0.09285022124993779,0.21034751984620223,0.6205760784898654,0.8129476375147086,0.68405334858052,0.1564894761265516,0.7459265400487248,0.870144897993006,0.9721397272079418,0.8020443079931718,0.6823339548219228,0.6500112613732408,0.5722469547059116,0.8239964782313263,0.9361763453156335,0.30433462602959954,0.6168692802333483,0.6029573244501897,0.7759236066225823,0.13481583221465387,0.3377160542932431,0.8558410812244155,0.5999873216327747,0.7997578846185718,0.9180605247020998,0.6573409734997265,0.0,0.9268781136578333,0.7356897943287095,0.5805733687996153,0.6098628747576196,0.684190763850909,0.6301913604799547,0.8485880773628993,0.9760270140373557
192,0.23448259831949486,0.39473440892291883,0.6564191981968545,0.6694734334344289,0.5483039659258523,0.08857139660915826,0.07479735328726032,0.40168601567808543,0.30355605827077015,0.38010521387493995,0.1788444041167404,0.2066926697492501,1.0983852732063841,0.3502852135434793,0.23668033112912046,0.5192686239413976,0.5869481761381529,0.25607345166476075,0.5136148013722468,0.34623921510134403,0.8851908550025688,0.5064584431296508,1.154603084240707,0.46800103581431585,0.5399221481960258,0.7666545683554584,1.4409119889292168,0.7997119607550671,0.3945341155803045,0.6405321599628764,1.0656643713021432,0.7072956711248114,0.6810039609539436,0.30832389499328794,0.8767300336432488,0.4102170238154427,0.48950024030892125,0.5097595336349625,0.25953917035416557,0.27630124794908767,0.6538570907704799,0.33118723379572085,0.8055803957639337,0.41332406901009294,0.47092842108752214,0.8321730307098226,0.19192744327880806,0.38280689106548005,0.31710972173884217,0.18074245512852383,0.7284578133545467,0.3894715275360877,0.31924388869553677,0.543872329670694,0.6577184573824558,0.37642165929166876,0.751167677621439,0.33900048061784255,0.7719129004458143,0.6365574172591523,1.1699747841362969,0.6644501151825517,0.36944996602529045,0.6667784848936839,0.7030373390344553,0.23487474104642103,0.5555380433881901,0.3038483982167421,0.36302241502179367,0.7874344453835829,0.5256100200533652,0.5397685410762525,0.20182271830822518,0.29347997149439015,0.2839158753045294,0.6173999983426972,0.5461799168033942,0.4619085251661446,0.6629290094300533,0.7392590944496926,0.45421967550009107,0.3717711016092412,0.7507221780274782,0.26261578746747544,0.6126790964384561,0.8828588972306468,0.4894287856941614,0.5915852682344753,0.4411843252291222,0.5834136047995493,0.22572057873017454,0.22050667893070813,0.4808518702663285,0.33572821061005315,0.8662874260428577,0.8261692106266261,0.14276963489616995,0.3263841545269228,0.1289603407414773,0.14169352326024626,0.6237981156465968,0.6068153267372679,0.6824648734649231,0.545812907075026,0.32336679427899045,0.0902917681764696,0.3105695321433898,0.21395481363628824,0.4036534662490262,0.28015673942226416,0.8251578581017253,0.19973871791047249,0.23788740284061724,0.2846670561328495,0.049561883690482075,0.1320005137639006,0.6047456454366166,0.5286152985631185,0.21906272062844923,0.8037157559787202,0.741482822055387,0.8001965478380483,0.3775756227315667,0.3209560731864962,0.26269471651833803,0.22722773827872525,0.19869755050630605,0.40913267538407994,0.3121482457448748,0.35735981703375935,0.27493925156200805,0.6932739190241801,0.7784885314638957,0.6844821591342247,0.4459973731748952,0.3017978256185883,0.3587906494970086,0.3402727671986609,0.908334841478977,0.5400561825684881,0.2362775568040571,0.6277952899451433,0.41173646397852137,0.6176983211521573,0.13680376704950364,0.13780494373456634,0.07582772336299903,0.15720057508410806,0.03416788478430202,0.7459883491605759,1.105459371219278,0.2703784036858417,0.448280249921278,0.26025418054657845,0.7967817166343493,0.16113917201146855,0.13073983658993354,0.7887827275891214,0.3021863637116956,0.30789970002817413,0.4064190076070204,1.0083822983476691,0.345948084986493,0.3748366893717164,0.09347051658131558,0.8627695188849663,0.7572752034339315,0.4188183347420407,0.2464716021147185,0.34235357728832094,0.7925904473060543,0.18555880939359296,0.18729318517045362,1.8538766386582475,0.12986859245264257,0.27588889441323194,0.3910585193655844,0.44508809393592863,0.2320439848191054,0.17288693879580372,0.6876778783208208,0.40395207079998013,0.4300442914201429,0.24223732577603208,0.8275408442301002,0.628315127860919,0.13483190805283485,0.3964420772634614,0.2338713850080379,0.1469938928387942,0.37172685162167085,0.9268781136578333,0.0,0.2898743432937238,0.4002483136942939,0.3252502941712658,0.2687290641210494,0.33884611942524734,0.25820758547539735,0.10710518072888184
193,0.13396034902799184,0.12836226155554453,0.42389449609705165,0.424351389648486,0.3508038913472216,0.31258510250418464,0.21652822386847642,0.12034502560532988,0.07562384195959496,0.13164453338636703,0.12646267753857374,0.1019400719269461,0.9017958700011601,0.07171314572664444,0.05404551782429276,0.28816555627372015,0.33630101592668094,0.11219915809012419,0.25673464094532567,0.0626446576840849,0.6754913737383782,0.24134178557815006,0.9645935216029434,0.20107503438903526,0.3170046818807073,0.5383937254512009,1.275830118165697,0.5794949369396246,0.11266676610484094,0.3894894678400372,0.8684890949468831,0.48832439218415935,0.43972530204345456,0.03913449841727573,0.6850277846832067,0.1374041996055619,0.2143988630902069,0.2428424816453703,0.03160504814464939,0.03403795223653027,0.4070343558892258,0.11637605031571621,0.582316652579592,0.13735486169807254,0.2015620245612291,0.620655239563135,0.1273525580470343,0.12284328543727935,0.04467847494986658,0.18921501847892747,0.5022765707088285,0.1281291950479789,0.03718019854488804,0.3199741046421055,0.4182591856013523,0.09837323290077722,0.5213493843119706,0.05937433500720918,0.5477982979499164,0.3899494854074479,0.9808713518619799,0.4238154178889275,0.08484070833126171,0.42453693299524353,0.4702118198843201,0.05509948789340228,0.37265306020981454,0.0782786506239745,0.10277655413579938,0.619713800361292,0.2669399890618009,0.30534473557732134,0.09576612141401082,0.02508773761580403,0.0613244833358193,0.3658090041266843,0.2900353336979401,0.21690673527900695,0.4387935249175491,0.5584572084389863,0.19949321334460304,0.1350922703392499,0.5087253931951142,0.03128384626858248,0.38799139859792175,0.6849346028273586,0.22583714513001538,0.3545683140257545,0.22351687963008995,0.3469690664412735,0.07807197666517508,0.07850160758381806,0.23084519133562037,0.08379834766900343,0.6610714960473326,0.6065743051757571,0.2677000447471784,0.07264652214985332,0.19481842589370058,0.21841673710204013,0.395817390079385,0.35372823546959675,0.43459366247369025,0.3229559488887783,0.0815880110707834,0.22354266726329575,0.03235958501135254,0.1403416447074031,0.20491061336780525,0.028078448433020015,0.6085056928354796,0.09607919421932744,0.06674843799201174,0.040732635608810214,0.25954408425727965,0.23718318169011754,0.3566675201776629,0.30674965610964705,0.07208146472430767,0.6075676925371649,0.5089860620825667,0.6057660634084092,0.09475373307479408,0.05084622714993621,0.0718457631051227,0.06427505427667014,0.09118691890816885,0.134507573874277,0.030741212151344902,0.07437917433169261,0.06388199174663146,0.4548359601584382,0.5839273521271482,0.4490932730075073,0.27115954026417405,0.13209655446726,0.08076668489699858,0.06161881204527751,0.7009867912958451,0.3156553804338819,0.09295743217487859,0.4095207245728301,0.13741836125888732,0.40615994630338587,0.2555647342514792,0.15395000745786308,0.22233238867067734,0.135289853991614,0.2785292431097632,0.5208546213891514,0.9123110923283448,0.030195619748421377,0.17729776761298663,0.05013576625399828,0.5698462685825089,0.23638861267173794,0.22538905185700786,0.5687713253451332,0.04891280929415469,0.023982813768872534,0.12333824723644736,0.8615481777954554,0.059751794030394934,0.20998682444190325,0.21713050431727401,0.6791984785959329,0.5306869934867996,0.1399681714977046,0.07740138219062291,0.06524946551981302,0.6515453520940023,0.12839972488771775,0.13551607583818093,1.7069946883441889,0.19448353469563634,0.07061926780357645,0.11464174083097162,0.1769654203748819,0.08842488274581943,0.20060849533469227,0.44644186181408374,0.13173519614179882,0.15561468536104345,0.0515873812956794,0.6119502146207261,0.4052001110392947,0.1666823696116939,0.13854933790748936,0.06476709093621036,0.18428469977957865,0.094010880193573,0.7356897943287095,0.2898743432937238,0.0,0.15634528248728025,0.19138070733687995,0.08732653839142182,0.10711700558511081,0.11304139114005865,0.26147739438837236
194,0.2890360214786456,0.03563165614279321,0.276260014252805,0.2793846517177945,0.19592943204229432,0.43505587596745054,0.33534515818956234,0.06095401813089378,0.10666499279073235,0.028940809426738927,0.2754309236149092,0.2522447007739604,0.7461210328311704,0.0953159896584299,0.19158793649215264,0.13314217172972695,0.19331727406818144,0.26721453786108484,0.11795043835661849,0.10629148643497571,0.5206503256600208,0.10674840484595369,0.8084136047995492,0.06785960158438153,0.16072787914947217,0.38803488622615545,1.120017973450007,0.426632393642586,0.05704451515603508,0.24724622549263325,0.7129040338752713,0.33223007507582153,0.29348056812343604,0.11986001591010789,0.5298588060789869,0.023077843517459704,0.0900874558743101,0.10987594259102736,0.15979313545136653,0.14260493213344602,0.2627491837783192,0.07760835446394537,0.4304378014219659,0.05411808283199918,0.07358206135335355,0.4658911400586684,0.28112292215648255,0.03875205091234527,0.13558364407762807,0.34423008336233624,0.3503934934287939,0.03375373307479402,0.1577410464210544,0.1654951606755167,0.2704381577420905,0.07849897247219877,0.37146378793152024,0.11630534148726364,0.39422657816669143,0.24499879016887918,0.8248813453984984,0.2763977941298331,0.09212367622930441,0.2780057508410813,0.32018367888098903,0.18724236397686403,0.21764735908782049,0.09902554732428441,0.055247559621472035,0.46468557649281567,0.12921776960175013,0.15269440991730063,0.24226825104824404,0.16910974659838576,0.2163436086113459,0.2238763403437246,0.14959480601269498,0.06521008800278426,0.28372287409469826,0.40344134805018317,0.05730696564411073,0.034802739521702375,0.3628243176055287,0.16378642337460023,0.23289699862443858,0.5292265367341189,0.0929826066060094,0.20423575962478652,0.06771492732726764,0.19827488854637965,0.23068357115630025,0.22317501947330914,0.08402356684731271,0.07491185634498419,0.5062478165034223,0.45417754686023976,0.42271510963058706,0.08461940867432338,0.3414453338636703,0.37333837982067974,0.2439045973582592,0.21202157808382638,0.28818692719468336,0.16714193142080577,0.08136101029185103,0.35139140522713325,0.1431370092311772,0.29535339498500157,0.049889946800576714,0.18307107343509155,0.4536789472811945,0.22914391189777758,0.22028914963787935,0.19017180430567296,0.3805403553257428,0.39218021511791706,0.21171723926482042,0.15172370274615088,0.20487599231011458,0.45233232237856114,0.35908016374152696,0.4505528513896485,0.08127089444637796,0.10600842738527319,0.22685264091217952,0.17698963357032757,0.20720955766585455,0.03885302209184779,0.13116687382952985,0.10306125391537817,0.2188868310711149,0.30619259517061925,0.4285136727489683,0.2997464492285254,0.11613970234839821,0.10037542882712674,0.08575897843848924,0.1559530403221797,0.5455242877740764,0.1606426689205986,0.24797675632675387,0.2537071214305839,0.03313085235088417,0.2503860852848076,0.410564319925753,0.269085690846716,0.3396026450554368,0.24556201627471447,0.39873713518619797,0.36859271781103425,0.7563670594474553,0.14540743963274164,0.05194269046553636,0.20511442019257867,0.41933668108520206,0.3913909163227764,0.38040562488606045,0.4157175292928289,0.19322015611793364,0.1349839407348481,0.06469899235983356,0.7065233016788477,0.10120606075672452,0.05507623593364158,0.3541613301513118,0.524182750791362,0.38108565770065805,0.04291008303087554,0.23240106730307095,0.10348660899252557,0.49652047597739435,0.22154911417159717,0.2912770927592435,1.551990594806013,0.2924434279653292,0.12442466729644175,0.06945847627570892,0.04648675814978705,0.24344337824624201,0.355623560218101,0.299675723827044,0.036307877160708664,0.050134664147566295,0.19537010888480086,0.4575268565935796,0.2516809940502826,0.29509541921476984,0.022569573575962475,0.21921225906959013,0.3390655877624753,0.07678087969638213,0.5805733687996153,0.4002483136942939,0.15634528248728025,0.0,0.11856939127264288,0.13455072175541521,0.06158845854256781,0.2680646430998194,0.40062411541457427
195,0.3251623328195695,0.12273753293889522,0.35123085400818715,0.3660220089825818,0.24344754636304874,0.4135948723048111,0.33190359469000147,0.13034947546363046,0.11618431694260761,0.11401362302988116,0.31177563433268696,0.2786440361954955,0.7808256765939111,0.13166149588160228,0.20917751371418153,0.22409300783904268,0.28703685013009833,0.3035597291967053,0.22441860156780866,0.1365559174000232,0.5712049172177199,0.21564382074611774,0.8360517078506438,0.18050748272261724,0.23997112978339052,0.45704536866703116,1.1189960556190854,0.4882334394007192,0.12888240607235782,0.3393911151991249,0.7482045111785082,0.3993290740648669,0.37583058221051063,0.15228295132501368,0.5614883077280035,0.13345299888960707,0.2059508195362867,0.21937532938895238,0.19571682493909415,0.16336743234060896,0.35113585740565806,0.07861371583884387,0.4944967765458495,0.1489636967798605,0.18457331908052835,0.5185676262450487,0.31003898805084606,0.11001734367490347,0.17192422811117186,0.3805755895855086,0.41930307926879795,0.11954811978985398,0.19408542567825124,0.2451902252274648,0.3532583818094433,0.11821511791710178,0.4421372081075259,0.152639776927029,0.4634223470723744,0.3346966058436501,0.8509653292232219,0.3601979979780905,0.12861162763718323,0.3627066159531978,0.39575905301712005,0.22031821044432293,0.2525196721854854,0.11331386002419658,0.09860082202224102,0.4728989791014103,0.23216754503720655,0.23834865509869246,0.27056778368882484,0.20539403205223813,0.25268505444240047,0.3167479076550821,0.2496372743996421,0.17112368451581894,0.3559654120883675,0.42527130048558964,0.1654611528199009,0.09293733737715242,0.44570881187954725,0.2001267422396792,0.3066465055768243,0.567958492848738,0.199212051906727,0.28846323273504704,0.14151236347967322,0.28069482424302694,0.2670290773794726,0.25952052569648154,0.18852578763320577,0.11126153897147784,0.5505736836871676,0.5139846616616119,0.4590606158537596,0.11937483219808084,0.3623536932995243,0.4037691045592403,0.31682220454432447,0.3075883673909081,0.3833062944364341,0.24132235370158603,0.10999979283713684,0.3661815326737268,0.17940652811614377,0.33169890120817386,0.11947755183214835,0.21940418303253284,0.5133138683107111,0.2619958733157658,0.2566302142892657,0.22651731052884538,0.33837501450140034,0.4285257213410895,0.3045661015263759,0.23085599695056264,0.2365879447786673,0.4906790550058833,0.4337810619997018,0.4871106083958964,0.12008796963821071,0.14200018230331957,0.26319814713535195,0.1930652645884088,0.2085744543330185,0.1330322676875652,0.16729033460945658,0.14340037952236534,0.25522338785859894,0.38874514824574485,0.46400243623527077,0.37876901340758046,0.14774979698039412,0.05939129750244452,0.12209215432804661,0.19229854654535208,0.5942198163708381,0.24120780092477498,0.28431800328145973,0.32257522497886937,0.13710285221829993,0.3120377285006382,0.4468594441406054,0.22389245761447818,0.2832046520492551,0.18848802598650952,0.3495481115033393,0.4365685791942194,0.7873950430070105,0.171579989724722,0.16654481347055802,0.24142600142528048,0.486413820248927,0.42773642254594874,0.4167496229635891,0.4774523193954159,0.2295656623411061,0.17132666268913968,0.13797383118712606,0.688286199638708,0.13710291851041614,0.08024162647707121,0.37146787318318164,0.5470000580056017,0.44835131506985537,0.14560892623344765,0.26873212184490963,0.13982896634017802,0.4709656026782014,0.15026529276255823,0.32505855251164256,1.5302676875652559,0.1959845456504085,0.12090260859477286,0.135690274946552,0.16281535988332585,0.2797854538524005,0.3919690664412735,0.383070650822851,0.12742238850494703,0.1563047614312468,0.23171561510797328,0.5154654286613966,0.32369615008535113,0.2904060226387577,0.11860425263925486,0.2555499096769917,0.3734079119640697,0.11736929680637734,0.6098628747576196,0.3252502941712658,0.19138070733687995,0.11856939127264288,0.0,0.10688910157609505,0.08559802946684564,0.3043778982084556,0.42971779446129377
196,0.218477245231111,0.12643640928752548,0.39896764944728946,0.4107359004955336,0.29361229055834537,0.30901701221432243,0.2252509570924278,0.13338412138086478,0.035533684681549264,0.11313247650773134,0.20511190937867715,0.17203130645188025,0.855870978968826,0.08215934138782548,0.10248039410663087,0.2568513316428845,0.32616695669467505,0.1968916786821128,0.24803013805333204,0.08195417557466982,0.6372026549992543,0.241251827176453,0.9142809211289549,0.20190811084041835,0.28171926117436485,0.5133479673179866,1.2099874459304925,0.5485101344072655,0.1262618704320589,0.3800769320008619,0.8228574802366627,0.4530248346840353,0.42358532624007683,0.05972393476855767,0.6317343592038317,0.14229030974991305,0.22206226487015038,0.24430894612108256,0.0899517724854572,0.06332793052586225,0.39457027792969723,0.06360684631830159,0.5537763552594508,0.14514933956479223,0.20432282603291407,0.5836273305822104,0.2033728102885364,0.11538315185866518,0.06828080511775138,0.27390753907091603,0.47500142528049855,0.12161296176602196,0.08756686388571239,0.28300367092593515,0.40011039294651896,0.1081166326919572,0.49730614527917283,0.07080611213311463,0.518089138036759,0.3769248744593049,0.9305804952021082,0.4065679991382026,0.10202914367158887,0.40863436583304336,0.4475309335587265,0.11372177198826633,0.30361275460315884,0.036223048111503314,0.0951785661015264,0.542112663451499,0.26200788876182907,0.28134544821757085,0.1638997331742323,0.09874586917250869,0.14602260561162764,0.356771665092229,0.2835824259599928,0.19848718904854237,0.40789220073252797,0.4946334128838728,0.18892026715722837,0.10491179005286799,0.4931415751006811,0.09347606025953369,0.35724176734781815,0.6368964517144797,0.22464113591541132,0.3334789191070453,0.1837350138384793,0.32555727638840554,0.16037191534496764,0.152852475181889,0.21762407398200173,0.06857625250667068,0.620635592237193,0.5756425529093951,0.3523925653391671,0.05808577371186133,0.25568971975007876,0.29710105404464776,0.36866064237060603,0.3454237060607568,0.4212860007623594,0.2899336747377318,0.055431959429224895,0.2595135815973086,0.07274596861068294,0.2252412784434611,0.13999878188236461,0.11326877309865922,0.5743769535457997,0.1553327118447438,0.15005452526558283,0.11984926001425282,0.2472951242148527,0.3218576708264969,0.34417787003430617,0.2677716319461708,0.1299198942640747,0.5560081539302938,0.48633028389598765,0.5527096156714564,0.10952422976847473,0.06275867183745172,0.15655666318633055,0.08681896451714483,0.1019064038184259,0.14113603970897753,0.0631749780407365,0.09302288735312159,0.14859290840086847,0.4357084804189663,0.5325478297618458,0.4277863405094548,0.19072595667810205,0.05173909080362616,0.09058524337493173,0.10597105520475977,0.6602443195942922,0.2793898307893734,0.17766062579757702,0.37213444041167404,0.14380534148726365,0.3630991895788794,0.34017927874177556,0.13473976201130272,0.205219310893452,0.11306243888695537,0.2642823215499097,0.49277656242231394,0.8640275278012561,0.06517460514758289,0.18132440047067405,0.13477440792853704,0.5440922454797062,0.3210683720313562,0.31008157244899653,0.5375412917018844,0.1229009761514112,0.06772266693183515,0.13819956412933596,0.7782524486650425,0.0796633272013126,0.1295417060276107,0.2648001872752283,0.6192431097631715,0.5030183877757337,0.150393667445599,0.16208143986476412,0.07405630686620597,0.5679083677223685,0.09619973814614098,0.21839050199704999,1.6301202953313776,0.1666350287542054,0.029914135136478903,0.12298823314937271,0.17823827872520262,0.1731217620444489,0.2853010159266809,0.42991730887154256,0.13616097383118714,0.16235972588209951,0.12506113790417475,0.5772290061154475,0.37101470856328417,0.18373823729263,0.12869254545153216,0.14888267124082266,0.26673986144947714,0.10345639636056284,0.684190763850909,0.2687290641210494,0.08732653839142182,0.13455072175541521,0.10688910157609505,0.0,0.07406357413944546,0.19777497969803942,0.3230497439467011
197,0.24070189263991779,0.06670661595319775,0.33185332869288525,0.33769246258638697,0.24434259765657373,0.3754197202472695,0.2756824856228973,0.06894967599728202,0.050337211422131614,0.055328104542667275,0.2271653408243425,0.20001730224233083,0.7985990818541903,0.04705120237325776,0.13782526226818476,0.18558526823447521,0.2524125524122044,0.21894943568836076,0.177897288652447,0.0560683305987835,0.5744043156167652,0.16783602645055437,0.8598747659059647,0.1292677787169161,0.21293500886657057,0.44420035134821595,1.168745811166907,0.481785114105305,0.06680534977377815,0.30634032715159354,0.7654169194053596,0.3849816619433534,0.3512664943071646,0.06876878138517377,0.5781447902683173,0.07379328460862793,0.15132728417772912,0.17105155040686787,0.1110973499726545,0.0877873846102852,0.32128187407812525,0.0316674373125176,0.48607967483716985,0.09216755332372094,0.13407600391123484,0.519926042857853,0.22995334692321712,0.047249622963589075,0.08731625482689472,0.29596529607716404,0.4062117204461459,0.062490072755597516,0.10947513216990667,0.21866604517807722,0.3279126767099223,0.048872976018827036,0.42787264455824586,0.06802771010457583,0.44954774689670024,0.303550622317241,0.8766433567013044,0.3341114453338638,0.050532284260594314,0.3359434693979017,0.3768918775584613,0.13613281625482695,0.26593165282818737,0.03956682245313971,0.030388082334808348,0.5129566946750858,0.1893508013059548,0.20959033129485086,0.19011145362037823,0.12081572448996497,0.16807621936061257,0.2830206417076849,0.20953650209648828,0.12444411574603491,0.33878745918891595,0.451731922968561,0.11665014335670129,0.042689960058999936,0.42067966820795843,0.11551903412386687,0.28800624803195285,0.5792113392664776,0.15290020550556027,0.2613721225078308,0.11751618356286982,0.25477600722584065,0.18241878387112812,0.17491023218813706,0.14357064253633645,0.029226180413994298,0.5597539733837155,0.5093290740648668,0.3744503223454151,0.0347699912162946,0.28784827391902407,0.32258458874028406,0.29963956147765136,0.2714831369429391,0.34739420606904325,0.22125616931006478,0.026017534264737577,0.2931512786091915,0.09484137953893833,0.24708860769982932,0.10022274979698037,0.13479466845655375,0.50829158587315,0.1774147814846119,0.17201992078092115,0.14190701702050085,0.32050356320124623,0.343915427832745,0.2705427252688974,0.20000350519564458,0.1519922189628599,0.5006049818525332,0.415731450637233,0.4988217156399676,0.05055737582657982,0.05728256185883095,0.1785878536270074,0.11718446609986909,0.14699778750062148,0.07298214256119592,0.08270017733141088,0.06684522448167855,0.17061480137224683,0.36357470292845423,0.47684536535242544,0.35641445831054536,0.16440659440825997,0.039327284177729155,0.03995152389002145,0.10803829198362583,0.5973823397802418,0.21197603539999005,0.1997093670760205,0.30471787732643885,0.07792973864333183,0.29966736273388694,0.36226802731235197,0.20842507333565352,0.27884787616632695,0.1843042725268897,0.33832817912129803,0.424288420424601,0.8082426788644161,0.08919787368037262,0.11206914267720709,0.15682296690366102,0.47537774905119423,0.3431261290376043,0.3321393294552446,0.4708605876796103,0.1449553688327616,0.08671356833888531,0.07498827458194529,0.7547927459851838,0.052494895507051845,0.10324145246026611,0.29858326289795983,0.5724683538010243,0.43619719418618147,0.08859438340045409,0.18412292215648254,0.05521123154178893,0.5447883955650575,0.16032589204328876,0.24146630703193622,1.6002753691642222,0.23141979482590033,0.06319692073120202,0.07332849400885001,0.10765548815857076,0.19517598899550867,0.30735877293292896,0.35744429804935457,0.06779507449576558,0.09872701735196147,0.14710532159962875,0.511906279520708,0.3044953595518654,0.23655449211952476,0.06238344188667361,0.17093961616864717,0.28915702116375813,0.04607861416331066,0.6301913604799547,0.33884611942524734,0.10711700558511081,0.06158845854256781,0.08559802946684564,0.07406357413944546,0.0,0.2197718308225194,0.3461096057276388
198,0.03536556787484048,0.24127086958683439,0.5367752780125624,0.5250193075788464,0.46380507631879875,0.27251712822552576,0.18356061585375957,0.20790112530867266,0.18819358126584793,0.24096106995475564,0.07972984305341488,0.054395291602446175,1.0106039128921593,0.17389273935597208,0.09572853378411972,0.40116645950380353,0.43659499660252904,0.03582050580884675,0.368861134589569,0.16789587994497757,0.7838951507316991,0.33732679527337217,1.0757421070949138,0.3000392283597673,0.4286688874525596,0.6423651286895706,1.388038681449808,0.6861897528961369,0.2116657800096123,0.48795483020931724,0.9771403072639584,0.6002797195843483,0.5409054591557699,0.15210288536435798,0.7978884635144765,0.2476736521984123,0.30257384941745796,0.33552920996370506,0.1087693282951325,0.14120261356668157,0.5070898175309502,0.22935527602379888,0.6878221879712956,0.23313549279901882,0.30326862394139764,0.7295845804537694,0.06697987205621572,0.2304822834319429,0.13599681797842192,0.09192836308192048,0.608429978952253,0.23972323041482288,0.112647052486783,0.43297774242198245,0.5214186927194684,0.19303624521453785,0.6246992160957259,0.15468351315069848,0.6560374881917168,0.4917096985366015,1.0900738162713999,0.5293183015959828,0.17881449808581518,0.528386110144351,0.5778946535408277,0.08409172342929117,0.48567625416397353,0.19128104542667257,0.21301213145726644,0.7327151179171019,0.36610839589651806,0.4152825618588309,0.060885836689371683,0.10031799499494524,0.07070762690796999,0.4638048691559356,0.39058034604484665,0.3271842092179187,0.5492840782909891,0.6714669782396129,0.31250957921079237,0.24799865758464673,0.6093786605677921,0.10536789638542242,0.49929021859825323,0.797255431810272,0.32312068479756045,0.4620821359319842,0.33577088615986345,0.45309821177016524,0.05343514973731749,0.06598922753111587,0.3372338868725037,0.19352180181971865,0.7689294734748668,0.712162970881188,0.18344360198213427,0.18502340111702215,0.13501308440643695,0.13644246672964422,0.5013463763071976,0.45436531099289024,0.5429363015628367,0.43385242546280184,0.1944014899153118,0.17929494191153314,0.12694656026782017,0.048882778965511506,0.31791821210162574,0.08616309517890575,0.7186394951855349,0.06739054342962263,0.05089493528232157,0.09449478778236302,0.22093942557881302,0.171982490594806,0.4600294336995971,0.41975551467541716,0.06998175309501319,0.7203647143638442,0.6154676825933476,0.7185846301728568,0.18831233530552377,0.16266678267787002,0.05537380467027957,0.11134501731881538,0.106170403884718,0.23192233878585994,0.13729956578663882,0.1659950695238569,0.0577631382687814,0.5599537695354581,0.6965512023732576,0.5605671539137207,0.3841720943336814,0.244986600706011,0.18307438804090218,0.11704299043736228,0.813554011501682,0.4286731384345116,0.054314324069010086,0.5217400768988547,0.2359146157543214,0.518442856195827,0.17869437677124256,0.1278904191319047,0.18721459586668657,0.11901072274979693,0.23936961998044382,0.6288520111370755,1.0225221581398432,0.1328069739306253,0.27039156267090925,0.06620108884800881,0.6738115563731585,0.14004080279752734,0.14486427517857442,0.6763973135119906,0.08858498649298135,0.13321731384345117,0.2110630769485739,0.974555693664131,0.16732251114536206,0.32299327963671914,0.16876060259533637,0.792211645867515,0.6428280548235801,0.23010054856726167,0.05716568885795253,0.1659012578929051,0.7645528679626776,0.15876467127396876,0.07193108934519958,1.8200194898821662,0.17936960340741476,0.18347727837716904,0.2045767165514841,0.2783310794013822,0.04393257263129983,0.1009797063259252,0.5488920764348101,0.2332791312418171,0.24900603258257517,0.07598224199937023,0.7205819536286646,0.5182133114569348,0.12363567510233843,0.2515495119242944,0.05792086378627418,0.11646399509438339,0.19372647872851725,0.8485880773628993,0.25820758547539735,0.11304139114005865,0.2680646430998194,0.3043778982084556,0.19777497969803942,0.2197718308225194,0.0,0.20794476209416796
199,0.18879449443974872,0.3804404448200998,0.6741322610583537,0.6788083660650658,0.5891339515073171,0.07265730290525199,0.09781419977129223,0.3815977891579243,0.31353347751868604,0.3727436483866156,0.13840348696531266,0.16891061336780527,1.1446902749465522,0.33143552263047105,0.22394771209333933,0.5279049039592967,0.5918769369727703,0.2131683571156301,0.5116543197600225,0.3214779910174182,0.9202838379820679,0.5001836705944744,1.2059206649099252,0.4597896053961783,0.5588342531364459,0.7886243474369811,1.514279272112564,0.8271088930873896,0.37346216377467323,0.6456402575448715,1.1114987984553932,0.7306912776148096,0.6933249722401763,0.2861143207544043,0.9235177414276008,0.395703881403404,0.47535162167089273,0.5023558395067866,0.241785271549081,0.2667344917880641,0.6619414226288138,0.3546951722766371,0.8309902053398298,0.39675341818724214,0.46168732494738063,0.8657557135517658,0.1502061767679279,0.37540046238751057,0.29365125374964784,0.12131333797378148,0.7509909428396228,0.37688980592982985,0.2909288768458212,0.5599234160327484,0.6705790202025221,0.35889855648916935,0.7719496511377386,0.3198615572018097,0.7947008071065149,0.6442900860140209,1.2227019174994613,0.6763823232072126,0.346068164868493,0.6777936575017816,0.7205562985796916,0.2140013341288387,0.611010283564527,0.31662094167951077,0.3534866835711563,0.8580550141699399,0.523857795124215,0.5531716551484114,0.16891634763585742,0.26397829761845565,0.24517907986542703,0.6221296342332485,0.5467453305490645,0.46515744377599877,0.6840413828535441,0.7968000132584232,0.44975270554699287,0.37334057574702934,0.7625862543297037,0.24433488291154976,0.6331496295928006,0.9251986691857671,0.48419146820464376,0.6046247037571058,0.463581705033229,0.5970194235900494,0.1914870233182519,0.19075732113558397,0.48313980178657245,0.3319731351199059,0.9056901589353489,0.8546467873183182,0.03823138434511673,0.3165688526491987,0.08211335123220474,0.08215699630421454,0.6444690332952153,0.6099618406006067,0.687119102073286,0.5668735395018147,0.32055131009794663,0.06353626178756692,0.28970358308888106,0.1623914549462205,0.4432581083544639,0.24604474717844166,0.8538775833209034,0.17157001276123235,0.20915246358076858,0.2528105371318716,0.09653325378279387,0.03868482241999368,0.6107790318036426,0.5450954109282553,0.1957992011799996,0.8461802565504897,0.759501955617428,0.8441386168149954,0.356179237309203,0.30239747095576663,0.22163889026997458,0.2368697028455891,0.2211481463067005,0.39447662374252146,0.28920693912726436,0.3304036941281759,0.23651674704585757,0.706411218283366,0.822655131838446,0.6995468519531313,0.5095119905865196,0.37032649695884917,0.3404758365236414,0.30248111503339464,0.9432181093488455,0.554290782081241,0.19306171796019161,0.6506530684963291,0.39687977924725293,0.6456794030394937,0.037402144549959465,0.20712298844859878,0.14995910605081292,0.24211974013490437,0.0865453769535458,0.7691758646977908,1.1542847826447238,0.2581468204643763,0.43666505079633405,0.2310895192164272,0.8199472563350402,0.07705996121911202,0.0642832744990802,0.816148452907738,0.2653784534049288,0.27844993287923236,0.38464623212184484,1.0998955899169691,0.320474286945425,0.4483331758895574,0.058249921278112016,0.9175423109431711,0.7801056696332389,0.4009335255804703,0.2088509007441289,0.32516947579509103,0.8898927642155156,0.28127883292729416,0.14305752498384125,1.9453519116989015,0.23433466746217205,0.3088151858665208,0.37288253865659016,0.435172591524553,0.19456123734234904,0.11356470110542102,0.6995872487114472,0.39071584713038005,0.41508281542617553,0.21590393443709704,0.8575880193572978,0.6468032781451466,0.13931177182253598,0.3865389051857007,0.20465229785047803,0.09156331725749513,0.3538162216808366,0.9760270140373557,0.10710518072888184,0.26147739438837236,0.40062411541457427,0.42971779446129377,0.3230497439467011,0.3461096057276388,0.20794476209416796,0.0
