,0,1,2,3,4,5,6,7,8,9,10,11,12,13,14,15,16,17,18,19,20,21,22,23,24,25,26,27,28,29,30,31,32,33,34,35,36,37,38,39,40,41,42,43,44,45,46,47,48,49,50,51,52,53,54,55,56,57,58,59,60,61,62,63,64,65,66,67,68,69,70,71,72,73,74,75,76,77,78,79,80,81,82,83,84,85,86,87,88,89,90,91,92,93,94,95,96,97,98,99,100,101,102,103,104,105,106,107,108,109,110,111,112,113,114,115,116,117,118,119,120,121,122,123,124,125,126,127,128,129,130,131,132,133,134,135,136,137,138,139,140,141,142,143,144,145,146,147,148,149,150,151,152,153,154,155,156,157,158,159,160,161,162,163,164,165,166,167,168,169,170,171,172,173,174,175,176,177,178,179,180,181,182,183,184,185,186,187,188,189,190,191,192,193,194,195,196,197,198,199
0,0.9999999999999999,0.5576575680737168,0.2096736770579559,0.174008518536933,0.2783854555097035,0.6111470193407249,0.7363231077744079,0.5975322759740798,0.7371600457415601,0.5693166940121646,0.8915543843948358,0.9364921526707437,0.006463481330482772,0.7019589320340078,0.8898556489169526,0.3702083229751902,0.26543363330515923,0.9268880823348083,0.36243557234955837,0.7060110376373491,0.03000546909958733,0.4147814846119425,0.008187076351944846,0.44021279769303434,0.3204478032449991,0.10009280896269411,0.00232851058187905,0.07195180563151528,0.5965876133180861,0.18149124115414575,0.02791726743896982,0.1349541755746698,0.16982382870117171,0.7415353254114255,0.027453222625499263,0.5425595386068711,0.44008849997514043,0.41348878834584596,0.8454399310561991,0.8016788478430203,0.17575697310197388,0.6524304347105521,0.07553157990685958,0.5473242844594707,0.4394504383566184,0.06383102139578051,0.9389449609705167,0.5921128954739059,0.7540645353751305,0.8622284094864019,0.14742537993669103,0.5539700691095311,0.7895473905765757,0.30188601070617677,0.1570211637581001,0.6390311407215896,0.12737201478314192,0.7448830772800344,0.08281542617544208,0.19977957871360147,0.028928222211173533,0.15862046106166824,0.6568637199821011,0.1593082417673478,0.1620842241336449,0.8950761530684963,0.256376472927957,0.7312186148262318,0.6364540347039227,0.08882314920698056,0.3892921659291668,0.32117701652330993,0.9188335902152835,0.8088301098791826,0.8407663368633886,0.19967185402476012,0.3571902086544358,0.42756757652596167,0.1432075440428247,0.1231541788892756,0.4524602661628466,0.6001342415353255,0.09753227597407976,0.8370954109282553,0.20329306087273574,0.027453222625499263,0.443452824872802,0.23207212582243658,0.46447571222592354,0.25116425529093955,0.8860852848075043,0.8870796665506554,0.41206350784732926,0.6629128755862709,0.05725152886193009,0.07338537264455824,0.7395134158670179,0.713883226437296,0.7997812360165066,0.8200417640332123,0.1974179220736174,0.19559488887784018,0.15873647226503587,0.342249622963589,0.7138666534082435,0.764762425628532,0.7870282901605927,0.9069673014136794,0.4752233215664827,0.8534529906030925,0.046338189230845726,0.9118894910422779,0.9111519912494407,0.8089046885099189,0.6830242463415037,0.7476756326753841,0.23005021627802913,0.34984007026964314,0.9067767115795754,0.03360181640398416,0.1384096521321202,0.033552097316826596,0.6423954656192512,0.7091930592154327,0.8756111304463117,0.8518039742123669,0.8828452576277366,0.5614445052122177,0.7552495069523857,0.6567228492351547,0.874790765508212,0.14796400338089793,0.06949899733174233,0.14814630670047566,0.3989956744394173,0.6821873083743515,0.6717960191584216,0.7002187639834934,0.05561908550025689,0.31916339349342876,0.8847594424833027,0.1598054326389234,0.5485009695221995,0.16653408243424653,0.7482225426341172,0.8828701171713154,0.7631134092378062,0.8486053796052305,0.6645287459188916,0.12878900876713237,0.018744095858400037,0.8106945756475912,0.473798041067966,0.8791080395763935,0.04593215001905898,0.8106614295894861,0.7708695868343857,0.10580221747128722,0.8004441571786076,0.7809874210709491,0.5912013788760172,0.011319378842871111,0.6880293011153649,0.5203268201329156,0.761605263594027,0.0284807504267555,0.10989575564725966,0.5456421220106399,0.8952584563880741,0.7216642635774542,0.05017484545650409,0.8666782677870035,0.915146091251098,0.0020136230298811713,0.8220968196357248,0.7789820845555941,0.6006977245231111,0.4751653159647989,0.9547307711430417,0.8605628200666235,0.143663302341769,0.5602346740913837,0.5299474634979034,0.8814614097018512,0.050373721805134324,0.15732776479557167,0.8408077694360199,0.5583287757503439,0.9312633620046737,0.836192180844893,0.6445582459106051,0.06421220106398848,0.6509554351248777,0.8086229470160262,0.5394355226304711,0.6131026367689223,0.754172260063972,0.680065960655629,0.9100830308755532,0.7035085102504184
1,0.5576575680737168,1.0,0.40347867879812394,0.34611942524735245,0.5509206317638675,0.3523757437146787,0.44037852798355953,0.922537662208522,0.7685410762525067,0.9330615356568721,0.5247269593463597,0.5576492815591905,0.033245496279354976,0.8219890949468834,0.6586121745471419,0.6608495334692321,0.5312318732494737,0.5962727257660883,0.7058453073468238,0.8148544059397735,0.08383466746217205,0.7472695934635973,0.0383334161984786,0.8466911947496645,0.5969770795008204,0.18369545401813092,0.015122889010424436,0.1529939176983377,0.9587580172028042,0.4258605545335521,0.06407133031704204,0.23868476441439201,0.30462056049984254,0.7385853262400769,0.08338719567775402,0.9144417375163658,0.7849069424418701,0.7330913671091666,0.6606672301496544,0.7225840666898689,0.371923631482126,0.8663550937204794,0.15033394653540827,0.9029483418684432,0.8471966721357662,0.15648254031389314,0.5464624869487397,0.9083180032814597,0.7620195893203401,0.48060126949402543,0.24206566234110607,0.9633156001922472,0.7579177646298414,0.5785810172525232,0.34990636238585326,0.8611097300253567,0.20205008369379673,0.795132501367275,0.18772270007789324,0.4267637846169144,0.06110475811664098,0.35373473209698536,0.8484727953728103,0.34521619516399016,0.2811200053033693,0.6234442068976946,0.5322925471088351,0.7488440312235867,0.8386201296010873,0.17860753409900726,0.6569548716418899,0.596902500870084,0.5529508278228011,0.7345166476076833,0.6997381461409702,0.4499163062032848,0.6690117502775982,0.8399293988962363,0.3016539882994415,0.20838926730638563,0.8582508825137971,0.8807404829380666,0.1688543065015993,0.6665920880359304,0.4113177215399659,0.08160559505460813,0.7273156664843633,0.4990056182568488,0.8575382422645387,0.5061237342349061,0.5728881817729825,0.5798157079169359,0.816909461542286,0.8097499129915975,0.13477187225509207,0.15756807371683323,0.3964765740234343,0.7828767463829364,0.45429158587315,0.43118049685941096,0.3986807868874194,0.4525182717645304,0.27038896899186265,0.6509471486103514,0.7779462702398117,0.4174994613765558,0.7378063938746084,0.5043918526989177,0.9038432854372793,0.6886176436467294,0.12663451499030476,0.5660849533469232,0.5987586801239664,0.7291055536220356,0.37928205638144485,0.4114005866852285,0.494646911616036,0.6294353569001807,0.5892871940204512,0.11844743863835992,0.24793251462569815,0.14469911665755153,0.8731417491174863,0.742189960059,0.6585210228873531,0.6245960324168449,0.5993470226553307,0.9109282553572315,0.7554235237574372,0.8740698387444275,0.6707684913571653,0.2974775849782065,0.15941596645618922,0.28762491920648336,0.8266461161106415,0.7744659341387825,0.8406503256600208,0.6847312683339134,0.12001358988382307,0.6030345216195163,0.619085500256882,0.3704652049255042,0.9437925719683786,0.4389863935431479,0.4117651933243839,0.5331211985614611,0.43127993503372614,0.5220752746979566,0.3742604285785313,0.2155073832844429,0.05520475977394389,0.713883226437296,0.8719982101128623,0.6404647077346326,0.14357215068198015,0.430923614909097,0.41841926448897065,0.1848307065082285,0.728293475198462,0.7602131291536154,0.8931951142710353,0.054160658943635136,0.8373688659076219,0.8826132352210012,0.44544158835910436,0.08754702596993652,0.18889109862609588,0.946767430683306,0.6349624620891959,0.7983808150615688,0.13583254611445333,0.6035151394620395,0.5411922637100384,0.012761232370440346,0.48577205455841166,0.7088781716634349,0.9324483335819287,0.8733157659225377,0.6147433666451217,0.47112978339051026,0.3218150781418319,0.8842125325245694,0.8989128092941546,0.6308192048260661,0.12360993718821987,0.42047432009148317,0.48299607219211455,0.914060557848158,0.6298745421700724,0.46744228442632463,0.8726031256732794,0.13415867018014882,0.3663716667495318,0.711554715855417,0.9230597126236761,0.7691791378710288,0.7283100482275146,0.7948093273007507,0.5550556025124712,0.39048542402094827
2,0.2096736770579559,0.40347867879812394,1.0000000000000002,0.9350254395995957,0.6652993917698338,0.19033295215366514,0.2196257810039941,0.3982996072192114,0.3184507532441704,0.41913190473822903,0.22772999221067639,0.2380964218830276,0.07197666517509405,0.3485390874890204,0.29309401879381497,0.5678997000281741,0.6954374451018412,0.2241253583917533,0.5242297684747841,0.3038001955617428,0.3689487727671987,0.521420640050382,0.08172989277250203,0.4829297800759045,0.5925272212002188,0.7192197417922073,0.01159283382223769,0.640854173917367,0.3950678665539701,0.8082251943187656,0.16829911002833992,0.8924990470508295,0.9268217902185982,0.2971709839407348,0.3293558063607286,0.42281111718788844,0.4418120949966025,0.5159101078904191,0.2831336283332505,0.3153847428694543,0.8733820580387478,0.34089063458128244,0.5432804653706558,0.40715789124778334,0.47063259251893474,0.4426076003911235,0.22758912146372995,0.38238121281426607,0.3135534231591508,0.1935066872172227,0.826695835197799,0.4203500223735892,0.30471999867415767,0.6377881635426508,0.8476109978620792,0.37406983874442734,0.7424219824657352,0.3494920366595402,0.561809111851373,0.8291320704685194,0.111437047349144,0.9094035366843999,0.34143754454001557,0.8928802267190374,0.9040670213294884,0.27690216940950296,0.6508145643779314,0.33492434412237526,0.36759807089941826,0.5190589834103979,0.5652811614378761,0.603689156267091,0.25398167022986795,0.2842440212797693,0.24399642022572465,0.7378063938746084,0.5965378942309286,0.486899020533983,0.8261406387245397,0.754304844296392,0.4837998641011618,0.4101161769336582,0.7640083528066425,0.29080694078456715,0.7633537181590679,0.326182071297171,0.5192827193026069,0.7087704469745936,0.5097780871409867,0.7666434644259932,0.26241734201760053,0.2643729594457979,0.5097780871409867,0.3495583287757503,0.4152289563963606,0.47322627156565406,0.1680670876216046,0.3403768706806543,0.18966174447703807,0.15762607931851702,0.7260726893054242,0.6996635675102338,0.7404083594358541,0.6124148560632426,0.34287939806758483,0.18823646397852134,0.32257743747824785,0.21204362021246623,0.4256948242430269,0.2776562422313927,0.4743200914831204,0.23286763121695753,0.27973615737748386,0.277092759243607,0.19239629427070387,0.18218730837435157,0.7625664992790732,0.5871741328162549,0.2683421999038764,0.5469596778203154,0.7412287243739539,0.5610550390294834,0.36209582525398165,0.3088052503356038,0.24310976317141486,0.2838545550970351,0.2663037173304165,0.4192396294270704,0.3162465403801853,0.3341454117569068,0.24615091400255226,0.8645320605247021,0.6567559952932597,0.9190738991365451,0.5031654485490313,0.3279968179784219,0.35661015263759754,0.2504433285271549,0.36401001010954775,0.6135335355242878,0.2394388372362817,0.7836556787484048,0.4252059198859776,0.760486584132982,0.16580486915593562,0.22716650922289064,0.19839573078771605,0.23487296773231245,0.18367059447455208,0.7771424783307646,0.10816387411127132,0.2819900893286266,0.4535209400222079,0.28266958351977994,0.6370506637498136,0.16642635774540515,0.18695205422695105,0.5656872006496627,0.2532607434660833,0.27598236629708817,0.3816022804487976,0.1144367656076501,0.32328179121297995,0.4106548003778651,0.19510598452079086,0.34494274018462356,0.7507333565355739,0.39370059165713717,0.2577271747957374,0.3516796764944729,0.5546164172425795,0.2926879795820282,0.22927957042708697,0.007897048343525746,0.2388670677339697,0.3247899368567593,0.3992442698752051,0.45160675516664184,0.2559952932597491,0.18873365485009697,0.9170437030776115,0.4195793765226471,0.42958119955584284,0.27648784368319,0.4664644757122259,0.7824955667147285,0.20149488722053732,0.4253799366910291,0.2800096123568504,0.19609207974941578,0.3666699812724772,0.28116972439052684,0.19262831667743913,0.28585989161239,0.433890187109498,0.33725285470425426,0.29912660136893215,0.3654518636371169,0.19256202456122906,0.17594756293607783
3,0.174008518536933,0.34611942524735245,0.9350254395995957,0.9999999999999999,0.6786075340990073,0.1612970052536502,0.18173155007540728,0.34674091383682193,0.2762806808200335,0.36901506488340874,0.18196357248214254,0.18067916273057225,0.054135799400056354,0.3064850262682511,0.23352226586453206,0.5772303153847428,0.7208521851538805,0.1955948888778402,0.5113773844445549,0.28609191401912526,0.3188153598833259,0.5347370688940818,0.056016838197517356,0.4673511327665357,0.6049818525331875,0.7050415154377766,0.0040355325742886024,0.6152405575166973,0.352160294336996,0.8485473740035467,0.1300651320041764,0.8405260279421269,0.9574570344221813,0.2530121480302955,0.3161305291768176,0.3833175889557334,0.4734251479142843,0.5463961948325295,0.240342067319644,0.2751537148444621,0.9065944082599976,0.318914798057641,0.5564808830109879,0.3727025638475945,0.4832778136860074,0.4615754321417325,0.16980725567211918,0.34052602794212694,0.27265118745753164,0.16040206168481413,0.7969472480485258,0.38649961053381726,0.2815923366313661,0.6579658264140937,0.8855549478778236,0.33475861383185007,0.712482805482358,0.31240159764000064,0.5642702066656723,0.8669682957954226,0.09078705314970417,0.9324814796400338,0.3021346061419646,0.9308987553655181,0.8262732229569598,0.2329173503041151,0.6645950380351018,0.28497323455808016,0.3209035615439434,0.49407514211372416,0.5879364921526707,0.6471104923846931,0.20099769634896172,0.2460514758282371,0.20814895838512404,0.7776230961732875,0.616922719965528,0.448872205372976,0.9009347188385621,0.6994729776761298,0.4689504300701039,0.3540579061635095,0.6533999569101243,0.24012661794196125,0.7767364391189777,0.2735709905699465,0.5127032267687566,0.7405160841246954,0.4665390543429623,0.7938812376738096,0.2142478330764514,0.21206019324151873,0.5021959263494589,0.3139511758564113,0.3684681549246756,0.45033063192959777,0.14197285337841198,0.29883657336051306,0.14559406022638757,0.11825684880425597,0.7698503455476557,0.7630636901506489,0.7082649695884916,0.6135998276404978,0.30404050448300435,0.15139462039476953,0.28365567874840486,0.17130711480137223,0.3832098642668921,0.2371766187706127,0.45745703442218133,0.18946286812840785,0.23414375445400157,0.24300203848257348,0.16169475795091068,0.1527701818061287,0.781236016506737,0.6213477187225509,0.22564179055005884,0.5237408641177348,0.7181093488456884,0.4927824458476276,0.3210278592618373,0.26910455924029236,0.2102123005021628,0.22418336399343705,0.21273140091814582,0.37038233978024165,0.2827110160924112,0.28827955385405796,0.20427915610136066,0.823662970881188,0.6112961766021975,0.9363761414673759,0.4672765541357994,0.2828933194119889,0.3227763138268781,0.21682493909411826,0.2703309633901788,0.6436633023417689,0.18656258804421683,0.8116143787600059,0.39807587132700245,0.8023914880922786,0.13818591623991117,0.18318169011750277,0.1599131573277648,0.19011750277598236,0.155073832844429,0.7209101907555644,0.09069590148991531,0.22862493577951243,0.43539833275327733,0.24996271068463183,0.6127960357314506,0.14031555047316,0.16000430898755366,0.5830308755531247,0.21971693266378298,0.2277382787252026,0.33348249059480606,0.11688957390742306,0.2900197219045725,0.3419430219261174,0.16210908367722368,0.32120187606688877,0.6783257926051145,0.3727688559638045,0.2139578050680323,0.3278062281443179,0.527892407895391,0.2360827988531464,0.18820331792041634,0.0016158703326206929,0.20103084240706673,0.2748885463796218,0.3542402094830872,0.411831485440594,0.2115712888844694,0.15596877641326506,0.9444140605578482,0.37595087754188833,0.4227282520426258,0.2348646812177862,0.43502543959959555,0.8329272941215466,0.1531845075324417,0.3638028472463912,0.2356021810106233,0.15364026583138599,0.34249821839937683,0.250957092427783,0.16040206168481413,0.24268715093057558,0.36981885679245596,0.29166873829529827,0.2486120088168515,0.3177878320820696,0.15286961998044382,0.14189827474767563
4,0.2783854555097035,0.5509206317638675,0.6652993917698338,0.6786075340990073,0.9999999999999999,0.24694641939707318,0.27814514658844197,0.5273123518785529,0.4360612539153781,0.5468105205588426,0.27311523227100215,0.2838959876696664,0.08125756144450522,0.4534795074495766,0.379414640613865,0.8558643663302341,0.9216592916687383,0.28810553704900643,0.7518023169094616,0.42508162216808365,0.25628532126816816,0.7794709889126435,0.08492020086511214,0.6816735444737234,0.8887701155140125,0.4413729097267107,0.029093952501698737,0.4010010109547722,0.5178408657750377,0.7710270306103846,0.13688493345928834,0.6142876083461775,0.6441604932133446,0.3859444140605579,0.22757254843467745,0.5500008286514526,0.7359419281062001,0.7565256301894296,0.35909610699547556,0.403544970914334,0.7415601849550042,0.46569382986128377,0.3459205488987222,0.6112298844859875,0.6723677886607335,0.323919852831502,0.28385455509703506,0.506438621786904,0.4129335918725866,0.2284426324599347,0.5096703624521455,0.5509869238800776,0.39102404746515523,0.9264820431230216,0.737218051343244,0.514948872205373,0.48775253153018777,0.46674621720611875,0.3945043835661844,0.7765707088284526,0.11785909610699549,0.7022986791295845,0.45473905765756806,0.7033924990470508,0.5752746979565455,0.34374119557831584,0.9190987586801239,0.4369147649115829,0.47964003380897924,0.39702348398216747,0.8495334692321714,0.9136628051508975,0.2894230928586818,0.3669931553390013,0.318881651999536,0.8691725086594075,0.8286928851986278,0.6777705961318551,0.7101708679295315,0.5036543529060806,0.6731135749680968,0.5367341188949104,0.4027577520343393,0.3656590265002735,0.8600822022241005,0.22941215465950715,0.7741676196158372,0.9264571835794427,0.6541291701884353,0.8659573410232189,0.2967898042725269,0.2982067982565173,0.7143224117071876,0.45093554749001474,0.29697210759210463,0.3556737764961302,0.20922620527353786,0.4397736124231426,0.24157675798405676,0.21099951938215744,0.8431942856195825,0.8515056596894215,0.5363197931685975,0.8387278542899285,0.44398316180248265,0.24813139097432838,0.4076053630322014,0.24263743184341802,0.6476574023434263,0.3292646547009397,0.3214256119590978,0.2929117154742372,0.3160973831187126,0.3737300916488507,0.2473027395217024,0.22040471336946255,0.8784782644723975,0.8689653457962512,0.3248562289729694,0.3672168912312103,0.4812061850544424,0.32310777440792854,0.47606025953363496,0.4172674389698205,0.31205356402989776,0.3405508874857057,0.3255025771060177,0.5659275095709242,0.39785213543479336,0.45276686720031817,0.3421004657021164,0.5825005386234442,0.39518387775733765,0.6679262168746581,0.7349724059066276,0.4503720645022291,0.462130628614992,0.33779147814846117,0.2499875702282106,0.8804173088715425,0.299118314854406,0.8095096040703359,0.5733936591590846,0.8377334725467774,0.2029035946900015,0.2934503389184442,0.27083644077628066,0.30995707585475396,0.24344951026699146,0.46266096554467256,0.12189462868128408,0.40235999933707883,0.6156465967284841,0.3355955517990023,0.3696199804438257,0.21532507996486522,0.22550920631763868,0.41885844975886244,0.350950463216162,0.37661379870398914,0.5133661479308573,0.13699265814812975,0.4275841495550141,0.5733356535574006,0.24761762707370027,0.23745007374997928,0.50828651452626,0.5653308805250336,0.2949667710767497,0.4416132186479723,0.40303120701370587,0.37389582193937587,0.26980891297502446,0.019763337145130015,0.3124264571835795,0.4125772717479574,0.5190175508377666,0.6046835380102421,0.30443825718026485,0.22348729677323126,0.6708596430169541,0.5315467608014717,0.6242645718357944,0.3423076285652729,0.3210858648635211,0.8185999105056432,0.256948242430269,0.5579641691111884,0.3429042576111636,0.23404431627968642,0.4743698105702779,0.2573459951275295,0.2573791411856345,0.3562952650855997,0.5684880425595387,0.4759193887866885,0.43401448482739197,0.4936193838147798,0.2335968444952684,0.23192296856096387
5,0.6111470193407249,0.3523757437146787,0.19033295215366514,0.1612970052536502,0.24694641939707318,1.0,0.8308225194318766,0.34221647690548396,0.4401216460332455,0.3934934287939807,0.6929183446858582,0.6156134506703791,0.05152554732428446,0.3971892142726926,0.5836275045990155,0.24564543661645039,0.19342382207196013,0.5602181010623312,0.21899600589999835,0.38871210991232863,0.09019871061833971,0.24420358308888115,0.05798074214024097,0.2696100366263942,0.22449825154543496,0.11782595004889045,0.027279205820447804,0.11970698884635145,0.37038233978024165,0.15217355276023797,0.08254197119607551,0.14895838512404913,0.15857902848903693,0.43583751802316906,0.09648817514377103,0.3382803825055105,0.24028406171796018,0.2341354679394753,0.5461890319693731,0.48855632343923494,0.1576757984056746,0.39062629476789473,0.12313760586022307,0.3564278493180199,0.2665191667080993,0.1304380251578581,0.6670727058784534,0.3685675930989907,0.4393178541241983,0.7141152488440312,0.14921526707436317,0.36768922255920716,0.4490545086925538,0.23689487727671982,0.14759111022721622,0.37491506322610585,0.13492102951656476,0.4245098526657718,0.1317224349094284,0.16578000961235684,0.08108354463945375,0.15530585525116425,0.37706955700293343,0.15375627703475364,0.16247369031637915,0.5789207643480999,0.20533154344619564,0.46040703359352986,0.37948921924460133,0.15793268035598865,0.24812310445980212,0.2577603208538425,0.6153482822055387,0.5108221879712955,0.5204262583072308,0.15905135981703378,0.205182386184723,0.26929514907439633,0.15794925338504118,0.14796400338089793,0.288793317754686,0.3699100084522448,0.11717960191584217,0.5346127711761879,0.19960556190855006,0.09379505792273654,0.2746648104874128,0.19587663037173308,0.2991266013689322,0.2502527386930509,0.6061336780523376,0.6122739853162963,0.2530370075738743,0.4337410298480254,0.11522398448764481,0.12005502245645437,0.8588972306468453,0.4117154742372264,0.772535176254164,0.7651684648403189,0.17822635443079932,0.16841512123170754,0.16004574156018497,0.2015363197931686,0.4146406138649961,0.8261323522100135,0.46422711679013573,0.6405724324234741,0.31787898374185847,0.5351348215913423,0.11083213178872703,0.6589850677008237,0.584248993188485,0.5117088450256053,0.8525249009761515,0.8398631067800261,0.1809857637680439,0.2292132783108769,0.5898423904937105,0.11246457515040024,0.13888198346011701,0.11479308573227928,0.3712358507764464,0.42897628399542587,0.5598866404812808,0.597159382820398,0.6193175226636172,0.32870117171315405,0.43652529872884865,0.4194136462321218,0.5333946535408275,0.14692818906511546,0.13589883823066343,0.15512355193158653,0.27817000613202075,0.4178392084721325,0.3883226437295945,0.41285901324185026,0.12646049818525334,0.22018097747725351,0.6149339564792257,0.1718788843036842,0.34524934122209516,0.1823944712375081,0.8472049586502926,0.671141384510847,0.7879563797875337,0.6184971577255175,0.8970151974676412,0.1412270670710486,0.074015147748554,0.5314970417143141,0.28337393725451204,0.5450454929647491,0.09128424402127977,0.775982366297088,0.8024826397520675,0.13702580420623478,0.4869570261356668,0.4741295016490164,0.2948259003298033,0.08391753260743466,0.41156631697575363,0.3644823414375445,0.8334907771093323,0.10190755564394505,0.12488606042526393,0.32263544307993175,0.5816553141417657,0.4099255870995542,0.13578282702729577,0.6102852218299939,0.6781352027710104,0.022589038598584663,0.6989592137755017,0.49197865393858037,0.38243093190142363,0.28156747708778734,0.6006148593778484,0.7228575216692354,0.13597341686139977,0.34514990304778004,0.34129667379306916,0.5778435174596861,0.11567145627206285,0.162597988034273,0.7108586486352111,0.34654203748819173,0.589792671406553,0.7541474005203932,0.38102222443195943,0.13394322080246607,0.9009512918676147,0.4939011253086727,0.3502212499378512,0.4175243209201346,0.47529790019721907,0.41236182237027463,0.5329140356983046,0.8857206781683489
6,0.7363231077744079,0.44037852798355953,0.2196257810039941,0.18173155007540728,0.27814514658844197,0.8308225194318766,1.0,0.41551069789025347,0.5445648751222261,0.46460829645834373,0.8289331941198893,0.759467342846252,0.053431445665324255,0.49441488920930077,0.6959512090024693,0.2794461293690648,0.22613069490710816,0.6775551467541723,0.27239430550721755,0.49928735975074157,0.09971162929448615,0.2930774457647624,0.06257975770231525,0.33816437130214294,0.26422380218432523,0.1324267886441605,0.02799184606970616,0.1392714496428512,0.44482009976963494,0.17832579260511444,0.08565770065794925,0.16758646977908154,0.18314025754487145,0.559571752929283,0.10739322826032914,0.4057823298364242,0.30357645966953384,0.28397885281492896,0.6694177894893849,0.6062828353138103,0.18267621273140094,0.4875287956379788,0.1374732759906528,0.410431064485656,0.31574934950860967,0.14043156167652762,0.8018197185899667,0.4498665871161272,0.5365435290608065,0.8054077793798373,0.17105851936558447,0.4304761431246789,0.55195644607965,0.27711761878718577,0.1718374517310529,0.45089411491738346,0.15477551832148362,0.5259202174381412,0.1460498185253319,0.19373870962395798,0.08517708281542619,0.18128407829098925,0.46447571222592354,0.17969306750194733,0.1908301430252407,0.7140323836987686,0.2382290061154477,0.5699879016887917,0.4676908798621124,0.1776877309865924,0.29034289597109664,0.29237309203003037,0.7706375644276504,0.6226487015031738,0.6288470143688163,0.18512073451664762,0.23813785445565885,0.3307147947430352,0.17864896667163857,0.16236596562753774,0.35754652877906495,0.43746167487031606,0.1308109183115398,0.6466298745421701,0.22660302623510498,0.10456752680687449,0.33567013042973864,0.22589038598584665,0.37898374185849953,0.27808714098675813,0.730307098228343,0.7247634200102754,0.3162631134092378,0.522564179055006,0.12943535690018063,0.13554251810603424,0.8760254561726247,0.5245943751139396,0.9077048012065165,0.872661131274963,0.2063010656457681,0.19537943950015743,0.18304081937055636,0.2420242297684748,0.5130761199224383,0.912022075274698,0.5741311589519216,0.7868045542683837,0.37157559787202304,0.6410530502659971,0.12434743698105703,0.7695105984520791,0.7182005005054773,0.6106332554400967,0.9151378047365718,0.8663882397785844,0.21067634531563334,0.2686985200285056,0.7337377152422149,0.12636106001093822,0.15983029218250222,0.12936906478397056,0.44852417176287307,0.5247849649480435,0.6689951772485457,0.7179353320406372,0.7461509140025523,0.4134473557732147,0.538822320555528,0.5034554765574504,0.6427352127148279,0.1758315517327102,0.14831203699100087,0.18225360049056166,0.339730522547606,0.5229950778103714,0.48765309335587265,0.5158686753177879,0.13464757453719817,0.25594557417259156,0.7184076633686338,0.19851174199108373,0.41942193274664813,0.20528182435903813,0.8851571951805631,0.8307893733737716,0.9199356966472761,0.7771921974179221,0.9087654750658778,0.16275543181027197,0.07866388239778585,0.6269411160277764,0.33978852814928984,0.6662440544258275,0.10397918427551003,0.8226520161089843,0.9177812028704486,0.1524138616814995,0.5886242728583504,0.5860223072971047,0.376100034803361,0.08500306601037472,0.49748918609854326,0.42296027444936113,0.9401879381494556,0.1125557268101891,0.14208057806725333,0.3815111287890088,0.7026798587977925,0.5254810321682494,0.14409420109713453,0.7372677704304015,0.8060872735709906,0.022821061005319946,0.8643414706905981,0.6041200550224566,0.4574073153350238,0.35385902981487927,0.7360247932514625,0.8325792605114437,0.1657717230978306,0.41407713087721043,0.40260030825834037,0.6970533154344619,0.1252506670644194,0.19229685609638872,0.8224282802167753,0.4094283962279786,0.7400686123402773,0.8865659026500272,0.46769087986211244,0.14501400420954938,0.8741112713170587,0.6150085351099621,0.4188915958169675,0.49567443941729233,0.5783075622731567,0.4986410116176933,0.67569896750029,0.9144665970599448
7,0.5975322759740798,0.922537662208522,0.3982996072192114,0.34674091383682193,0.5273123518785529,0.34221647690548396,0.41551069789025347,1.0,0.8111420474320092,0.9030726395863372,0.5355988664048128,0.5766253998243259,0.02163608942806477,0.8613666119756707,0.6682411044266561,0.6357496809691907,0.5092394636967799,0.641177347983891,0.6697741096140142,0.8698354298215085,0.07017020500836937,0.7160874393012812,0.021810106233116227,0.8316760304280812,0.5648834087406156,0.18512902103117387,0.005626543363330516,0.14919869404531066,0.9326223503869803,0.3922090190424104,0.0454515321765359,0.2668672003182021,0.3124596032416845,0.7685162167089279,0.07116458675152057,0.9435274035035383,0.7723611594491124,0.7100962892987952,0.6839357629393924,0.721249937851141,0.3854637962180348,0.89398233315103,0.1572614726793616,0.870904390195396,0.7968975289613682,0.1657468635542518,0.5637895888231492,0.9223056398017866,0.8041979482590034,0.5193075788461857,0.24166790964384563,0.9287442615886906,0.8035516001259551,0.5371318715921709,0.35516829911002834,0.9280647673975373,0.2050332289232503,0.8379820679825651,0.16803394156349954,0.40570775120568786,0.04639619483252954,0.33985482026549996,0.9057326107492667,0.3409486401829662,0.2932183165117088,0.6399260842904257,0.49695884916886257,0.7756923382886691,0.8894661827342183,0.17208604716684067,0.633810636570046,0.5649994199439832,0.575829894429805,0.7780622814431795,0.7448002121347719,0.44139776927028956,0.6028024992127811,0.7901191600788876,0.3389350171530851,0.2094167951076418,0.8094267389250733,0.91890816884602,0.19121960920797493,0.6937221365949056,0.3978935680074247,0.06233944878105371,0.7437809708480418,0.4868907340194567,0.8382803825055105,0.4653623692802334,0.598302921825022,0.6082881718291653,0.761729561311921,0.8305987835396677,0.1232370440345382,0.1427766452874592,0.3934519962213494,0.8130893783456803,0.4453421501847893,0.44007192694608793,0.39919455078804755,0.4327549346194004,0.28324963953661814,0.5887651436052969,0.8136528613334659,0.4171845738245579,0.774482507167835,0.5390211969041583,0.8773512984968262,0.7232138417938646,0.11919322494572332,0.5852185153880576,0.6305706093902783,0.7637348978272759,0.35740565803211855,0.4279984752813272,0.4738974792422811,0.5859394421518421,0.6121662606274549,0.09769800626460498,0.2261638409652132,0.1350204676908799,0.9347851306783341,0.78273587563599,0.6968544390858317,0.6638243921841596,0.6200218763983494,0.9580619499825983,0.7834899484578797,0.8924327549346194,0.7211670727058784,0.2952567990851688,0.17100880027842688,0.2864150880856494,0.7572465569532144,0.8085483683852897,0.8956727821143871,0.7303816768590796,0.10517244236729148,0.5654054591557699,0.6593579608545055,0.35918725865526435,0.9337658893916041,0.4124198279719584,0.4025505891711828,0.5118082831999204,0.4191899103399128,0.5420540612207694,0.3558063607285504,0.21834137125242378,0.038490859974477536,0.743308639520045,0.8612423142577769,0.6682576774557085,0.14982846914930642,0.46572697591938883,0.41916505079633404,0.18817017186231128,0.7851058187905005,0.7897379804106797,0.9415386400172359,0.02800013258423242,0.8849168862593018,0.8589966688211605,0.43845605661346726,0.07638509090306436,0.18836904821094153,0.9284956661529028,0.6703955982034837,0.8442549594789439,0.12748802598650955,0.5915411259715939,0.5559008269941497,0.0033311788395565057,0.47146124397156064,0.7368451581895623,0.9157758663550938,0.851240491224581,0.6263693465254645,0.5050713468900712,0.3032698586320622,0.9435356900180646,0.8683272841777291,0.6524552942541308,0.11881204527751539,0.3710949800295,0.511567974278659,0.9499991713485474,0.6383185004723313,0.4765988829778418,0.9226205273537844,0.11862974195793766,0.3461525713054575,0.7379141185634499,0.9159581696746715,0.8120121314572664,0.7710518901539635,0.8468817845837684,0.6011534828220554,0.37061436218697685
8,0.7371600457415601,0.7685410762525067,0.3184507532441704,0.2762806808200335,0.4360612539153781,0.4401216460332455,0.5445648751222261,0.8111420474320092,1.0,0.7892325030245777,0.6771822536004906,0.729536452377401,0.044382571802648374,0.9350171530850693,0.8279802449493694,0.5026931172210344,0.380243292066491,0.7659473972057872,0.48858946949734006,0.9269046553638608,0.09773115232271003,0.561618522017269,0.0504814464939757,0.6574023434263081,0.452377401017584,0.15799068595767246,0.021934403951010123,0.16004574156018495,0.7996486517840865,0.2903843285437279,0.0765425346790633,0.21250766502593682,0.26593082417673475,0.948615323422662,0.10151808946121081,0.7718225360049056,0.6061833971394952,0.5365186695172276,0.8558229337576029,0.8764480684134639,0.30149654452344254,0.90220255556108,0.153002204212864,0.7015611793367473,0.6259964533717828,0.15058254197119608,0.6960257876332058,0.8343691476491158,0.9476126551649844,0.6487429357463663,0.21123154178889278,0.7730157940966872,0.9218250219592634,0.43736223669600094,0.29046719368899054,0.8694211040951954,0.19889292165929165,0.938190888148627,0.16475248181110064,0.3153847428694543,0.07638509090306435,0.28008419098758675,0.8828038250551054,0.2692288569581862,0.24323406088930877,0.8023666285486999,0.4148063441555213,0.9574736074512338,0.8829695553456305,0.18394404945391868,0.49269958070236497,0.4513333001872752,0.7095576658545881,0.8926316312832496,0.8550108553340293,0.31625482689471157,0.46603357695686043,0.6269991216294603,0.24414557748719734,0.1855764928155919,0.6465635824259599,0.8593778484893684,0.17031273305822106,0.8625350105238735,0.33261240656954877,0.09936359568438323,0.5695984355060575,0.3598584663318915,0.6959926415751008,0.39693233232237857,0.7536170635907125,0.7751454283299358,0.6120833954821923,0.8952087373009164,0.14287608346177433,0.15926680919471653,0.5136064568521188,0.9560980460398747,0.5717612157974112,0.572167255009198,0.3320489235817631,0.3197351629957408,0.24660667230149655,0.4646745885745538,0.9588740284061716,0.5560831303137274,0.914922355358889,0.6591922305639801,0.7496063905600027,0.8712109912328677,0.12950164901639072,0.7577603208538424,0.7742504847610998,0.8938828949767148,0.4854405939773613,0.5489152952485126,0.3665622565836358,0.47025969936525297,0.7604285785312983,0.11952468552677373,0.1984703094184524,0.1346807205953032,0.8630736339680805,0.9297303568173155,0.831253418187242,0.8175226636172294,0.7804322245976897,0.7859510432721788,0.9386466464475712,0.8330847378975454,0.8553257428860273,0.22388504947049173,0.16095725815807355,0.2547854621389152,0.6094980029499992,0.9419032466563915,0.9072904754802035,0.7975273040653641,0.13437411955783157,0.4472977676129867,0.7903926150582541,0.30865609307413117,0.7596745057094084,0.3028058138185917,0.5235999933707884,0.663840965213212,0.5630686620593647,0.7297187556969787,0.4705580138881983,0.1916836540214455,0.06878635708248397,0.9071910373058885,0.6750940519398732,0.825419711960755,0.12297187556969787,0.5879696382107757,0.5288453570659108,0.18652115547158554,0.880815061568803,0.9036858416612804,0.822577437478248,0.07124745189678316,0.9077959528663053,0.7498881320538954,0.5509454913074462,0.10601766684896999,0.17374335007209268,0.7320141202207529,0.8120038449427402,0.9457564759111021,0.14583436914764908,0.7583652364142595,0.6906395531911367,0.01871923631482126,0.6337940635409933,0.9291337277714249,0.7913207046851953,0.6801819718589966,0.7489020368252706,0.6352193440395101,0.2400934718838562,0.789903710701205,0.7108255025771061,0.8075374136130861,0.1296508062778634,0.30339415634995603,0.6578581017252523,0.8096836208753874,0.7664611611064154,0.5986012363479674,0.8791494721490247,0.14853577288320985,0.46312501035814313,0.8988133711198396,0.7628896733455974,0.8987553655181557,0.9555759956247203,0.9346691194749664,0.7400934718838562,0.4887551997878652
9,0.5693166940121646,0.9330615356568721,0.41913190473822903,0.36901506488340874,0.5468105205588426,0.3934934287939807,0.46460829645834373,0.9030726395863372,0.7892325030245777,1.0,0.5405707751205687,0.5699381826016341,0.04790434047630886,0.8382555229619317,0.6784998094101659,0.6772568322312269,0.5122143224117072,0.6075506720363282,0.6644790268317342,0.8162382538656591,0.11329322660302624,0.73390344553274,0.054815293591209666,0.8473955484843965,0.6018412635277349,0.21593828203980842,0.020293674074810652,0.18440809426738924,0.9271449642851224,0.40477137506422045,0.08238452742007657,0.3229834766900346,0.326786986857588,0.7446924874459305,0.11536485523459124,0.9227779711297834,0.7633039990719104,0.7262135600523707,0.6802482639752068,0.7306219857803411,0.39697376489500985,0.8405094549130745,0.18466497621770334,0.8876928686255986,0.8152438721225078,0.1753757934337659,0.5611130446311673,0.9108371036974428,0.7864399476292283,0.4930807603705729,0.26788644160493214,0.9686852616052637,0.763643746167487,0.6016092411209997,0.3749813553423159,0.8954904787948094,0.23123518785528432,0.8165117088450256,0.20561328494008851,0.43032698586320617,0.08089295480534978,0.35881436550158274,0.8533618389433036,0.360736836871675,0.3121695752332654,0.6488838064933128,0.548260660600938,0.7642072291552727,0.8638194202754438,0.21202704718341372,0.652587878486551,0.5933392996237923,0.5692421153814282,0.7484297054972737,0.7074611776794446,0.4502394802698089,0.6325676593911069,0.8335404961964898,0.37407812525895356,0.23028223868476438,0.8465006049155603,0.900959578382141,0.21472845091897447,0.6816818309882497,0.4264074644922853,0.1088102222443196,0.7301910870249756,0.5502825701453455,0.885438936674456,0.4863355375461973,0.5924029234823248,0.5974991299159748,0.798099073567676,0.8402442864482342,0.1658131556704619,0.1764116077495484,0.393120535640299,0.7962263212847411,0.46718540247601054,0.4484495931321368,0.4173751636586619,0.43871293856378135,0.30805946402824047,0.6348464508858284,0.8043139594623709,0.44312965080627786,0.7594341967881468,0.5180065960655629,0.906859576724838,0.7193191799665226,0.15822270836440774,0.6066308689239133,0.6121414010838762,0.7363231077744079,0.4255622400106067,0.424584431296508,0.4850096952219958,0.6333217322129966,0.618894910422778,0.14410248761166078,0.25950877541888334,0.14646414425164486,0.8744841644707404,0.7610832131788727,0.6635343641757404,0.6602860504814466,0.6323936425860555,0.9402376572366131,0.7562687482391157,0.8938166028605048,0.672251777457366,0.31347055801388823,0.20359137539568106,0.3135037040719933,0.7945110127778054,0.7885032897462669,0.8558643663302342,0.6965312650193076,0.1508311374069839,0.6129949120800808,0.6336531927940471,0.388115480866438,0.948391587530453,0.4474220653308806,0.42504018959545237,0.531397603539999,0.4589320340078556,0.5469513913057891,0.3966174447703807,0.24388869553688328,0.07397371517592269,0.7373672086047167,0.8691642221448814,0.6487926548335239,0.17257495152389002,0.4645254313130811,0.42967235121563163,0.22637929034289597,0.7472530204345449,0.772535176254164,0.8828203980841578,0.0686123402774325,0.8451001839606225,0.9030726395863372,0.45656209085334526,0.11607749548384957,0.24414557748719734,0.9157344337824624,0.6460332454962794,0.8199257528298447,0.16952551417822637,0.640854173917367,0.5619665556273721,0.01147682261887005,0.5138219062298017,0.7263212847412122,0.9470243126336201,0.881038797461012,0.6083876100034804,0.4853328692885199,0.3233232237856113,0.9147814846119425,0.8915709574238884,0.6439699033792406,0.15668970317704967,0.4029234823248645,0.5067369363098493,0.9239878022506174,0.6395449046222179,0.4793914383731915,0.8898390758879,0.1728566930177829,0.3909743283779976,0.7108089295480534,0.9520707999801123,0.8044299706657385,0.7637017517691709,0.8321566482706042,0.5603175392366464,0.4090886491324019
10,0.8915543843948358,0.5247269593463597,0.22772999221067639,0.18196357248214254,0.27311523227100215,0.6929183446858582,0.8289331941198893,0.5355988664048128,0.6771822536004906,0.5405707751205687,0.9999999999999999,0.9139776927028953,0.0433218979432871,0.6397852135434794,0.8446112796035732,0.3072142395465619,0.2505344801869438,0.8371782760735179,0.3224697127894065,0.6404812807636852,0.08880657617792803,0.3437992011799997,0.047025969936525296,0.38822320555527934,0.26931172210344884,0.1216211737019175,0.014716849798637695,0.13033030046901672,0.5547821475331047,0.18099405028257015,0.07421402409718425,0.158421584713038,0.18091118513730753,0.7054226951059845,0.08169674671439699,0.5109133396310843,0.38087306717048675,0.34952518271764527,0.8103133959793831,0.76711579575399,0.18018197185899665,0.6076501102106432,0.12759575067535095,0.4829214935613782,0.38335902152836476,0.13174729445300717,0.935323754122541,0.5555527933840468,0.6810271963406752,0.9137539568106862,0.1605097863736555,0.5468022340443163,0.7027710104575813,0.2921990752249789,0.16895374467591442,0.5795339664230432,0.1480137224680555,0.6853030378362253,0.13752299507781038,0.20445317290641213,0.07098228343194285,0.17583983824723645,0.5991564328212268,0.18020683140257546,0.18768126750526196,0.8696034074147733,0.229536452377401,0.6893385704105139,0.5981371915344967,0.14830375047647457,0.31046255324085587,0.31221929432042295,0.9068181441522067,0.7459106050812907,0.7703558229337576,0.19396244551616698,0.26846649762177033,0.4110276935315467,0.18136694343625187,0.1344735577321467,0.40866603689156267,0.5507383284442897,0.12665108801935732,0.7947761812426457,0.22510316710585196,0.08517708281542617,0.37514708563284105,0.24614262748802598,0.4324814796400338,0.2684499245927178,0.8812625333532208,0.8729262997398035,0.37031604766403153,0.626195329720413,0.11442847909312386,0.12230066789307083,0.8126501930757886,0.660683803178707,0.8776661860488242,0.871923631482126,0.20911848058469645,0.19484081605595052,0.17977593264720992,0.2648121447156897,0.6579906859576725,0.8483650706839689,0.728003447190043,0.9038847180099107,0.4440825999767978,0.7971958434843136,0.10998690730704852,0.9259682792223933,0.8866570543098161,0.7493909411823199,0.7875254810321682,0.8425727970301132,0.2306385588093936,0.2955053945209566,0.8887452559704337,0.0971345232768193,0.1499776264107791,0.09867581497870366,0.5748686587447588,0.6828336565073999,0.8250136727489683,0.8321317887270255,0.871542451813918,0.5188683935762939,0.6957606191683654,0.6174116243225776,0.7855947231475496,0.16701470027676957,0.1310760867763801,0.1837534596198147,0.3936342995409271,0.647964003380898,0.6241319876033743,0.6362634448698188,0.11749448946784005,0.26403321235022126,0.852193440395101,0.18464011667412453,0.5098112331990918,0.189819188253037,0.8237375495119243,0.9180297983062364,0.851878552843103,0.8945126700807106,0.7426208588143655,0.15226470442002688,0.06504913903114072,0.765591077081158,0.4265731947828104,0.8346426026284824,0.09357132203052751,0.8802681516100697,0.8464260262848241,0.14188998823314936,0.7268184756127878,0.7301330814232917,0.521520078224697,0.05561079898573061,0.6360065629195047,0.49305590082699424,0.8402857190208655,0.08540081870763519,0.1314904125026931,0.5131921311258059,0.8448681615538872,0.6592088035930326,0.11154477203798538,0.8761994729776761,0.9315865360711977,0.007474436102686487,0.8865493296209748,0.7271167901357332,0.5526027942126983,0.43763569167536753,0.9040753078440147,0.9199191236182237,0.16048492683007673,0.5208405840335438,0.47094748007093257,0.8611925951706194,0.11198395730787716,0.18198014551119507,0.928437660551219,0.5159432539485242,0.8968577536916422,0.9043901953960126,0.5989326969290176,0.1269825486004077,0.7347403834998922,0.7655993635956843,0.5033974709557666,0.5897429523193954,0.7078755034057574,0.6232038979764332,0.8297452725434628,0.7819486567559953
11,0.9364921526707437,0.5576492815591905,0.2380964218830276,0.18067916273057225,0.2838959876696664,0.6156134506703791,0.759467342846252,0.5766253998243259,0.729536452377401,0.5699381826016341,0.9139776927028953,0.9999999999999999,0.03365982200566797,0.6875155372147367,0.890982614892524,0.32886690200367924,0.2535341984454499,0.8923416032748305,0.3435091731715806,0.671812592187474,0.06604352077429192,0.3800692752614395,0.03793566350121812,0.42533850411839774,0.2821972521917831,0.1089345199622135,0.01605097863736555,0.11306120419629095,0.587878486550987,0.19527171481131606,0.05907456205770728,0.13571653491108568,0.1701967218548534,0.7559124281144864,0.06607666683239696,0.5374799052022737,0.41420142859510434,0.373009164885066,0.856245545998442,0.8205969605064718,0.18606539717264123,0.6496213062861499,0.10455095377782198,0.5199290674356553,0.42404580785230117,0.10481612224266229,0.9439417292298514,0.5860471668406835,0.7324698785196969,0.8717413281625481,0.14619897578680457,0.5782495566714729,0.7637680438853809,0.2970135401647359,0.16441273471552395,0.6275708911317722,0.133462602959943,0.7242662291386996,0.11165249672682676,0.21408210278592618,0.05734268052171895,0.17502775982366298,0.6403404100167387,0.16828253699928736,0.16722186313992607,0.9142594341967881,0.2435075158686753,0.7288320986426688,0.6287890087671323,0.13336316478562787,0.3294883905931487,0.33438572067816835,0.9665390543429622,0.7812360165067369,0.8086063739869735,0.20848041896617445,0.2842191617361905,0.4294237557798439,0.15223984487644807,0.128266958351978,0.45764762425628536,0.6023633139428892,0.10966373324052438,0.8416447074031721,0.22805316627720051,0.06447736952882879,0.413265052453637,0.22459768971975008,0.46576840849202006,0.2701735196141799,0.918369545401813,0.8912975024445218,0.39657601219774935,0.656797427865891,0.09122623841959594,0.10484098178624109,0.7508493677389416,0.70897760983775,0.829554682709359,0.8298198511741991,0.21435555776529278,0.21696580984106464,0.16359236977742425,0.2651021727241088,0.6947993834833193,0.7896136826927858,0.7802333482490594,0.9137042377235287,0.4963870796665506,0.8425893700591657,0.08911317721539966,0.9401630786058769,0.920026848307065,0.7852549760519729,0.7137092096322446,0.7654087737615803,0.23124347436981058,0.3318997663202903,0.9329123783953993,0.08500306601037472,0.13663633802350056,0.08780390792025058,0.6140141533668109,0.7170652480153797,0.866984868824475,0.8681781269162565,0.911607749548385,0.5564643099819353,0.7475016158703326,0.6489252390659441,0.828187407812526,0.14895009860952285,0.10731036311506653,0.1887087953065182,0.4001060673859361,0.6766187706127049,0.6591756575349277,0.6797842191617363,0.09952103946038218,0.27804570841412685,0.8803841628134373,0.18219559488887782,0.5385157195180563,0.18152438721225078,0.7660882679527338,0.9131573277647955,0.7972787086295762,0.9044482009976962,0.6832645552627653,0.13659490545086925,0.04936276703293061,0.8043885380931073,0.4682377898208455,0.8799284045144931,0.07440461393128822,0.8177215399658596,0.7940386814498086,0.1254495434130496,0.7692122839291338,0.7686736604849268,0.5734019456736108,0.04941248612008817,0.6804057077512058,0.5252241502179353,0.7766950065463464,0.07027792969721076,0.11432075440428247,0.5477883292729412,0.8807073368799616,0.6924542998723877,0.09669533800692753,0.8926979233994596,0.9153366810852018,0.013374434445383583,0.8476607169492367,0.755034057574703,0.5832297519017551,0.4682046437627405,0.9447620941679511,0.8646480717280697,0.15001077246888414,0.549371053547457,0.5206499941994398,0.9038847180099105,0.09082848572233548,0.18459868410149324,0.8906014352243159,0.5566134672434081,0.9185269891778121,0.8547622598982416,0.6312915361540629,0.10572763884055089,0.6560350685294751,0.8195942922487942,0.5378445118414292,0.6240408359435854,0.7451565322594009,0.6736936309849351,0.9020948308722385,0.7212085052785097
12,0.006463481330482772,0.033245496279354976,0.07197666517509405,0.054135799400056354,0.08125756144450522,0.05152554732428446,0.053431445665324255,0.02163608942806477,0.044382571802648374,0.04790434047630886,0.0433218979432871,0.03365982200566797,0.9999999999999999,0.036618107691542785,0.039659258522680194,0.057326107492666444,0.043189313710866935,0.003977526972604783,0.0416645950380351,0.029077379472646214,0.2765789953429788,0.026649430716452042,0.7215151063159814,0.03265715374799052,0.07598733820580388,0.16202621853196109,0.038640017235950216,0.16037720214123535,0.0321848224199937,0.03632807968312368,0.9031637912461261,0.09536120916819969,0.06880293011153649,0.04221150499676826,0.2739107376655231,0.03825883756774225,0.01870266328576874,0.017600556853776168,0.05030742968892424,0.044175408939491866,0.04898987387924891,0.043769369727705135,0.21229221564825404,0.021984123038167686,0.022920499179635064,0.2457863073633968,0.03037007573874277,0.05136810354828552,0.035607152919339066,0.019572747311026036,0.13895656209085333,0.03749647823132635,0.02293707220868758,0.054293243176055286,0.07353452990603092,0.02675715540529343,0.14561891976996638,0.0283564527088616,0.12335305523790584,0.053174563715010184,0.48396559439168696,0.06823944712375081,0.028886789638542236,0.06355756641641391,0.10161752763552595,0.04811978985399162,0.07529127098559804,0.05677091101940702,0.04821094151378047,0.24225625217521005,0.03546628217239265,0.07342680521718954,0.03862344420689769,0.031869934867995824,0.01691277614809659,0.033527237773247814,0.03825883756774225,0.057732146704453174,0.09949617991680339,0.166931835131507,0.04109282553572316,0.04489633570327649,0.06564576807703144,0.04964450852682344,0.09362104111768509,0.2819155106978902,0.028895076153068498,0.073600822022241,0.07776065231442351,0.07650110210643199,0.04120055022456455,0.047224846285155546,0.055851107906992166,0.05638973135119907,0.33533038333416193,0.2303070982283432,0.03051923300021545,0.050605744211869606,0.03590546744228443,0.027171481131606424,0.10223901622499545,0.03929465188352475,0.052727091930592156,0.08867399194550789,0.05461641724257943,0.05320770977311523,0.031231873249473803,0.022920499179635064,0.056563748156250516,0.03669268632227912,0.22527718391090337,0.0508543396476574,0.03564858549197037,0.026616284658347002,0.05007540728218897,0.038582011634266396,0.05203931122491258,0.05972919670528183,0.04799549213609771,0.23048111503339466,0.11166906975587929,0.21822536004905616,0.022166426357745406,0.04596529607716403,0.024677240259202177,0.05934801703707387,0.058991696912444685,0.030709822834319424,0.035399990056182565,0.03139760353999901,0.02164437594259103,0.07446261953297205,0.2304396824607633,0.08903859858466331,0.0690266660037455,0.06720363280796832,0.035648585491970364,0.01893468569250402,0.299408342862825,0.05623228757520012,0.030270637564427653,0.08695039692404581,0.031828502295364526,0.09005783987139329,0.03259086163178044,0.05362203549942823,0.05289282222111735,0.05821276454697625,0.05204759773943883,0.14632327350469843,0.8939491870929249,0.05099521039460382,0.023401117022158142,0.029657435489484414,0.19968842705381262,0.024735245860885997,0.03143903611263031,0.21622002353370123,0.017467972621356007,0.0412917018843534,0.020815724489965035,0.6017086792953147,0.03420673196440113,0.07143804173088716,0.042973864333184175,0.27351298496826265,0.1377218714264406,0.01894297220703028,0.02745322262549926,0.03403271515934968,0.2340111702215814,0.06770082367954391,0.030146339846533754,0.004797891910704519,0.07331079401382191,0.057458691725086594,0.021868111834800048,0.03660982117701652,0.030088334244849933,0.017990023036510382,0.06785826745554285,0.036584961633437746,0.026632857687399526,0.04583271184474387,0.23372942872768854,0.06901837948921924,0.04790434047630886,0.04151543777656242,0.038615157692371435,0.03246656391388654,0.0342150184789274,0.4505129352491755,0.06325096537894231,0.035789456238916786,0.05664661330151312,0.0794593877923068,0.05599197865393858,0.06055784815790782,0.01418651286895706,0.04555925686537728
13,0.7019589320340078,0.8219890949468834,0.3485390874890204,0.3064850262682511,0.4534795074495766,0.3971892142726926,0.49441488920930077,0.8613666119756707,0.9350171530850693,0.8382555229619317,0.6397852135434794,0.6875155372147367,0.036618107691542785,0.9999999999999999,0.7888181772982648,0.5351348215913422,0.4407348481081887,0.7376986691857671,0.5324334178557815,0.9459222062016275,0.09358789505958004,0.6044349425744544,0.03847428694542501,0.7191783092195759,0.4833109597441124,0.17743913555080462,0.008327947098891264,0.1629294486153234,0.849036278360596,0.32655496445085275,0.06922554235237574,0.2430103249970997,0.2935829231508643,0.9020202522415022,0.09263494588906014,0.8303501881038797,0.6758398382472365,0.6084539021196904,0.8082666268913969,0.826281509471486,0.31613052917681767,0.9365833043305327,0.15965627537745075,0.7606357413944547,0.6801239662573129,0.14678731831816902,0.6627222857521669,0.8763569167536751,0.9370556356585293,0.6164255290939525,0.2280531662772005,0.8296541208836739,0.9070915991315732,0.4775186860902567,0.3360098775253153,0.9271283912560699,0.21009628929879517,0.9453587232138418,0.18006596065562902,0.35119905865194984,0.06731964401133596,0.3082169078042394,0.9419032466563914,0.29451101277780545,0.2803576459669534,0.7559041415999602,0.41672052901108736,0.9112762889673346,0.9365087256997962,0.17430683305987835,0.546089593795058,0.4870316047664032,0.6664014982018263,0.8843202572134108,0.8342945690183794,0.3847180099106714,0.5132252771839109,0.692653176221018,0.2814763254279985,0.18652115547158554,0.7082815426175442,0.8978852814928985,0.1782926465470094,0.8234806675616103,0.35453023749150636,0.08449758862427287,0.608155587596745,0.4150715126203616,0.7426208588143655,0.4023682858516051,0.7280365932481481,0.7317240922123336,0.6715142776645286,0.9256948242430267,0.13967748885463796,0.15786638823977858,0.47252191783092196,0.9386632194766238,0.5402558875685709,0.5354662821723927,0.3584746184060061,0.37073037339034454,0.26699149803609606,0.492094665141948,0.9401547920913506,0.5002983145229454,0.8984239049371053,0.6223669600092809,0.7763552594507699,0.8403520111370756,0.12888844694144747,0.6995641293359187,0.7473358855798075,0.8632973698602894,0.4316196821293028,0.509943817431512,0.4154775518321484,0.501433567013043,0.7176370175176917,0.11597805730953448,0.21810106233116228,0.11920979797477584,0.9206814829546397,0.9081522729909346,0.7995906461824028,0.7779628432688641,0.731351199058652,0.8475695652894479,0.9054840153134788,0.8735146422711678,0.8256848804255954,0.2526806874492451,0.16075009529491704,0.26959346359734165,0.6624322577437479,0.9313130810918312,0.9694227613981007,0.7818326455526277,0.12888016042692124,0.4716021147185071,0.7581249274929979,0.30890468850991903,0.8295381096803063,0.3333830524204909,0.4929481761381528,0.6268499643679876,0.501914184855566,0.670180148825801,0.4336830242463414,0.21750443328527155,0.05866023633139429,0.8647392233878586,0.7320886988514891,0.7868708463845937,0.1406221515106316,0.5575498433848755,0.49918792157642655,0.19107873846102852,0.8745255970433715,0.9001143539004623,0.879348348497655,0.04886557616135501,0.9358126584795903,0.7906660700376208,0.5055851107906992,0.09205488987222193,0.21216791793036016,0.7971626974262085,0.7821723926482044,0.968602396460001,0.13414209715109632,0.6924294403288089,0.6509388620958252,0.0033643248976615455,0.5809261008634548,0.8647309368733322,0.8483153515968114,0.7499129915974742,0.7200898258174646,0.6047415436119259,0.28680455426838364,0.854961136246872,0.7641906561262202,0.7709938845522796,0.13041316561427932,0.31167238436168976,0.6088185087588458,0.8640348696531265,0.7345332206367359,0.5530916985697476,0.9390278261157792,0.1514029069092958,0.4231757238270438,0.8582923150864283,0.8150118497157726,0.8567344503554915,0.9020699713286597,0.9547059115994629,0.7103614577636355,0.4554931304794577
14,0.8898556489169526,0.6586121745471419,0.29309401879381497,0.23352226586453206,0.379414640613865,0.5836275045990155,0.6959512090024693,0.6682411044266561,0.8279802449493694,0.6784998094101659,0.8446112796035732,0.890982614892524,0.039659258522680194,0.7888181772982648,0.9999999999999999,0.4195876630371733,0.3183347420408028,0.9281559190573262,0.4184855566051807,0.7742256252175209,0.09020699713286598,0.4743698105702779,0.04468088632559372,0.5397089776098378,0.3718987719385472,0.13731583221465388,0.017965163492931605,0.14396990337924062,0.6876149753890519,0.25102338454399314,0.0683223122690134,0.2066739587994498,0.23598336067883127,0.8438572067816835,0.09408508593115564,0.6418071230878868,0.5142610914996935,0.46788146969621636,0.9340559174000231,0.9010258704983509,0.26405807189380004,0.7677455708579857,0.14600838595270058,0.631805300054691,0.5385902981487927,0.12665108801935732,0.8634299540927096,0.6901175027759824,0.81078572730738,0.812666766104841,0.18043056729478446,0.6637912461260544,0.8529640862460431,0.37495649579873713,0.24927492997895226,0.717040388471801,0.16160360629112183,0.825419711960755,0.1436384427981902,0.27519514741709344,0.06930012098311208,0.2497224017633703,0.7406403818425893,0.23899136545186367,0.214554434113923,0.9572332985299724,0.3373191468204643,0.847859593297867,0.7324118729180132,0.15909279238966506,0.42051575266411445,0.39375859725882095,0.8873945541026533,0.8964185684217504,0.896592585226802,0.2803327864233746,0.3751387991183148,0.5253650209648817,0.20301131937884287,0.1624156847146953,0.5453603805167471,0.687300087837054,0.14147566250683638,0.9203665954026419,0.3067419082185651,0.09259351331642884,0.5045492964749168,0.3296789804272527,0.5743797543877094,0.33537181590679327,0.9062960937370523,0.9061800825336848,0.522315583619218,0.7647375660849532,0.11655811332637267,0.1394206069043239,0.677223686173122,0.8146886756492483,0.7359833606788313,0.7381295679411326,0.28802267190374387,0.27887435986675285,0.2098642668920599,0.3609771457929366,0.7994497754354563,0.7195429158587314,0.8580520061651667,0.8341371252423806,0.5855665489981604,0.9355640630438024,0.120171033659822,0.9027991846069706,0.9307910306766767,0.8711944182038152,0.6623991116856428,0.7199323820414657,0.3249473806327583,0.38419595949551694,0.9285619582691129,0.0997862079252225,0.17459686106829747,0.11727904009015727,0.7128722716650923,0.8085732279288685,0.9203583088881155,0.9486567559952932,0.9356717877326439,0.651253749647823,0.8429042576111635,0.7471784418038085,0.8810885165481696,0.18991033991282585,0.14831203699100085,0.22991763204560897,0.5038532292547109,0.7856610152637598,0.7729412154659507,0.7718225360049056,0.12128142660634084,0.3690647839705663,0.8889275592900114,0.2717230978305905,0.6420557185236746,0.27434992293541494,0.6995641293359187,0.8348663385206914,0.714297552163609,0.8636536899849185,0.6213560052370772,0.18019025837352293,0.05980377533601816,0.9076053630322014,0.5524784964948044,0.9451847064087903,0.11993901125308673,0.7613235221001342,0.7195760619168365,0.15577818657916107,0.8525249009761514,0.8626510217272411,0.6606920896932332,0.06061585375959164,0.7661214140108388,0.6358656921725584,0.7111403901291039,0.09648817514377103,0.16442930774457648,0.626767099222725,0.9097349972654502,0.7970135401647359,0.14111105586768094,0.8807073368799616,0.8567261638409652,0.015023450836109316,0.7766701470027677,0.8801107078340709,0.6839854820265501,0.5673445035549147,0.9256616781849217,0.8029715441091168,0.21091665423689487,0.6522895639636056,0.6261787566913604,0.965412088367391,0.1159531977659557,0.24414557748719734,0.8220222410049884,0.6523558560798157,0.9302441207179436,0.7611992243822404,0.729088980592983,0.1336200467359419,0.6101443510830474,0.9038101393791742,0.6419397073203069,0.7290475480203517,0.8542982150847711,0.7688476772899783,0.8803593032698587,0.645229453587232
15,0.3702083229751902,0.6608495334692321,0.5678997000281741,0.5772303153847428,0.8558643663302341,0.24564543661645039,0.2794461293690648,0.6357496809691907,0.5026931172210344,0.6772568322312269,0.3072142395465619,0.32886690200367924,0.057326107492666444,0.5351348215913422,0.4195876630371733,0.9999999999999999,0.8468320654966107,0.3628996171630289,0.8968080346044845,0.5107476093405591,0.16230796002585393,0.8967334559737483,0.06294436434147069,0.7904009015727803,0.9446543694791096,0.3693216659208804,0.019746764116077495,0.3007010391289216,0.6448979930061817,0.692305142610915,0.0988746913273339,0.4742206533088052,0.5334609456570377,0.46913273338968164,0.16046835380102423,0.6734947546363048,0.8509338901871095,0.8844114088731998,0.4248578862758746,0.4579376522647044,0.6410033311788396,0.5570277929697212,0.2682096156714563,0.7138335073501384,0.8006347470127114,0.31389317025472746,0.32053066839026173,0.631805300054691,0.4792422811117188,0.26458840882348067,0.43524088897727836,0.6601700392780789,0.4759525348447936,0.8967251694592222,0.6184888712109912,0.5761282089527504,0.38204975223321574,0.523077942955634,0.30927758166360064,0.6940535971759558,0.09441654651220603,0.5961650010772469,0.5544092543794229,0.5999436517012215,0.5082699414972074,0.41382853544142273,0.8565852930940188,0.5366926863222792,0.5763022257578017,0.3230497688062447,0.9351497373174895,0.9163807819155108,0.3452493412220952,0.47465983857869704,0.40912179519050695,0.7698006264604982,0.91578415286962,0.7990023036510382,0.5983112083395482,0.4082268516216709,0.7931188783373937,0.6377384444554931,0.33284442897628397,0.43586237756674795,0.7453471220935051,0.15837186562588046,0.8469895092726099,0.8538010242131956,0.7554318102719633,0.7405740897263793,0.3624272858350321,0.3682029864598353,0.8525746200633091,0.5374467591441687,0.22318069573575966,0.28585989161239,0.2093836490495368,0.5232022406735279,0.2563598998989045,0.22725766088267954,0.7281857505096208,0.7765292762558214,0.47438638359933044,0.8587812194434776,0.5233099653623693,0.24625863869139364,0.487313346260296,0.29162730572266693,0.7244485324582774,0.4124446875155372,0.25143771027030615,0.3530635244203583,0.38019357297933354,0.4392101294353569,0.2368285851605098,0.2260229702182668,0.7828353138103051,0.9639288022671904,0.38994680057674147,0.229088980592983,0.4227365385571521,0.22649530154626363,0.5882596662191948,0.481380201859494,0.37323290077727506,0.4093869636553473,0.3851737682096157,0.6559024842970549,0.4923101145196307,0.5736588276239248,0.4023351397935001,0.4792588541407713,0.3175972422479657,0.5518321483617561,0.8360347370688941,0.5407365054110941,0.5640464707734633,0.3992276968461526,0.19995359551865294,0.9272444024594374,0.35419049039592965,0.7037322461426274,0.6887750874227283,0.7075937619118646,0.24422015611793368,0.33774175906130366,0.26707436318135863,0.34359203831684315,0.2477502113061204,0.4063043802515786,0.08697525646762459,0.44760436865045816,0.7402592021743813,0.40731533502378237,0.29254710883508184,0.22303153847428694,0.24015147748554003,0.3237209764828718,0.43171912030361786,0.45951209002469384,0.6050812907075026,0.0866437958865742,0.5367589784384892,0.6488175143771027,0.2789075059248579,0.16694012164603328,0.35496113624687187,0.6752763552594508,0.3720645022290724,0.5266411442019258,0.32096985366015346,0.40482938066590435,0.32830341901589355,0.012968395233596844,0.3184258937005917,0.49273272676047,0.6414756625068363,0.724879431213643,0.3784948375014501,0.2572216974096356,0.534811647524818,0.642039145494622,0.7402260561162763,0.41227067071048573,0.2562190291519581,0.701262864813802,0.2901108735643613,0.651949816868029,0.4001309269295149,0.2631051227232802,0.5870249755547822,0.20154460630769488,0.24432788080677506,0.43766883773347254,0.6705198959213775,0.5223072971046918,0.4770546412767862,0.5521718954573327,0.3199091798007922,0.23030709822834322
16,0.26543363330515923,0.5312318732494737,0.6954374451018412,0.7208521851538805,0.9216592916687383,0.19342382207196013,0.22613069490710816,0.5092394636967799,0.380243292066491,0.5122143224117072,0.2505344801869438,0.2535341984454499,0.043189313710866935,0.4407348481081887,0.3183347420408028,0.8468320654966107,0.9999999999999999,0.2751620013589884,0.7505841992741014,0.3899716601203202,0.25304529408840054,0.7646298413961119,0.04903959296640647,0.6840352011137076,0.8627504599015562,0.45170619334095685,0.0045741560184955005,0.4205406122076932,0.4980692421153814,0.8356949899733174,0.10312567327930526,0.5911848058469646,0.6998044382571802,0.35882265201610897,0.19310064800543594,0.5266245711728732,0.728384626858251,0.765301049072739,0.3186330565637482,0.36748205969605063,0.7944115746034903,0.4484993122192943,0.3554500406039212,0.5975074164305011,0.6690614693647559,0.37545368667031276,0.25455343973217986,0.48404017302242336,0.3833175889557335,0.2193191799665225,0.5336681085201942,0.5223984487644807,0.38451913356204115,0.9284293740366928,0.782130960075573,0.46260295994298883,0.5210974659838579,0.4531231873249474,0.40013092692951485,0.8306236430832463,0.07964997762641077,0.7363396808034605,0.4395830225890386,0.745604004043819,0.6285072672732396,0.3047365717032102,0.9073484810818874,0.38919272775485175,0.45093554749001474,0.3656093074131159,0.8452907737947264,0.8763237706955701,0.26103349409171517,0.3506107161205853,0.31835131506985537,0.9232171563996752,0.8521851538805747,0.6622831004822751,0.7390576575680737,0.47835562405740895,0.6476656888579526,0.5027842688808234,0.44474552113889854,0.32730903727274235,0.8763734897827276,0.22121679179303602,0.7372263378577704,0.9261754420855499,0.6014849434031058,0.8770861300319859,0.2745322262549927,0.2709193059215433,0.7081572448996503,0.41148345183049106,0.28860272792058206,0.36946253666782675,0.18251048244087573,0.41341420971510967,0.20698884635144765,0.17933674737731814,0.8489865592734385,0.9152289563963606,0.5462884701436882,0.7988780059331444,0.41847727009065444,0.19652297850478134,0.38697194186181405,0.23495583287757502,0.5919305921543281,0.3195362866471105,0.31052884535706593,0.2565173436749035,0.3033775833209036,0.35744709060474983,0.1977162365965628,0.19555345630520893,0.9185518487213908,0.8484645088582841,0.2867548351812261,0.30805117751371414,0.5064137622433252,0.3057392399608876,0.4578465006049155,0.38324301032499714,0.2965992144384229,0.2966240739820017,0.27846003414043985,0.5569863603970897,0.37657236613135786,0.4366495964467426,0.30446311672384363,0.6121911201710337,0.41401912527552664,0.70572100962893,0.6420971510963058,0.4013241850212963,0.4627604037189877,0.3156581978488208,0.2283846268582509,0.8800858482904921,0.2637763303999072,0.828286845986841,0.5736588276239248,0.853055237905832,0.17934503389184442,0.244899650309087,0.21817564096189856,0.26303883060707,0.1867366048492683,0.5013424153532541,0.08190390957755349,0.36040537629062463,0.6155057259815377,0.3370042592684665,0.38698851489086655,0.19260345713386035,0.2054475546495633,0.4198445449874873,0.3476192843766055,0.35337012545783,0.505386234442069,0.08932862659308242,0.42702895308175476,0.5208654435771226,0.20485921211819888,0.22086047166840683,0.4643679875370822,0.5488572896468288,0.2864399476292282,0.42562024561229056,0.3769866918576708,0.3196274383068994,0.2504516150416811,0.0015081456437793135,0.24877773910737666,0.3701751769170852,0.5042675549810238,0.5825419711960755,0.2903926150582542,0.21487760818044715,0.7090024693813288,0.5166807537413614,0.6062248297121264,0.3102802499212781,0.3065596048989874,0.856527287492335,0.21413182187308374,0.5343061701387162,0.3332753277316495,0.20882845257627736,0.47867879812393316,0.23292563681864134,0.1945010689603739,0.33833838810719435,0.5328891761547259,0.40262516780191915,0.3734400636404315,0.4364341470690598,0.22298181938712938,0.1880375876298911
17,0.9268880823348083,0.5962727257660883,0.2241253583917533,0.1955948888778402,0.28810553704900643,0.5602181010623312,0.6775551467541723,0.641177347983891,0.7659473972057872,0.6075506720363282,0.8371782760735179,0.8923416032748305,0.003977526972604783,0.7376986691857671,0.9281559190573262,0.3628996171630289,0.2751620013589884,1.0000000000000002,0.3786439947629229,0.7390079384809161,0.032690299806095564,0.4294071827507913,0.00476474585259948,0.47620113028058136,0.3094184524105471,0.08793649215267074,0.00015744377599893934,0.08973466580486915,0.6392714496428511,0.1976416579658264,0.02110575249838413,0.11527370357480238,0.1773977029781733,0.8055983692139413,0.023575133827209594,0.5945657037736787,0.4683289414806344,0.41953794395001576,0.8860769982929779,0.8632310777440793,0.19440991730058504,0.6943601982134275,0.07776893882894977,0.5684300369578548,0.47862907903677554,0.07175292928288503,0.8691227895722502,0.6358988382306634,0.7792638260494871,0.8291900760702033,0.12732229569598436,0.6108818508758846,0.8279470988912644,0.3093024412071794,0.1822204544324566,0.6923631482125988,0.1320373224614263,0.783183347420408,0.08388438654932963,0.2159797146124397,0.022008982581746463,0.1784583768375346,0.7012380052702233,0.17853295546827092,0.15744377599893933,0.9121878055652232,0.2654004872470541,0.7812111569631581,0.6755000911516598,0.09054674422844262,0.36898191882530373,0.33721970864614925,0.8709541092825537,0.8473872619698702,0.8925984852251447,0.2184490959412652,0.3429954092709524,0.45604832695271713,0.1437710270306104,0.10247932514625697,0.47961517426540046,0.6488589469497339,0.0942176701635758,0.8785445565886076,0.23495583287757502,0.027693531546760804,0.4521370920963224,0.2407978256185883,0.5067700823679544,0.2663617229321003,0.9046305043172741,0.8864084588740284,0.4369396244551617,0.7091184805846964,0.06376472927957043,0.08308888115480867,0.6854107625250667,0.7664943071645205,0.7350635575664164,0.751752597822304,0.24530568952087375,0.21106581149836756,0.14813802018594938,0.31055370490064466,0.7397288652447007,0.7025638475944248,0.8325212549097598,0.834344288105537,0.530726395863372,0.8921427269262003,0.05102835645270887,0.8992028373025738,0.9121960920797494,0.8560052370771806,0.6274465934138783,0.7142809791345565,0.2414193142080578,0.3421087522166426,0.8907754520293675,0.04742372263378578,0.11972356187540398,0.05098692388007756,0.6859328129402211,0.7676212731400918,0.9107045194650226,0.8757685742223106,0.9041581729892771,0.6078738461028522,0.8048442963920515,0.7021495218681119,0.9033378080511775,0.13555909113508674,0.07003762077594922,0.16984040173022424,0.43282951325013674,0.7199821011286233,0.7156814000894943,0.7360330797659889,0.05738411309435026,0.31218614826231794,0.8921178673826216,0.1856842175044333,0.6046421054376108,0.18227846003414044,0.6986277531944514,0.8030378362253269,0.7141152488440312,0.8373108603059382,0.5949303104128342,0.1076086776380119,0.013449013076119922,0.8420010275278011,0.5323919852831501,0.92407066739588,0.050556025124712044,0.7784351745968612,0.7108172160625796,0.09681134921029518,0.8449758862427286,0.8171663434926002,0.6399509438340045,0.008908003115729462,0.7354364507200981,0.5549478778236298,0.7007491009131739,0.02768524503223454,0.09105222161454449,0.6005071346890072,0.9125524122043787,0.7575448714761597,0.053199423258588965,0.865451863637117,0.8706226487015032,0.00012429771789389948,0.7610500671207676,0.8043968246076335,0.6444505212217637,0.515363197931686,0.9213692636603192,0.8281708347834732,0.15375627703475364,0.6033908417441456,0.5696398680786887,0.9248827458194533,0.054384394835844146,0.17498632725103166,0.8293226603026235,0.6055453355209732,0.9120717943618555,0.7763552594507699,0.6860156780854836,0.06679759359618158,0.5852268019025837,0.8671920316876316,0.5837435158023832,0.6911450305772386,0.7916438787517194,0.7145875801720281,0.9088649132401929,0.6383102139578051
18,0.36243557234955837,0.7058453073468238,0.5242297684747841,0.5113773844445549,0.7518023169094616,0.21899600589999835,0.27239430550721755,0.6697741096140142,0.48858946949734006,0.6644790268317342,0.3224697127894065,0.3435091731715806,0.0416645950380351,0.5324334178557815,0.4184855566051807,0.8968080346044845,0.7505841992741014,0.3786439947629229,1.0,0.516954208720728,0.1441853527569234,0.8786274217338702,0.051185800228707806,0.794908765475066,0.8757188551351531,0.2833076451383019,0.009918957887933177,0.32478165034223305,0.6594905450869256,0.5899501151825519,0.09169028323306652,0.3827955385405791,0.45061237342349053,0.458020517409967,0.14134307827441622,0.6680753741361307,0.8315848787682925,0.8909660418634715,0.41148345183049106,0.4543495914748339,0.5479789191070452,0.5552793384046801,0.29698039410663085,0.7516117270753576,0.8321897943287094,0.2000033146058105,0.33764232088698853,0.6766767762143887,0.5529425413082749,0.30753741361308606,0.39347685576492814,0.6588441969538773,0.5341072937900859,0.809004126684234,0.5310247103863173,0.6276703293060873,0.3652778468320655,0.5210891794693316,0.2505759127595751,0.627405160841247,0.07739604567526807,0.5149985912925306,0.551732710187441,0.5040852516614461,0.40354497091433394,0.3993271350204677,0.7512968395233597,0.48237458360264507,0.5660600938033444,0.25898672500372893,0.8836407630222576,0.8296292613400952,0.3571570625963308,0.4408508593115563,0.4195876630371733,0.6728401199887303,0.8952833159316529,0.8422081903909577,0.5565388886126716,0.3051094648568919,0.8091532839457068,0.6330979963207877,0.34070833126170474,0.40498682444190326,0.6374732759906528,0.12743830689935198,0.8672168912312102,0.777349641193921,0.7250368749896419,0.6834882911549744,0.36681913853394993,0.36575017816006233,0.8477684416380782,0.5430401564493943,0.18768126750526193,0.22525232436732462,0.2172392648204312,0.5261190937867714,0.24933293558063604,0.2700657949253385,0.6196738427882464,0.7110078058966838,0.40573261074926664,0.8697608511907722,0.5138799118314854,0.2307628565272875,0.5109713452327682,0.3182270173519614,0.7175707254014816,0.45357894562389167,0.23104459802118033,0.36778866073352223,0.3918029798306237,0.43652529872884865,0.21543280465370657,0.24563715010192416,0.701296010871907,0.8803675897843848,0.3812376738096422,0.167760486584133,0.3371285569863604,0.23038167685907954,0.6285984189330284,0.48534115580304615,0.37054807007076684,0.43340956926697494,0.36670312733058225,0.6610732693614412,0.469431047912627,0.5709574238883641,0.4262748802598651,0.4252887850312401,0.25816636006562915,0.4505295082782281,0.8284857223354714,0.5034223304993454,0.5702779296972108,0.39654286613964435,0.16213394322080246,0.8557732146704452,0.39065115431147357,0.5852102288735312,0.6917582326521818,0.6178508095924692,0.2327516200135899,0.31180496859410994,0.26564908268284193,0.34851422794544157,0.22044614594209383,0.3682444190324666,0.07537413613086064,0.4237474933293558,0.7580254893186829,0.3967748885463796,0.30694078456719537,0.27987702812443027,0.23227100217106683,0.330963390178823,0.4290342895971097,0.45139130578895903,0.6075092394636968,0.08743930128109514,0.5438025157858102,0.6405558593944216,0.2697840534314457,0.12634448698188566,0.290417474601833,0.689371716468619,0.3529806592750957,0.5338835578978769,0.30371733041648014,0.40680985763768046,0.3428711115530586,0.007275559754056249,0.3200914831203699,0.4493362501864465,0.6490909693564693,0.7716568057143804,0.37129385637813017,0.30326985863206224,0.46329074064866843,0.6393543147881139,0.7530784401465056,0.4029483418684433,0.215830557350967,0.6493975703939409,0.3105702779296972,0.6403072639586337,0.4151875238237292,0.29775103995757307,0.5956512371766187,0.1903660982117702,0.22140738162714,0.4272029698868062,0.6760387145958667,0.568405177414276,0.4506620925106482,0.53946038217405,0.3082749134059232,0.22233547125408112
19,0.7060110376373491,0.8148544059397735,0.3038001955617428,0.28609191401912526,0.42508162216808365,0.38871210991232863,0.49928735975074157,0.8698354298215085,0.9269046553638608,0.8162382538656591,0.6404812807636852,0.671812592187474,0.029077379472646214,0.9459222062016275,0.7742256252175209,0.5107476093405591,0.3899716601203202,0.7390079384809161,0.516954208720728,1.0000000000000002,0.07497638343360016,0.5964798886292447,0.031563333830524204,0.7112232552743666,0.4644094201097134,0.15269560317539238,0.012139743780970848,0.13161471022058702,0.8507018677803742,0.29835595551799005,0.05698636039708978,0.18369545401813087,0.24228111171878886,0.9054923018280051,0.07428860272792058,0.818724208223537,0.654502063342117,0.5797991348878835,0.7981819387129385,0.8235718192213991,0.3007258986725003,0.9338736140804454,0.13250136727489684,0.7651021727241087,0.6735776197815674,0.11777623096173287,0.6515437776562423,0.8748073385372643,0.909121795190507,0.6321284741212152,0.18196357248214254,0.8196440113359519,0.9017136512040305,0.4518967831750609,0.2888181772982648,0.9158090124131988,0.173146721026202,0.901663932116873,0.13603142246308358,0.32452476839191896,0.055063889026997465,0.2897711264687847,0.9354231922968561,0.2781368600739157,0.2285669301778286,0.7426871509305756,0.40554202091516267,0.9023351397935,0.9245264256948242,0.14220487578514723,0.5128358110011767,0.4521288055817962,0.6604103481993404,0.8662639420606905,0.8294966771076749,0.3577288320986427,0.5029168531132435,0.6667329587828768,0.23396145113442385,0.175094051939873,0.7005170785064387,0.8779064949700857,0.13532706872835149,0.8082749134059232,0.33687167503604637,0.07254843467740599,0.601145196307529,0.3901042443527404,0.7334228276902169,0.4079036775551468,0.7213659490545087,0.729727042211505,0.6527204627189711,0.8929548053497737,0.10927426705779014,0.1235933641591674,0.4664064701105421,0.9249573244501896,0.5352508327947099,0.5408608031289879,0.3090455592568654,0.3231492069805598,0.21073435091731718,0.4872553406586122,0.9181789555677091,0.4895175591242812,0.8694542501533005,0.623261903578117,0.7691211322693449,0.8275824922521088,0.11348381643713021,0.7037571056862063,0.7253683355706924,0.8618306567891414,0.44100001657302906,0.5000248595435788,0.3879000314887552,0.47367374335007206,0.7068976946916588,0.08385124049122458,0.18085317953562374,0.09736654568355457,0.9321334460299309,0.9028157576360232,0.7969058154758946,0.7653010490727391,0.7166757818326455,0.8381892308457216,0.8956479225708082,0.8826961003662639,0.8265549644508527,0.20302789240789537,0.12405740897263794,0.22715822270836442,0.6459420938364904,0.9181458095096041,0.9408591458260827,0.8255274366495964,0.10990404216178591,0.4559074562057708,0.7494903793566349,0.2943369959727539,0.8085069358126584,0.2998392416181906,0.49020533982996073,0.6035731450637233,0.49830126452211676,0.6659457399028821,0.42070634249821837,0.1772982648038582,0.04477203798538258,0.8514890866603689,0.7302159465685544,0.7789820845555943,0.0963307313677721,0.5591408541739173,0.49048708132385355,0.1484860537960523,0.881361971527536,0.8954407597076518,0.8839473640597292,0.04053762906246375,0.9530486086942109,0.7784848936840187,0.5159598269775767,0.0769568604053763,0.15011849715772552,0.8032532856030097,0.7783771689951774,0.9235486169807255,0.11665755150068778,0.6951888496660534,0.6551815575332703,0.008999154775518322,0.5721589684946717,0.8560466696498119,0.834087406155223,0.7313429125441258,0.7274068181441522,0.6019489882165763,0.24194965113773848,0.839183612588873,0.7504516150416811,0.753153018777242,0.10823845274200766,0.2906992160957258,0.5995707585475397,0.8530469513913058,0.7331493727108503,0.5623643083246325,0.9180215117917102,0.11673213013142412,0.40940353668439977,0.8586072026384262,0.8080428909991879,0.8822486285818459,0.8931868277565091,0.9158670180148826,0.7121099123286763,0.4588325958335404
20,0.03000546909958733,0.08383466746217205,0.3689487727671987,0.3188153598833259,0.25628532126816816,0.09019871061833971,0.09971162929448615,0.07017020500836937,0.09773115232271003,0.11329322660302624,0.08880657617792803,0.06604352077429192,0.2765789953429788,0.09358789505958004,0.09020699713286598,0.16230796002585393,0.25304529408840054,0.032690299806095564,0.1441853527569234,0.07497638343360016,1.0,0.14578465006049157,0.2102703061038466,0.13603970897760986,0.18953744675914416,0.5566797593596182,0.01669732677041383,0.6985366015346626,0.07943452824872803,0.26277366214222975,0.3675152057541557,0.46976250849367746,0.36957026135666826,0.08761331808614663,0.9046222178027478,0.09860952286249358,0.07805896683736888,0.11764364672931273,0.10043255605827077,0.08876514360529675,0.2899202837302574,0.09894098344354396,0.6844826728981256,0.08083494920366596,0.09979449443974875,0.7671986608992525,0.06146107824127016,0.12357679113011485,0.08789505958003944,0.05334858052006165,0.4926084290425762,0.09558494506040868,0.06743565521470359,0.22154825237408643,0.3258174646580156,0.10668058801107079,0.5627454879928404,0.10391289215929997,0.4714198113989293,0.2726511874575316,0.20305275195147415,0.33028389598766966,0.0787550340575747,0.3263809476458013,0.41798836573360515,0.09527834402293708,0.22608926233447688,0.12597988034273022,0.11314406934155355,0.7835893866321948,0.18442466729644177,0.23949684283796546,0.07891247783357365,0.08068579194219327,0.05369661413016456,0.25492633288586153,0.17583983824723645,0.1551649845042178,0.37402840617179606,0.5239148809227863,0.14135136478894247,0.1097631714148395,0.37165846301728567,0.10567791975339333,0.2946187374666468,0.9287442615886906,0.15425346790632924,0.28097913455642287,0.18880823348083328,0.2783771689951773,0.08755531248446279,0.09479772618041399,0.18923084572167254,0.12404083594358539,0.8514973731748953,0.7571471187788992,0.06680588011070783,0.11475165315964798,0.06434478529640862,0.045832711844743856,0.337020832297519,0.2311771822536005,0.22959445797908487,0.2663782959611528,0.11644210212300501,0.08995840169707817,0.09035615439433867,0.057549843384875454,0.11502510813901456,0.08093438737798107,0.7344172094333681,0.09788859609870895,0.09290011435390047,0.0714711877889922,0.09294983344105803,0.07872188799946966,0.2418916455360546,0.20650822850892459,0.09241949651137739,0.6868277565090573,0.49555014169939837,0.662979167702481,0.0715126203616235,0.10122806145279173,0.06436135832546114,0.11364126021312915,0.10495699298960871,0.1035482855201445,0.0888977278377169,0.07196009214604153,0.05099521039460382,0.34243192628316677,0.6001508145643779,0.44351911698901214,0.17303899633736056,0.12288901042443529,0.09809575896186545,0.05373804670279587,0.7237524652380716,0.18237789820845554,0.06661529027660386,0.29889457896219696,0.09951275294585593,0.30387477419247916,0.06674787450902402,0.09467342846252008,0.0906793284608628,0.10464210543761082,0.0880276438124596,0.5159929730356817,0.2773910737665523,0.09944646082964584,0.10733522265864533,0.08924576144781982,0.6131192097979749,0.054574984669948125,0.06234773529557997,0.6483783291072109,0.054815293591209666,0.0844478695371153,0.07413115895192163,0.4339647657402344,0.077329753559058,0.14875122226089263,0.07795952866305375,0.8806824773363828,0.5334940917151427,0.06780026185385903,0.07514211372412535,0.0969936525298729,0.6223006678930709,0.12912046934818278,0.05750841081224415,0.004980195230282238,0.12023732577603208,0.12157974112928621,0.09089477783854555,0.11264687846997795,0.0728136031422463,0.05181557533270356,0.35931984288768465,0.10609224547970633,0.09519547887767447,0.09285039526674291,0.7471867283183349,0.30351845406785,0.0824591060508129,0.1084787616632692,0.08829281227729993,0.06336697658230996,0.10413662805150899,0.7667926216874659,0.10150980294668457,0.07965826414093705,0.1373738378163377,0.14611611064154195,0.109556008551683,0.13242678864416052,0.03173735063557566,0.08040405044830044
21,0.4147814846119425,0.7472695934635973,0.521420640050382,0.5347370688940818,0.7794709889126435,0.24420358308888115,0.2930774457647624,0.7160874393012812,0.561618522017269,0.73390344553274,0.3437992011799997,0.3800692752614395,0.026649430716452042,0.6044349425744544,0.4743698105702779,0.8967334559737483,0.7646298413961119,0.4294071827507913,0.8786274217338702,0.5964798886292447,0.14578465006049157,0.9999999999999999,0.03049437345663667,0.8679461045095213,0.842663948689902,0.3128822154825237,0.0028008419098758683,0.25847296110310075,0.7309285868178128,0.626767099222725,0.06753509338901872,0.42213990951126135,0.49255870995541856,0.529930890468851,0.11293690647839706,0.7395714214687019,0.9383731914682047,0.9830209317356932,0.47479242281111717,0.5067452228243756,0.5824425330217604,0.6081721606257976,0.24160990404216176,0.804156515686372,0.8967666020318533,0.26153068496329074,0.3706226487015032,0.6898357612820895,0.5495699298960871,0.3202240673527901,0.39257362568156584,0.7423971229221564,0.553390013092693,0.8038582011634267,0.5575166973267704,0.6693266378295961,0.33975538209118483,0.593778484893684,0.265939110691261,0.6179336747377318,0.06207428031621339,0.5615770894446378,0.6311423788925902,0.5294171265682228,0.4476955203102471,0.44551616698984076,0.7470707171149671,0.5679991382024893,0.6482457448747907,0.28538756028439316,0.9057823298364243,0.8414872636271732,0.38422910555362205,0.5408110840418303,0.489418120949966,0.7029118812045276,0.8968743267206947,0.8691310760867763,0.5319528000132584,0.33975538209118483,0.8763734897827276,0.6838528977941299,0.29883657336051306,0.47712093339299627,0.6489335255804705,0.12444687515537216,0.9256368186413431,0.7597905169127761,0.805846964649729,0.6948656755995294,0.40101758398382475,0.39836589933542155,0.9044730605412752,0.5877127562604617,0.19454250153300517,0.24795737416927693,0.2571554052934255,0.5713717496146771,0.2948756194169608,0.27202141235353583,0.6357745405127695,0.6962329504963622,0.4239960887651436,0.8430782744162152,0.5628283531381031,0.2741593331013109,0.563018942972207,0.3512653507681599,0.7984885397504102,0.47741924791594165,0.21968378660567792,0.402459437511394,0.42802333482490595,0.5167636188866239,0.2500041432572631,0.26346144284790934,0.7256252175210063,0.8783788262980825,0.41689454581613883,0.18396062248297124,0.35682560201528035,0.1799913820248927,0.6853776164669617,0.5325991481463067,0.44245015661512455,0.4510184126352773,0.40922123336482213,0.7357016191849385,0.5409519547887768,0.6472099305590083,0.48243258920432885,0.43117221034488473,0.2799350337261141,0.48264803858201166,0.8810636570045908,0.5677173967085964,0.6301811432075441,0.47829761845572516,0.15840501168398546,0.8556240574089726,0.42551252092344916,0.6140141533668109,0.7634945889060143,0.6307446261953297,0.2988780059331444,0.36382770678997,0.2799681797842192,0.35988332587547023,0.2532773164951358,0.33755116922719963,0.05183214836175608,0.48723876762955964,0.837244568189728,0.46206433649878187,0.2660054028074711,0.27942955634001226,0.2923896650590828,0.2880972505344802,0.5128938166028605,0.521520078224697,0.6903163791246126,0.046653076782843604,0.6042360662258242,0.6953462934420523,0.29143671588856296,0.1254081108404183,0.3136445748189397,0.773140091814581,0.44970914334012824,0.6014103647723694,0.25797577023152524,0.4271283912560699,0.3712938563781302,0.0014169939839904539,0.34157012877243575,0.5142196589270621,0.7384941745802882,0.8061701387162532,0.42558709955418556,0.31381030510946484,0.4989558991696912,0.7136097714579293,0.834568023997746,0.4455575995624721,0.22633785777026466,0.6312666766104841,0.31378544556588606,0.7168249390941183,0.44845787964666306,0.31001508145643775,0.6593496743399792,0.16621919488224862,0.24992956462652682,0.5023450836109316,0.7356187540396759,0.563623858532624,0.5147085632841115,0.5934967433997911,0.37695354579956575,0.25618588309385304
22,0.008187076351944846,0.0383334161984786,0.08172989277250203,0.056016838197517356,0.08492020086511214,0.05798074214024097,0.06257975770231525,0.021810106233116227,0.0504814464939757,0.054815293591209666,0.047025969936525296,0.03793566350121812,0.7215151063159814,0.03847428694542501,0.04468088632559372,0.06294436434147069,0.04903959296640647,0.00476474585259948,0.051185800228707806,0.031563333830524204,0.2102703061038466,0.03049437345663667,1.0,0.036096057276388406,0.08148129733671422,0.10020882016606175,0.09230348530800975,0.15805697807388258,0.033494091715142775,0.03641923134291254,0.5414988647475099,0.10320025191004162,0.06221515106315982,0.046785661015263755,0.19918294966771077,0.04268383632476508,0.018586652082401102,0.020036792124496595,0.05677091101940702,0.04942077263461443,0.04579127927211256,0.050953777821972523,0.12659308241767347,0.02358342034173586,0.026301397106349128,0.18732494738063277,0.033154344619566116,0.05412751288553008,0.03902119690415817,0.019241286729975635,0.10470011103929466,0.04255953860687118,0.022448167851638244,0.059638045045492964,0.06673958799449775,0.028248728020020222,0.09575896186546015,0.03036178922421651,0.1060590994216013,0.05168299110028339,0.7647707121430585,0.06684731268333913,0.03000546909958733,0.05814647243076617,0.08367722368617311,0.05416065894363513,0.08500306601037472,0.06380616185220173,0.05411093985647757,0.16681582392813935,0.038673163294055256,0.0749680969190739,0.042882712673395315,0.036709259351331645,0.01656474253799367,0.03685841661280432,0.04038018528646481,0.06334211703873117,0.09765657369197368,0.14065529756873665,0.047639172011468535,0.05121065977228659,0.0523459122623842,0.05502245645436616,0.0885662672566665,0.21883027560947313,0.030767828436003248,0.07855615770894447,0.08644491953794395,0.07226669318351314,0.043280465370655795,0.050580884668290825,0.06272891496378794,0.06054127512885529,0.25866355093720483,0.15172608097582,0.03148046868526161,0.056663186330565635,0.040363612257412286,0.029276255821276458,0.09716766933492434,0.04501234690664413,0.05905798902865477,0.08936177265118746,0.06112961766021976,0.059762342763386864,0.03271515934967434,0.023069656441107745,0.05901655645602347,0.03994100001657303,0.1645867515205754,0.0560085516829911,0.03899633736057939,0.027229486733290245,0.057367540065297734,0.04095195478877674,0.05316627720048393,0.06654071164586751,0.054359535292265365,0.15371484446212236,0.08006430335272377,0.15723661313578283,0.02579591972024727,0.051210659772286574,0.02513299855814647,0.06606009380334443,0.06629211621007972,0.03481164752481811,0.03920350022373589,0.03227597407978256,0.021428926564908267,0.06780854836838529,0.1894545816138816,0.09370390626294768,0.07717230978305904,0.07494323737549512,0.038308556654899815,0.018304910588508264,0.2296276040371899,0.06221515106315981,0.032077097731152325,0.08954407597076518,0.03417358590629609,0.09441654651220605,0.03636951225575498,0.061726246706110474,0.05988664048128076,0.06805714380417309,0.060118662888016046,0.10909196373821244,0.6985780341072939,0.06015180894612107,0.02586221183645735,0.031563333830524204,0.13181358656921727,0.024478363910571937,0.03271515934967434,0.1495633006844661,0.017285669301778286,0.04732428445947066,0.024809824491622334,0.4549130744626195,0.038275410596794776,0.08217736455692007,0.04848439649314705,0.19717761315235588,0.08880657617792805,0.01890982614892524,0.028621621173701917,0.035880607898705646,0.18929713783788263,0.0764182369611694,0.03248313694293906,0.009885811829828138,0.08371036974427817,0.06575349276587282,0.024022605611627636,0.03838313528563616,0.03122358673494755,0.017310528845357068,0.05909942160128606,0.03921178673826215,0.02821558196191518,0.05010026682576774,0.15619251230547407,0.06813172243490942,0.055345630520890296,0.049453918692719465,0.04356220686454863,0.03506852947513217,0.036676113293226606,0.37354778832927293,0.07171149671025373,0.04066192678035764,0.06542203218482243,0.08925404796234608,0.0645768077031439,0.07052652513299856,0.015280332786423375,0.050920631763867484
23,0.44021279769303434,0.8466911947496645,0.4829297800759045,0.4673511327665357,0.6816735444737234,0.2696100366263942,0.33816437130214294,0.8316760304280812,0.6574023434263081,0.8473955484843965,0.38822320555527934,0.42533850411839774,0.03265715374799052,0.7191783092195759,0.5397089776098378,0.7904009015727803,0.6840352011137076,0.47620113028058136,0.794908765475066,0.7112232552743666,0.13603970897760986,0.8679461045095213,0.036096057276388406,0.9999999999999999,0.7363976864051442,0.28887618289994865,0.006090588176801074,0.22692620030162913,0.8329272941215466,0.5244949369396245,0.07064253633636619,0.38960705348116476,0.43198428876845824,0.6225161172707536,0.1305871824193308,0.866918576708265,0.8871791047249706,0.8668191385339499,0.5325660020882017,0.6034157012877244,0.4954507035250833,0.7428860272792058,0.21549909676991663,0.8721639404033875,0.9345862543297038,0.22245976897197497,0.4132401929100582,0.8139760353999901,0.6580569780738825,0.3607865559588326,0.37083809807918594,0.8513482159134226,0.6347801587696182,0.7188717081821043,0.474402956628383,0.77553489451267,0.2942458443129651,0.6765773380400736,0.23954656192512305,0.5356983045791279,0.07173635625383251,0.4629095609804604,0.7607766121414011,0.4537778219725219,0.4108205306683902,0.49736488838064935,0.6611809940502825,0.6210079716269743,0.7657153747990519,0.2626079318517045,0.7900777275062565,0.7489683289414806,0.42433583586072027,0.6175442085549976,0.5778683770032649,0.6149671025373307,0.7702480982449162,0.9271532507996487,0.4282636437461675,0.3120535640298977,0.9547473441720944,0.7986708430699879,0.2704469745935465,0.5383334161984786,0.5455841164089561,0.13042973864333185,0.8440726561593662,0.6593745338835579,0.9012910389631913,0.6039708977609838,0.45149074396327415,0.4535457995657866,0.9248661727904008,0.717521006314324,0.18409320671539137,0.2056795770562986,0.29276255821276453,0.665431976002254,0.33044133976366863,0.30811746962992426,0.5324997099719916,0.6289878851157625,0.4001889325311987,0.7520591988597756,0.6659954589900395,0.30878867730655135,0.6259053017119939,0.3868642171729727,0.9021031173867649,0.5944745521138899,0.17554981023881738,0.4629095609804603,0.48168680289696547,0.6076915427832745,0.27762309617328756,0.30392449327963666,0.6234110608395895,0.7508079351663103,0.4649811896120254,0.15706259633073139,0.3389847362402426,0.15765922537662208,0.7508493677389416,0.6355922371931918,0.5334195130844064,0.5112945192992924,0.46993652529872887,0.8666119756707934,0.6198312865642452,0.7697177613152356,0.5441339763668606,0.38910986260958913,0.22245148245744878,0.4020948308722385,0.9056663186330565,0.6852284592054889,0.7499544241701055,0.6143870465204926,0.16718043056729479,0.7275559754056249,0.5037703641094483,0.509562637763304,0.8848423076285652,0.5375213377749052,0.31353685013009824,0.38624272858350317,0.3214587580172028,0.3955567709110194,0.2899700028174149,0.3141914847776728,0.060972173884220826,0.5778269444306336,0.9551368103548284,0.5195396012529211,0.20681482954639618,0.3151112878900877,0.3231160609224548,0.2612572299839242,0.6257975770231525,0.6348133048277234,0.8165945739902881,0.05340658612174547,0.7313677720877045,0.8303170420457747,0.32707701486600704,0.13338802432920666,0.27855118580022875,0.872942872768856,0.5143605296740086,0.7005170785064385,0.19070584530734683,0.4810818873365485,0.4139942657319478,0.0021379207477750708,0.3670428744261589,0.577553489451267,0.8331178839556506,0.9243689819188252,0.47278708629576227,0.3525580470342564,0.4225708082666269,0.8419181623825387,0.8904771375064221,0.49700856825602013,0.1722932100299972,0.530535806029268,0.35516829911002834,0.8356701304297387,0.49637050663749815,0.3438157742090522,0.7818823646397852,0.16326919571090007,0.2744990801968876,0.579086494638625,0.8617063590712475,0.7037073865990486,0.624794908765475,0.7079086494638624,0.42786589104890704,0.29522365302706377
24,0.3204478032449991,0.5969770795008204,0.5925272212002188,0.6049818525331875,0.8887701155140125,0.22449825154543496,0.26422380218432523,0.5648834087406156,0.452377401017584,0.6018412635277349,0.26931172210344884,0.2821972521917831,0.07598733820580388,0.4833109597441124,0.3718987719385472,0.9446543694791096,0.8627504599015562,0.3094184524105471,0.8757188551351531,0.4644094201097134,0.18953744675914416,0.842663948689902,0.08148129733671422,0.7363976864051442,1.0,0.37242910886822783,0.022315583619218083,0.3285437279371551,0.5754072821889658,0.701072274979698,0.12297187556969788,0.5117751371418153,0.5682560201528033,0.41868443295381097,0.1900346376307198,0.6076501102106432,0.793922670246441,0.8430451283581101,0.38799946966307036,0.4080611213311457,0.6710088002784268,0.5007126402492583,0.2980079219078871,0.6553970069109532,0.7475016158703326,0.28595104327217885,0.27746565239728865,0.5640879033460946,0.4368484727953728,0.23689487727671987,0.4647740267488689,0.600822022241005,0.42506504913903115,0.9271532507996487,0.6645370324334179,0.5339995691012447,0.41310760867763807,0.47592767530121477,0.33320903561543946,0.7023069656441108,0.11324350751586869,0.6318467326273223,0.5006629211621008,0.630653474535541,0.5127860919140191,0.360032483136943,0.8807570559671192,0.4811564659672849,0.5196390394272361,0.35396675450372067,0.9153864001723595,0.9304678566101527,0.3029549710800643,0.41758232652181837,0.35955186529441985,0.7950247766784335,0.909726710750924,0.7392399608876514,0.6673047282851886,0.4242363976864052,0.7388173486468121,0.5629940834286282,0.34501731881535985,0.37930691592502364,0.7938978107028621,0.18271764530403223,0.8311788395565057,0.8834418866736274,0.7105354745686869,0.7642735212714828,0.30585525116425527,0.3182104443229089,0.8046868526160527,0.504524436931338,0.265491638906843,0.2953065181723264,0.19059812061850542,0.48411475165315965,0.23131805300054692,0.19366413099322166,0.7743747824789937,0.8096173287591774,0.4917051989592138,0.8678715258787848,0.47122093505029916,0.22811945839341052,0.42656490826828425,0.24873630653474538,0.6749531811929266,0.3662556555461642,0.2843185999105056,0.325610301794859,0.34793417192860343,0.3974958153101643,0.21961749448946782,0.21966721357662541,0.8157162034505047,0.9594375113939575,0.333449344536701,0.288950761530685,0.42380549893103964,0.2697509073733406,0.5128938166028605,0.42828021677522005,0.3344520127943784,0.3647060773297536,0.3528563615572018,0.6016755332372098,0.44123203897976426,0.5211554715855418,0.35036212068479755,0.5093223288420425,0.3391421800162415,0.5946071363463099,0.7900777275062564,0.49385969273604136,0.4961467707452891,0.3480584696464973,0.22074446046503918,0.9457647624256286,0.29940005634829875,0.7345332206367358,0.6285486998458708,0.760138550522879,0.20210808929548052,0.31058685095874977,0.2409304098510085,0.33016788478430203,0.21820878702000365,0.423722633785777,0.1105918228674655,0.40357811697243906,0.6726495301546264,0.35051127794627024,0.3182270173519614,0.19838744427318983,0.22202058370208322,0.35247518188899385,0.3867482059696051,0.41300817050332295,0.5508129070750261,0.1108569913323058,0.4727290806940785,0.6034488473458294,0.23682029864598353,0.1933823894993288,0.43354215349939507,0.6174696299242612,0.32827855947231477,0.4752481811100615,0.35412419827971964,0.3587066408127414,0.2954722484628516,0.010938199174663155,0.29133727771424783,0.4453504366993155,0.575771888828121,0.6666500936376141,0.33102968229503305,0.22584895341321534,0.5990321351033328,0.579335090074413,0.6833971394951854,0.35283150201362307,0.2875420540612208,0.7417424882745819,0.26884767728997827,0.5953280631100946,0.35246689537446757,0.23960456752680687,0.5350851025041847,0.24091383682195594,0.22771341918162383,0.390825171116525,0.6150251081390146,0.4842059033129485,0.43540661926780366,0.5059414309153284,0.26615456006894384,0.21075921046089593
25,0.10009280896269411,0.18369545401813092,0.7192197417922073,0.7050415154377766,0.4413729097267107,0.11782595004889045,0.1324267886441605,0.18512902103117387,0.15799068595767246,0.21593828203980842,0.1216211737019175,0.1089345199622135,0.16202621853196109,0.17743913555080462,0.13731583221465388,0.3693216659208804,0.45170619334095685,0.08793649215267074,0.2833076451383019,0.15269560317539238,0.5566797593596182,0.3128822154825237,0.10020882016606175,0.28887618289994865,0.37242910886822783,1.0,0.0050216278029135385,0.8542070634249822,0.17197003596347304,0.5456835545832712,0.22663617229321004,0.8204643762740517,0.7258158073551103,0.15344138948275576,0.546827093587895,0.21294685029582858,0.28006761795853424,0.2989442980493545,0.14774855400321518,0.1604683538010242,0.6042857853129817,0.1709259351331643,0.7906826430666734,0.21413182187308377,0.25303700757387426,0.7570891131772155,0.10159266809194717,0.20049221896285985,0.1593993934271367,0.09704337161703044,0.874318434180215,0.19460879364921527,0.13663633802350053,0.39328626593082416,0.6167321301314242,0.19755879282056382,0.968536104343791,0.19125275526607996,0.7168497986376969,0.5674190821856511,0.12946021644375943,0.6878304247667347,0.16611147019340727,0.6457017849152289,0.8150367092593513,0.14177397702978173,0.4104642105437611,0.17367705795588262,0.20154460630769488,0.7811282918178956,0.35149737317489516,0.4069755879282057,0.12590530171199388,0.14050614030726397,0.10820530668390263,0.5186363711695587,0.38385621239994033,0.27699332106929186,0.6523890021379208,0.8909328958053664,0.2736289961716303,0.21779446129369068,0.7068645486335537,0.15688857952567992,0.5682145875801721,0.5809509604070336,0.3337476590596463,0.5043587066408127,0.3100979466017004,0.5134655861051725,0.13167271582227086,0.13739041084539022,0.2996486517840866,0.19165050796334043,0.6528530469513913,0.7433334990636239,0.09645502908566599,0.17877326438953248,0.08972637929034291,0.06930840749763835,0.5281327168166526,0.4559654618074545,0.569076385090903,0.41447488357447093,0.1823530386648768,0.11064982846914931,0.1684979863769701,0.0962230066789307,0.239480269808913,0.12690796996967135,0.7552080743797545,0.12870614362186977,0.14795571686637166,0.1341669566946751,0.11890319693730422,0.11210825502577107,0.5063060375544838,0.3683770032648867,0.1323853560715292,0.8202323538673163,0.9220901904241039,0.8289414806344154,0.19208969323323222,0.15664827060441835,0.11287061436218698,0.15681400089494357,0.1358822652016109,0.2301828005104493,0.15857074197451068,0.13815277018180613,0.10536303220139545,0.6528116143787599,0.9059812061850545,0.7471370092311772,0.2866056779197534,0.17434826563250966,0.1907307048509256,0.10986260958915461,0.4660501499859129,0.38627587464160823,0.10920797494158008,0.5296657220040106,0.20513266709756545,0.5233431114204743,0.09123452493412221,0.13352889507615306,0.11190109216261457,0.13554251810603424,0.11415502411375728,0.9208306402161124,0.15456006894380087,0.148858946949734,0.2495732445018976,0.15544672599811069,0.9208140671870597,0.08695868343857208,0.0960572763884055,0.8287674638293641,0.11396443427965329,0.13095178905848623,0.19022522746482376,0.1987189048542402,0.14358872371103268,0.22659473972057873,0.11006148593778486,0.6004822751454284,0.9726047829761846,0.17574040007292133,0.12806808200334774,0.1823696116939293,0.8263560881022225,0.17469629924261257,0.09859294983344105,0.0013009827806228144,0.1539717264124364,0.17730655131838446,0.19536286647110493,0.23660484926830078,0.11884519133562041,0.09548550688609357,0.7428445947065746,0.21134755299226038,0.21379207477750706,0.13967748885463796,0.729751901755084,0.5846053133131142,0.10412005502245646,0.20766834054260097,0.14909925587099554,0.09638045045492964,0.18354629675665823,0.45850942176701637,0.12014617411624323,0.1374981355342316,0.2335056928354796,0.1947248048525829,0.15946568554334678,0.20693084074976387,0.064228774093041,0.09954589900396095
26,0.00232851058187905,0.015122889010424436,0.01159283382223769,0.0040355325742886024,0.029093952501698737,0.027279205820447804,0.02799184606970616,0.005626543363330516,0.021934403951010123,0.020293674074810652,0.014716849798637695,0.01605097863736555,0.038640017235950216,0.008327947098891264,0.017965163492931605,0.019746764116077495,0.0045741560184955005,0.00015744377599893934,0.009918957887933177,0.012139743780970848,0.01669732677041383,0.0028008419098758683,0.09230348530800975,0.006090588176801074,0.022315583619218083,0.0050216278029135385,1.0000000000000002,0.009720081539302938,0.009662075937619117,0.0019473309136710916,0.03080097449410829,0.02074943237375495,0.0034223304993453653,0.017799433202406404,0.036808697525646764,0.0137224680554865,0.002941712656822287,0.0008037919090472165,0.019158421584713037,0.02083229751901755,0.0020882016606175112,0.02059198859775601,0.006886093571322031,0.008427385273206384,0.008087638177629725,0.016564742537993667,0.014476540877376157,0.01179999668539419,0.007416430501002668,0.0024030892126153895,0.009090306435307182,0.01643215830557351,0.005121065977228658,0.017832579260511443,0.005029914317439798,0.004267554981023882,0.004375279669865261,0.004847610997862079,0.013449013076119922,0.005295082782280117,0.1629128755862709,0.00934718838562124,0.005742554566698156,0.007665025936790467,0.010557019506455195,0.019199854157344338,0.03556572034670777,0.026483700425926845,0.015040023865161834,0.03244999088483402,0.004938762657650939,0.014832861002005336,0.017136512040305606,0.007946767430683305,0.001591010789041913,0.0019970500008286516,0.005734268052171895,0.015504068678632393,0.017525978223039827,0.039841561842257914,0.015818956230630274,0.020840584033543812,0.0022124993785114103,0.015396343989791013,0.017517691708513566,0.03138931702547274,0.006579492533850412,0.01127794627023981,0.02519100415983029,0.009860952286249357,0.010184126352773496,0.012537496478231325,0.010233845439931055,0.014965445234425495,0.016241568471469528,0.00716783506521487,0.007374997928371368,0.01925785975902816,0.018246904986824443,0.013465586105172442,0.006662357679113011,0.006388902699746433,0.012048592121181988,0.019489882165763438,0.021718954573327367,0.02731235187855284,0.006330897098062613,0.00464873464923184,0.022912212665108803,0.0090240143190971,0.01678019191567643,0.021420640050382012,0.0076401663932116875,0.004350420126286482,0.030187772419165048,0.010532159962876413,0.007515868675317788,0.023401117022158142,0.02142064005038201,0.03323720976482872,0.00957921079235652,0.03418187242082235,0.00691923962942707,0.015048310379688096,0.00478960539617826,0.02809957075854754,0.03182021578083826,0.005394520956595237,0.012388339216758647,0.009827806228144317,0.006165166807537413,0.008162216808366065,0.034629344205240394,0.012446344818442468,0.03075954192147699,0.03484479358292315,0.008916289630255722,0.0024776678433517294,0.02114718507101543,0.019597606854604814,0.008402525729627602,0.02253103299690084,0.006894380085848291,0.026632857687399522,0.011269659755713552,0.03155504731599794,0.03228426059430882,0.0332620693084075,0.030908699182949664,0.011733704569184109,0.05772386018992692,0.023641425943419676,0.002825701453454648,0.006165166807537413,0.0048641840269146,0.005328228840385158,0.009711795024776678,0.01190772137423557,0.0016655894197782528,0.014584265566217537,0.0024859543578779893,0.06420391454946221,0.013167271582227084,0.036659540264174076,0.022199572415850445,0.041838611843086564,0.011145362037819653,0.005203931122491257,0.005071346890071098,0.008021346061419646,0.06090588176801075,0.03547456868691891,0.013482159134224962,0.0561742819735163,0.04292414524602661,0.026392548766137988,0.0012678367225177744,0.007292132783108769,0.008866570543098161,0.0015495782164106134,0.005087919919123618,0.007665025936790466,0.004474717844180381,0.014368816188534778,0.014924012661794196,0.017666848969986243,0.028820497522332154,0.015992973035681732,0.010581879050033976,0.014617411624322577,0.006347470127115133,0.06048326952717148,0.038308556654899815,0.013415867018014883,0.018976118265135317,0.043313611428760834,0.031099289017053645,0.023517128225525777,0.005303369296806377,0.022473027395217022
27,0.07195180563151528,0.1529939176983377,0.640854173917367,0.6152405575166973,0.4010010109547722,0.11970698884635145,0.1392714496428512,0.14919869404531066,0.16004574156018495,0.18440809426738924,0.13033030046901672,0.11306120419629095,0.16037720214123535,0.1629294486153234,0.14396990337924062,0.3007010391289216,0.4205406122076932,0.08973466580486915,0.32478165034223305,0.13161471022058702,0.6985366015346626,0.25847296110310075,0.15805697807388258,0.22692620030162913,0.3285437279371551,0.8542070634249822,0.009720081539302938,1.0,0.14798057640995044,0.5450703525083279,0.24583602645055433,0.7194683372279952,0.6587198992359834,0.1492898457050995,0.6921891314075473,0.17347818160725234,0.18618140837600888,0.2529541424286117,0.15942425297071544,0.1516100697724523,0.5968444952684002,0.16407298761994726,0.9266063408409155,0.1521404067021329,0.21145527768110178,0.8199340393443709,0.10262848240772965,0.1902500870084025,0.15361540628780723,0.09587497306882779,0.7805150897429523,0.16948408160559505,0.1250766502593679,0.3578614163310628,0.6138732826198644,0.166931835131507,0.8295463961948326,0.16215051624985496,0.8489865592734385,0.562762061021893,0.1947413778816354,0.6255324085583123,0.14669616665838014,0.6249606390560003,0.7195512023732578,0.15436119259517062,0.38680621157128886,0.17140655297568735,0.1816238253865659,0.8473292563681865,0.2990188766800908,0.347155239563135,0.1310595137473276,0.14319925752829843,0.1136081141550241,0.4788528149289846,0.33297701320870415,0.23867647789986576,0.6305788959048044,0.8127993503372613,0.22642072291552728,0.1843169426076004,0.6703955982034837,0.16286315649911334,0.5020550556025125,0.6498616152074115,0.25956678102056713,0.4447703806824773,0.2696514691990255,0.5013092692951491,0.14280150483103798,0.14735908782048093,0.25706425363363666,0.18981090173851073,0.7314423507184408,0.8563781302308623,0.09623957970798323,0.17086792953148047,0.09491373738378162,0.0686123402774325,0.4954921360977146,0.43397305225476057,0.5508874857057624,0.3719484910257048,0.17494489467840035,0.1167569896750029,0.15914251147682262,0.09942988780059331,0.18884137953893834,0.14036526956031753,0.8914383731914682,0.13418352972372763,0.15132004176403321,0.1352359170685626,0.11657468635542519,0.11079069921609572,0.4787616632691957,0.322038814034041,0.14971245794593876,0.9231922968560964,0.8048525829065779,0.9200268483070653,0.14296723512156317,0.1605346459172343,0.12310445980211804,0.16712242496561097,0.14850262682510482,0.17827607351795688,0.15109630587182418,0.13516962495235252,0.10992061519083843,0.6309683620875388,0.8815691343906926,0.6119590977642985,0.2574040007292133,0.1812094996602529,0.1646944762094168,0.11431246788975621,0.6570294502726264,0.34049288188402194,0.11825684880425595,0.5495782164106134,0.17607186065397173,0.5235917068562621,0.08859941331477154,0.1351779114668788,0.11850544424004375,0.14241203864830376,0.11268831104260925,0.814605810503986,0.20137887601716964,0.15330051873580933,0.19941497207444603,0.14542832993586235,0.9198776910455924,0.08694211040951955,0.10022539319511428,0.9274349922935415,0.11741162432257743,0.14493113906428678,0.1452957457034422,0.27367871525878784,0.1385919554516979,0.20417971792704553,0.10965544672599811,0.691062165431976,0.8556074843799202,0.14114420192578597,0.1360231359485573,0.16854770546412767,0.890634581282421,0.17665191667080993,0.10552876249192064,0.0033974709557665853,0.15804040504483002,0.1809360446808863,0.1640066955037372,0.20069938182601632,0.1298165365683886,0.09300783904274186,0.6449642851223918,0.18225360049056166,0.1777125905301712,0.15300220421286398,0.8657004590729047,0.5347702149521868,0.10995376124894346,0.17544208554997595,0.14695304860869424,0.09502974858714927,0.16617776230961734,0.5978885960987089,0.12744659341387826,0.1419479938348332,0.19920780921128955,0.20156946585127364,0.15752664114420192,0.1942276139810073,0.07158719899235982,0.10300137556141135
28,0.5965876133180861,0.9587580172028042,0.3950678665539701,0.352160294336996,0.5178408657750377,0.37038233978024165,0.44482009976963494,0.9326223503869803,0.7996486517840865,0.9271449642851224,0.5547821475331047,0.587878486550987,0.0321848224199937,0.849036278360596,0.6876149753890519,0.6448979930061817,0.4980692421153814,0.6392714496428511,0.6594905450869256,0.8507018677803742,0.07943452824872803,0.7309285868178128,0.033494091715142775,0.8329272941215466,0.5754072821889658,0.17197003596347304,0.009662075937619117,0.14798057640995044,0.9999999999999999,0.38888612671738015,0.06164338156084787,0.29245595717529294,0.3027395217023815,0.7704304015644939,0.0818210444322909,0.9246341503836656,0.766452874591889,0.7215565388886127,0.6937718556820631,0.7359833606788313,0.36093571322030527,0.8488291154974394,0.14821259881668575,0.8885960987089612,0.8211107244070999,0.13392664777341357,0.5735842489931886,0.9175906130363447,0.792265367341189,0.5241054707568903,0.23888364076302226,0.9595038035101675,0.7919504797891911,0.5696978736803726,0.34681549246755833,0.9199937022489602,0.19702016937635694,0.8240358640348697,0.15582790566631863,0.40161421302971545,0.058999983426970944,0.3332007491009132,0.8795140787881801,0.3236298248230829,0.27648784368319,0.6553058552511644,0.5131589850677009,0.7736787152587878,0.866056779197534,0.1650425098195197,0.644334510018396,0.5764016639321168,0.5907456205770729,0.7690548401531347,0.7329422098476939,0.4362021246623245,0.6219443477684417,0.8165862874757619,0.35191998541573444,0.18381975173602477,0.8381477982730905,0.8782793881237674,0.16500936376141467,0.6895291602446179,0.39596281012280615,0.0719269460879365,0.7290309749912991,0.5243789257362568,0.8369213941232039,0.4843136280017899,0.6110807272245149,0.6124397156068214,0.7803327864233746,0.8359933044962627,0.12626990835114935,0.14220487578514726,0.4081191269328295,0.8097913455642287,0.4664810487412785,0.45645436616450386,0.3922173055569366,0.43651701221432243,0.2704718341371253,0.6116359236977743,0.8028555329057492,0.4393592866968296,0.772120850527851,0.5425926846649762,0.893882894976715,0.7324201594325395,0.11607749548384957,0.6025207577188882,0.6337526309683621,0.7608180447140324,0.3992525563897314,0.44203583088881154,0.4661993072473857,0.6053215996287641,0.6276206102189297,0.10189098261489252,0.2294121546595071,0.10509786373655514,0.9039510101261208,0.7721374235569035,0.6835877293292896,0.6646613301513118,0.6312832496395366,0.9455658860769982,0.7738361590347869,0.9025091565985515,0.7040968527817829,0.2901440196224664,0.15700459072904754,0.279421269825486,0.7718473955484844,0.7907655082119359,0.8683438572067816,0.7264704420026848,0.11737847826447241,0.5967201975505063,0.6607252357513382,0.3566598717247551,0.9487810537131873,0.42491589187755846,0.4264986161520741,0.5268897396377136,0.4569847030941845,0.5539369230514262,0.3820248926896369,0.20514924012661795,0.0527188054160659,0.7341188949104227,0.8663716667495318,0.6751189114834518,0.13945375296242896,0.4808084323571819,0.4397984719667214,0.1793616069208969,0.7645221167072707,0.786083627504599,0.9051111221597972,0.041623162465403804,0.8624438588640845,0.8652364142594342,0.45797079832280946,0.08013059546893386,0.20920963224448536,0.9385306352442035,0.6763867482059696,0.8386284161156135,0.12218465668970319,0.6180496859410994,0.5747277879978124,0.00464873464923184,0.49637879315202443,0.7240342067319644,0.9475132169906695,0.8496080478629079,0.639039427236116,0.5159018213758929,0.2938480916157046,0.9104144914566035,0.8846848638525662,0.6567559952932598,0.1165912593844777,0.38495003231740665,0.5201942359004955,0.9196456686388571,0.6440361954954508,0.5003646066391554,0.9069755879282057,0.14155852765209898,0.371542451813918,0.7416099040421619,0.9208720727887436,0.8014716849798638,0.7604865841329821,0.8232900777275063,0.5912510979631747,0.39613682692785757
29,0.18149124115414575,0.4258605545335521,0.8082251943187656,0.8485473740035467,0.7710270306103846,0.15217355276023797,0.17832579260511444,0.3922090190424104,0.2903843285437279,0.40477137506422045,0.18099405028257015,0.19527171481131606,0.03632807968312368,0.32655496445085275,0.25102338454399314,0.692305142610915,0.8356949899733174,0.1976416579658264,0.5899501151825519,0.29835595551799005,0.26277366214222975,0.626767099222725,0.03641923134291254,0.5244949369396245,0.701072274979698,0.5456835545832712,0.0019473309136710916,0.5450703525083279,0.38888612671738015,1.0,0.09827806228144317,0.7168663716667496,0.8144235071844081,0.284011998873034,0.2584315285304695,0.4184192644889707,0.5743631813586568,0.6131772153996585,0.23769038267124082,0.3103465420374882,0.9331112547440296,0.34441240325494293,0.42435240888977277,0.43775170287873516,0.5367589784384892,0.35794428147632545,0.1834717181259219,0.3597756011866289,0.29068264306667335,0.15906793284608628,0.6313826878138517,0.42623344768723387,0.2989774441074595,0.7414027411790053,0.9311307777722535,0.3743350072092676,0.6158869056497456,0.34238220719600926,0.4500157443775999,0.9585674273687002,0.07394885563234392,0.8723628167520179,0.3338222376903827,0.88250551053216,0.7107757834899484,0.2275974079782562,0.8035350270969025,0.2930442997066574,0.3632062182005005,0.39831618024826404,0.6927609009098593,0.709897412950165,0.19866918576708265,0.25575498433848753,0.22180513432440047,0.9068595767248381,0.7040554202091517,0.5201196572697593,0.8939243275493463,0.5656126220189264,0.5271963406751852,0.3878171663434926,0.48996503090869914,0.244709060474983,0.8701586038880327,0.21781103432274315,0.606050812907075,0.8097996320787549,0.4966522481313909,0.8667694194467924,0.21293027726677605,0.20508294801040783,0.5494787782362982,0.3152604451515604,0.31203699100084525,0.38596927360413663,0.13919687101211486,0.3082583403768707,0.14423507184408096,0.1200881685145594,0.869628266958352,0.8783871128126087,0.597026798587978,0.6850295828568588,0.30820862128971316,0.15219012578929053,0.3085732279288686,0.17111652496726826,0.44766237425214206,0.23754122540976816,0.35448051840434874,0.1845821110724407,0.23095344636139148,0.25727970301131936,0.15610964716021147,0.14638956562090855,0.8917366877144135,0.6838114652214986,0.22545948723048115,0.4303684184358375,0.5971842423639768,0.3779727870862958,0.38500803791909044,0.29719584348431366,0.204577470624306,0.22459768971975008,0.19945640464707734,0.4306253003861516,0.2879149472149025,0.3155007540728219,0.22485457167006412,0.7533933276985034,0.46422711679013573,0.8346426026284823,0.5278758348663386,0.2927791312418171,0.37389582193937587,0.2382621521735528,0.25034389035283977,0.7111569631581565,0.1980725567211919,0.9150963721639405,0.4259599927078672,0.909088649132402,0.13039659258522682,0.17947761812426458,0.15581133263726613,0.18479756045012347,0.14840318865078972,0.572067816834883,0.07840700044747179,0.24799880674190822,0.49850014087074696,0.2624339150466531,0.4663236049652795,0.13977692702895309,0.15411259715938283,0.4806012694940254,0.2345746532093671,0.24522282437561116,0.398573062198578,0.0913173900793848,0.3123601650673694,0.3875188518205473,0.1578415286961998,0.25936790467193693,0.5676179585342813,0.45370324334178563,0.21259881668572567,0.33187490677671155,0.4239795157360911,0.25103167105851937,0.18258506107161207,0.0008866570543098162,0.20440345381925454,0.2758663550937205,0.3979101410364772,0.458849168862593,0.21587198992359835,0.1546760801471685,0.8230912013788759,0.40729876199472975,0.46233779147814846,0.2297684747841363,0.3395565057425546,0.9012993254777175,0.14806344155521306,0.4096272725766088,0.2556638326786987,0.1539717264124364,0.35133992939889624,0.21384179386466462,0.15564560234674094,0.2583072308125756,0.4300369578547871,0.3158736472265036,0.2666517509405194,0.34190158935348614,0.15245529425413085,0.13506190026351117
30,0.02791726743896982,0.06407133031704204,0.16829911002833992,0.1300651320041764,0.13688493345928834,0.08254197119607551,0.08565770065794925,0.0454515321765359,0.0765425346790633,0.08238452742007657,0.07421402409718425,0.05907456205770728,0.9031637912461261,0.06922554235237574,0.0683223122690134,0.0988746913273339,0.10312567327930526,0.02110575249838413,0.09169028323306652,0.05698636039708978,0.3675152057541557,0.06753509338901872,0.5414988647475099,0.07064253633636619,0.12297187556969788,0.22663617229321004,0.03080097449410829,0.24583602645055433,0.06164338156084787,0.09827806228144317,0.9999999999999999,0.2110740980128938,0.16929349177149106,0.0696895871658463,0.3420010275278012,0.0705596711911036,0.04734085748852317,0.06276206102189297,0.08338719567775402,0.07215896849467177,0.13931288221548252,0.0788793317754686,0.2373672086047167,0.04738229006115448,0.054425827408475444,0.34045144931139065,0.052147035913753956,0.09019042410381345,0.07208438986393544,0.04618074545484679,0.20463547622598982,0.06819801455111951,0.04531894794411574,0.10317539236646281,0.16716385753824228,0.06851290210311738,0.19680471999867416,0.06173453322063674,0.21661777623096173,0.1150416811680671,0.4617328759177315,0.16499279073236217,0.05983692139412321,0.1645453189479441,0.19688758514393678,0.08019688758514393,0.1203781965229785,0.09100250252738692,0.08405011683985482,0.26180413994265733,0.0822353701586039,0.13284940088499975,0.0676593911069126,0.06315152720462719,0.043222459768971974,0.09524519796483204,0.08842539650972009,0.1060590994216013,0.18034770214952187,0.2626162183662308,0.077744079285371,0.08120784235734765,0.15802383201577752,0.08326289795986014,0.17422396791461575,0.3383135285636156,0.07548186081970203,0.13400122640414988,0.12563184673262734,0.13647889424750162,0.07321964235403305,0.08017202804156516,0.10082202224100499,0.09601584381577422,0.4021528364739223,0.2770016075838181,0.05897512388339217,0.0862294701602612,0.05701950645519481,0.0421203533369794,0.19430219261174367,0.0984189330283896,0.10324997099719915,0.15198296292613403,0.09219576061916837,0.08158073551102935,0.06783340791196407,0.04991796350619003,0.0855251164255291,0.06809028986227814,0.25759459056331724,0.08164702762723942,0.0683223122690134,0.05637315832214654,0.07877160708662723,0.06870349193722136,0.10601766684896997,0.10504814464939757,0.07917764629841395,0.27421733870299475,0.21680836606506576,0.27178110343227435,0.05181557533270356,0.08254197119607551,0.05354745686869189,0.09655446725998111,0.09114337327433336,0.0656126220189264,0.06595236911450306,0.05965461807454548,0.040115016821624494,0.1726661031836789,0.26970118828618306,0.1381776297253849,0.12017932017434826,0.10223901622499544,0.07375826579823994,0.04550125126369347,0.4826811846401167,0.10304280813404265,0.05699464691161603,0.1588193374102985,0.06630868923913223,0.15878619135219346,0.05674605147582824,0.08191219609207975,0.0822768027312352,0.09046387908318003,0.08165531414176569,0.2011054210378031,0.8182518768955402,0.08187905003397472,0.06244717346989509,0.06274548799284045,0.21751271979979783,0.048036924708729015,0.053099985084273854,0.24058237624090553,0.04483004358706641,0.07094913737383782,0.05034886226155554,0.8301513117552495,0.06388074048293807,0.10982946353104957,0.07225012015446064,0.314133479175989,0.2312517608843368,0.04478861101443511,0.05634829877856776,0.07074197451068132,0.2790732362153831,0.10664744195296574,0.048492683007673315,0.0048227514542832995,0.10751752597822303,0.09449941165746864,0.056679759359618165,0.07343509173171581,0.05634829877856776,0.04415054939591309,0.16544026251678018,0.07142975521636089,0.0595054608130728,0.07783523094515984,0.26052801670561326,0.12425628532126815,0.07558958550854339,0.07486865874475879,0.07208438986393542,0.05452526558279057,0.07117287326604683,0.4872221946005071,0.0947562936077827,0.06904323903279802,0.09415137804736572,0.12694940254230266,0.08488705480700708,0.10209814547804902,0.027436649596446743,0.0720926763784617
31,0.1349541755746698,0.23868476441439201,0.8924990470508295,0.8405260279421269,0.6142876083461775,0.14895838512404913,0.16758646977908154,0.2668672003182021,0.21250766502593682,0.3229834766900346,0.158421584713038,0.13571653491108568,0.09536120916819969,0.2430103249970997,0.2066739587994498,0.4742206533088052,0.5911848058469646,0.11527370357480238,0.3827955385405791,0.18369545401813087,0.46976250849367746,0.42213990951126135,0.10320025191004162,0.38960705348116476,0.5117751371418153,0.8204643762740517,0.02074943237375495,0.7194683372279952,0.29245595717529294,0.7168663716667496,0.2110740980128938,1.0,0.8769701188286183,0.2171232536170636,0.4623295049636222,0.32790566631863305,0.34805846964649734,0.43163625515835535,0.1889739637713585,0.20175176917085136,0.7807719716932664,0.22342100465702117,0.6367357761978159,0.316395697641658,0.376100034803361,0.5939110691261043,0.12397454382737534,0.28945623891678685,0.203939409005784,0.1134009512918676,0.9201345729959065,0.32399443146223833,0.18113492102951656,0.541788892755929,0.7816254826894711,0.23766552312766204,0.85337012545783,0.24387212250783077,0.6662440544258273,0.7376240905550308,0.13514476540877376,0.8358938663219477,0.23513813619715274,0.8300353005518819,0.9491953794395002,0.18219559488887782,0.5640298977444108,0.23416032748305407,0.2675218349657767,0.5998442135269063,0.4808167188717082,0.5161172707535757,0.15325908616317802,0.17915444405774045,0.13622201229718756,0.6603689156267091,0.49674339979117976,0.3892424468420093,0.8383135285636156,0.8535938613500389,0.36991000845224487,0.3116558113326373,0.810180811746963,0.2067319644011336,0.6760055685377617,0.4722816089096604,0.40462221780274776,0.6127131705861881,0.43493428793980676,0.6869769137705297,0.15978057309534463,0.166517509405194,0.4202920167719054,0.26233447687233796,0.5069275261439533,0.5651900097780871,0.11512454631332969,0.22917184573824556,0.12090853345265914,0.09199688427053812,0.6552229901059017,0.6005817133197434,0.6708596430169541,0.5432638923416032,0.2577437478247899,0.1453454647905998,0.20686454863355375,0.11668241104426656,0.2932431760552876,0.15936624736903166,0.5921128954739058,0.1811929266312004,0.17496146770745288,0.1719783224779993,0.1548003778650624,0.13063690150648832,0.6452543131308108,0.49655280995707585,0.1745720015247187,0.6623908251711166,0.8846931503670925,0.7173635625383252,0.21775302872105934,0.20587016689040255,0.1385339498500141,0.1951888496660535,0.1760138550522879,0.3125341818724208,0.21178673826215216,0.22721622831004823,0.1360065629195048,0.8841710999519381,0.7586138318500472,0.8936591590845058,0.3943137937320804,0.2539236646281841,0.2300999353651867,0.1451548749564958,0.3847760155123552,0.5241883359021529,0.14155852765209898,0.7274896832894148,0.3350983609274267,0.6991995226967633,0.12093339299623791,0.1635343641757404,0.14986161520741148,0.1703458791163261,0.14249490379356633,0.8656258804421683,0.13540164735908783,0.18862593016125562,0.3336067883126999,0.19199854157344337,0.7496643961616865,0.10548732991928934,0.13057889590480454,0.6623825386565902,0.14822088533121197,0.17089278907505928,0.27492169243772685,0.16877972787086296,0.19486567559952933,0.3222459768971975,0.13744841644707403,0.4229851339929399,0.8266709756542202,0.3039493528232155,0.15419546230464543,0.24886060425263926,0.6680339415634996,0.20644193639271452,0.1254163973549446,0.010963058718241932,0.18558477933011816,0.2410298480253236,0.29030974991299163,0.3548865576161355,0.15023450836109314,0.11034322743167771,0.9021776960175012,0.3130396592585227,0.33963937088781715,0.1778203152190126,0.5732693614411907,0.7457697343343443,0.1388405508874857,0.33212350221249937,0.17521834965776695,0.11783423656341668,0.23061369926581482,0.3489036941281758,0.15683886043852235,0.1778368882480651,0.33951507316992324,0.2645801223089544,0.21601286067054476,0.301256235602181,0.0879033460945657,0.1319876033742687
32,0.16982382870117171,0.30462056049984254,0.9268217902185982,0.9574570344221813,0.6441604932133446,0.15857902848903693,0.18314025754487145,0.3124596032416845,0.26593082417673475,0.326786986857588,0.18091118513730753,0.1701967218548534,0.06880293011153649,0.2935829231508643,0.23598336067883127,0.5334609456570377,0.6998044382571802,0.1773977029781733,0.45061237342349053,0.24228111171878886,0.36957026135666826,0.49255870995541856,0.06221515106315982,0.43198428876845824,0.5682560201528033,0.7258158073551103,0.0034223304993453653,0.6587198992359834,0.3027395217023815,0.8144235071844081,0.16929349177149106,0.8769701188286183,1.0,0.23355541192263712,0.3188236463978521,0.327648784368319,0.42857853129816537,0.5041266842340775,0.22591524552942538,0.24638293640928755,0.8800278426888082,0.2785263262566499,0.5888811548086644,0.33644906279520714,0.44545816138815686,0.4949617991680339,0.16113956147765127,0.31223586734947545,0.25569697873680375,0.1562422313926316,0.808424070667396,0.34167785346127716,0.24642436898191883,0.6665755150068778,0.8691310760867764,0.32806311009463196,0.750319030809261,0.29166873829529827,0.5782329836424204,0.8357032764878436,0.09238635045327234,0.9314456653242513,0.273968743267207,0.918584994779496,0.8978521354347934,0.22030527519514742,0.6577669500654635,0.27928868559306586,0.2943535690018065,0.5280084190987587,0.5514012496063905,0.6089759525348448,0.1891396940618837,0.23892507333565355,0.1952634282967898,0.7513299855814648,0.5845390211969042,0.41004988481744803,0.8675980708994183,0.7094996602529045,0.4238800775617759,0.32241170718772266,0.6242231392631632,0.2273239529988896,0.7479988067419083,0.35820116342663944,0.47112978339051026,0.7015943253948524,0.4220238983078937,0.7480070932564344,0.19856146107824124,0.20127943784285451,0.4708563284111437,0.2951739339399062,0.42305142610915,0.4970582873431777,0.14339813387692868,0.275692338288669,0.14762425628532128,0.11694757950910688,0.7461177679444472,0.7096488175143771,0.6800742471701553,0.5654634647574538,0.2724108785362701,0.15470093969074727,0.2699166376638658,0.16025290442334145,0.34524934122209516,0.2365302706375644,0.490884834021114,0.18962859841893304,0.23141749117486204,0.22452311108901374,0.15627537745073666,0.15874475877956212,0.7513299855814647,0.5844644425661678,0.20264671273968743,0.5578398713932945,0.7737201478314192,0.5356900180646017,0.28988713767215235,0.25575498433848753,0.18829446958020518,0.2204129998839888,0.20251412850726727,0.3340376870680654,0.26116607832413535,0.27137506422048757,0.19475795091068795,0.8407746233779148,0.6344569847030942,0.9707403172077761,0.4506703790251745,0.2772419165050796,0.28803924493279637,0.19711132103614576,0.3105868509587497,0.5982366297088119,0.17801919156764284,0.7809874210709492,0.3572647872851721,0.7747228160890967,0.14169111188451913,0.18260992061519082,0.1601451797345001,0.1898606208256683,0.15369827143306983,0.7542799847528132,0.09728368053829198,0.21768673660484927,0.3909163227763138,0.22893153681698403,0.6364374616748704,0.13995094383400455,0.152397288652447,0.59039758696697,0.20086511211654154,0.22014783141914848,0.29730356817315495,0.12616218366230797,0.2560450123469067,0.31211156963158154,0.15667313014799714,0.35928669682957953,0.7270919305921544,0.3276570708828453,0.21351861979814052,0.3055237905832049,0.5621405724324234,0.2281111718788843,0.16837368865907623,0.0008783705397835562,0.19557831584878768,0.27234458642006,0.3080594640282404,0.3735726478728517,0.19716104012330332,0.156349956081473,0.9587000116011204,0.3309385306352442,0.37853627007408147,0.21785246689537446,0.46897528961368273,0.7831253418187242,0.15576990006463481,0.33538010242131955,0.21942690465536385,0.15103001375561412,0.3001126965975571,0.2874591889159582,0.1609489716435473,0.22733223951341588,0.334468585823431,0.29694724804852585,0.23313279968179784,0.29834766900346377,0.14605810503985814,0.1443510830474486
33,0.7415353254114255,0.7385853262400769,0.2971709839407348,0.2530121480302955,0.3859444140605579,0.43583751802316906,0.559571752929283,0.7685162167089279,0.948615323422662,0.7446924874459305,0.7054226951059845,0.7559124281144864,0.04221150499676826,0.9020202522415022,0.8438572067816835,0.46913273338968164,0.35882265201610897,0.8055983692139413,0.458020517409967,0.9054923018280051,0.08761331808614663,0.529930890468851,0.046785661015263755,0.6225161172707536,0.41868443295381097,0.15344138948275576,0.017799433202406404,0.1492898457050995,0.7704304015644939,0.284011998873034,0.0696895871658463,0.2171232536170636,0.23355541192263712,0.9999999999999999,0.09286696829579542,0.7397620113028058,0.5743383218150782,0.5108801935729793,0.8772518603225111,0.9085003066010375,0.26714894181209503,0.8708215250501334,0.13790417474601832,0.6657054309816206,0.6028107857273074,0.1366031919653955,0.7078755034057576,0.7792141069623295,0.9139445466447902,0.6792290226884767,0.19957241585044497,0.7377981073600822,0.9073982001690449,0.41433401282752447,0.267372677704304,0.8279139528331594,0.1882696100366264,0.9173254445715044,0.14938099736488838,0.30712308788677306,0.07046023301678847,0.26165498268118464,0.851969704502892,0.240946982880061,0.23367142312600475,0.822933757602877,0.3547705464127679,0.9538026815161006,0.8488539750410183,0.16307031936226984,0.46503919521370923,0.42340774623377914,0.7445599032135104,0.8887121099123286,0.8611345895689355,0.29425413082749136,0.4397818989376688,0.6005154212035334,0.23319080528348166,0.1623328195694327,0.634962462089196,0.8170088997166012,0.14759111022721622,0.8877508742272826,0.3116806708762161,0.08512736372826862,0.5420789207643482,0.34421352690631274,0.6631366114784799,0.35826745554284956,0.7960357314506372,0.8154758945292431,0.5793930956760968,0.8715507383284442,0.12443030212631963,0.14010010109547721,0.5240474651552064,0.938290326322942,0.579558825966622,0.5814315782495567,0.312699912162946,0.30645188021014597,0.2205953032035665,0.42392151013440726,0.9317936989343543,0.5643779313545136,0.9217090107558958,0.683223122690134,0.681085201942359,0.8999071910373059,0.11746134340973499,0.7823712689968345,0.8099736488838065,0.8944878105371319,0.4766817481231045,0.5719600921460415,0.3300270140373556,0.44223470723744174,0.7899948623609938,0.10556190855002569,0.19190738991365452,0.117875669136048,0.8323389515901821,0.9611859659589983,0.8499395084439584,0.8286017335388389,0.7969969671356835,0.7507913621372578,0.9489219244601337,0.8062778634050944,0.8617146455857737,0.2043951673047283,0.14545318947944114,0.24073153350237825,0.5785561577089445,0.905359717595585,0.8722716650922289,0.7984968262649363,0.1252672400934719,0.40892291884187676,0.8023169094615423,0.2715325079964865,0.7258406668986891,0.2723611594491125,0.5644690830143025,0.7045526110807272,0.5695984355060575,0.7504433285271549,0.46339017882298345,0.18568421750443329,0.06504085251661446,0.9195213709209633,0.6466961666583801,0.8507350138384793,0.11025207577188884,0.6101609241121,0.549279901887668,0.1678764977875006,0.8725699796151742,0.918270107227498,0.7888761828999487,0.05909113508675981,0.8782462420656623,0.7067071048575548,0.5676179585342813,0.09139196871012115,0.1795107641823696,0.7047763469729362,0.8317671820878701,0.9189164553605461,0.12452145378610849,0.7744079285370988,0.7040222741510465,0.011443676560765012,0.6338520691426772,0.9173668771441357,0.7545368667031274,0.6460663915543844,0.7778219725219178,0.653640265831386,0.2257246556953214,0.757362568156582,0.6794610450952121,0.8332504681880707,0.11795853428131059,0.25670793350900745,0.6857505096206434,0.7703641094482839,0.7947844677571719,0.6237010888480087,0.8370788378992028,0.1377881635426507,0.4538358275742058,0.9315036709259352,0.7305142610914996,0.8237624090555031,0.9399061966555626,0.8955236248529144,0.785445565886077,0.49425744543330186
34,0.027453222625499263,0.08338719567775402,0.3293558063607286,0.3161305291768176,0.22757254843467745,0.09648817514377103,0.10739322826032914,0.07116458675152057,0.10151808946121081,0.11536485523459124,0.08169674671439699,0.06607666683239696,0.2739107376655231,0.09263494588906014,0.09408508593115564,0.16046835380102423,0.19310064800543594,0.023575133827209594,0.14134307827441622,0.07428860272792058,0.9046222178027478,0.11293690647839706,0.19918294966771077,0.1305871824193308,0.1900346376307198,0.546827093587895,0.036808697525646764,0.6921891314075473,0.0818210444322909,0.2584315285304695,0.3420010275278012,0.4623295049636222,0.3188236463978521,0.09286696829579542,1.0,0.09690250087008402,0.0683223122690134,0.12728086312335307,0.10383002701403736,0.09120966539054343,0.2859013241850213,0.10107890419131906,0.6963655347287824,0.07828270272957788,0.09025671622002354,0.7801090505311656,0.05914914068844362,0.11318550191418486,0.08348663385206914,0.047970632592518936,0.48510084688178456,0.09148312036991002,0.052205041515437776,0.2024064038184259,0.3215333366479391,0.10228044879762674,0.5759707651767514,0.09003298032781452,0.4562057707287161,0.24338321815078143,0.2154908102553904,0.33296872669417793,0.07984885397504102,0.3261986443262235,0.41438373191468203,0.09943817431511959,0.19707817497804073,0.12386681913853394,0.11326836705944747,0.721821707353453,0.14340642039145496,0.2353950181474668,0.07759492202389831,0.07273073799698371,0.04500406039211787,0.20911019407017023,0.16522481313909743,0.1439118977775568,0.3743432937237939,0.5136561759392764,0.1310595137473276,0.10915825585442251,0.3933028389598767,0.1040703359352989,0.2860670544755465,0.955534563052089,0.14742537993669103,0.23667114138451084,0.18710949800295,0.2630222575780175,0.08506107161205853,0.0924775021130612,0.14734251479142843,0.119947297767613,0.8154758945292432,0.7752448665042511,0.060367258323803845,0.10630769485738908,0.06885264919869405,0.047208273256103016,0.2920830640216112,0.19224713700923118,0.18921427269262006,0.22548434677405987,0.11204196290956099,0.09898241601617529,0.0834534877939641,0.05174099670196722,0.11626808531795356,0.07329422098476938,0.7424054094366829,0.09623129319345697,0.08863255937287658,0.07037736787152588,0.09619814713535192,0.07261472679361608,0.2040968527817829,0.20976482871774474,0.09699365252987288,0.7129054177231973,0.5096123568504616,0.6815409602413033,0.06755995293259748,0.09549379340061984,0.060997033427799593,0.11637581000679494,0.11428760834617745,0.09780573095344636,0.08710784070004476,0.07156233944878106,0.04413397636686057,0.33209864266892064,0.6162266527453223,0.4360612539153781,0.18051343244004708,0.13141583387195677,0.0935133164288437,0.04945391869271948,0.7610417806062415,0.17556638326786986,0.06195826911284575,0.27251860322511146,0.09371219277747395,0.2703641094482839,0.06168481413347918,0.10223901622499544,0.09965362369280234,0.10966373324052436,0.09470657452062513,0.5053696614130164,0.2803493594524271,0.10033311788395566,0.09967848323638112,0.08145643779313545,0.6119010921626146,0.05153383383881073,0.059662904589071745,0.6304463116723844,0.05253650209648818,0.0832877575034389,0.06818144152206698,0.41971196075506717,0.07186894048625267,0.1583387195677754,0.08229337576028771,0.9412320389797644,0.5437693697277051,0.05885082616549827,0.07142146870183463,0.09054674422844264,0.6525050133412884,0.1352442035830889,0.05413579940005635,0.015727804570841417,0.13039659258522682,0.1282255257793467,0.084406436964484,0.1161769336581647,0.06261290376042028,0.04612273985316296,0.35395018147466817,0.09967019672185484,0.08583171746300072,0.09252722120021876,0.7591607418087803,0.26491986940453105,0.09134224962296358,0.10181640398415619,0.07997315169293492,0.060441836954540175,0.08708298115646596,0.7436401001010954,0.11291204693481827,0.08177132534513333,0.13742355690349528,0.15277846832065495,0.11137904174746019,0.13094350254395998,0.02948341868443296,0.08210278592618374
35,0.5425595386068711,0.9144417375163658,0.42281111718788844,0.3833175889557334,0.5500008286514526,0.3382803825055105,0.4057823298364242,0.9435274035035383,0.7718225360049056,0.9227779711297834,0.5109133396310843,0.5374799052022737,0.03825883756774225,0.8303501881038797,0.6418071230878868,0.6734947546363048,0.5266245711728732,0.5945657037736787,0.6680753741361307,0.818724208223537,0.09860952286249358,0.7395714214687019,0.04268383632476508,0.866918576708265,0.6076501102106432,0.21294685029582858,0.0137224680554865,0.17347818160725234,0.9246341503836656,0.4184192644889707,0.0705596711911036,0.32790566631863305,0.327648784368319,0.7397620113028058,0.09690250087008402,0.9999999999999999,0.7841197235618753,0.734955832877575,0.6568305739239961,0.6935646928189065,0.4012993254777175,0.8578448433020103,0.17660219758365236,0.8636454034703922,0.8239281393460283,0.16337692039974144,0.5229867912958451,0.9239712292215647,0.7641409370390626,0.4806924211538143,0.2658230994878934,0.951515603506853,0.7467641160774954,0.607293790086014,0.3754288271267339,0.8899716601203203,0.2251528861930095,0.8002784268880823,0.19132733389681633,0.4420689769469166,0.0685294751321699,0.3622781285735594,0.876000596629046,0.35863206218200505,0.3073385372644558,0.6120171033659823,0.5425346790632924,0.7507582160791528,0.8641094482838628,0.19739306253003863,0.6595402641740831,0.6014352243159482,0.546537065579476,0.7349972654502064,0.6909544407431346,0.4657849815210726,0.6379787533767547,0.8330101592668092,0.38063275824922516,0.21844080942673894,0.8501052387344834,0.9112928619963869,0.20666567228492352,0.6584050116839855,0.43351729395581634,0.09077048012065164,0.7313014799714944,0.5505643116392384,0.8818425893700592,0.4904953678383798,0.5653557400686122,0.5756475911102272,0.7997729495019805,0.8299938679792506,0.1545103498566433,0.16602031853361837,0.35471254081108405,0.781617196174945,0.41870100598286353,0.40626294767894733,0.42612572299839246,0.45364523774010174,0.30166227481396773,0.6269079699696712,0.7851638243921841,0.39555677091101943,0.741394454664479,0.4873547788329273,0.9363678549528498,0.6902335139793501,0.14622383533038333,0.5583619218084489,0.5951126137324119,0.7187225509206318,0.36546843666616946,0.3928056480883011,0.4979863769701188,0.6275874641608247,0.5868509587497307,0.12518437494820928,0.25911102272162284,0.12767861582061354,0.8809393592866969,0.7661794196125227,0.6480468685261606,0.6289381660286051,0.5956015180894612,0.9656938298612838,0.7447007739604568,0.8755365518155753,0.657750377036411,0.3208124098841545,0.19114503057723864,0.3121281426606341,0.7979001972190457,0.7758332090356155,0.8693382389499329,0.7023401117022158,0.1338354961136247,0.6085284807504268,0.6138815691343906,0.3926150582541971,0.9438422910555362,0.4509604070335935,0.3718821989094947,0.4835761282089528,0.41775634332686984,0.5106150251081389,0.3338802432920665,0.23410232188137026,0.06192512305474071,0.7148113160642371,0.8902699746432655,0.6361971527536088,0.17027958700011603,0.4282636437461675,0.38935845804537694,0.21182817083478347,0.7317158056978074,0.7554981023881735,0.9278078854472231,0.052693945872487116,0.8485805200616516,0.9037189877193854,0.41260213129153617,0.0975902815757636,0.23469895092726098,0.9288436997630057,0.6258555826248363,0.8085483683852898,0.1540794511012778,0.5757884618571736,0.5248346840352012,0.007756177596579327,0.4550705182386185,0.7012048592121182,0.9108453902119691,0.8814696962163774,0.5867266610318367,0.465892706209914,0.32327350469845373,0.9554185518487214,0.8718159067932845,0.624156847146953,0.14482341437544544,0.4126518503786938,0.4769883491605761,0.9585840003977526,0.5983277813686007,0.4502974858714927,0.8847262964251976,0.15545501251263694,0.32367954391024045,0.697823961285404,0.9607467806891066,0.8161305291768176,0.739704005701122,0.8200666235767912,0.5471834137125242,0.346774059894927
36,0.44008849997514043,0.7849069424418701,0.4418120949966025,0.4734251479142843,0.7359419281062001,0.24028406171796018,0.30357645966953384,0.7723611594491124,0.6061833971394952,0.7633039990719104,0.38087306717048675,0.41420142859510434,0.01870266328576874,0.6758398382472365,0.5142610914996935,0.8509338901871095,0.728384626858251,0.4683289414806344,0.8315848787682925,0.654502063342117,0.07805896683736888,0.9383731914682047,0.018586652082401102,0.8871791047249706,0.793922670246441,0.28006761795853424,0.002941712656822287,0.18618140837600888,0.766452874591889,0.5743631813586568,0.04734085748852317,0.34805846964649734,0.42857853129816537,0.5743383218150782,0.0683223122690134,0.7841197235618753,1.0,0.9415966456189199,0.5014252804985168,0.5432141732544458,0.5331377715905137,0.6843832347238105,0.21235850776446413,0.8400122640414989,0.917507747891082,0.1811017749714115,0.41013274996271076,0.7177861747791643,0.6107078340708332,0.36827756509057163,0.3361507482722617,0.7816586287475762,0.6027610666401498,0.7613152355856081,0.5064551948159566,0.7187722700077893,0.2529790019721905,0.644268217902186,0.24410414491456606,0.5619499825983195,0.046653076782843604,0.4794825900329804,0.6966804222807802,0.4717844180380848,0.38471800991067145,0.47758497820646684,0.723064684532392,0.5997033427799598,0.6907969969671357,0.22184656689703175,0.8531049569929896,0.7787997812360166,0.41614047299424917,0.5837020832297519,0.5592817249208637,0.6586867531778783,0.8576791130114851,0.8759177314837834,0.4710220587016689,0.2948093273007508,0.8762409055503074,0.7385438936674456,0.2824458476275709,0.5045741560184955,0.6270902732892492,0.06672301496544523,0.9092212333648221,0.6996387079666551,0.8058055320770977,0.640986758149787,0.4350337261141219,0.4293988962362651,0.8902451150996868,0.6563582425959993,0.14576807703143907,0.17808548368385288,0.27426705779015226,0.6252009479772618,0.3386615621737185,0.3196191517923731,0.5604749830126452,0.6558776247534763,0.37293458625432974,0.8249888132053895,0.6205107807553987,0.3005518818674489,0.5950297485871492,0.3894413231906395,0.8360264505543678,0.5476143124678898,0.1539302938398051,0.43846434312799354,0.45810338255522964,0.5752912709855981,0.2662125656706277,0.30867266610318367,0.665688857952568,0.8245827739936028,0.4514078788180116,0.19962213493760256,0.3241270156946585,0.17265781666915261,0.7343840633752631,0.5859891612389996,0.5000082865145263,0.4746929846368021,0.444538358275742,0.7728334907771093,0.5864366330234176,0.6929017716568057,0.5233265383914218,0.37713584911914355,0.26192843766055124,0.42524735245860884,0.8275824922521089,0.6171713154013159,0.6925288785031241,0.529516564742538,0.11016921062662623,0.7974444389201014,0.466116442102123,0.5620494207726346,0.7999055337344005,0.6009628929879514,0.2998806741908218,0.3611843086560931,0.31234359203831685,0.3748819171680008,0.24916720529011088,0.3084986492981323,0.037264455824591064,0.5392863653689985,0.8593447024312633,0.4962047763469729,0.23884220819039095,0.3291817895556771,0.313495417557467,0.2555561079898573,0.596902500870084,0.5969107873846102,0.7481148179452759,0.030751255406950728,0.6666003745504565,0.7328924907605363,0.3206218200500505,0.07506753509338902,0.243656673130148,0.8194119889292165,0.4772452311108901,0.6534496759972821,0.2113061204196291,0.4444969257031108,0.41503008004773034,0.0020384825734599513,0.36918079517393393,0.54570841412685,0.7673975372478827,0.8881569134390692,0.4644922852549761,0.3634382406072358,0.42716982382870117,0.7595336349624621,0.8707718059629759,0.4783970566300403,0.1440610550390295,0.5914582608263312,0.351779114668788,0.7793466911947496,0.48732163277482227,0.35486169807255674,0.7116624405442582,0.13022257578017535,0.24134473557732147,0.5474817282354696,0.7656159366247369,0.6220272129137042,0.5678416944264904,0.6523392830507632,0.41754918046371337,0.26529276255821277
37,0.41348878834584596,0.7330913671091666,0.5159101078904191,0.5463961948325295,0.7565256301894296,0.2341354679394753,0.28397885281492896,0.7100962892987952,0.5365186695172276,0.7262135600523707,0.34952518271764527,0.373009164885066,0.017600556853776168,0.6084539021196904,0.46788146969621636,0.8844114088731998,0.765301049072739,0.41953794395001576,0.8909660418634715,0.5797991348878835,0.11764364672931273,0.9830209317356932,0.020036792124496595,0.8668191385339499,0.8430451283581101,0.2989442980493545,0.0008037919090472165,0.2529541424286117,0.7215565388886127,0.6131772153996585,0.06276206102189297,0.43163625515835535,0.5041266842340775,0.5108801935729793,0.12728086312335307,0.734955832877575,0.9415966456189199,1.0,0.45827739936028106,0.49835927012380044,0.591740002320224,0.6241651336614793,0.23559389449609705,0.7986376970118828,0.9004955335686704,0.20495865029251398,0.36601534662490265,0.6764778998657586,0.5411342581083545,0.31838446112796037,0.3830524204908931,0.7337377152422149,0.5400072921327832,0.8074545484678234,0.5535474568686919,0.6620510780755399,0.33474204080279757,0.5844312965080627,0.2687730986592419,0.6156797427865891,0.05440096786489666,0.5560085516829911,0.6312169575233266,0.5366843998077528,0.42574454333018447,0.43371617030444654,0.7561693100648005,0.5583039162067651,0.6377135849119142,0.2765872818575051,0.9031140721589686,0.8429042576111636,0.3776081804471404,0.532831170553042,0.48476109978620796,0.704478032449991,0.8897064916554798,0.8482822055387063,0.5243126336200468,0.32441704370307767,0.8649215267074363,0.6786986857587961,0.29918460697061605,0.4516150416811681,0.6412022075274698,0.10363115066540712,0.947786671970036,0.7495400984437925,0.7955716866371667,0.6832562687482392,0.3911897777556804,0.3859444140605579,0.9034289597109664,0.5846881784583768,0.20239811730389967,0.2160045741560185,0.24326720694741377,0.567990851687963,0.2876414922355359,0.2668009082019921,0.6329985581464724,0.6940701702050084,0.4224962296358906,0.8436914764911582,0.5692504018959545,0.2634282967898043,0.5363363661976499,0.3467326273222957,0.7727671986608993,0.49431545103498564,0.2119856146107824,0.37622433252125487,0.4207394885563235,0.5210726064402791,0.26233447687233796,0.2548931868277565,0.7060441836954541,0.8712607103200253,0.40695072838462687,0.24352408889772786,0.36233613417524324,0.19006778368882482,0.6512868957059282,0.5449460547904341,0.4362849898075872,0.42200732527884127,0.3999817696680422,0.7348481081887337,0.5339995691012447,0.6455277681101774,0.460763353718159,0.42618372860007625,0.2512636934652547,0.4781070286216212,0.8387858598916125,0.5630852350884172,0.6226321284741212,0.48046868526160524,0.145320605247021,0.8485142279454416,0.40376870680654303,0.6120999685112448,0.7615306849632908,0.6264604981852533,0.2926465470093969,0.33040819370556357,0.2871194418203815,0.35283978852814935,0.24267057790152308,0.333416198478596,0.04168945458161388,0.4778584331858333,0.8244501897611827,0.45565057425545663,0.2608594772866637,0.274035035383417,0.2786340509454913,0.2804322245976897,0.5146671307114801,0.5243954987653093,0.6933409569266975,0.03565687200649663,0.5996370506637498,0.6925371650176502,0.2841777291635592,0.12310445980211805,0.36877475596214715,0.7685079301944016,0.42217305556936646,0.5919720247269593,0.25314473226271567,0.4084920200865112,0.3658164702762724,0.000679494191153317,0.3334990636238585,0.505452526558279,0.7317323787268599,0.7836556787484049,0.4278327449908019,0.31391802979830624,0.4946800576741411,0.7085964301695421,0.8322809459884983,0.4342630802631797,0.21750443328527153,0.5994961799168034,0.30612041962909564,0.7161785909610698,0.45014004209549385,0.30366761132932263,0.6537148444621222,0.16105669633238867,0.24073153350237825,0.484413066176105,0.7234127181424949,0.5670876216046007,0.5328228840385157,0.6074926664346443,0.37423556903495253,0.2489931884850594
38,0.8454399310561991,0.6606672301496544,0.2831336283332505,0.240342067319644,0.35909610699547556,0.5461890319693731,0.6694177894893849,0.6839357629393924,0.8558229337576029,0.6802482639752068,0.8103133959793831,0.856245545998442,0.05030742968892424,0.8082666268913969,0.9340559174000231,0.4248578862758746,0.3186330565637482,0.8860769982929779,0.41148345183049106,0.7981819387129385,0.10043255605827077,0.47479242281111717,0.05677091101940702,0.5325660020882017,0.38799946966307036,0.14774855400321518,0.019158421584713037,0.15942425297071544,0.6937718556820631,0.23769038267124082,0.08338719567775402,0.1889739637713585,0.22591524552942538,0.8772518603225111,0.10383002701403736,0.6568305739239961,0.5014252804985168,0.45827739936028106,1.0,0.9076385090903065,0.23608279885314637,0.7726097548849002,0.14539518387775735,0.5992310114519631,0.5288370705513847,0.1436467293127165,0.8152272990934553,0.7152173552760238,0.8452410547075689,0.7824955667147284,0.18971975007872188,0.6678184921858168,0.8690150648834087,0.3658827623924825,0.2294121546595071,0.7458360264505544,0.18173983658993356,0.8506935812658479,0.15736919736820298,0.2631216957523327,0.08293972389333598,0.2311357496809692,0.7551583552925968,0.23002535673445035,0.21826679262168747,0.9357463663633802,0.32180679162730574,0.8792074777507086,0.7640497853792738,0.1708182104443229,0.4229685609638874,0.3980592982979499,0.8394322080246607,0.9035201113707553,0.8733157659225377,0.2597822303982499,0.397454382737533,0.5281575763602313,0.20963224448532458,0.17377649613019774,0.5535557433832181,0.7207444604650391,0.1493147052486783,0.9694890535143109,0.30433053249142344,0.09867581497870367,0.4868658744758779,0.2977676129866256,0.590173851074761,0.3254362849898076,0.9027246059762343,0.894587248711447,0.5026848307065082,0.8094350254395994,0.13410895109299126,0.1492815591905733,0.6337609174828883,0.8589552362485292,0.6848058469646496,0.6885264919869405,0.2969555345630521,0.25584613599827644,0.21138898556489172,0.36673627338868725,0.8356784169442649,0.674232254429142,0.9033212350221251,0.7848737963837651,0.6408707469464194,0.9508526823447523,0.12761232370440345,0.8844611279603573,0.904406768425065,0.8662307960025852,0.5916819967185403,0.6737930691592503,0.29146157543214174,0.4059480601269494,0.9004623875105653,0.12602131291536153,0.1834882911549744,0.13004855897512388,0.7459686106829746,0.8552180181971859,0.9057160377202141,0.9336250186446577,0.9144334510018395,0.6619682129302773,0.8725865526442267,0.7402011965726976,0.8828203980841578,0.19542087207278874,0.14947214902467723,0.24017633702911884,0.5057591275957507,0.8186993486799582,0.7821392465900993,0.7782031521901257,0.13647889424750162,0.36359568438323475,0.8696365534728783,0.25600357977427535,0.657145461475994,0.24721987437643977,0.6569963042145213,0.8009082019920781,0.676080147168498,0.8588640845887403,0.5718772270007788,0.1753509338901871,0.0755481529359121,0.9341222095162334,0.5598037753360181,0.9380583039162068,0.11249772120850528,0.7184408094267389,0.6555710237160046,0.1663849251727738,0.8478181607252357,0.8882812111569631,0.6972521917830923,0.06842175044332852,0.7880972505344801,0.6313495417557466,0.671746300071264,0.10762525066706441,0.1591839440494539,0.6287392896799748,0.9156598551517261,0.8336896534579624,0.13286597391405225,0.8725865526442268,0.8113574968096919,0.010308424070667396,0.7506670644193639,0.9045310661429589,0.6913024743532374,0.5840003977526973,0.8832015777523657,0.7629891115199126,0.2015611793367474,0.6713816934321086,0.6088019357297932,0.944472066159532,0.12849069424418702,0.23081257561444504,0.7872271665092228,0.6903246656391389,0.8934685692504019,0.723064684532392,0.7637597573708546,0.14744195296574356,0.5666318633056564,0.939914483170089,0.6721771988266296,0.7392565339167041,0.8792986294104974,0.8092692951490744,0.8758845854256783,0.6040537629062463
39,0.8016788478430203,0.7225840666898689,0.3153847428694543,0.2751537148444621,0.403544970914334,0.48855632343923494,0.6062828353138103,0.721249937851141,0.8764480684134639,0.7306219857803411,0.76711579575399,0.8205969605064718,0.044175408939491866,0.826281509471486,0.9010258704983509,0.4579376522647044,0.36748205969605063,0.8632310777440793,0.4543495914748339,0.8235718192213991,0.08876514360529675,0.5067452228243756,0.04942077263461443,0.6034157012877244,0.4080611213311457,0.1604683538010242,0.02083229751901755,0.1516100697724523,0.7359833606788313,0.3103465420374882,0.07215896849467177,0.20175176917085136,0.24638293640928755,0.9085003066010375,0.09120966539054343,0.6935646928189065,0.5432141732544458,0.49835927012380044,0.9076385090903065,1.0,0.2978836241899932,0.8040156449394256,0.16627720048393246,0.6547340857488524,0.5871907058453074,0.13726611312749631,0.773645569200683,0.738974792422811,0.8421253252456951,0.7335719849516895,0.2036493809973649,0.7200483932448333,0.870365766751189,0.41846069706160194,0.27648784368319,0.763071976665175,0.18412635277349643,0.863927144964285,0.17397537247882797,0.32689471154642935,0.07152919339067601,0.27566747874509023,0.7844180380848207,0.2647127065413746,0.2371020401398764,0.890410845390212,0.3666036891562671,0.8957307877160707,0.7762392482474022,0.1889076716551484,0.4502891993569665,0.4378014219658927,0.8258091781434893,0.8869636553472878,0.8538341702713004,0.31633769203997414,0.40951954788776745,0.5890054525265583,0.24667296441770659,0.18138351646530437,0.6100531994232585,0.7395631349541756,0.1622333813951176,0.9064535375130512,0.35158852483468406,0.08913803675897844,0.5225310329969008,0.34989807587132704,0.6379953264058073,0.4055585939442151,0.8695371152985631,0.8586569217255837,0.5561908550025688,0.81187126071032,0.13800361292033345,0.1560682145875802,0.5847793301181657,0.8732411872918012,0.6412353535855748,0.6458758017202804,0.33530552379058326,0.32559372876580656,0.22918841876729812,0.39637713584911916,0.8538424567858267,0.6245463133296872,0.9075473574305176,0.753095013175558,0.6525713054574984,0.9006198312865642,0.1348298778567759,0.830938530635244,0.8668191385339499,0.8577951242148527,0.5413165614279322,0.6270985598037754,0.3437743416364209,0.4243772684333516,0.864399476292282,0.12283929133727771,0.19248744593049272,0.12323704403453818,0.759243606954043,0.8883557897876996,0.8560383831352857,0.8517625416397354,0.8575631018081175,0.7015777523657999,0.9063706723677887,0.7854207063424983,0.8571487760818045,0.21283912560698723,0.17309700193904443,0.24822254263411725,0.5705845307346824,0.8283034190158934,0.8014799714943901,0.796632360496528,0.1264853577288321,0.4029151958103383,0.7995492136097715,0.32291718457382457,0.6954457316163676,0.3261157791809609,0.5992724440245943,0.7759575067535094,0.6279686438290326,0.8180612870614362,0.5205671290541772,0.18875022787914947,0.06301894297220703,0.9010424435274036,0.6273885878121944,0.9141682825369992,0.1410364772369446,0.6661114701934072,0.6075423855218018,0.17826778700343063,0.8333996254495434,0.8799449775435456,0.6967715739405691,0.06404647077346326,0.8133959793831518,0.6982548600407696,0.6173287591773149,0.09586668655430156,0.17094250816221682,0.6790301463398466,0.8380649331278278,0.8451333300187274,0.16063408409154942,0.8400868426722352,0.7627985216858086,0.01697078174978041,0.6994066855599198,0.9073567675964136,0.7258820994713204,0.6278443461111387,0.8404928818840219,0.7118613168928885,0.2346740913836822,0.7029035946900015,0.6637829596115281,0.9049619648983245,0.1282420988083992,0.3191882530370076,0.7597407978256185,0.7048426390891462,0.8574636636338024,0.675856411276289,0.7793135451366446,0.14623212184490958,0.5096703624521454,0.9296392051575266,0.6958351977991016,0.771615373141749,0.8717744742206532,0.8190308092610087,0.8389598766966637,0.5560748437992011
40,0.17575697310197388,0.371923631482126,0.8733820580387478,0.9065944082599976,0.7415601849550042,0.1576757984056746,0.18267621273140094,0.3854637962180348,0.30149654452344254,0.39697376489500985,0.18018197185899665,0.18606539717264123,0.04898987387924891,0.31613052917681767,0.26405807189380004,0.6410033311788396,0.7944115746034903,0.19440991730058504,0.5479789191070452,0.3007258986725003,0.2899202837302574,0.5824425330217604,0.04579127927211256,0.4954507035250833,0.6710088002784268,0.6042857853129817,0.0020882016606175112,0.5968444952684002,0.36093571322030527,0.9331112547440296,0.13931288221548252,0.7807719716932664,0.8800278426888082,0.26714894181209503,0.2859013241850213,0.4012993254777175,0.5331377715905137,0.591740002320224,0.23608279885314637,0.2978836241899932,1.0,0.3081837617461343,0.4813967748885464,0.4054094366827425,0.5187440958584001,0.39179469331609734,0.1748537430186115,0.3461857173635626,0.2930940187938149,0.15860388803261574,0.6939044399144831,0.418303253285603,0.2771176187871857,0.7325858897230647,0.9532143389847363,0.37939806758481254,0.6585293094018795,0.3247982233712856,0.5026268251048244,0.9422595667810205,0.08301430252407233,0.9375859725882099,0.31803642751785743,0.9451349873216328,0.7491257727174796,0.22589038598584663,0.7438555494787783,0.2883375594557417,0.3460199870730374,0.43988133711198396,0.6484031886507897,0.6818641343078276,0.1989923598336068,0.24982183993768542,0.21218449095941266,0.8508013059546893,0.6829828137688725,0.4908351149339566,0.9195047978919108,0.635791113541822,0.5192744327880807,0.37566913604799546,0.5361374898490197,0.24753476192843765,0.8429871227564263,0.24412900445814484,0.5602595336349625,0.8039410663086892,0.4930807603705729,0.8381312252440378,0.20748603722302325,0.2064419363927145,0.5267074363181359,0.31995889888794976,0.34159498831601454,0.40941182319892605,0.1390062811780109,0.30019556174281975,0.14344785296408624,0.1163840965213212,0.8379654949535126,0.8212267356104677,0.6365286133346592,0.6514691990255059,0.3016788478430203,0.15289447952402263,0.30553207709773117,0.16555627372014786,0.40271631946170805,0.2587712756260462,0.4005701121994067,0.19310893451996222,0.23077942955634,0.24568686918908172,0.1486517840865775,0.14904125026931173,0.8596264439251562,0.6543694791096968,0.21824193307810869,0.4874127844346111,0.6671970035963474,0.47631714148394905,0.3483816437130214,0.2727340526027942,0.19797311854687683,0.23246987851969703,0.20044249987570228,0.40005634829877856,0.28397885281492896,0.3008999154775518,0.2312020417971793,0.8001126965975571,0.5193490114188171,0.8846268582508825,0.5083776661860488,0.2889259019871062,0.3276985034554766,0.22435738079848855,0.2548186081970202,0.6879132899119973,0.19271946833722803,0.8838727854289928,0.40306435307181093,0.8790914665473409,0.1327416761961584,0.18394404945391868,0.15543015296905816,0.1876481214471569,0.15273703574802366,0.6344652712176204,0.08737300916488507,0.23798041067965992,0.45816138815691343,0.24178392084721329,0.5260030825834038,0.13739041084539022,0.14993619383814782,0.5134407265615937,0.23070485092560367,0.23532043951673046,0.36589104890700874,0.11310263676892225,0.29841396111967383,0.3654684366661695,0.16025290442334147,0.29026831734036035,0.6617113309799633,0.4326886425031903,0.21678350652148695,0.3329438671505991,0.47111321036145776,0.23401117022158135,0.18241933078108685,0.0005800560168381975,0.20455261108072723,0.2770596131855019,0.37112812608760504,0.44087571885513516,0.2102951656474254,0.1531845075324417,0.8907671655148411,0.39695719186595735,0.4348928553671755,0.2259401050730042,0.38112166260627456,0.8992276968461526,0.14895009860952288,0.3864996105338173,0.23437577686073688,0.15567874840484597,0.337368865907622,0.25477717562438884,0.15724489965030908,0.2431843418021512,0.40202853875602845,0.319329123783954,0.258605545335521,0.33563698437163364,0.15030080047730324,0.13702580420623478
41,0.6524304347105521,0.8663550937204794,0.34089063458128244,0.318914798057641,0.46569382986128377,0.39062629476789473,0.4875287956379788,0.89398233315103,0.90220255556108,0.8405094549130745,0.6076501102106432,0.6496213062861499,0.043769369727705135,0.9365833043305327,0.7677455708579857,0.5570277929697212,0.4484993122192943,0.6943601982134275,0.5552793384046801,0.9338736140804454,0.09894098344354396,0.6081721606257976,0.050953777821972523,0.7428860272792058,0.5007126402492583,0.1709259351331643,0.02059198859775601,0.16407298761994726,0.8488291154974394,0.34441240325494293,0.0788793317754686,0.22342100465702117,0.2785263262566499,0.8708215250501334,0.10107890419131906,0.8578448433020103,0.6843832347238105,0.6241651336614793,0.7726097548849002,0.8040156449394256,0.3081837617461343,1.0,0.15798239944314624,0.7361656639984091,0.6872420822353702,0.15919223056398019,0.6350453272344586,0.9148974958153102,0.8797792472530205,0.5718192213990951,0.23632310777440793,0.8674074810653144,0.8542982150847709,0.48489368401862815,0.3260494870647508,0.9325394852417175,0.2048509256036726,0.880914499743118,0.17940303949352823,0.3693382389499329,0.07546528779064951,0.2903926150582542,0.9541009960390461,0.2807553986642139,0.26362717313843453,0.7274482507167834,0.44095029748587156,0.8765392200732529,0.9662241667909643,0.19078042393808314,0.5511692271996553,0.5225807520840584,0.6465884419695387,0.8400371235850776,0.8033858698354299,0.3588640845887403,0.5100349690913009,0.7298099073567675,0.3012396625731285,0.19207312020417971,0.7476839191899103,0.9128175806692189,0.1870100598286349,0.7798604550953777,0.3537513051260379,0.09885811829828138,0.6210576907141319,0.40697558792820565,0.7588790003148875,0.3925653391670396,0.6751354845125044,0.6876564079616831,0.6597805730953447,0.928818840219427,0.14811316064237062,0.15704602330167886,0.454606473425148,0.9037769933210693,0.5222575780175343,0.5148080014584265,0.3483816437130214,0.3979184275510035,0.25336846815492464,0.49666882116044353,0.9027908980924444,0.4998839887966323,0.8515719518056314,0.5936376141467375,0.8201163426639487,0.7965743548948441,0.13369462536667825,0.6713816934321086,0.6993072473856046,0.8344022937072209,0.4441903246656391,0.49750575912759576,0.39992376406635843,0.5210146008385953,0.6929349177149107,0.13249308076037056,0.2128805581796185,0.14276007225840667,0.939848191053879,0.8629327632211339,0.7555395349608048,0.7475347619284378,0.7078174978040737,0.8758431528530468,0.8555411922637102,0.8762326190357812,0.7730655131838445,0.24226453868973633,0.1634100664578465,0.26672632957125575,0.7038979764331528,0.9300286713402609,0.9570095626377634,0.8023583420341736,0.13607285503571487,0.5027759823662971,0.7274896832894148,0.3151692934917715,0.8293143737880972,0.34415552130462884,0.4654452344254959,0.5961898606208257,0.4879182618207129,0.6413099322163112,0.41727572548434677,0.20253898805084602,0.07132203052751951,0.8326621256567062,0.7684499245927178,0.7462917847494988,0.12881386831071115,0.520053365153549,0.47802416347635857,0.19847859593297867,0.8469729362435572,0.8760834617743085,0.8923084572167255,0.07777722534347603,0.9555179900230365,0.850279255539535,0.49651966389897084,0.1061999701685477,0.18333084737897545,0.8313860024196622,0.7381295679411327,0.899401713651204,0.15222327184739554,0.6923962942707038,0.6317638674820596,0.018114320754404282,0.568148295463962,0.8166360065629195,0.8348829115497439,0.7648287177447421,0.684109779744444,0.5611627637183249,0.2550340575747029,0.8866073352226587,0.7582492252108919,0.7359419281061998,0.13340459735825916,0.3433268698520029,0.5868178126916257,0.8683355706922555,0.7132865973914051,0.5377616466961668,0.9551699564129337,0.15029251396277699,0.40710817216062584,0.817671820878702,0.8379572084389864,0.8935100018230333,0.8805830391620676,0.9378677140821028,0.6487843683189977,0.4300535308838396
42,0.07553157990685958,0.15033394653540827,0.5432804653706558,0.5564808830109879,0.3459205488987222,0.12313760586022307,0.1374732759906528,0.1572614726793616,0.153002204212864,0.18466497621770334,0.12759575067535095,0.10455095377782198,0.21229221564825404,0.15965627537745075,0.14600838595270058,0.2682096156714563,0.3554500406039212,0.07776893882894977,0.29698039410663085,0.13250136727489684,0.6844826728981256,0.24160990404216176,0.12659308241767347,0.21549909676991663,0.2980079219078871,0.7906826430666734,0.006886093571322031,0.9266063408409155,0.14821259881668575,0.42435240888977277,0.2373672086047167,0.6367357761978159,0.5888811548086644,0.13790417474601832,0.6963655347287824,0.17660219758365236,0.21235850776446413,0.23559389449609705,0.14539518387775735,0.16627720048393246,0.4813967748885464,0.15798239944314624,0.9999999999999999,0.1518669517227664,0.2274565372313098,0.8900379522365304,0.09630587182419331,0.18464011667412453,0.14614925669964698,0.09892441041449146,0.7218299938679793,0.1853113243507516,0.12041134258108355,0.3658413298198511,0.5286299076882282,0.18906511543114735,0.8061867117453058,0.16010374716186876,0.8047780042758415,0.4468337227995161,0.1592336631366115,0.5188766800908201,0.1434975720512438,0.5234176900512106,0.6489749581531017,0.13985150565968943,0.3198843202572135,0.16229967351132768,0.1759972820232354,0.9212449659424253,0.274639950943834,0.3227265947397206,0.11898606208256685,0.13496246208919604,0.10280249921278113,0.3961119673842788,0.31864962959280063,0.24487479076550822,0.5079882000033147,0.7440875718855136,0.22162283100482275,0.19593463597341687,0.6123154178889276,0.15215697973118547,0.450529508278228,0.7072457283017617,0.2684830706508229,0.4383234723810471,0.26377633039990717,0.408931205356403,0.13443212515951541,0.13978521354347934,0.25285470425429657,0.18202986459835266,0.7571388322643728,0.9256782512139743,0.1028273587563599,0.16186877475596215,0.0978803095841827,0.07514211372412535,0.4846533750973665,0.35254976051973014,0.48852317738113005,0.3477187225509206,0.1666003745504566,0.11955783158487877,0.15624223139263166,0.10238817348646813,0.19262831667743913,0.1357331079401382,0.9302606937469962,0.13091035648585492,0.14622383533038336,0.12665937453388357,0.11839771955120236,0.11384842307628565,0.37985382588375677,0.2867382621521735,0.13485473740035467,0.9047382290061154,0.7909063789588824,0.9022191285901324,0.14661330151311755,0.14856063242678863,0.11408044548302095,0.15361540628780723,0.14380417308871543,0.18622284094864017,0.15147748554003215,0.1256235602181011,0.10447637514708563,0.48277233629990557,0.8441389482755765,0.5790036294933625,0.2429357463663634,0.1741742488274582,0.16102355027428364,0.1031588193374103,0.5555113608114155,0.30896269411160276,0.11338437826281508,0.42175872984305346,0.1802814100333118,0.4454664479026832,0.09750741643050101,0.13552594507698174,0.1239579707983228,0.13684350088665703,0.11616864714363843,0.75360049056166,0.19739306253003863,0.13840136561759392,0.19610036626394206,0.14445880773628994,0.8576542534679064,0.09260179983095511,0.1033245496279355,0.9301861151162598,0.10730207660054028,0.13040487909975307,0.1587364722650359,0.2517691708513565,0.13018114320754406,0.19925752829844712,0.1111055867680936,0.7473110260362286,0.7921825021959265,0.16362551583552926,0.1329819851174199,0.16544854903130646,0.8738626758812709,0.1607003762077595,0.09704337161703046,0.0022622184656689703,0.15286961998044382,0.18253534198445448,0.16554798720562158,0.21206847975604498,0.11651668075374136,0.09706823116060923,0.5601932415187524,0.1865708745587431,0.19154278327449908,0.13866653408243423,0.9087571885513516,0.47639172011468534,0.1133843782628151,0.1743814116906147,0.1379290342895971,0.09547722037156732,0.1641558527652099,0.4330698221713983,0.13025572183828038,0.1298828286845987,0.19735991647193357,0.19421932746648105,0.14401133595187193,0.18892424468420094,0.07056795770562986,0.10712805979548884
43,0.5473242844594707,0.9029483418684432,0.40715789124778334,0.3727025638475945,0.6112298844859875,0.3564278493180199,0.410431064485656,0.870904390195396,0.7015611793367473,0.8876928686255986,0.4829214935613782,0.5199290674356553,0.021984123038167686,0.7606357413944547,0.631805300054691,0.7138335073501384,0.5975074164305011,0.5684300369578548,0.7516117270753576,0.7651021727241087,0.08083494920366596,0.804156515686372,0.02358342034173586,0.8721639404033875,0.6553970069109532,0.21413182187308377,0.008427385273206384,0.1521404067021329,0.8885960987089612,0.43775170287873516,0.04738229006115448,0.316395697641658,0.33644906279520714,0.6657054309816206,0.07828270272957788,0.8636454034703922,0.8400122640414989,0.7986376970118828,0.5992310114519631,0.6547340857488524,0.4054094366827425,0.7361656639984091,0.1518669517227664,1.0000000000000002,0.8778236298248231,0.14400304943734565,0.5265251329985581,0.8186744891363795,0.706234773529558,0.4681300651320042,0.2752531530187773,0.9096106995475564,0.7035416563085235,0.6139810073087058,0.38157742090521884,0.8214587580172028,0.21186960340741476,0.7289481098460365,0.17440627123419347,0.44472894810984603,0.04415054939591309,0.37175790119160085,0.807023649712458,0.36126717380135565,0.31551732710187447,0.5776695006546346,0.5785893037670495,0.6867366048492682,0.7880060988746913,0.1836125888728683,0.7202141235353585,0.6530436367854953,0.5204179717927045,0.679809078705315,0.6580404050448301,0.5294088400536966,0.7090273289249076,0.8790583204892359,0.38822320555527934,0.23711861316892893,0.8965842987122757,0.8026400835280665,0.20229039261505827,0.6019987073037338,0.45627206284492616,0.07799267472115878,0.788122110078059,0.5662589701519747,0.8247899368567594,0.5313478844528414,0.5337344006364043,0.5284144583105455,0.8572399277415933,0.7562273156664844,0.12410712805979549,0.14551119508112498,0.3741858499477949,0.705058088466829,0.444281476325428,0.4264240375213378,0.43981504499577384,0.5296491489749581,0.3044216841512124,0.6908218565107145,0.7066408127413447,0.40289033626675946,0.6831734036029764,0.4901887668009082,0.8573393659159083,0.6290458907174464,0.11674041664595039,0.5592402923482325,0.554442400437528,0.6729064121049404,0.3751968047199987,0.40093471883856213,0.534712209350503,0.6851870266328577,0.5532159962876415,0.09938845522796202,0.2658230994878934,0.10171696580984105,0.8150864283465089,0.6572117535922041,0.5987421070949137,0.5713303170420458,0.5449626278194866,0.8655015827242745,0.6862725600357977,0.8298115646596729,0.6261787566913605,0.29255539534960806,0.18171497704635475,0.31419148477767284,0.8507515868675319,0.6888248065098858,0.7603705729296144,0.6265682228740947,0.1135335355242878,0.6548086643795886,0.5670876216046007,0.4252390659440826,0.9021611229884485,0.46450057176950227,0.4111768507930194,0.48219228028306726,0.4063209532806311,0.4858549197036742,0.36280846550324,0.24221481960257876,0.03590546744228443,0.6360977145792936,0.8950430070103912,0.5943419678814696,0.16650093637614144,0.4309319014236232,0.4146489003795224,0.19678814696962166,0.6951474170934222,0.6987520509123453,0.8160808100896602,0.030328643166111467,0.7810868592452642,0.8077362899617162,0.4220073252788412,0.08084323571819223,0.21485274863686837,0.935771225906959,0.6027859261837286,0.7426954374451017,0.13791246126054457,0.5572929614345614,0.5205422695105985,0.006712076766270571,0.4718507101542949,0.6375727141649679,0.8993602810785727,0.8869802283763404,0.5665904307330251,0.4628515553787766,0.32799681797842195,0.8407166177762311,0.957573045625549,0.5775369164222144,0.12351878552843104,0.44963456470939195,0.45671124811481795,0.8472463912229238,0.586701801488258,0.460440179651635,0.8095344636139148,0.1283249639536618,0.3564692818906512,0.6461326836705945,0.8521437213079435,0.6818061287061437,0.6643961616864715,0.7123833673080429,0.5196721854853411,0.3716087439301281
44,0.4394504383566184,0.8471966721357662,0.47063259251893474,0.4832778136860074,0.6723677886607335,0.2665191667080993,0.31574934950860967,0.7968975289613682,0.6259964533717828,0.8152438721225078,0.38335902152836476,0.42404580785230117,0.022920499179635064,0.6801239662573129,0.5385902981487927,0.8006347470127114,0.6690614693647559,0.47862907903677554,0.8321897943287094,0.6735776197815674,0.09979449443974875,0.8967666020318533,0.026301397106349128,0.9345862543297038,0.7475016158703326,0.25303700757387426,0.008087638177629725,0.21145527768110178,0.8211107244070999,0.5367589784384892,0.054425827408475444,0.376100034803361,0.44545816138815686,0.6028107857273074,0.09025671622002354,0.8239281393460283,0.917507747891082,0.9004955335686704,0.5288370705513847,0.5871907058453074,0.5187440958584001,0.6872420822353702,0.2274565372313098,0.8778236298248231,1.0,0.20779263826049488,0.41632277631382686,0.7684167785346128,0.6219857803410729,0.36011534828220554,0.31842589370059166,0.8470558013888199,0.6303883060707005,0.7191865957341024,0.4773861018578366,0.7387842025887071,0.28094598849831787,0.6658380152140406,0.2360827988531464,0.5543429622632128,0.0523459122623842,0.4958733157659226,0.7096571040289034,0.48778567758829283,0.3750062148858947,0.49019705331543445,0.6577089444637796,0.6131440693415535,0.7105271880541607,0.2575448714761597,0.8088964019953927,0.770778435174597,0.41845241054707566,0.5971676693349243,0.5687366379953265,0.5972091019075556,0.8087886773065514,0.9327135020467692,0.46520492550423437,0.2812111569631582,0.9575896186546016,0.7530452940884005,0.24828054823580104,0.5354414226288139,0.5516415585276521,0.08883972223603308,0.9040918808730671,0.6725500919803112,0.8623775667478746,0.595087754188833,0.4427981902252275,0.44875619416960844,0.9391189777755682,0.6621090836772237,0.1706773396973765,0.19985415734433784,0.27098559803775335,0.6471850710154295,0.3204063706723678,0.3037836225326903,0.5464707734632659,0.5995790450620659,0.3618720893617726,0.7864813802018595,0.6409038930045245,0.29355806360728554,0.6214305838678136,0.3834253136445748,0.8773844445549314,0.5566548998160393,0.19227199655280997,0.45734930973334,0.4717761315235586,0.592850395266743,0.27492169243772685,0.28309219576061917,0.6223669600092809,0.7922487943121365,0.4555594225956678,0.18654601501516432,0.30673362170403884,0.14515487495649582,0.7520840584033545,0.6108652778468321,0.5240723246987852,0.5155040686786324,0.4641525381593994,0.8141831982631466,0.6190937867714081,0.7340526027942127,0.5528348166194335,0.37532110243789263,0.2505676262450488,0.4103233397968147,0.9071330317042046,0.6376141467375992,0.7068811216626063,0.5532077097731152,0.13177215399658596,0.7615886905649747,0.4969257031107575,0.5097532275974079,0.8479838910157609,0.5586768093604468,0.31185468768126745,0.3820166061751106,0.3029301115364855,0.3811879547224847,0.26250849367738943,0.2846334874625035,0.04436599877359585,0.5685046155885911,0.9273852732063839,0.5063226105835363,0.23047282851886838,0.3083826380947646,0.30716452045940434,0.25948391587530456,0.5962727257660883,0.6105338172657817,0.7744990801968876,0.039261505825419714,0.6884684863852567,0.7889341885016323,0.3114072158968495,0.0997199158090124,0.2695105984520791,0.875975737085467,0.5170039278078854,0.6696000928089627,0.204577470624306,0.4732096985366015,0.41188120452775157,0.006546346475745372,0.3716418899882331,0.5709159913157328,0.8171000513763901,0.904564212201064,0.46891728401199884,0.35107476093405593,0.43795057922736536,0.7913207046851953,0.9006612638591955,0.4986161520741146,0.18443295381096803,0.5156697989691575,0.34763585740565806,0.8171166244054426,0.48379986410116177,0.33743515802383206,0.7354944563217819,0.1460498185253319,0.2705629857969141,0.5777855118580022,0.828477435820945,0.6450637232967069,0.5850610716120586,0.6701055701950646,0.43472712507665023,0.2741510465867847
45,0.06383102139578051,0.15648254031389314,0.4426076003911235,0.4615754321417325,0.323919852831502,0.1304380251578581,0.14043156167652762,0.1657468635542518,0.15058254197119608,0.1753757934337659,0.13174729445300717,0.10481612224266229,0.2457863073633968,0.14678731831816902,0.12665108801935732,0.31389317025472746,0.37545368667031276,0.07175292928288503,0.2000033146058105,0.11777623096173287,0.7671986608992525,0.26153068496329074,0.18732494738063277,0.22245976897197497,0.28595104327217885,0.7570891131772155,0.016564742537993667,0.8199340393443709,0.13392664777341357,0.35794428147632545,0.34045144931139065,0.5939110691261043,0.4949617991680339,0.1366031919653955,0.7801090505311656,0.16337692039974144,0.1811017749714115,0.20495865029251398,0.1436467293127165,0.13726611312749631,0.39179469331609734,0.15919223056398019,0.8900379522365304,0.14400304943734565,0.20779263826049488,0.9999999999999999,0.09695221995724158,0.18866736273388687,0.1415751006811515,0.09111851373075455,0.5970350851025041,0.15982200566797594,0.11735361872089362,0.2792555395349608,0.4161156134506704,0.17072705878453404,0.660783241353022,0.1463315600192247,0.7810537131871591,0.37698669185767086,0.1975670793350901,0.4331609738311871,0.12944364341470688,0.429108868227846,0.5969190738991366,0.13837650607401514,0.29046719368899054,0.15851273637282684,0.16858085152223273,0.9148063441555213,0.24799052022738194,0.3545716700641376,0.11786738262152174,0.12350221249937851,0.09227033924990471,0.34071661777623097,0.31296508062778633,0.24721158786191355,0.45830225890385984,0.7409718424236398,0.22415021793533205,0.1959677820315219,0.47446096223006673,0.14676245877459024,0.4168531132435075,0.785254976051973,0.21889656772568322,0.3570327648784368,0.2669169194053597,0.3626344486981885,0.12878900876713237,0.13608942806476743,0.2533850411839772,0.18446609986907306,0.9193059215432804,0.962611246457515,0.10242960605909943,0.1655231276620428,0.0940105073004193,0.07677455708579857,0.43890352839788527,0.33254611445333865,0.3015876961832314,0.3786522812774491,0.17046189031969372,0.11977328096256153,0.15061568802930114,0.09457399028820497,0.2081986774722816,0.13187159217090108,0.931495384411409,0.1283249639536618,0.13154841810437692,0.11607749548384957,0.11877889921941034,0.11569631581564163,0.3228426059430882,0.3244584762757089,0.13402608594772866,0.9125441256898523,0.6416993983990454,0.7846583470060824,0.14756625068363746,0.14845290773794728,0.10510615025108139,0.16084953346923217,0.14496428512239182,0.16457846500604917,0.1344569847030942,0.11703044465436949,0.08770446974593546,0.42621687465818126,0.8390178822983476,0.5315384742869453,0.2544208554997597,0.17337874343293724,0.15082285089245762,0.09373705232105271,0.630562322875752,0.28187407812525894,0.10190755564394505,0.4010507300419298,0.1638658247567908,0.3947944115746035,0.09295811995558428,0.13002369943154513,0.12143058386781351,0.14259434196788145,0.1252258075208406,0.7343011982300005,0.28595932978670513,0.13800361292033345,0.17575697310197386,0.13816934321085864,0.7626493644243358,0.09183944049453918,0.09551036642967234,0.8734649231840104,0.09759856809028986,0.12560698718904856,0.13042973864333185,0.3276902169409503,0.13096836208753873,0.1942110409519548,0.11736190523541987,0.8885215200782246,0.7789240789539105,0.1306037554483833,0.11442019257859759,0.1670561328494009,0.8000629775103996,0.1704867498632725,0.09333929962379224,0.006322610583536353,0.15899335421534994,0.17281526044515155,0.14971245794593876,0.21307114801372243,0.10755895855085434,0.08892258738129567,0.46210576907141315,0.16906975587928205,0.16899517724854574,0.13522763055403636,0.9402459437511396,0.3892921659291669,0.12027047183413712,0.16510051542120352,0.13934602827358755,0.09856809028986228,0.1636006562919505,0.6082881718291652,0.13995094383400453,0.12517608843368302,0.18988548036924707,0.19554516979068265,0.14477369528828785,0.1932332322378561,0.0693581265847959,0.11386499610533818
46,0.9389449609705167,0.5464624869487397,0.22758912146372995,0.16980725567211918,0.28385455509703506,0.6670727058784534,0.8018197185899667,0.5637895888231492,0.6960257876332058,0.5611130446311673,0.935323754122541,0.9439417292298514,0.03037007573874277,0.6627222857521669,0.8634299540927096,0.32053066839026173,0.25455343973217986,0.8691227895722502,0.33764232088698853,0.6515437776562423,0.06146107824127016,0.3706226487015032,0.033154344619566116,0.4132401929100582,0.27746565239728865,0.10159266809194717,0.014476540877376157,0.10262848240772965,0.5735842489931886,0.1834717181259219,0.052147035913753956,0.12397454382737534,0.16113956147765127,0.7078755034057576,0.05914914068844362,0.5229867912958451,0.41013274996271076,0.36601534662490265,0.8152272990934553,0.773645569200683,0.1748537430186115,0.6350453272344586,0.09630587182419331,0.5265251329985581,0.41632277631382686,0.09695221995724158,1.0,0.5711894462950993,0.7055221332802997,0.8899136545186364,0.13789588823149207,0.5697807388256352,0.7359336415916737,0.2881801156797428,0.15744377599893933,0.598112331990918,0.12375909444969255,0.6970284558908832,0.10330797659888298,0.20616019489882165,0.05198130562322876,0.16412270670710488,0.6216460332454963,0.15789953429788361,0.15801554550125127,0.8757271416496794,0.24132816254826897,0.6916587944778667,0.6057773579277086,0.1234442068976947,0.3255357231641227,0.3257014534546479,0.9132981985117421,0.761248943469398,0.8019440163078606,0.20638393079103068,0.27802084887054807,0.4271532507996486,0.14219658927062098,0.1187871857339366,0.44852417176287307,0.5696398680786887,0.10292679693067502,0.8026152239844877,0.2221117353618721,0.05789787699497838,0.39798471966721355,0.2179684780987421,0.45697641657965826,0.2574868658744759,0.8818923084572168,0.8698851489086661,0.40376042029201686,0.6400918145809509,0.08235138136197152,0.0952534844793583,0.795041349707486,0.6720446145942094,0.8629907688228178,0.8729014401962247,0.20967367705795587,0.2111403901291039,0.15447720379853827,0.2577188882812112,0.6650259367904672,0.8206301065645768,0.7445184706408792,0.9160493213344604,0.475455343973218,0.8174978040736506,0.07684913571653491,0.916289630255722,0.8923416032748306,0.7744162150516251,0.7488937503107442,0.8066093239861449,0.23532043951673048,0.316652579591972,0.8872288238121282,0.07092427783025905,0.12854041333134458,0.07728832098642668,0.5957589618654602,0.6703790251744312,0.8455890883176718,0.8480418966174449,0.8800527022323872,0.5446974593546462,0.7107094913737384,0.6406304380251578,0.8232735046984538,0.14000894943568837,0.09754056248860604,0.18316511708845026,0.3898390758879,0.6580321185303039,0.6475828237126899,0.6710585193655845,0.09019871061833973,0.27318152438721227,0.8794395001574438,0.16931835131506984,0.5282984471071778,0.17206947413778817,0.811838114652215,0.8871459586668654,0.8369876862394138,0.8571156300236994,0.72134108951093,0.12883044133976368,0.04415883591043935,0.7665274532226255,0.45900661263859194,0.8439897910141035,0.06606838031787068,0.8460034140439849,0.8265632509653789,0.1175193490114188,0.7593679046719368,0.7450488075705597,0.532673726777043,0.0426589767811863,0.6605097863736555,0.5151228890104245,0.8303999071910372,0.06358242595999271,0.10484926830076732,0.5342895971096637,0.8544805184043489,0.6842920830640216,0.0868260992061519,0.8680455426838363,0.9618488871210992,0.010880193572979334,0.8607865559588326,0.7408558312202721,0.5693995591574272,0.4609705165813155,0.9221979151129451,0.8885795256799085,0.14056414590894778,0.5341652993917699,0.5153880574752647,0.8656175939276421,0.0833126170470177,0.1699066938464343,0.88664876779529,0.5316379124612606,0.8981421634432125,0.8946618273421834,0.6131689288851324,0.09704337161703044,0.7041797179270455,0.7817829264654701,0.518172326356088,0.6082964583436915,0.7209019042410382,0.6254246838694708,0.8645072009811234,0.7666517509405194
47,0.5921128954739059,0.9083180032814597,0.38238121281426607,0.34052602794212694,0.506438621786904,0.3685675930989907,0.4498665871161272,0.9223056398017866,0.8343691476491158,0.9108371036974428,0.5555527933840468,0.5860471668406835,0.05136810354828552,0.8763569167536751,0.6901175027759824,0.631805300054691,0.48404017302242336,0.6358988382306634,0.6766767762143887,0.8748073385372643,0.12357679113011485,0.6898357612820895,0.05412751288553008,0.8139760353999901,0.5640879033460946,0.20049221896285985,0.01179999668539419,0.1902500870084025,0.9175906130363447,0.3597756011866289,0.09019042410381345,0.28945623891678685,0.31223586734947545,0.7792141069623295,0.11318550191418486,0.9239712292215647,0.7177861747791643,0.6764778998657586,0.7152173552760238,0.738974792422811,0.3461857173635626,0.9148974958153102,0.18464011667412453,0.8186744891363795,0.7684167785346128,0.18866736273388687,0.5711894462950993,1.0,0.826629543081589,0.5196224663981835,0.25853096670478465,0.9063458128242099,0.79631747294453,0.5218681118348001,0.3604550953777822,0.9287359750741644,0.23268532789737983,0.8514973731748952,0.204577470624306,0.3889192727754852,0.0855251164255291,0.3360430235834204,0.9160907539070915,0.3231989260677174,0.3004441571786075,0.6676113293226603,0.4896252838131224,0.806733621704039,0.9228442632459934,0.20321848224199937,0.6053215996287641,0.5545998442135269,0.5941182319892607,0.7800759044730605,0.7381544274847114,0.3878668854306502,0.5881602280448797,0.788950761530685,0.3059298297949916,0.22493743681532674,0.7981736521984123,0.9120883673909082,0.19610865277846834,0.7242247965660684,0.3900213792074777,0.11788395565057426,0.696705281824359,0.46518835247518187,0.8387692868625598,0.4410663086892391,0.6193258091781435,0.6426937801421966,0.7556306866205937,0.8893004524436932,0.16884601998707305,0.1865708745587431,0.4107708115812328,0.8449593132136761,0.45948723048111506,0.4468834418866736,0.3893170254727457,0.4217421568140009,0.29045890717446426,0.584025257296276,0.841644707403172,0.4456156051641559,0.7871940204511179,0.5384577139163725,0.8754702596993653,0.7347155239563135,0.15794925338504118,0.6068711778451747,0.6445499593960788,0.7653424816453703,0.3853643580437196,0.4449112514294237,0.44294734748670017,0.5824342465072342,0.6399426573194782,0.13992608429042577,0.2453305490644525,0.16529110525530752,0.91463232735047,0.7961766021975838,0.6977825287127728,0.6896866040206169,0.649082682841943,0.9401216460332454,0.7877243573807985,0.9085417391736688,0.7167917930360131,0.2838048360098775,0.19268632227912297,0.2978836241899932,0.7496561096471602,0.8400371235850776,0.912245811166907,0.7115049967682593,0.15371484446212233,0.5628946452543131,0.6597059944646083,0.34623543645072014,0.903702414690333,0.40337095410928253,0.41732544457150433,0.5497853792737699,0.4458807736289962,0.5687614975389051,0.38464343127993506,0.24399642022572465,0.07622764712706541,0.7731898109017386,0.8294801040786224,0.6789804272526889,0.16474419529657436,0.4706905981206185,0.4296392051575267,0.21699895589916968,0.7771921974179221,0.8058386781352027,0.9061966555627372,0.0681565819784882,0.8781136578332421,0.911259715938282,0.4619483252954143,0.11906892722782943,0.21235022124993785,0.8769369727705133,0.6728152604451516,0.8666285486998458,0.16279686438290328,0.6334791759889955,0.565248015379771,0.005005054773861019,0.5104824408757189,0.7657236613135783,0.9082102785926185,0.8206135335355242,0.6342829678980427,0.5075158686753178,0.3105702779296972,0.9271201047415435,0.8244667627902351,0.6828336565073998,0.15915908450587515,0.34651717794461295,0.5279089809244435,0.9202588707138003,0.654245181391803,0.4900313230249093,0.9367738941646366,0.16717214405276853,0.3793234889540762,0.7461011949153947,0.9397984719667214,0.8660402061684813,0.8015296905815477,0.8920184292083064,0.5942839622797859,0.3953330350188104
48,0.7540645353751305,0.7620195893203401,0.3135534231591508,0.27265118745753164,0.4129335918725866,0.4393178541241983,0.5365435290608065,0.8041979482590034,0.9476126551649844,0.7864399476292283,0.6810271963406752,0.7324698785196969,0.035607152919339066,0.9370556356585293,0.81078572730738,0.4792422811117188,0.3833175889557335,0.7792638260494871,0.5529425413082749,0.909121795190507,0.08789505958003944,0.5495699298960871,0.03902119690415817,0.6580569780738825,0.4368484727953728,0.1593993934271367,0.007416430501002668,0.15361540628780723,0.792265367341189,0.29068264306667335,0.07208438986393544,0.203939409005784,0.25569697873680375,0.9139445466447902,0.08348663385206914,0.7641409370390626,0.6107078340708332,0.5411342581083545,0.8452410547075689,0.8421253252456951,0.2930940187938149,0.8797792472530205,0.14614925669964698,0.706234773529558,0.6219857803410729,0.1415751006811515,0.7055221332802997,0.826629543081589,1.0,0.673179867084307,0.21164586751520575,0.767977593264721,0.921427269262003,0.42106266262284753,0.28595104327217885,0.8760586022307297,0.1980394106630869,0.9299126601368932,0.15356568720064967,0.31429092295198796,0.06612638591955451,0.2819486567559953,0.8957722202887022,0.265044167122425,0.2513962776976748,0.7923233729428727,0.3632476507731318,0.9158504449858299,0.8852732063839308,0.16022804487976267,0.503480336101029,0.43796715225641797,0.7058618803758763,0.9206151908384297,0.8768209615671456,0.32986957026135666,0.4598021180331129,0.6285818459039759,0.26577338040073584,0.1690614693647558,0.6425860554533551,0.8453819254545152,0.1607583818094433,0.8649298132219625,0.32251114536203784,0.08019688758514393,0.5741560184955005,0.3878088798289664,0.6828170834783474,0.3751636586618936,0.780183629161902,0.779835595551799,0.6061502510813901,0.9057491837783191,0.12854869984587083,0.1545269228856958,0.5125374964782313,0.9281724920863785,0.5799980112365137,0.580196887585144,0.3293558063607286,0.313719153449676,0.23669600092808965,0.4490379356635013,0.9404613931288222,0.5466033576956861,0.9148063441555213,0.6609986907307048,0.7224349094283964,0.8779976466298745,0.11775965793268035,0.7592933260412007,0.785478711944182,0.9077462337791478,0.4859875039360944,0.5516332720131258,0.35777855118580026,0.4477369528828784,0.759053017119939,0.10174182535341986,0.2011634266394869,0.11816569714446709,0.8670428744261588,0.9151709507946767,0.8402525729627606,0.8075208405840335,0.7777473938911815,0.7866139644342796,0.9296806377301581,0.8541159117651933,0.8700674522282438,0.22212830839092462,0.14528745918891597,0.24837998641011616,0.6076003911234857,0.9284873796383766,0.9065529756873663,0.8340459735825917,0.1194915394686687,0.4171928603390842,0.8032449990884836,0.2745405127695189,0.7647458525994796,0.2834982349724059,0.5334443726279852,0.647773413546794,0.5524950695238569,0.7241585044498583,0.4769054840153135,0.19156764281807787,0.05738411309435025,0.8987305059745769,0.6801571123154179,0.8396476574023435,0.12285586436633024,0.6024213195445731,0.5403636122574123,0.1739919455078805,0.8980427252688974,0.9007109829463531,0.8220719600921461,0.04732428445947066,0.9123783953993271,0.7256749366081638,0.5487329919289349,0.08538424567858267,0.16771905401150167,0.7349061137904175,0.825991481463067,0.9332272659473972,0.12137257826612971,0.7471701552892822,0.6949402542302656,0.0029997182585061073,0.6240325494290592,0.8975786804554269,0.7937569399559157,0.6889408177132534,0.7654667793632643,0.6494721490246773,0.24776678433517296,0.7939972488771772,0.707544042824707,0.8103299690084358,0.11985614610782412,0.26986691857670825,0.6478479921775302,0.7973698602893652,0.7777639669202341,0.5951126137324119,0.8709458227680273,0.1329405525447886,0.466182734218333,0.8877508742272825,0.7541888330930243,0.8459951275294586,0.9340393443709707,0.9209217918759012,0.7507499295646265,0.49695884916886257
49,0.8622284094864019,0.48060126949402543,0.1935066872172227,0.16040206168481413,0.2284426324599347,0.7141152488440312,0.8054077793798373,0.5193075788461857,0.6487429357463663,0.4930807603705729,0.9137539568106862,0.8717413281625481,0.019572747311026036,0.6164255290939525,0.812666766104841,0.26458840882348067,0.2193191799665225,0.8291900760702033,0.30753741361308606,0.6321284741212152,0.05334858052006165,0.3202240673527901,0.019241286729975635,0.3607865559588326,0.23689487727671987,0.09704337161703044,0.0024030892126153895,0.09587497306882779,0.5241054707568903,0.15906793284608628,0.04618074545484679,0.1134009512918676,0.1562422313926316,0.6792290226884767,0.047970632592518936,0.4806924211538143,0.36827756509057163,0.31838446112796037,0.7824955667147284,0.7335719849516895,0.15860388803261574,0.5718192213990951,0.09892441041449146,0.4681300651320042,0.36011534828220554,0.09111851373075455,0.8899136545186364,0.5196224663981835,0.673179867084307,0.9999999999999999,0.12794378428545386,0.512719799797809,0.7105189015396345,0.25477717562438884,0.1416993983990454,0.5892374749332936,0.12088367390908036,0.6645121728898391,0.09813719153449678,0.17327101874409584,0.042153499395084434,0.1431909710137722,0.577553489451267,0.15012678367225177,0.1480137224680555,0.8025655048973301,0.19849516896203118,0.6750194733091366,0.5568620626791958,0.11169392929945807,0.2854952849732345,0.2722202887021661,0.8336647939143838,0.739861449477121,0.7649861615207412,0.16742073948855632,0.23875105653060208,0.34829049205323254,0.1289630255721838,0.10023367970964053,0.36857587961351695,0.5236745720015248,0.10281078572730738,0.776230961732876,0.18622284094864017,0.04740714960473326,0.34892855367175457,0.19016722186313992,0.38838064933127825,0.23906594408259996,0.8574719501483286,0.8551682991100283,0.33270355822933756,0.5989824160161753,0.08393410563648718,0.09383649049536785,0.8225857239927742,0.6468784699779578,0.846293442052404,0.880342730240806,0.17748056812343593,0.1707767778716916,0.14688675649248414,0.2111569631581564,0.6335288950761531,0.8376008883143572,0.7168746581812758,0.8522348729677323,0.4262831667743913,0.7762558212764546,0.07383284442897628,0.8962859841893303,0.8544307993171911,0.736265102172724,0.7396045675268069,0.8477518686090257,0.18967003099156432,0.25374964782313264,0.8184590397586968,0.06582807139660915,0.12024561229055834,0.06792455957175293,0.5836523641425942,0.6546843666616948,0.8151527204627189,0.8147632542799849,0.8353220968196358,0.4931967715739406,0.6856013523591706,0.5909942160128606,0.7985714048956729,0.1353187822138252,0.0886076998292978,0.14743366645121728,0.33080594640282407,0.6018495500422611,0.5926846649762176,0.6323107774407929,0.08022174712872271,0.23911566316975752,0.8420673196440113,0.14573493097333398,0.48665042509819517,0.15105487329919287,0.8452410547075688,0.8658496163343774,0.7994000563482988,0.8433102968229502,0.7350967036245215,0.11492566996469945,0.0329720412999884,0.7299673511327665,0.4213444041167404,0.8144732262715657,0.06724506538059961,0.9214024097184242,0.8470226553307149,0.1045260942342432,0.721979151129452,0.7146704453172905,0.5325742886027279,0.025713054574984667,0.616152074114586,0.4496594242529707,0.8398299607219212,0.051881867448913634,0.09711795024776677,0.49969339896252835,0.8455808018031457,0.6554301529690582,0.0750923946369678,0.7828601733538839,0.900835280664247,0.0011103929465188353,0.8298695702613567,0.7019092129468504,0.5271383350735014,0.4060806443593696,0.8468154924675583,0.9687432672069474,0.1333383052420491,0.4852168580851522,0.451963075291271,0.8143323555246194,0.07716402326853278,0.15180065960655628,0.9113840136561759,0.4854405939773613,0.8310213957805068,0.8844196953877259,0.5688443626841678,0.08789505958003944,0.7304728285188684,0.749747261306949,0.46485689189413143,0.5447720379853827,0.66958351977991,0.6105586768093605,0.8145146588441969,0.784873796383765
50,0.14742537993669103,0.24206566234110607,0.826695835197799,0.7969472480485258,0.5096703624521455,0.14921526707436317,0.17105851936558447,0.24166790964384563,0.21123154178889278,0.26788644160493214,0.1605097863736555,0.14619897578680457,0.13895656209085333,0.2280531662772005,0.18043056729478446,0.43524088897727836,0.5336681085201942,0.12732229569598436,0.39347685576492814,0.18196357248214254,0.4926084290425762,0.39257362568156584,0.10470011103929466,0.37083809807918594,0.4647740267488689,0.874318434180215,0.009090306435307182,0.7805150897429523,0.23888364076302226,0.6313826878138517,0.20463547622598982,0.9201345729959065,0.808424070667396,0.19957241585044497,0.48510084688178456,0.2658230994878934,0.3361507482722617,0.3830524204908931,0.18971975007872188,0.2036493809973649,0.6939044399144831,0.23632310777440793,0.7218299938679793,0.2752531530187773,0.31842589370059166,0.5970350851025041,0.13789588823149207,0.25853096670478465,0.21164586751520575,0.12794378428545386,0.9999999999999999,0.2546694509355475,0.19053182850229536,0.47832247799930394,0.6972604782976185,0.24165962312931935,0.9046719368899053,0.252166923548617,0.6804388538093107,0.6549992542136926,0.1331311423788926,0.7676627057127231,0.21709010755895855,0.7477087787334891,0.9388123767380965,0.18409320671539137,0.5242297684747842,0.23910737665523127,0.2524735245860886,0.6925620245612291,0.43229088980592983,0.50108553340294,0.16026119093786773,0.19498997331742324,0.1499527668672003,0.5896269411160278,0.44918709292497394,0.33740201196572694,0.7456868691890817,0.920374881917168,0.3371617030444654,0.26311340923780635,0.6995309832778136,0.19790682643066676,0.6385836689371717,0.4329372379389781,0.3705812161288719,0.5619168365402145,0.366984868824475,0.6067717396708596,0.17773745007374997,0.177961185965959,0.37523823729262995,0.25582127645469765,0.5079882000033147,0.633172574951524,0.1280349359452427,0.23136777208770445,0.12839954258439815,0.10155123551931586,0.6064817116624406,0.5453935265748521,0.7112149687598402,0.49808581514443395,0.23154178889275595,0.1460249589817531,0.21854024760105403,0.13657833242181672,0.315981371915345,0.16927691874243855,0.6674953181192926,0.1731135749680969,0.18695205422695105,0.18016539882994415,0.1512206035897181,0.14084588740284062,0.5854091052221615,0.4617328759177315,0.18348000464044814,0.705149240126618,0.8951092991266014,0.7295861714645586,0.22312269013407582,0.21715639967516864,0.15640796168315685,0.1984951689620312,0.17875669136047995,0.2744576476242563,0.20548070070766838,0.1969124446875155,0.1461741162432258,0.7342846252009481,0.8095593231574936,0.8262980825005386,0.3770281244303022,0.23331510300137556,0.2517940303949353,0.1608661064982847,0.42877740764679556,0.47479242281111717,0.1521238336730804,0.6212399940337096,0.2697426208588144,0.6137406983874443,0.1305871824193308,0.16759475629360776,0.14950529508278226,0.18406834717181259,0.14240375213377748,0.9206897694691659,0.14936442433583585,0.19571090008120784,0.3238784202588707,0.18958716584630173,0.812219294320423,0.12307960025853926,0.13125839009595786,0.7218051343244004,0.15688857952567992,0.18178126916256482,0.23424319262831667,0.18620626791958764,0.20592817249208636,0.2733555411922637,0.14044813470558015,0.47209930559008273,0.8914052271333632,0.23304164802200897,0.16616118928056484,0.2447753525911931,0.7414938928387942,0.21897114635641957,0.13374434445383582,0.0029499991713485474,0.1874160990404216,0.227241087853627,0.24910091317390076,0.29698868062115713,0.1610069772452311,0.12415684714695306,0.8163128324963953,0.27347983891015765,0.2785760453438075,0.18401034157012877,0.6335288950761531,0.6328079683123685,0.14343956644956002,0.2789903710701205,0.1898854803692471,0.12578929050862625,0.2383201577752366,0.34219161736190523,0.157783523094516,0.18380317870697227,0.2844097515702946,0.2453139760354,0.20961567145627208,0.2666434644259932,0.1011286232784766,0.13283282785594724
51,0.5539700691095311,0.9633156001922472,0.4203500223735892,0.38649961053381726,0.5509869238800776,0.36768922255920716,0.4304761431246789,0.9287442615886906,0.7730157940966872,0.9686852616052637,0.5468022340443163,0.5782495566714729,0.03749647823132635,0.8296541208836739,0.6637912461260544,0.6601700392780789,0.5223984487644807,0.6108818508758846,0.6588441969538773,0.8196440113359519,0.09558494506040868,0.7423971229221564,0.04255953860687118,0.8513482159134226,0.600822022241005,0.19460879364921527,0.01643215830557351,0.16948408160559505,0.9595038035101675,0.42623344768723387,0.06819801455111951,0.32399443146223833,0.34167785346127716,0.7377981073600822,0.09148312036991002,0.951515603506853,0.7816586287475762,0.7337377152422149,0.6678184921858168,0.7200483932448333,0.418303253285603,0.8674074810653144,0.1853113243507516,0.9096106995475564,0.8470558013888199,0.15982200566797594,0.5697807388256352,0.9063458128242099,0.767977593264721,0.512719799797809,0.2546694509355475,1.0,0.7486783009330615,0.5704270869586835,0.40063640431561676,0.8780473657170321,0.2210096289298795,0.79204163144898,0.19410331626311342,0.4492699580702365,0.06805714380417309,0.39941000016573036,0.872752282934752,0.390410845390212,0.3053497737781534,0.6462155488158572,0.5321102437892573,0.7437726843335156,0.8613831850047233,0.19790682643066676,0.6594242529707155,0.5876050315716204,0.5852599479606888,0.7410464210543761,0.7012214322411707,0.4483087223851904,0.6540048724705414,0.8428213924659009,0.39143008667694196,0.22255092063176388,0.8617643646729313,0.8896236265102173,0.19293491771491078,0.6701884353403271,0.4590977642983808,0.08859112680024527,0.737284343459454,0.5023699431545103,0.8832430103249972,0.5030162912875586,0.5973831187126071,0.5936376141467377,0.8057392399608877,0.8243093190142363,0.16253998243258921,0.1834717181259219,0.3867647789986576,0.7832247799930394,0.46141798836573367,0.4587331576592254,0.42310114519630754,0.4514244518470641,0.2950247766784335,0.647997149439003,0.7844677571719783,0.4267554981023881,0.7427451565322594,0.5365849616334377,0.9167453885546661,0.7075937619118646,0.1653822569150964,0.5815724489965031,0.6164006695503738,0.7271416496793119,0.40295662838296953,0.42750128440975155,0.4934867995823597,0.6341255241220438,0.6204196290956098,0.15842987122756427,0.24287774076467958,0.15852102288735315,0.8814945557599562,0.7417590613036344,0.6492318401034157,0.6423291735030412,0.6140970185120734,0.9474220653308805,0.7491754918046372,0.8974792422811118,0.6692934917714911,0.2954639619483253,0.1876895540197882,0.312443030212632,0.8206798256517345,0.7781451465884421,0.8488374020119658,0.6708430699879017,0.13218647972289896,0.6073435091731716,0.6210079716269743,0.41643050100266826,0.9609705165813156,0.4273852732063839,0.4148312036991001,0.507905334858052,0.43888695536883277,0.5196473259417624,0.3764729279570427,0.2292712839125607,0.060607567245065386,0.7074363181358657,0.8866902003679213,0.6514194799383484,0.15310992890170538,0.4763254279984753,0.4264240375213378,0.21116524967268271,0.7389747924228112,0.7639254876613799,0.8946618273421834,0.05863537678781551,0.8406337526309684,0.894330366761133,0.44738063275824924,0.09882497224017635,0.23165780009612358,0.9432539485241718,0.630305440925438,0.8048360098775252,0.17008071065148578,0.615132832827856,0.5730207660054027,0.011775137141815408,0.4958816022804488,0.7087455874310149,0.9520459404365336,0.8744344453835828,0.6194832529541424,0.5066872172226918,0.3427716733787435,0.9380500174016805,0.9042493246490662,0.6440279089809245,0.162979167702481,0.41674538855466614,0.522025555610799,0.9349260014252804,0.6427352127148278,0.48290492053232564,0.8776744725633504,0.1545932150019059,0.36886590762193605,0.7093670760204842,0.9414889209300784,0.7759326472099306,0.7376986691857672,0.8059049702514128,0.5621239994033709,0.39120635078473287
52,0.7895473905765757,0.7579177646298414,0.30471999867415767,0.2815923366313661,0.39102404746515523,0.4490545086925538,0.55195644607965,0.8035516001259551,0.9218250219592634,0.763643746167487,0.7027710104575813,0.7637680438853809,0.02293707220868758,0.9070915991315732,0.8529640862460431,0.4759525348447936,0.38451913356204115,0.8279470988912644,0.5341072937900859,0.9017136512040305,0.06743565521470359,0.553390013092693,0.022448167851638244,0.6347801587696182,0.42506504913903115,0.13663633802350053,0.005121065977228658,0.1250766502593679,0.7919504797891911,0.2989774441074595,0.04531894794411574,0.18113492102951656,0.24642436898191883,0.9073982001690449,0.052205041515437776,0.7467641160774954,0.6027610666401498,0.5400072921327832,0.8690150648834087,0.870365766751189,0.2771176187871857,0.8542982150847709,0.12041134258108355,0.7035416563085235,0.6303883060707005,0.11735361872089362,0.7359336415916737,0.79631747294453,0.921427269262003,0.7105189015396345,0.19053182850229536,0.7486783009330615,0.9999999999999999,0.4148063441555213,0.286274217338703,0.8524006032582576,0.17194517641989426,0.9519216427186397,0.12844097515702946,0.3176303883060707,0.04503720645022291,0.2680853179535624,0.8648386615621737,0.2553323720976483,0.22802002021909543,0.8177878320820695,0.3826132352210013,0.9125026931172211,0.8444538358275743,0.13417524320920132,0.4851671389979947,0.4367573211355839,0.7400768988548037,0.9159830292182503,0.8971975007872188,0.31255904141599955,0.46101194915394683,0.5995293259749084,0.22434909428396224,0.1588193374102985,0.6122408392581913,0.806451880210146,0.1391305788959048,0.8785279835595551,0.31179668207958366,0.05884253965097201,0.57484379920118,0.34838164371302144,0.6690448963357032,0.35793599496179923,0.7917184573824558,0.7993669102901938,0.5887485705762442,0.853403271515935,0.10461724589403205,0.129286199638708,0.5428909991879216,0.9159664561891976,0.5972919670528183,0.6141881701718623,0.3181690117502776,0.3102802499212781,0.2159465685543347,0.4345862543297039,0.902716319461708,0.5719020865443578,0.9419198196854439,0.7052569648154593,0.6805217189545733,0.9040090157278047,0.08987553655181557,0.7715739405691178,0.8111917665191666,0.9186678599247585,0.508195362866471,0.5746034902799184,0.34609456570377367,0.44723147549677655,0.7859759028157577,0.08347834733754289,0.17933674737731814,0.09611528199008934,0.8482490594806013,0.8833175889557334,0.8775004557582989,0.824682212167918,0.7978504781318881,0.7649944480352674,0.9358126584795903,0.8434511675698967,0.9091715142776646,0.2111735361872089,0.1160940685129021,0.22909726710750924,0.5786307363396808,0.8657170321019573,0.881966887087953,0.8060789870564644,0.09016556456023467,0.43988962362651024,0.8268449924592718,0.26501102106431995,0.7449742289398233,0.2826364374616749,0.5711977328096256,0.6713651204030561,0.5852765209897413,0.734541507151262,0.48302921825021955,0.16556456023467409,0.03507681598965843,0.9122872437395384,0.6749946137655579,0.8515139462039477,0.10235502742836308,0.6465718689404862,0.5781749780407365,0.15107144632824543,0.9090472165597707,0.9004126684234077,0.8117718225360049,0.028248728020020222,0.893534861366612,0.7071214305838678,0.5684134639288023,0.05762442201561179,0.1460249589817531,0.7338537264455824,0.8590132418502129,0.9286116773562705,0.09415137804736573,0.7693365816470276,0.7348812542468388,0.002560532988614329,0.6457266444588077,0.8740366926863223,0.7811614378760006,0.6705116094068513,0.8025406453537514,0.6901092162614562,0.24395498765309334,0.7730489401547921,0.7004342133611761,0.8343608611345896,0.09153283945706756,0.27710933227265955,0.6798836573360514,0.7730157940966871,0.7955468270935879,0.6317555809675335,0.8527072042957291,0.10320853842456786,0.46953877260146837,0.9203251628300104,0.7345083610931569,0.8170171862311275,0.9134722153167936,0.8783622532690301,0.7988282868459868,0.5121231707519183
53,0.30188601070617677,0.5785810172525232,0.6377881635426508,0.6579658264140937,0.9264820431230216,0.23689487727671982,0.27711761878718577,0.5371318715921709,0.43736223669600094,0.6016092411209997,0.2921990752249789,0.2970135401647359,0.054293243176055286,0.4775186860902567,0.37495649579873713,0.8967251694592222,0.9284293740366928,0.3093024412071794,0.809004126684234,0.4518967831750609,0.22154825237408643,0.8038582011634267,0.059638045045492964,0.7188717081821043,0.9271532507996487,0.39328626593082416,0.017832579260511443,0.3578614163310628,0.5696978736803726,0.7414027411790053,0.10317539236646281,0.541788892755929,0.6665755150068778,0.41433401282752447,0.2024064038184259,0.607293790086014,0.7613152355856081,0.8074545484678234,0.3658827623924825,0.41846069706160194,0.7325858897230647,0.48489368401862815,0.3658413298198511,0.6139810073087058,0.7191865957341024,0.2792555395349608,0.2881801156797428,0.5218681118348001,0.42106266262284753,0.25477717562438884,0.47832247799930394,0.5704270869586835,0.4148063441555213,0.9999999999999999,0.7322212830839092,0.5172608097581994,0.45567543379903547,0.48483567841694425,0.3393410563648718,0.744037852798356,0.09099421601286067,0.6854439085831717,0.4963456470939194,0.6917499461376555,0.5433716170304447,0.3547622598982416,0.8860852848075044,0.4440411674041664,0.5179154444057741,0.3458128242098808,0.8955070518238619,0.903702414690333,0.31202870448631903,0.388148626924543,0.34603656010208983,0.8250385322925471,0.8682941381196242,0.7140323836987686,0.7140903893004523,0.4363181358656922,0.70272957788495,0.5407116458675152,0.3963025572183828,0.39375031074429473,0.822477999303933,0.19599264157510068,0.8002452808299774,0.9034703922835977,0.6925371650176503,0.823696116939293,0.31614710220587017,0.3183678880989078,0.7467972621356005,0.4618903196937304,0.2731980974162648,0.30775286299076887,0.20955766585458824,0.45696813006513204,0.255929001143539,0.22502030196058936,0.8197185899666881,0.8739869735991648,0.5139213444041167,0.8154013158985067,0.4585508543396477,0.25441256898523346,0.42876912113226934,0.265301049072739,0.6648684930144683,0.3541490578232983,0.3065927509570925,0.31333797378146805,0.3382389499328792,0.38196688708795307,0.23677886607335225,0.22692620030162913,0.8427799598932697,0.8853477850146672,0.337625747857936,0.3202323538673163,0.43736223669600094,0.26748868890767163,0.5288370705513846,0.41898274747675635,0.31665257959197207,0.3592038316843169,0.3256683073965429,0.5913008170503323,0.4164553605462471,0.5120651651502345,0.3489368401862808,0.5433053249142346,0.3412552412204379,0.6674538855466614,0.6991332305805533,0.45926349458890603,0.4877442450156615,0.3423987802250617,0.21146356419562803,0.9372296524635808,0.3299524354066193,0.7932348895407615,0.6119508112497722,0.8208289829132069,0.21707353452990602,0.313114237889259,0.25540695072838465,0.3198428876845821,0.23450007457863073,0.42449327963671923,0.08680952617709939,0.3794726462155488,0.6639569764165797,0.3559057989028655,0.32902434577967815,0.2309948789340228,0.23463265881105091,0.39751238833921676,0.37286829413811967,0.3868890767165515,0.5387228823812127,0.09022357016191848,0.4474966439616168,0.598526657717231,0.26221017915444406,0.22550920631763866,0.4057989028654767,0.5840169707817499,0.3206549661081556,0.46550324002717974,0.35282321549909673,0.3629079036775551,0.2922736538557152,0.013233563698437164,0.29793334327715076,0.4111188451913356,0.5664661330151313,0.6727572548434677,0.3337808051177513,0.25054276670147,0.6147350801305955,0.583577785511858,0.6494887220537298,0.35559919786539385,0.2861499196208091,0.7775153714844463,0.26913770529839737,0.5927095245197965,0.3713270024362353,0.2605280167056133,0.49285702447836394,0.21982465735262433,0.23875934304512833,0.3896982051409536,0.6143787600059664,0.4640613864996105,0.4420938364904954,0.4954258439815045,0.2549429059149141,0.22803659324814798
54,0.1570211637581001,0.34990636238585326,0.8476109978620792,0.8855549478778236,0.737218051343244,0.14759111022721622,0.1718374517310529,0.35516829911002834,0.29046719368899054,0.3749813553423159,0.16895374467591442,0.16441273471552395,0.07353452990603092,0.3360098775253153,0.24927492997895226,0.6184888712109912,0.782130960075573,0.1822204544324566,0.5310247103863173,0.2888181772982648,0.3258174646580156,0.5575166973267704,0.06673958799449775,0.474402956628383,0.6645370324334179,0.6167321301314242,0.005029914317439798,0.6138732826198644,0.34681549246755833,0.9311307777722535,0.16716385753824228,0.7816254826894711,0.8691310760867764,0.267372677704304,0.3215333366479391,0.3754288271267339,0.5064551948159566,0.5535474568686919,0.2294121546595071,0.27648784368319,0.9532143389847363,0.3260494870647508,0.5286299076882282,0.38157742090521884,0.4773861018578366,0.4161156134506704,0.15744377599893933,0.3604550953777822,0.28595104327217885,0.1416993983990454,0.6972604782976185,0.40063640431561676,0.286274217338703,0.7322212830839092,1.0,0.36241071280597953,0.6716551484114752,0.3318003281459752,0.556770911019407,0.9365667313014799,0.10318367888098909,0.9432870945822769,0.32309948789340226,0.937047349144003,0.7491920648336897,0.21781103432274318,0.7616715557102373,0.2750045575829895,0.3505775700624803,0.456363214504715,0.6263279139528332,0.683952335968445,0.18013225277183909,0.2515537214736737,0.21781103432274315,0.8452327681930426,0.6435638641674539,0.46608329604401794,0.9447952402260561,0.6374235569034952,0.4673759923101145,0.37176618770612707,0.5811415502411376,0.23551102935083446,0.8953164619897579,0.278559472314755,0.5274366495964466,0.7751951474170934,0.47349972654502065,0.8421667578183265,0.19262003016291285,0.19281061999701685,0.5054276670147003,0.32550257710601765,0.35783655678748405,0.5020136230298813,0.13047117121596313,0.3182850229536452,0.1325262268184756,0.10316710585193656,0.8611677356270406,0.83265383914218,0.6464890037952236,0.6351530519233,0.3179287028290161,0.14485656043355044,0.2918261820712972,0.14895838512404913,0.38115480866437956,0.23617395051293524,0.4900727555975405,0.18606539717264123,0.21636089428064764,0.24542170072424135,0.1435638641674539,0.14295066209251064,0.8455808018031454,0.6374567029616002,0.20303617892242165,0.4733588557980742,0.6597059944646082,0.47348315351596804,0.3263809476458013,0.28075539866421384,0.1897363231077744,0.21550738328444288,0.19269460879364922,0.38061618522017276,0.28073882563516134,0.2998558146472431,0.2097482556886922,0.7592684664976217,0.5442831336283332,0.8924576144781982,0.48484396493147053,0.3135865692172558,0.33752630968362085,0.21398266461161106,0.28194037024146906,0.6628134374119559,0.17472115878619138,0.9087157559787203,0.38528149289845703,0.8960125292099637,0.1283746830408194,0.18192213990951125,0.1491489749581531,0.17816006231458925,0.14079616831568306,0.639130578895905,0.1038631730721424,0.2367374335007209,0.4334095692669749,0.22995077810371403,0.5354248495997613,0.12468718407663368,0.13921344404116742,0.5785975902815759,0.23121032831170552,0.25171945176419896,0.3426390891463233,0.1379704668622284,0.303742189960059,0.36741576757984057,0.14344785296408624,0.3228923250302458,0.6619350668721722,0.4073567675964136,0.19491539468668687,0.333258754702597,0.5211720446145942,0.2217554152372429,0.16297088118795472,0.0013755614113591542,0.1870017733141086,0.27239430550721755,0.3535524287774076,0.42252108917946934,0.20003646066391556,0.13822734881254248,0.8827872520260527,0.37917433169260345,0.41193092361490913,0.21912030361789225,0.48378329107210927,0.9175326074346608,0.14098675814978703,0.3764729279570427,0.22753940237657236,0.13638774258771275,0.34452841445831056,0.27781368600739154,0.15277846832065498,0.2433252125490976,0.386748205969605,0.3186993486799583,0.26711579575398997,0.34720495865029255,0.13139097432837799,0.13202903594690002
55,0.6390311407215896,0.8611097300253567,0.37406983874442734,0.33475861383185007,0.514948872205373,0.37491506322610585,0.45089411491738346,0.9280647673975373,0.8694211040951954,0.8954904787948094,0.5795339664230432,0.6275708911317722,0.02675715540529343,0.9271283912560699,0.717040388471801,0.5761282089527504,0.46260295994298883,0.6923631482125988,0.6276703293060873,0.9158090124131988,0.10668058801107079,0.6693266378295961,0.028248728020020222,0.77553489451267,0.5339995691012447,0.19755879282056382,0.004267554981023882,0.166931835131507,0.9199937022489602,0.3743350072092676,0.06851290210311738,0.23766552312766204,0.32806311009463196,0.8279139528331594,0.10228044879762674,0.8899716601203203,0.7187722700077893,0.6620510780755399,0.7458360264505544,0.763071976665175,0.37939806758481254,0.9325394852417175,0.18906511543114735,0.8214587580172028,0.7387842025887071,0.17072705878453404,0.598112331990918,0.9287359750741644,0.8760586022307297,0.5892374749332936,0.24165962312931935,0.8780473657170321,0.8524006032582576,0.5172608097581994,0.36241071280597953,1.0000000000000002,0.21972521917830923,0.8916786821127298,0.18265135318782216,0.3897810702862162,0.06139478612506007,0.3548948441306618,0.9670362452145378,0.3454399310561992,0.2911964069673014,0.7071960092146041,0.4817862410712806,0.8459205488987223,0.9583768375345962,0.18192213990951128,0.5967119110359801,0.5225144599678483,0.6278194865675599,0.8308888115480866,0.7905666318633057,0.44474552113889854,0.5750758216079153,0.7351215631681002,0.2878900876713237,0.21882198909494688,0.7568902368285852,0.9555594225956678,0.19637382124330863,0.7447422065330881,0.4074727787997812,0.09904870813238537,0.6856593579608545,0.4738394736405973,0.8061701387162532,0.47843020268814523,0.6720031820215782,0.6690200367921244,0.7210759210460896,0.8994348597093091,0.1427932183165117,0.1792704552611081,0.42594341967881466,0.8772021412353537,0.48449593132136765,0.4895921377550174,0.3824806509885812,0.39851505659689423,0.28282702729577885,0.5519813056232288,0.8770281244303022,0.46371335288950755,0.8379986410116178,0.5821690780423938,0.8342614229602745,0.7774822254263412,0.14532889176154726,0.6362302988117139,0.6964566863885713,0.8230663418352973,0.3963937088781716,0.460282735875636,0.4641608246739256,0.5477551832148362,0.6689288851323356,0.11359154112597158,0.23458293972389332,0.1349707486037223,0.9603656010208986,0.8405260279421269,0.7441621505162498,0.719750078721888,0.6807620278758348,0.9150217935332041,0.8319743449510267,0.8976035399990057,0.7687730986592419,0.2699912162946022,0.18947944115746035,0.28344851588524833,0.7064005038200831,0.8860355657203467,0.9563963605628201,0.797146124397156,0.1254909759856809,0.5257379141185635,0.7194766237425214,0.36462321218449106,0.8933608445615606,0.3705895026433982,0.44036195495450703,0.5519564460796499,0.46431826844992463,0.5980708994182866,0.39088317671820877,0.23725119740134903,0.04746515520641708,0.7884784302026882,0.7996155057259815,0.7199821011286233,0.161321864797229,0.5181888993851407,0.48183596015843816,0.20434544821757075,0.8364076302225757,0.8407000447471784,0.9143422993420506,0.03977526972604783,0.9373125176088433,0.8413381063657005,0.46276040371898775,0.10447637514708563,0.19535457995657868,0.852831502013623,0.733422827690217,0.9102736207096571,0.165274532226255,0.6451134423838644,0.6014517973450008,0.0015412917018843533,0.5172608097581995,0.7850809592469215,0.9147069059812061,0.8015794096687051,0.6697906826430667,0.5622648701503175,0.3092030030328643,0.9179800792190789,0.8279802449493694,0.7170238154427485,0.1391305788959048,0.3530635244203584,0.5591740002320225,0.9162399111685644,0.6715639967516863,0.509115165978886,0.9701519746764117,0.1387576857422231,0.37900860140207826,0.7872520260528018,0.8861432904091883,0.8543562206864548,0.8157990685957672,0.9023019937353951,0.6480883010987919,0.4039344370970682
56,0.12737201478314192,0.20205008369379673,0.7424219824657352,0.712482805482358,0.48775253153018777,0.13492102951656476,0.15477551832148362,0.2050332289232503,0.19889292165929165,0.23123518785528432,0.1480137224680555,0.133462602959943,0.14561891976996638,0.21009628929879517,0.16160360629112183,0.38204975223321574,0.5210974659838579,0.1320373224614263,0.3652778468320655,0.173146721026202,0.5627454879928404,0.33975538209118483,0.09575896186546015,0.2942458443129651,0.41310760867763807,0.968536104343791,0.004375279669865261,0.8295463961948326,0.19702016937635694,0.6158869056497456,0.19680471999867416,0.85337012545783,0.750319030809261,0.1882696100366264,0.5759707651767514,0.2251528861930095,0.2529790019721905,0.33474204080279757,0.18173983658993356,0.18412635277349643,0.6585293094018795,0.2048509256036726,0.8061867117453058,0.21186960340741476,0.28094598849831787,0.660783241353022,0.12375909444969255,0.23268532789737983,0.1980394106630869,0.12088367390908036,0.9046719368899053,0.2210096289298795,0.17194517641989426,0.45567543379903547,0.6716551484114752,0.21972521917830923,1.0000000000000002,0.2122342100465702,0.7770761862145545,0.6340095129186761,0.12292215648254032,0.699448118132551,0.19490710817216061,0.6955037372180514,0.8296375478546215,0.17494489467840035,0.4795903147218218,0.1991332305805532,0.2242247965660684,0.773678715258788,0.3860355657203468,0.4254793748653441,0.1499610533817266,0.18473955484843962,0.15190009778087143,0.5836689371716468,0.4151129451929929,0.29335918725865523,0.6970201693763569,0.9233828866902003,0.28976283995425844,0.2322047100548567,0.7739438837236281,0.19055668804587414,0.5995458990039608,0.5790202025224149,0.33430285553290573,0.5322676875652563,0.3176469613351232,0.5984023599993371,0.16203450504648734,0.16439616168647142,0.3190142362319561,0.22859178972140737,0.697848820828983,0.7463415038366563,0.11831485440593978,0.20989741295016492,0.11372412535839176,0.0895606489998177,0.547780042758415,0.5439019539601252,0.5633504035532574,0.43440395101012613,0.21345232768193045,0.1316395697641658,0.20635907124745193,0.1230298811713817,0.2846997795787136,0.1521321201876067,0.7352292878569416,0.1487015031737351,0.1821210162581415,0.17997480899584015,0.13567510233845442,0.1301065645768077,0.5882762392482475,0.40167221863139924,0.16609489716435472,0.8052006165166807,0.9234988978935681,0.8180944331195412,0.19368899053680044,0.19875205091234527,0.14706905981206186,0.18144152206698816,0.16261456106332556,0.232022406735279,0.19344868161553885,0.17695023119375528,0.15044167122424965,0.679875370821525,0.9001557864730937,0.7333813951175856,0.30844893021097464,0.214330698221714,0.21070120485921212,0.1577752365799897,0.4302855532905749,0.4262831667743913,0.13990951126137324,0.6230381676859079,0.23116889573907423,0.6168812873928967,0.11375727141649679,0.14806344155521303,0.1333963108437329,0.15921709010755897,0.12788577868377005,0.9541507151262036,0.15101344072656162,0.1806957357596248,0.2653259086163178,0.1870100598286349,0.8926647773413549,0.11024378925736256,0.12114884237392068,0.8334327715076485,0.1619184938431197,0.1781186297419579,0.1982217139826646,0.20487578514725135,0.1811929266312004,0.24104642105437613,0.12703226768756526,0.6224581116690698,0.9490710817216063,0.1992409552693946,0.16147930857322793,0.21646033245496282,0.8081008966008718,0.19300120983112085,0.12622847577851803,0.0010109547722037156,0.16896203119044068,0.2171646861896949,0.21781932083726946,0.25954192147698835,0.15791610732693614,0.11826513531878222,0.74728616649265,0.23542816420557186,0.24001889325311987,0.17673478181607252,0.7178856129534795,0.6346475745371982,0.12566499279073234,0.22456454366164502,0.1817315500754073,0.11544772037985383,0.2149024677240259,0.3473209698536602,0.14022439881337112,0.1819635724821426,0.24374782478993684,0.23294220984769387,0.19065612622018926,0.23353883889358462,0.0946734284625201,0.11968212930277267
57,0.7448830772800344,0.795132501367275,0.3494920366595402,0.31240159764000064,0.46674621720611875,0.4245098526657718,0.5259202174381412,0.8379820679825651,0.938190888148627,0.8165117088450256,0.6853030378362253,0.7242662291386996,0.0283564527088616,0.9453587232138418,0.825419711960755,0.523077942955634,0.4531231873249474,0.783183347420408,0.5210891794693316,0.901663932116873,0.10391289215929997,0.593778484893684,0.03036178922421651,0.6765773380400736,0.47592767530121477,0.19125275526607996,0.004847610997862079,0.16215051624985496,0.8240358640348697,0.34238220719600926,0.06173453322063674,0.24387212250783077,0.29166873829529827,0.9173254445715044,0.09003298032781452,0.8002784268880823,0.644268217902186,0.5844312965080627,0.8506935812658479,0.863927144964285,0.3247982233712856,0.880914499743118,0.16010374716186876,0.7289481098460365,0.6658380152140406,0.1463315600192247,0.6970284558908832,0.8514973731748952,0.9299126601368932,0.6645121728898391,0.252166923548617,0.79204163144898,0.9519216427186397,0.48483567841694425,0.3318003281459752,0.8916786821127298,0.2122342100465702,0.9999999999999999,0.1683571156300237,0.3609771457929366,0.06140307263958634,0.30088334244849935,0.8945126700807107,0.29418783871128124,0.277921410696233,0.7972952816586287,0.4294403288088964,0.9318765640796169,0.8875022787914948,0.17453056895208735,0.5356983045791279,0.5102172724108786,0.7182005005054773,0.9032466563913886,0.8721722269179137,0.4010092974692985,0.49240955269394593,0.6577338040073585,0.2674721158786192,0.21525050133412885,0.6787069722733224,0.8530800974494108,0.18410977974444387,0.8529723727605695,0.354107625250667,0.08845025605329887,0.6102686488009413,0.42620858814365503,0.7207113144069341,0.41248612008816854,0.7569150963721639,0.7678947281194585,0.6309020699713287,0.8918609854323074,0.13970234839821674,0.15672284923515473,0.5198544888049188,0.938132882546943,0.5631929597772585,0.5723827043868808,0.36206267919587665,0.40339581365286137,0.2706955700293343,0.4649480435539204,0.9230928586817813,0.5380185286464807,0.9438422910555362,0.6815575332703558,0.7509405193987305,0.8790251744311308,0.12878072225260612,0.7386267588127082,0.784426324599347,0.90029665722004,0.4605810503985813,0.5560831303137275,0.42579426241734203,0.49199522696763287,0.7617875669136048,0.11416331062828353,0.2419827971958435,0.11574603490279918,0.8873614080445483,0.9031389317025473,0.8473955484843965,0.8120204179717928,0.7738693050928918,0.8072888181772981,0.9355889225873812,0.8691725086594078,0.8682692785760453,0.2584729611031008,0.15376456354927992,0.270944165465122,0.6304214521288056,0.8921924460133579,0.9198528315020135,0.8215333366479391,0.12947678947281194,0.4668125093223288,0.7841197235618754,0.31204527751537153,0.8116226652745322,0.3377003264886724,0.5309004126684234,0.6648767795289945,0.5373390344553274,0.7087621604600673,0.4519382157476922,0.21958434843136282,0.05323256931669401,0.8883723628167519,0.7298016208422413,0.8257843185999105,0.13096836208753873,0.6094068512902102,0.5356485854919704,0.19324980526690863,0.8872039642685493,0.903893004524437,0.8384129667379308,0.04991796350619003,0.9056580321185302,0.7842937403669269,0.5386068711778451,0.10279421269825487,0.21378378826298083,0.7633620046735943,0.8259169028323307,0.97093090704188,0.13276653573973715,0.7276968461525712,0.6937469961384843,0.0018396062248297123,0.6047995492136098,0.882762392482474,0.83571156300237,0.7242662291386996,0.7672980990735677,0.6528696199804438,0.2732892490760536,0.8195777192197418,0.751114536203782,0.8112414856063241,0.13171414839490214,0.3167437312517609,0.6507731318053,0.8075042675549811,0.7804239380831635,0.595212051906727,0.8984321914516316,0.1446411110558677,0.44075142113724125,0.8945043835661843,0.7987619947297768,0.8282702729577884,0.9098924410414492,0.9186595734102321,0.7412784434611114,0.47599396741742483
58,0.08281542617544208,0.18772270007789324,0.561809111851373,0.5642702066656723,0.3945043835661844,0.1317224349094284,0.1460498185253319,0.16803394156349954,0.16475248181110064,0.20561328494008851,0.13752299507781038,0.11165249672682676,0.12335305523790584,0.18006596065562902,0.1436384427981902,0.30927758166360064,0.40013092692951485,0.08388438654932963,0.2505759127595751,0.13603142246308358,0.4714198113989293,0.265939110691261,0.1060590994216013,0.23954656192512305,0.33320903561543946,0.7168497986376969,0.013449013076119922,0.8489865592734385,0.15582790566631863,0.4500157443775999,0.21661777623096173,0.6662440544258273,0.5782329836424204,0.14938099736488838,0.4562057707287161,0.19132733389681633,0.24410414491456606,0.2687730986592419,0.15736919736820298,0.17397537247882797,0.5026268251048244,0.17940303949352823,0.8047780042758415,0.17440627123419347,0.2360827988531464,0.7810537131871591,0.10330797659888298,0.204577470624306,0.15356568720064967,0.09813719153449678,0.6804388538093107,0.19410331626311342,0.12844097515702946,0.3393410563648718,0.556770911019407,0.18265135318782216,0.7770761862145545,0.1683571156300237,0.9999999999999999,0.4699448118132551,0.13355375461973185,0.5518984404779661,0.1621422297353287,0.5439268135037041,0.7387842025887071,0.15121231707519184,0.3589800957921079,0.17381792870282903,0.18898225028588478,0.8394570675682395,0.30207660054028074,0.35630355160012595,0.12870614362186977,0.13948689902053396,0.11074098012893817,0.43172740681814414,0.34908599744775354,0.2599396741742488,0.5493959130910356,0.7920996370506638,0.24909262665937454,0.19734334344288107,0.5959909842721953,0.164860206499942,0.48171994895507053,0.46861068297452724,0.27648784368319,0.435356900180646,0.29417955219675496,0.44649397570393945,0.14102819072241835,0.14602495898175308,0.2739936028107857,0.2069142677207113,0.534173585906296,0.7887187391239496,0.10673030709822834,0.18564278493180197,0.10449294817613816,0.07996486517840865,0.5006960672202059,0.3913140754735743,0.45864200599943655,0.3834253136445748,0.1909544407431346,0.12856527287492334,0.16259798803427303,0.10197384776015511,0.2501615870332621,0.13179701354016474,0.7266858913803677,0.13888198346011701,0.1560433550440014,0.13427468138351648,0.1303800195561743,0.11952468552677373,0.4173751636586619,0.32013291569300123,0.14316611147019342,0.7351464227116791,0.7388256351613385,0.7725186032251113,0.180256550489733,0.16135501085533402,0.11681499527668673,0.16319461708016375,0.15464293408906346,0.2108835081787898,0.16714728450918975,0.13526077661214142,0.10161752763552594,0.5145594060226387,0.8364822088533121,0.6135003894661828,0.26756326753840803,0.18497986376970119,0.1942441870100598,0.10662258240938696,0.37755846135998283,0.34640116674124527,0.11575432141732545,0.4806261290376042,0.18754039675831552,0.4808332919007607,0.1020401398763652,0.14139279736157379,0.12960108719070584,0.14706905981206186,0.12580586353767878,0.707162863156499,0.14350585856577008,0.15008535109962046,0.23604136628051509,0.14647243076617114,0.8031621339432208,0.09448283862841612,0.10695404299043736,0.835744709060475,0.11403901291038965,0.14045642122010638,0.18456553804338818,0.17632045608975952,0.14148394902136266,0.22455625714711877,0.11982300004971909,0.46294270703856544,0.801065645768077,0.16898689073401946,0.13423324881088516,0.17903014633984654,0.772535176254164,0.1755995293259749,0.10286050481446495,0.005121065977228658,0.16404812807636854,0.19192396294270703,0.17980907870531498,0.22526061088185087,0.12215979714612438,0.09563466414756626,0.5817298927725021,0.19846202290392614,0.1921559853494423,0.14735080130595465,0.7478496494804356,0.5008866570543099,0.12205207245728303,0.18838562123999403,0.14319925752829843,0.10221415668141667,0.18309053845771395,0.3635791113541822,0.13923830358474618,0.13876597225674936,0.22367788660733523,0.20363280796831237,0.15733605131009798,0.20096455029085666,0.07288818177298265,0.11738676477899865
59,0.19977957871360147,0.4267637846169144,0.8291320704685194,0.8669682957954226,0.7765707088284526,0.16578000961235684,0.19373870962395798,0.40570775120568786,0.3153847428694543,0.43032698586320617,0.20445317290641213,0.21408210278592618,0.053174563715010184,0.35119905865194984,0.27519514741709344,0.6940535971759558,0.8306236430832463,0.2159797146124397,0.627405160841247,0.32452476839191896,0.2726511874575316,0.6179336747377318,0.05168299110028339,0.5356983045791279,0.7023069656441108,0.5674190821856511,0.005295082782280117,0.562762061021893,0.40161421302971545,0.9585674273687002,0.1150416811680671,0.7376240905550308,0.8357032764878436,0.30712308788677306,0.24338321815078143,0.4420689769469166,0.5619499825983195,0.6156797427865891,0.2631216957523327,0.32689471154642935,0.9422595667810205,0.3693382389499329,0.4468337227995161,0.44472894810984603,0.5543429622632128,0.37698669185767086,0.20616019489882165,0.3889192727754852,0.31429092295198796,0.17327101874409584,0.6549992542136926,0.4492699580702365,0.3176303883060707,0.744037852798356,0.9365667313014799,0.3897810702862162,0.6340095129186761,0.3609771457929366,0.4699448118132551,1.0,0.08758845854256782,0.8873282619864433,0.3572150681980146,0.8978769949783723,0.7181176353602148,0.25240723246987856,0.8056480883010988,0.3197600225393195,0.3872039642685494,0.417093422164769,0.701138567095908,0.7244319594292249,0.21771159614842805,0.27844346111138735,0.23976201130280583,0.903959296640647,0.7222774656523973,0.5290856659871725,0.898001292696266,0.5854588243093191,0.5497356601866124,0.40908036261787567,0.5048310379688096,0.2711761878718573,0.8708878171663436,0.23863504532723445,0.5990735676759641,0.8538590298148793,0.5278178292646547,0.8677555146754172,0.2379638376506074,0.22739853162962592,0.5695570029334261,0.34382406072357846,0.33008501963903947,0.4035946900014916,0.15405459155769902,0.33507350138384795,0.16442102123005023,0.1399592303485308,0.8599496179916803,0.8659573410232189,0.6189363429954093,0.690838429539767,0.34796731798670844,0.16602860504814465,0.3297535590579891,0.19079699696713567,0.4586751520575415,0.25943419678814694,0.3736389399890617,0.20965710402890336,0.2519846202290393,0.27831087687896716,0.1673627338868725,0.1596148428048194,0.9122540976814332,0.6963323886706774,0.24813139097432838,0.44854903130645185,0.6202207527469796,0.3989708148958385,0.39166210908367727,0.3159482258572399,0.22536004905616602,0.24915891877558463,0.2254429142014286,0.43983161802482634,0.31124148560632425,0.33721970864614925,0.2452476839191899,0.7655164984504218,0.48641011617693364,0.8548782711016093,0.5416065894363513,0.32096985366015346,0.3892424468420093,0.25698967500290026,0.26740582376240907,0.7375163658661894,0.2162283100482275,0.8934519962213494,0.4420275443742853,0.9009512918676148,0.14209715109630588,0.20206665672284924,0.17904671936889907,0.21135583950678666,0.16155388720396427,0.5943916869686273,0.09356303551600126,0.27410961401415335,0.5172193771855682,0.2792472530204345,0.48823314937271084,0.1588939160410348,0.16534911085699133,0.4975223321566482,0.25508377666186044,0.26954374451018415,0.4040090157278045,0.10751752597822305,0.33127827773082086,0.4086991829496678,0.17090936210411178,0.27690216940950296,0.5870084025257297,0.4630504317274069,0.23203897976433152,0.3627338868725037,0.4430799317191203,0.27968643829032636,0.20173519614179886,0.001383847925885414,0.220164404448201,0.30399907191037306,0.4087323290077728,0.4811896120253899,0.2368700177331411,0.16983211521569797,0.8411558030461228,0.43103133959793827,0.4741626477071214,0.25586270902732894,0.3582674555428496,0.8903362667594756,0.16987354778832928,0.42692122839291335,0.2796284326886425,0.16761961583718654,0.3752548103216825,0.2310694575647591,0.17164686189694892,0.27494655198130563,0.444472066159532,0.344511841429258,0.2925636818641343,0.3682029864598353,0.16975753658496165,0.15464293408906346
60,0.028928222211173533,0.06110475811664098,0.111437047349144,0.09078705314970417,0.11785909610699549,0.08108354463945375,0.08517708281542619,0.04639619483252954,0.07638509090306435,0.08089295480534978,0.07098228343194285,0.05734268052171895,0.48396559439168696,0.06731964401133596,0.06930012098311208,0.09441654651220603,0.07964997762641077,0.022008982581746463,0.07739604567526807,0.055063889026997465,0.20305275195147415,0.06207428031621339,0.7647707121430585,0.07173635625383251,0.11324350751586869,0.12946021644375943,0.1629128755862709,0.1947413778816354,0.058999983426970944,0.07394885563234392,0.4617328759177315,0.13514476540877376,0.09238635045327234,0.07046023301678847,0.2154908102553904,0.0685294751321699,0.046653076782843604,0.05440096786489666,0.08293972389333598,0.07152919339067601,0.08301430252407233,0.07546528779064951,0.1592336631366115,0.04415054939591309,0.0523459122623842,0.1975670793350901,0.05198130562322876,0.0855251164255291,0.06612638591955451,0.042153499395084434,0.1331311423788926,0.06805714380417309,0.04503720645022291,0.09099421601286067,0.10318367888098909,0.06139478612506007,0.12292215648254032,0.06140307263958634,0.13355375461973185,0.08758845854256782,1.0,0.10176668489699864,0.05855251164255291,0.09637216394040339,0.11339266477734135,0.07931851704536039,0.11292033344934453,0.09309070418800444,0.08296458343691476,0.17879812393311126,0.07456205770728716,0.10872735709905698,0.0647011054210378,0.061021892971378375,0.03994100001657303,0.07354281642055718,0.07687399526011368,0.09594126518503787,0.1271068463183016,0.16681582392813935,0.0736836871675036,0.0777606523144235,0.09253550771474503,0.08143986476408294,0.12183662307960026,0.21332802996403652,0.06480883010987917,0.11039294651883524,0.11768507930194402,0.11096471602114719,0.07104857554815293,0.07769436019821344,0.09257694028737633,0.09205488987222193,0.2674804023931454,0.18120121314572665,0.056323439234988976,0.08285685874807339,0.057649281559190566,0.04468088632559373,0.1331311423788926,0.07650110210643199,0.08900545252655828,0.12419827971958436,0.08841710999519382,0.08307230812575614,0.06400503820083196,0.04758945292431098,0.08264969588491689,0.06544689172840121,0.1594573990288205,0.081282420988084,0.06688045874144417,0.05419380500174017,0.08023003364324897,0.06609323986144948,0.08966008717413282,0.09961219112017103,0.07808382638094764,0.181499527668672,0.11530684963290741,0.18616483534695633,0.04679394752979002,0.07691542783274499,0.0515586933823895,0.09256036725832381,0.09103564858549197,0.06489998176966805,0.06553804338819007,0.056157708944463786,0.04197948259003298,0.10437693697277052,0.19353983327532776,0.12387510565306022,0.10687117784517478,0.10470839755382091,0.06857919421932747,0.042178358938663216,0.20997199158090124,0.09480601269494025,0.05569366413099322,0.1215383085566549,0.06471767845009031,0.12599645337178278,0.05888397222360331,0.08408326289795985,0.08256683073965429,0.090845058751388,0.08013888198346011,0.1371666749531812,0.5756227315666484,0.08110840418303254,0.058627090273289245,0.06036725832380384,0.132633951507317,0.047092262052735374,0.05414408591458261,0.15544672599811069,0.040645353751305124,0.06980559836921393,0.0481446493975704,0.33068993519945644,0.06031753923664628,0.10799814382074611,0.0697310197384776,0.20545584116408955,0.12049420772634614,0.04607302076600541,0.0574172591524553,0.06741908218565107,0.21168730008783704,0.10247103863173072,0.04889043570493379,0.0051624985498599585,0.10904224465105487,0.09206317638674821,0.05408608031289879,0.07047680604584099,0.05500588342531364,0.041382853544142256,0.09590811912693284,0.06860405376290624,0.05856079815707917,0.07661711330979963,0.1858830938530635,0.09958733157659225,0.07565587762475348,0.07296276040371899,0.06765110459238635,0.054210378030792684,0.06622582409386964,0.30161255572681017,0.09559323157493496,0.0634166956694675,0.09186430003811796,0.11685642784931803,0.08868227846003414,0.09622300667893072,0.03053580602926797,0.07127231144036196
61,0.15862046106166824,0.35373473209698536,0.9094035366843999,0.9324814796400338,0.7022986791295845,0.15530585525116425,0.18128407829098925,0.33985482026549996,0.28008419098758675,0.35881436550158274,0.17583983824723645,0.17502775982366298,0.06823944712375081,0.3082169078042394,0.2497224017633703,0.5961650010772469,0.7363396808034605,0.1784583768375346,0.5149985912925306,0.2897711264687847,0.33028389598766966,0.5615770894446378,0.06684731268333913,0.4629095609804604,0.6318467326273223,0.6878304247667347,0.00934718838562124,0.6255324085583123,0.3332007491009132,0.8723628167520179,0.16499279073236217,0.8358938663219477,0.9314456653242513,0.26165498268118464,0.33296872669417793,0.3622781285735594,0.4794825900329804,0.5560085516829911,0.2311357496809692,0.27566747874509023,0.9375859725882099,0.2903926150582542,0.5188766800908201,0.37175790119160085,0.4958733157659226,0.4331609738311871,0.16412270670710488,0.3360430235834204,0.2819486567559953,0.1431909710137722,0.7676627057127231,0.39941000016573036,0.2680853179535624,0.6854439085831717,0.9432870945822769,0.3548948441306618,0.699448118132551,0.30088334244849935,0.5518984404779661,0.8873282619864433,0.10176668489699864,1.0,0.2957788495003232,0.9752398945955352,0.7984056746051476,0.22042128639851505,0.6954540181308938,0.28224697127894066,0.32447504930476145,0.486260958915461,0.6057856444422347,0.6572863322229405,0.20018561792538825,0.2361490909693565,0.20671539137208106,0.7957871360148494,0.6344984172757255,0.4744526757155405,0.9312385024610949,0.6670147002767695,0.4757702315252158,0.36485523459122626,0.5837683753459619,0.24608462188634217,0.8036676113293226,0.29427899037107014,0.5332372097648288,0.7585972588209948,0.4726793616069209,0.8093190142362321,0.19711132103614581,0.19752564676245876,0.5050299143174397,0.3180695735759625,0.367366048492683,0.4510018396062248,0.1361142876083462,0.3018528646480717,0.1406470110542104,0.10933227265947398,0.8097830590497026,0.7561610235502743,0.6775302872105935,0.6374732759906527,0.3038664876779529,0.15356568720064964,0.28863587397868706,0.15033394653540827,0.38170171862311275,0.23668771441356337,0.4481761381527702,0.1940618836904821,0.22523575133827212,0.23943883723628165,0.15054939591309102,0.1544854903130645,0.8069159250236166,0.6270819867747228,0.2069225542352376,0.5374384726296425,0.7133197434495102,0.526392548766138,0.3333250468188071,0.2594507698171995,0.184590397586967,0.2181093488456885,0.19568604053762906,0.3658247567907986,0.2734218333084738,0.27846003414043985,0.2149853328692885,0.8335570692255423,0.5705762442201562,0.9360363943717993,0.48041067965992146,0.2836059596612473,0.30728053166277197,0.20903561543943386,0.281111718788843,0.6421385836689373,0.17639503472049586,0.8615903478678798,0.37556141135915416,0.8561626808531796,0.13690979300286713,0.18904025588756856,0.16026119093786773,0.18499643679875372,0.15067369363098493,0.695495450703525,0.103755448383301,0.22884867167172146,0.4201677190540115,0.22947844677571724,0.5723661313578283,0.12784434611113873,0.14556920068280882,0.562795207079998,0.22280780258207789,0.2472115878619135,0.3286597391405227,0.1306286149919621,0.2780539949286531,0.34525762773662144,0.15636652911052554,0.3793980675848124,0.705629857969141,0.3808067750542766,0.20886988514890864,0.3092941546926532,0.5194567361076584,0.22659473972057873,0.16616118928056478,0.004383566184391521,0.1970450289199357,0.27194683372279954,0.3318334742040803,0.4151129451929929,0.2015943253948524,0.14024097184242365,0.928885132335637,0.365675599529326,0.4065695487164189,0.22209516233281956,0.4272195429158588,0.8862758746416082,0.15086428346508893,0.36335537546197316,0.2233961451134424,0.15599363595684382,0.3183596015843816,0.27457365882762397,0.15654883243010326,0.24238883640763023,0.3756277034753642,0.30198544888049195,0.24582773993602808,0.3189893766883773,0.14088731997547194,0.14020782578431862
62,0.6568637199821011,0.8484727953728103,0.34143754454001557,0.3021346061419646,0.45473905765756806,0.37706955700293343,0.46447571222592354,0.9057326107492667,0.8828038250551054,0.8533618389433036,0.5991564328212268,0.6403404100167387,0.028886789638542236,0.9419032466563914,0.7406403818425893,0.5544092543794229,0.4395830225890386,0.7012380052702233,0.551732710187441,0.9354231922968561,0.0787550340575747,0.6311423788925902,0.03000546909958733,0.7607766121414011,0.5006629211621008,0.16611147019340727,0.005742554566698156,0.14669616665838014,0.8795140787881801,0.3338222376903827,0.05983692139412321,0.23513813619715274,0.273968743267207,0.851969704502892,0.07984885397504102,0.876000596629046,0.6966804222807802,0.6312169575233266,0.7551583552925968,0.7844180380848207,0.31803642751785743,0.9541009960390461,0.1434975720512438,0.807023649712458,0.7096571040289034,0.12944364341470688,0.6216460332454963,0.9160907539070915,0.8957722202887022,0.577553489451267,0.21709010755895855,0.872752282934752,0.8648386615621737,0.4963456470939194,0.32309948789340226,0.9670362452145378,0.19490710817216061,0.8945126700807107,0.1621422297353287,0.3572150681980146,0.05855251164255291,0.2957788495003232,0.9999999999999999,0.29193390676013853,0.2632708530138054,0.7110906710419462,0.429937519680472,0.8565438605213875,0.957921079235652,0.1570543098162051,0.5617593927642155,0.4954921360977146,0.6345398498483568,0.8538756028439318,0.8084986492981322,0.38233978024163473,0.5318533618389433,0.7162448830772801,0.28491522895639637,0.16958351977991015,0.7258323803841629,0.9177894893849748,0.16164503886375312,0.768615654883243,0.3445781335454681,0.07038565438605214,0.6304628847014369,0.43436251843749485,0.7652098974129501,0.4196042360662258,0.6748537430186115,0.683828038250551,0.6912361822370274,0.9157012877243574,0.12260726893054244,0.14231260047398864,0.45038035101675533,0.8854969422761398,0.5063640431561677,0.5002983145229454,0.34908599744775354,0.3652364142594342,0.256948242430269,0.5093720479292,0.887958037090439,0.4725467773745008,0.855027428363082,0.5984023599993371,0.7970301131937885,0.7929531480468686,0.11157791809609043,0.6518586652082401,0.7101791544440577,0.8404348762823382,0.4109448283862842,0.4809410165896022,0.41335620411342583,0.5150814564377931,0.6802979830623643,0.10025853925321931,0.20247269593463596,0.10353999900561825,0.9605313313114238,0.8591043935100018,0.7627985216858086,0.7355773214670445,0.6854439085831718,0.8940900578398714,0.863222791229553,0.9153118215416232,0.7805896683736887,0.2427865891048907,0.14356386416745387,0.2539816702298679,0.6916090753907091,0.9008518536932996,0.9665224813139097,0.7856444422347073,0.11573774838827293,0.4902053398299607,0.7333813951175856,0.3005104492948176,0.8659573410232188,0.3426805217189546,0.4611942524735246,0.5787716070866272,0.47449410828817185,0.6165332537827939,0.41632277631382686,0.2000281741493893,0.04945391869271947,0.8148626924542999,0.780473657170321,0.7575117254180547,0.12626990835114932,0.5264091217951905,0.48034438754371134,0.17362733886872506,0.8537761646696167,0.8653855715209069,0.9121463729925918,0.03893833175889557,0.9588574553771192,0.8333001872752281,0.4817448084986493,0.0784235734765243,0.20121314572664448,0.8500140870746947,0.746366363380235,0.913331344569847,0.11652496726826761,0.6545434959147484,0.6165332537827939,0.001905898341039792,0.5399161404729942,0.8099653623692802,0.8701751769170852,0.7676461326836707,0.684814133479176,0.5646679593629327,0.2739936028107858,0.8985896352276306,0.7937237938978107,0.7258075208405841,0.11321864797228991,0.3148626924542999,0.576849135716535,0.8947198329438671,0.691857670826497,0.5241054707568902,0.9662324533054907,0.1363794560731865,0.4039344370970682,0.8094515984686521,0.8456802399774606,0.8676726495301545,0.8543810802300337,0.9063292397951574,0.6703541656308524,0.43414706905981204
63,0.1593082417673478,0.34521619516399016,0.8928802267190374,0.9308987553655181,0.7033924990470508,0.15375627703475364,0.17969306750194733,0.3409486401829662,0.2692288569581862,0.360736836871675,0.18020683140257546,0.16828253699928736,0.06355756641641391,0.29451101277780545,0.23899136545186367,0.5999436517012215,0.745604004043819,0.17853295546827092,0.5040852516614461,0.2781368600739157,0.3263809476458013,0.5294171265682228,0.05814647243076617,0.4537778219725219,0.630653474535541,0.6457017849152289,0.007665025936790467,0.6249606390560003,0.3236298248230829,0.88250551053216,0.1645453189479441,0.8300353005518819,0.918584994779496,0.240946982880061,0.3261986443262235,0.35863206218200505,0.4717844180380848,0.5366843998077528,0.23002535673445035,0.2647127065413746,0.9451349873216328,0.2807553986642139,0.5234176900512106,0.36126717380135565,0.48778567758829283,0.429108868227846,0.15789953429788361,0.3231989260677174,0.265044167122425,0.15012678367225177,0.7477087787334891,0.390410845390212,0.2553323720976483,0.6917499461376555,0.937047349144003,0.3454399310561992,0.6955037372180514,0.29418783871128124,0.5439268135037041,0.8978769949783723,0.09637216394040339,0.9752398945955352,0.29193390676013853,0.9999999999999999,0.8026400835280665,0.21931917996652248,0.7040388471800991,0.27718391090339584,0.3136777208770447,0.48082500538623446,0.5998939326140638,0.6448565604335504,0.1933160973831187,0.23393659159084507,0.18897396377135847,0.7889010424435273,0.6447322627156565,0.4639536618107692,0.9363181358656921,0.6895871658463018,0.46589270620991396,0.35646099537612486,0.5683223122690134,0.24468420093140422,0.8091449974311805,0.27371186131689296,0.5245860885994134,0.7654999254213692,0.4590314721821708,0.8108188733654851,0.19551202373257762,0.20250584199274102,0.49408342862825044,0.29441157460349027,0.3668357115630023,0.44767894728119456,0.13464757453719817,0.28087969638210775,0.1395614776512703,0.10838761000348032,0.8018777241916505,0.7740764679560483,0.6632857687399526,0.6104758116640978,0.28763320572100964,0.15216526624571175,0.2800676179585343,0.15078970483435256,0.3710286879132899,0.22659473972057875,0.44158007258986726,0.19293491771491075,0.22589038598584665,0.220578730174514,0.14940585690846717,0.15346624902633454,0.8060789870564644,0.615356568720065,0.20292845423358027,0.5355242877740765,0.7077180596297585,0.529930890468851,0.327681930426424,0.25080793516631034,0.17999138202489268,0.21742156814000896,0.1966058436500439,0.35687532110243786,0.27262632791395286,0.2753194451349873,0.20603589718092777,0.8303584746184061,0.5613947861250601,0.9264903296375478,0.46829579542252936,0.27646298413961123,0.29882000033146056,0.19474137788163545,0.281940370241469,0.6461658297286994,0.17492832164934785,0.8559306584464443,0.3680538291983626,0.8484479358292315,0.1356088102222443,0.18782213825220834,0.15922537662208522,0.18331427434992292,0.14933956479225707,0.6762458774590232,0.09976134838164372,0.22009811233199095,0.41110227216228307,0.23021594656855437,0.5769237143472713,0.12868957059281727,0.14924012661794195,0.5513432440047068,0.19997016854770547,0.2200069606722021,0.31940370241469035,0.12603788594441406,0.26506902666600374,0.33412055221332804,0.15363197931685976,0.3183015959826978,0.7099139859792175,0.37323290077727506,0.20999685112448,0.3002949999171349,0.5121811763536022,0.22474684698122277,0.1735776197815675,0.0027096902500870082,0.19347354115911766,0.2704221150499677,0.3248645154874957,0.3994514327383616,0.19496511377384446,0.14334012827524487,0.9352077429191733,0.3566515852102289,0.3944960970516581,0.2151179171017087,0.4219327466481049,0.8777076186214554,0.14962130628614992,0.35324582773993607,0.22217802747808219,0.14936442433583585,0.3086146605014998,0.26929514907439633,0.15506554632990274,0.2265615936624737,0.3639851505659689,0.2904837667180431,0.23678715258787847,0.3088881154808665,0.1411027693531547,0.1382604948706475
64,0.1620842241336449,0.2811200053033693,0.9040670213294884,0.8262732229569598,0.5752746979565455,0.16247369031637915,0.1908301430252407,0.2932183165117088,0.24323406088930877,0.3121695752332654,0.18768126750526196,0.16722186313992607,0.10161752763552595,0.2803576459669534,0.214554434113923,0.5082699414972074,0.6285072672732396,0.15744377599893933,0.40354497091433394,0.2285669301778286,0.41798836573360515,0.4476955203102471,0.08367722368617311,0.4108205306683902,0.5127860919140191,0.8150367092593513,0.010557019506455195,0.7195512023732578,0.27648784368319,0.7107757834899484,0.19688758514393678,0.9491953794395002,0.8978521354347934,0.23367142312600475,0.41438373191468203,0.3073385372644558,0.38471800991067145,0.42574454333018447,0.21826679262168747,0.2371020401398764,0.7491257727174796,0.26362717313843453,0.6489749581531017,0.31551732710187447,0.3750062148858947,0.5969190738991366,0.15801554550125127,0.3004441571786075,0.2513962776976748,0.1480137224680555,0.9388123767380965,0.3053497737781534,0.22802002021909543,0.5433716170304447,0.7491920648336897,0.2911964069673014,0.8296375478546215,0.277921410696233,0.7387842025887071,0.7181176353602148,0.11339266477734135,0.7984056746051476,0.2632708530138054,0.8026400835280665,0.9999999999999999,0.21119839573078772,0.5799068595767248,0.2822552577934669,0.29785047813188814,0.613608114155024,0.49005618256848804,0.5567791975339332,0.18449095941265187,0.23406088930873897,0.18202157808382635,0.6762127314009182,0.5235419877691045,0.39752067485374304,0.7799516067551666,0.8158239281393461,0.3899716601203202,0.3237375495119243,0.7649944480352674,0.22616384096521322,0.6898854803692471,0.37140986758149785,0.4352326024627521,0.6173867647789988,0.4064618240275775,0.6573940569117818,0.19571090008120784,0.19938182601634102,0.43455310827159876,0.28044879762674224,0.4523276819304264,0.5616599545899004,0.14459139196871013,0.26403321235022126,0.14651386333880242,0.12216808366065066,0.6535988332587547,0.6112878900876713,0.7702315252158638,0.5420954937934006,0.26709093621041113,0.16226652745322262,0.2536916422214488,0.15165978885960987,0.33088881154808664,0.21764530403221796,0.5928586817812692,0.19249573244501897,0.21747957374169274,0.21322859178972142,0.16099869073070486,0.16006231458923748,0.6738842208190391,0.5168133379737816,0.20206665672284924,0.6430252407232471,0.8675649248413133,0.6668323969571919,0.26293939243275494,0.2393062530038615,0.17583983824723648,0.22021412353535857,0.19893435423192296,0.3115978057309534,0.2535673445035549,0.2449908019688759,0.1824939094118232,0.7868459868410149,0.7668174812310447,0.8898639354314788,0.4215764265234757,0.27424219824657353,0.2714993619383815,0.18664545318947942,0.3585243374931636,0.5253484479358292,0.17885612953479507,0.6754172260063972,0.31149008104211207,0.6600291685311325,0.14571007142975523,0.19157592933260414,0.1646530436367855,0.19431047912626992,0.15668141666252342,0.8709043901953961,0.13464757453719817,0.21684151212317074,0.35065214869321665,0.21544937768275907,0.7621521735527602,0.1387162531695918,0.15033394653540827,0.6840932067153914,0.19043239032798026,0.22105934801703708,0.2722202887021661,0.15483352392316743,0.23715175922703394,0.30514261091499695,0.16170304446543696,0.41534496759972817,0.8228260329140358,0.28353966754503723,0.1995889888794975,0.27461509140025525,0.6676113293226602,0.22874094698288006,0.15997116292944863,0.005460813072805317,0.20219095444074314,0.2644226785329555,0.2873597507416431,0.3530966704784633,0.1892474187507251,0.14529574570344223,0.8555494787782363,0.31226072689305423,0.3260992061519084,0.21203533369793998,0.5539534960804786,0.6931752266361723,0.1606755166641807,0.3067750542766702,0.21492732726760472,0.1487760818044714,0.2748056812343592,0.3422247634200103,0.16773562704055422,0.21563996751686304,0.32406901009297473,0.27166509222890667,0.23375428827126735,0.2977344669285205,0.12499378511410529,0.15132832827855947
65,0.8950761530684963,0.6234442068976946,0.27690216940950296,0.2329173503041151,0.34374119557831584,0.5789207643480999,0.7140323836987686,0.6399260842904257,0.8023666285486999,0.6488838064933128,0.8696034074147733,0.9142594341967881,0.04811978985399162,0.7559041415999602,0.9572332985299724,0.41382853544142273,0.3047365717032102,0.9121878055652232,0.3993271350204677,0.7426871509305756,0.09527834402293708,0.44551616698984076,0.05416065894363513,0.49736488838064935,0.360032483136943,0.14177397702978173,0.019199854157344338,0.15436119259517062,0.6553058552511644,0.2275974079782562,0.08019688758514393,0.18219559488887782,0.22030527519514742,0.822933757602877,0.09943817431511959,0.6120171033659823,0.47758497820646684,0.43371617030444654,0.9357463663633802,0.890410845390212,0.22589038598584663,0.7274482507167834,0.13985150565968943,0.5776695006546346,0.49019705331543445,0.13837650607401514,0.8757271416496794,0.6676113293226603,0.7923233729428727,0.8025655048973301,0.18409320671539137,0.6462155488158572,0.8177878320820695,0.3547622598982416,0.21781103432274318,0.7071960092146041,0.17494489467840035,0.7972952816586287,0.15121231707519184,0.25240723246987856,0.07931851704536039,0.22042128639851505,0.7110906710419462,0.21931917996652248,0.21119839573078772,1.0,0.3114155024113757,0.8173155007540729,0.7104691824524769,0.1659705994464608,0.39578879331775474,0.3886458177961186,0.9022274151046586,0.8599827640497855,0.8509090306435307,0.24700442499875702,0.36994315451034987,0.4975554782147533,0.20219924095526937,0.16906975587928208,0.5190506968958717,0.6809194716518339,0.1436467293127165,0.9251976333714513,0.293798372528547,0.09410994547473445,0.4764414392018429,0.28513896484860535,0.548641840269146,0.31516929349177153,0.9179055005883426,0.9012247468469813,0.473541159117652,0.7518023169094616,0.1289630255721838,0.14388703823397803,0.6853278973798042,0.7999966853941896,0.7417176287310032,0.74735245860886,0.2804322245976897,0.24592717811034323,0.20506637498135535,0.3384958318831933,0.7736372826861566,0.7320472662788577,0.8505195644607966,0.8463017285669302,0.5854919703674241,0.910712805979549,0.1226155554450687,0.9382074611776795,0.9483501549578216,0.839316196821293,0.6514609125109796,0.7268350486418403,0.2785511858002287,0.39539104062049424,0.96053961782595,0.12168746581812756,0.1775882928122773,0.12578929050862625,0.6900346376307198,0.7943784285453852,0.8962942707038566,0.9347188385621241,0.9418038084820763,0.6274963125010358,0.8172906412104941,0.7160957258158074,0.8558229337576029,0.18901539634398978,0.14424335835860722,0.234508361093157,0.4797228989542419,0.7602959942988781,0.7338785859891612,0.7372014783141915,0.13163128324963952,0.3528563615572018,0.8680206831402575,0.2493329355806361,0.6253169591806294,0.23792240507797613,0.6972190457249872,0.8573642254594873,0.7380384162813438,0.8957970798322809,0.6230796002585393,0.1696995309832778,0.07264787285172111,0.8875768574222311,0.5359634730439682,0.9453835827574206,0.10733522265864533,0.7581580735511029,0.7077760652314423,0.16068380317870698,0.8189810901738511,0.8427468138351646,0.6387245396841181,0.06668158239281394,0.7462752117204461,0.6024296060590995,0.7182336465635824,0.10354828552014453,0.1534745355408608,0.607799267472116,0.9024842970549728,0.775120568786357,0.12860670544755465,0.9223967914615754,0.8634713866653408,0.01162597988034273,0.8005518818674489,0.8468569250401896,0.6546843666616948,0.5437776562422314,0.9395747360745124,0.8031289878851158,0.19460050713468902,0.6253418187242084,0.5833871956777539,0.9643016954208722,0.12309617328759177,0.22481313909743283,0.8497323455808019,0.6354596529607717,0.946386251015098,0.778368882480651,0.709010755895855,0.14174911748620295,0.6172790400901573,0.8849251727738279,0.6213145726644458,0.7037985382588375,0.8262317903843285,0.7555063889026997,0.898539916140473,0.6603606291121827
66,0.256376472927957,0.5322925471088351,0.6508145643779314,0.6645950380351018,0.9190987586801239,0.20533154344619564,0.2382290061154477,0.49695884916886257,0.4148063441555213,0.548260660600938,0.229536452377401,0.2435075158686753,0.07529127098559804,0.41672052901108736,0.3373191468204643,0.8565852930940188,0.9073484810818874,0.2654004872470541,0.7512968395233597,0.40554202091516267,0.22608926233447688,0.7470707171149671,0.08500306601037472,0.6611809940502825,0.8807570559671192,0.4104642105437611,0.03556572034670777,0.38680621157128886,0.5131589850677009,0.8035350270969025,0.1203781965229785,0.5640298977444108,0.6577669500654635,0.3547705464127679,0.19707817497804073,0.5425346790632924,0.723064684532392,0.7561693100648005,0.32180679162730574,0.3666036891562671,0.7438555494787783,0.44095029748587156,0.3198843202572135,0.5785893037670495,0.6577089444637796,0.29046719368899054,0.24132816254826897,0.4896252838131224,0.3632476507731318,0.19849516896203118,0.5242297684747842,0.5321102437892573,0.3826132352210013,0.8860852848075044,0.7616715557102373,0.4817862410712806,0.4795903147218218,0.4294403288088964,0.3589800957921079,0.8056480883010988,0.11292033344934453,0.6954540181308938,0.429937519680472,0.7040388471800991,0.5799068595767248,0.3114155024113757,1.0,0.4184689835761282,0.45315633338305245,0.36665340824342463,0.8244584762757089,0.8541904903959296,0.2554318102719634,0.3483236381113376,0.3073882563516134,0.8525083279470989,0.8222376903826712,0.6644210212300502,0.7421402409718424,0.4692984636802069,0.655007540728219,0.5067617958534281,0.3762989111519912,0.3407331908052835,0.8549445632178193,0.2078257843185999,0.7540893949187093,0.9051276951888497,0.6344569847030941,0.8171166244054426,0.27496312501035813,0.2787583486633852,0.7000778932365468,0.4436682742504848,0.26634514990304775,0.3365567874840485,0.16047664031555048,0.4183198263146555,0.20993055900826996,0.16631863305656375,0.8456222343757768,0.8921178673826216,0.5454349591474834,0.8084240706673959,0.4135882265201611,0.2037073865990487,0.3743930128109515,0.2225923532043952,0.6167487031604766,0.3013225277183911,0.2877492169243773,0.26390891463232735,0.2862907903677555,0.3208124098841545,0.20657452062513465,0.17928702829016058,0.87645635492799,0.8543727937155075,0.2988531463895656,0.35629526508559967,0.45918891595816974,0.29355806360728554,0.44825900329803275,0.39272278294303853,0.2651850378693714,0.3289497671489418,0.30346873498069243,0.5377782197252192,0.37695354579956575,0.4403951010126121,0.30459570095626376,0.5780672533518951,0.36957026135666815,0.6929846368020682,0.7148941812094998,0.43921012943535687,0.4331609738311871,0.2894479524022606,0.22038814034041,0.88461028522183,0.244709060474983,0.8243838976449726,0.5555942259566781,0.8627338868725036,0.16178590961069955,0.26755498102388175,0.2313594855731782,0.2878237955551136,0.2035830888811548,0.4560317539236647,0.1080230033643249,0.3635211057524983,0.5955600855168299,0.30076733124513166,0.34074976383433603,0.17041217123253619,0.19146820464376274,0.37051492401266184,0.3056480883010988,0.3378660567791975,0.48589635227630545,0.12484462785263262,0.42502361656639986,0.5565968942143555,0.204801206516515,0.22341271814249491,0.4756376472927958,0.5464624869487397,0.2655993635956844,0.425123054740715,0.3776993321069292,0.3386035565720347,0.2486865874475878,0.025365020964881756,0.27683587729329295,0.39000480617842526,0.5100846881784583,0.5710485755481529,0.2808134042658977,0.192495732445019,0.6558776247534762,0.5137970466862228,0.5914334012827525,0.30627786340509455,0.28791494721490246,0.831982631465553,0.228707800924775,0.5315799068595767,0.30559008269941496,0.1957606191683654,0.46769916637663866,0.24114585922869122,0.2208936177265119,0.3433020103084241,0.5492881884021943,0.451325013672749,0.4066524138616815,0.45929664064701103,0.2041051392963092,0.1832148361756078
67,0.7312186148262318,0.7488440312235867,0.33492434412237526,0.28497323455808016,0.4369147649115829,0.46040703359352986,0.5699879016887917,0.7756923382886691,0.9574736074512338,0.7642072291552727,0.6893385704105139,0.7288320986426688,0.05677091101940702,0.9112762889673346,0.847859593297867,0.5366926863222792,0.38919272775485175,0.7812111569631581,0.48237458360264507,0.9023351397935,0.12597988034273022,0.5679991382024893,0.06380616185220173,0.6210079716269743,0.4811564659672849,0.17367705795588262,0.026483700425926845,0.17140655297568735,0.7736787152587878,0.2930442997066574,0.09100250252738692,0.23416032748305407,0.27928868559306586,0.9538026815161006,0.12386681913853394,0.7507582160791528,0.5997033427799598,0.5583039162067651,0.8792074777507086,0.8957307877160707,0.2883375594557417,0.8765392200732529,0.16229967351132768,0.6867366048492682,0.6131440693415535,0.15851273637282684,0.6916587944778667,0.806733621704039,0.9158504449858299,0.6750194733091366,0.23910737665523127,0.7437726843335156,0.9125026931172211,0.4440411674041664,0.2750045575829895,0.8459205488987223,0.1991332305805532,0.9318765640796169,0.17381792870282903,0.3197600225393195,0.09309070418800444,0.28224697127894066,0.8565438605213875,0.27718391090339584,0.2822552577934669,0.8173155007540729,0.4184689835761282,1.0000000000000002,0.8670345879116326,0.19617494489467838,0.5222410049884818,0.46315815641624825,0.7328013391007475,0.8908500306601037,0.8536684399807752,0.3150864283465089,0.4970582873431777,0.6253086726661031,0.2730240806112133,0.21934403951010129,0.6346890071098295,0.8374185849947796,0.16578829612688312,0.8909909014070503,0.33945706756823946,0.11953297204129999,0.5910605081290708,0.3749813553423159,0.6872918013225278,0.3779230679991382,0.794850759873382,0.8076037057292962,0.6005899998342697,0.8898390758878999,0.15179237309203003,0.16090753907091598,0.512239181955286,0.959072904754802,0.5799565786638823,0.5805614942242994,0.3262897959860124,0.3185833374765906,0.2763966920234011,0.49750575912759576,0.9458890601435225,0.5686123402774325,0.9341387825452858,0.6645867515205754,0.7283431942856196,0.8832595833540496,0.1440610550390295,0.7708944463779646,0.7925553953496081,0.8749399227696847,0.5099355309169857,0.554028074711215,0.3629907688228178,0.5136561759392765,0.7800676179585343,0.14238717910472498,0.22545948723048112,0.14315782495566715,0.8438489202671573,0.9497754354563384,0.840335438108023,0.844859875039361,0.8049437345663667,0.7602711347552992,0.9464111105586768,0.8003695785478713,0.8552760237988697,0.2645386897363231,0.17366048492683006,0.2631465552959114,0.6162929448615324,0.9339813387692869,0.8831518586652083,0.788693879580371,0.159026500273455,0.4810736008220223,0.8035681731550076,0.2997398034438754,0.7363065347453555,0.3124596032416845,0.5406950728384627,0.6775385737251198,0.5744791925620245,0.7373340625466117,0.5059165713717496,0.21138069905036544,0.08727357099056995,0.9261008634548137,0.6474170934221648,0.835230945159847,0.1271234193473541,0.6002751122822718,0.5410016738759342,0.19211455277681105,0.8515388057475264,0.9021445499593961,0.7996237922405078,0.09183115398001292,0.8685178740118332,0.7396294270703856,0.5701453454647907,0.13692636603191966,0.18807073368799618,0.7162780291353851,0.8251213974378098,0.9269046553638609,0.15756807371683323,0.7645718357944282,0.6929514907439632,0.0185037869371385,0.6421468701834634,0.9419198196854439,0.7644558245910605,0.667661048409818,0.7633205721009629,0.6487429357463663,0.25968279222393476,0.7706044183695454,0.6880873067170487,0.8246822121679179,0.14704420026848308,0.2896882613235221,0.6760718606539717,0.7910638227348812,0.7787749216924377,0.6026119093786771,0.8470309418452411,0.1687714413563367,0.49777921410696235,0.9144831700889972,0.759691078738461,0.9054508692553739,0.9472066159531978,0.9254213692636603,0.7618124264571836,0.5103084240706675
68,0.6364540347039227,0.8386201296010873,0.36759807089941826,0.3209035615439434,0.47964003380897924,0.37948921924460133,0.4676908798621124,0.8894661827342183,0.8829695553456305,0.8638194202754438,0.5981371915344967,0.6287890087671323,0.04821094151378047,0.9365087256997962,0.7324118729180132,0.5763022257578017,0.45093554749001474,0.6755000911516598,0.5660600938033444,0.9245264256948242,0.11314406934155355,0.6482457448747907,0.05411093985647757,0.7657153747990519,0.5196390394272361,0.20154460630769488,0.015040023865161834,0.1816238253865659,0.866056779197534,0.3632062182005005,0.08405011683985482,0.2675218349657767,0.2943535690018065,0.8488539750410183,0.11326836705944747,0.8641094482838628,0.6907969969671357,0.6377135849119142,0.7640497853792738,0.7762392482474022,0.3460199870730374,0.9662241667909643,0.1759972820232354,0.7880060988746913,0.7105271880541607,0.16858085152223273,0.6057773579277086,0.9228442632459934,0.8852732063839308,0.5568620626791958,0.2524735245860886,0.8613831850047233,0.8444538358275743,0.5179154444057741,0.3505775700624803,0.9583768375345962,0.2242247965660684,0.8875022787914948,0.18898225028588478,0.3872039642685494,0.08296458343691476,0.32447504930476145,0.957921079235652,0.3136777208770447,0.29785047813188814,0.7104691824524769,0.45315633338305245,0.8670345879116326,0.9999999999999999,0.1976665175094052,0.569167536750692,0.5146174116243226,0.6201710336598221,0.83163459785545,0.787136014849434,0.3976118265135319,0.5400570112199405,0.7387013374434446,0.30772800344719003,0.20892789075059248,0.7407563930459571,0.9412568985233432,0.19060640713303173,0.7750128440975158,0.37876000596629045,0.10663086892391323,0.6302805813818592,0.45255970433716175,0.7882629808250052,0.44855731782097813,0.6613052917681765,0.6776131523558561,0.7090936210411177,0.9352988945789622,0.1593745338835579,0.17424054094366825,0.42640746449228517,0.8958550854339649,0.491266013689322,0.48166194335338675,0.3769949783721971,0.3822320555527934,0.28805581796184887,0.5533734400636404,0.8963274167619615,0.4735162995740732,0.8427799598932697,0.5783241353022092,0.817638674820597,0.7787003430617014,0.15206582807139662,0.6494472894810984,0.6937304231094317,0.8196854439085832,0.40896435141450804,0.4707817497804074,0.4356717877326439,0.5380931072772172,0.6742322544291419,0.13880740482938067,0.23506355756641642,0.1418236961169393,0.9488307728003447,0.8667942789903711,0.741908218565107,0.7406320953280631,0.6856925040189595,0.8969903379240624,0.8481827673643911,0.8813868310711149,0.7617875669136047,0.2707287160874393,0.18328941480634414,0.28988713767215235,0.7116458675152058,0.9091798007921909,0.960821359319843,0.7727340526027942,0.15054110939856477,0.5121563168100234,0.7161205853593862,0.333258754702597,0.8642917516034405,0.367523492268682,0.44160493213344604,0.5762276471270653,0.47498301264522114,0.6186463149869902,0.4137871028687913,0.2373589220901904,0.07377483882729247,0.8145312318732494,0.7742256252175209,0.7323455808018031,0.1552561361640067,0.5007872188799947,0.453620378196523,0.21171215963141585,0.8326952717148113,0.8616234939259849,0.9006944099173005,0.06628382969555346,0.943800858482905,0.8532872603125674,0.4772783771689952,0.11364126021312916,0.231384345116757,0.8326786986857587,0.7258075208405841,0.9137953893833175,0.15722832662125658,0.656192512305474,0.5979051691277615,0.007822469712789406,0.5412668423407746,0.823729262997398,0.8571653491108571,0.781492898457051,0.6680256550489733,0.5458161388156912,0.3008501963903943,0.8936674455990321,0.7805813818591625,0.7226420722915528,0.15175094051939872,0.33369793997248876,0.5679328460862791,0.9093538175972422,0.6781932083726943,0.5110790699216096,0.9568604053762907,0.17177944612936907,0.4051194086743234,0.7953810968030627,0.8693713850080379,0.893186827756509,0.8534778501466713,0.9327549346194004,0.6528364739223388,0.42317572382704394
69,0.08882314920698056,0.17860753409900726,0.5190589834103979,0.49407514211372416,0.39702348398216747,0.15793268035598865,0.1776877309865924,0.17208604716684067,0.18394404945391868,0.21202704718341372,0.14830375047647457,0.13336316478562787,0.24225625217521005,0.17430683305987835,0.15909279238966506,0.3230497688062447,0.3656093074131159,0.09054674422844262,0.25898672500372893,0.14220487578514723,0.7835893866321948,0.28538756028439316,0.16681582392813935,0.2626079318517045,0.35396675450372067,0.7811282918178956,0.03244999088483402,0.8473292563681865,0.1650425098195197,0.39831618024826404,0.26180413994265733,0.5998442135269063,0.5280084190987587,0.16307031936226984,0.721821707353453,0.19739306253003863,0.22184656689703175,0.2765872818575051,0.1708182104443229,0.1889076716551484,0.43988133711198396,0.19078042393808314,0.9212449659424253,0.1836125888728683,0.2575448714761597,0.9148063441555213,0.1234442068976947,0.20321848224199937,0.16022804487976267,0.11169392929945807,0.6925620245612291,0.19790682643066676,0.13417524320920132,0.3458128242098808,0.456363214504715,0.18192213990951128,0.773678715258788,0.17453056895208735,0.8394570675682395,0.417093422164769,0.17879812393311126,0.486260958915461,0.1570543098162051,0.48082500538623446,0.613608114155024,0.1659705994464608,0.36665340824342463,0.19617494489467838,0.1976665175094052,1.0,0.30838263809476457,0.36845158189562305,0.14690332952153665,0.1471187788992194,0.11552229901059018,0.3849748918609854,0.3252539816702299,0.2728583503206881,0.5017567410795671,0.7692620030162914,0.2696763287426042,0.21630288867896386,0.7859344702431265,0.17097565422032185,0.44697459354646246,0.7175127197997978,0.2894148063441555,0.4092046603357696,0.31122491257727175,0.4110525530751255,0.15052453636951224,0.15838843865493296,0.2942292712839126,0.2036410944828386,0.8402857190208654,0.9123038167685908,0.11098957556472597,0.18785528431031337,0.12395797079832281,0.09063789588823148,0.46151742654004874,0.35675930989907023,0.35491141715971436,0.3947364059729197,0.19599264157510068,0.15131175524950696,0.16822453139760352,0.11536485523459122,0.22594839158753044,0.1419479938348332,0.9233911732047266,0.15185866520824012,0.1549246755829563,0.13955319113674408,0.15721175359220405,0.12733886872503686,0.37165846301728567,0.34046802234044315,0.16286315649911332,0.9150300800477305,0.7709027328924907,0.9014484827391903,0.15988001126965976,0.1707602048426391,0.12689139694061882,0.18804587414441737,0.1820381511128789,0.1957606191683654,0.1612555726810189,0.1417159714280979,0.1112298844859875,0.4680471999867416,0.837020832297519,0.5625217521006315,0.31290707502610254,0.21331974344951027,0.1757652596165001,0.11616864714363842,0.5515089742952319,0.3494340310578565,0.1277449079368236,0.4346111138732826,0.1971361805797246,0.43258091781434893,0.10623311622665274,0.17695851770828153,0.1598302921825022,0.18386947082318233,0.1529939176983377,0.7468138351646529,0.2264787285172111,0.17010557019506456,0.23104459802118033,0.14955501416993983,0.8308308059464029,0.1024130330300469,0.11794196125225809,0.9408425727970301,0.12017932017434826,0.15110459238635043,0.16083296044017964,0.31787069722733224,0.14996933989625283,0.24194965113773842,0.14202257246556954,0.8326455526276537,0.8023003364324898,0.16788478430202688,0.13795389383317586,0.18110177497141153,0.878237955551136,0.20686454863355375,0.11746962992426126,0.02117204461459421,0.20428744261588688,0.20859643016954207,0.17925388223205554,0.22699249241783923,0.13166442930774458,0.11004491290873233,0.5309418452410547,0.2013291569300121,0.20596960506471768,0.15906793284608628,0.9116989012081738,0.44471237508079353,0.14758282371268996,0.20160261190937867,0.1512786091914019,0.11831485440593978,0.1778368882480651,0.44572332985299723,0.16980725567211918,0.15005220504151545,0.22449825154543496,0.23683687167503603,0.1862394139776927,0.21803477021495218,0.08897230646845325,0.1309352160294337
70,0.3892921659291668,0.6569548716418899,0.5652811614378761,0.5879364921526707,0.8495334692321714,0.24812310445980212,0.29034289597109664,0.633810636570046,0.49269958070236497,0.652587878486551,0.31046255324085587,0.3294883905931487,0.03546628217239265,0.546089593795058,0.42051575266411445,0.9351497373174895,0.8452907737947264,0.36898191882530373,0.8836407630222576,0.5128358110011767,0.18442466729644177,0.9057823298364243,0.038673163294055256,0.7900777275062565,0.9153864001723595,0.35149737317489516,0.004938762657650939,0.2990188766800908,0.644334510018396,0.6927609009098593,0.0822353701586039,0.4808167188717082,0.5514012496063905,0.46503919521370923,0.14340642039145496,0.6595402641740831,0.8531049569929896,0.9031140721589686,0.4229685609638874,0.4502891993569665,0.6484031886507897,0.5511692271996553,0.274639950943834,0.7202141235353585,0.8088964019953927,0.24799052022738194,0.3255357231641227,0.6053215996287641,0.503480336101029,0.2854952849732345,0.43229088980592983,0.6594242529707155,0.4851671389979947,0.8955070518238619,0.6263279139528332,0.5967119110359801,0.3860355657203468,0.5356983045791279,0.30207660054028074,0.701138567095908,0.07456205770728716,0.6057856444422347,0.5617593927642155,0.5998939326140638,0.49005618256848804,0.39578879331775474,0.8244584762757089,0.5222410049884818,0.569167536750692,0.30838263809476457,0.9999999999999999,0.9297386433318419,0.35189512587215566,0.48493511659125943,0.41904075307844013,0.7805813818591624,0.9298132219625781,0.784741212151345,0.5796665506554634,0.3730174513995923,0.7911632609091963,0.6321450471502676,0.3386118430865609,0.42502361656639986,0.7293375760287708,0.14793914383731915,0.9008187076351944,0.8373357198495168,0.724978869387958,0.7604451515603508,0.3550522879066607,0.35560748437992007,0.8334161984785958,0.5183463431611396,0.22549263328858613,0.2714745023948027,0.23881734864681217,0.5188932531198727,0.2689388289497672,0.23890850030660105,0.7194103316263114,0.7795870001160112,0.4778335736422546,0.8557566416413928,0.5071844080942675,0.25606158537595913,0.4882994414889209,0.30499345365352426,0.7090356154394339,0.42379721241651336,0.24550456586950398,0.36552644226785336,0.40620494207726343,0.4569349840070269,0.24702099802780952,0.2559041415999602,0.7804239380831635,0.9515404630504318,0.37294287276885596,0.24688012728086312,0.40226056116276376,0.2284011998873034,0.5727804570841413,0.4837998641011618,0.3917118281708347,0.39602081572449,0.379605230447969,0.6627802913538506,0.5017650275940935,0.5806857919421933,0.4083677223686173,0.47736952882878403,0.29924261257229984,0.5500174016805052,0.8075871327002435,0.52492583569499,0.5543926813503703,0.4266312003844943,0.17509405193987304,0.9266560599280731,0.37191534496759976,0.6778948938497489,0.6906726992492418,0.6926366031919653,0.25232436732461594,0.30887982896634014,0.2649695884916886,0.34692321715639973,0.2453554086080313,0.3850411839771955,0.06448565604335504,0.43794229271283913,0.7442035830888811,0.4116243225774375,0.300999353651867,0.24920035134821594,0.26498616152074117,0.3216327748222543,0.4408674323406089,0.4595286630537464,0.6112133114569349,0.06132849400885,0.5339415634995608,0.6247286166492649,0.2750957092427783,0.16164503886375312,0.40052039311224913,0.6862394139776927,0.390825171116525,0.5318947944115746,0.30404050448300435,0.38064104476375143,0.3439732179850511,0.0014004209549379342,0.30882182336465636,0.4793582923150864,0.6507814183198263,0.7168000795505395,0.3810553704900645,0.2806559604898987,0.5607152919339068,0.6405641459089477,0.7531778783208207,0.40236828585160517,0.24934122209516232,0.6909793002867134,0.2963506190026351,0.6428429374036693,0.4046056447736953,0.28904191319047384,0.5965378942309286,0.19155106978902536,0.24623377914781483,0.43626013026400834,0.6551981305623229,0.5057176950231194,0.4651220603589718,0.53531712491092,0.3270935878950596,0.23804670279586998
71,0.32117701652330993,0.596902500870084,0.603689156267091,0.6471104923846931,0.9136628051508975,0.2577603208538425,0.29237309203003037,0.5649994199439832,0.4513333001872752,0.5933392996237923,0.31221929432042295,0.33438572067816835,0.07342680521718954,0.4870316047664032,0.39375859725882095,0.9163807819155108,0.8763237706955701,0.33721970864614925,0.8296292613400952,0.4521288055817962,0.23949684283796546,0.8414872636271732,0.0749680969190739,0.7489683289414806,0.9304678566101527,0.4069755879282057,0.014832861002005336,0.347155239563135,0.5764016639321168,0.709897412950165,0.13284940088499975,0.5161172707535757,0.6089759525348448,0.42340774623377914,0.2353950181474668,0.6014352243159482,0.7787997812360166,0.8429042576111636,0.3980592982979499,0.4378014219658927,0.6818641343078276,0.5225807520840584,0.3227265947397206,0.6530436367854953,0.770778435174597,0.3545716700641376,0.3257014534546479,0.5545998442135269,0.43796715225641797,0.2722202887021661,0.50108553340294,0.5876050315716204,0.4367573211355839,0.903702414690333,0.683952335968445,0.5225144599678483,0.4254793748653441,0.5102172724108786,0.35630355160012595,0.7244319594292249,0.10872735709905698,0.6572863322229405,0.4954921360977146,0.6448565604335504,0.5567791975339332,0.3886458177961186,0.8541904903959296,0.46315815641624825,0.5146174116243226,0.36845158189562305,0.9297386433318419,1.0000000000000002,0.34319428561958265,0.4080196887585144,0.36261787566913606,0.7993834833192464,0.8822817746399508,0.7537993669102903,0.641177347983891,0.44011335951871927,0.7360910853676726,0.5586685228459205,0.37155902484297054,0.40598120618505446,0.7786920565471752,0.23068827789655114,0.8468320654966108,0.8996337360579394,0.6881701718623112,0.8102471038631731,0.3611511625979881,0.36560102089858965,0.7876414922355359,0.4849765491638907,0.29108868227845996,0.3095924692155986,0.23133462602959942,0.4739471983294387,0.2651353187822138,0.23258588972306468,0.8146638161056695,0.8275576327085301,0.5060574421186961,0.8697608511907722,0.48019523028223865,0.2595087754188833,0.44468751553721475,0.29704668622284097,0.6420308589800958,0.3941563499560815,0.2881138235635327,0.32714330698221716,0.3799284045144931,0.3957805068032284,0.25144599678483237,0.24740217769601752,0.817481231044598,0.9191153317091765,0.37591773148378327,0.2727423391173205,0.47857935994961803,0.2731566648436335,0.5140207825784319,0.4421352690631266,0.3446609986907307,0.38936674455990317,0.3679046719368899,0.6146107824127016,0.4400139213444041,0.4982598319494854,0.3637448416447074,0.5595800394438092,0.37072208687581826,0.6114453338636703,0.7691045592402924,0.4747841362965909,0.5340990072755598,0.36645453189479443,0.24197451068131723,0.9276007225840667,0.3382140903893004,0.7309948789340228,0.6147267936160692,0.7623261903578118,0.24015147748554003,0.3156913439069259,0.2707701486600706,0.3398133876928686,0.25184374948209287,0.4399807752862991,0.10843732909063789,0.40187938149455577,0.6812840782909892,0.38987222194600507,0.34617743084903635,0.236613135782827,0.25645933807321963,0.3757271416496793,0.376961832314092,0.4053099985084274,0.5619499825983195,0.12251611727075358,0.4716021147185071,0.5833209035615439,0.26925371650176505,0.23871791047249705,0.40181308937834564,0.604807835728136,0.35700790533485804,0.48379157758663555,0.3206466795936293,0.40540943668274254,0.3301015926680919,0.007557301247949087,0.3197185899666883,0.4415054939591309,0.5775949220238983,0.7124496594242531,0.36192180844893024,0.26627885778683774,0.6075921046089594,0.5767082649695885,0.6835794428147633,0.38789174497422896,0.28171663434926,0.7475181888993853,0.2845091897446096,0.5954606473425148,0.39044399144831704,0.2721871426440611,0.5205919885977561,0.24826397520674853,0.2601799830955104,0.4031057856444422,0.6100283398796799,0.4818276736439119,0.45597374832198084,0.502452808299773,0.2930774457647624,0.24587745902318567
72,0.9188335902152835,0.5529508278228011,0.25398167022986795,0.20099769634896172,0.2894230928586818,0.6153482822055387,0.7706375644276504,0.575829894429805,0.7095576658545881,0.5692421153814282,0.9068181441522067,0.9665390543429622,0.03862344420689769,0.6664014982018263,0.8873945541026533,0.3452493412220952,0.26103349409171517,0.8709541092825537,0.3571570625963308,0.6604103481993404,0.07891247783357365,0.38422910555362205,0.042882712673395315,0.42433583586072027,0.3029549710800643,0.12590530171199388,0.017136512040305606,0.1310595137473276,0.5907456205770729,0.19866918576708265,0.0676593911069126,0.15325908616317802,0.1891396940618837,0.7445599032135104,0.07759492202389831,0.546537065579476,0.41614047299424917,0.3776081804471404,0.8394322080246607,0.8258091781434893,0.1989923598336068,0.6465884419695387,0.11898606208256685,0.5204179717927045,0.41845241054707566,0.11786738262152174,0.9132981985117421,0.5941182319892607,0.7058618803758763,0.8336647939143838,0.16026119093786773,0.5852599479606888,0.7400768988548037,0.31202870448631903,0.18013225277183909,0.6278194865675599,0.1499610533817266,0.7182005005054773,0.12870614362186977,0.21771159614842805,0.0647011054210378,0.20018561792538825,0.6345398498483568,0.1933160973831187,0.18449095941265187,0.9022274151046586,0.2554318102719634,0.7328013391007475,0.6201710336598221,0.14690332952153665,0.35189512587215566,0.34319428561958265,0.9999999999999999,0.7736952882878404,0.7934669119474966,0.20666567228492355,0.30327814514658846,0.42489103233397973,0.1705116094068513,0.1432904091880873,0.44485324582774,0.6008800278426888,0.1269162564841976,0.8289911997215731,0.24262085881436551,0.0757138832264373,0.4127181424949038,0.2392731069457565,0.46653076782843605,0.29156930012098314,0.9082848572233547,0.8767961020235668,0.4036692686322279,0.6707519183281129,0.10585193655844478,0.12164603324549629,0.7357181922139909,0.6988763486302392,0.8205721009628929,0.8108271598800112,0.22790400901572783,0.21414010838761,0.18023169094615424,0.29988067419082187,0.676999950280913,0.7829264654700939,0.7604451515603506,0.9186595734102321,0.4894595535225973,0.8375677422562522,0.10188269610036627,0.9256616781849218,0.9154775518321483,0.7774822254263412,0.7223106117105023,0.7653673411889491,0.23518785528431033,0.33443543976532586,0.9395415900164074,0.10117005585110792,0.14858549197036744,0.10417806062414027,0.6046255324085582,0.7127728334907771,0.8511576260793186,0.8659159084505875,0.9002717976764614,0.5560251247120436,0.7467558295629693,0.6486766436301563,0.8119375528265301,0.165688857952568,0.12263212847412122,0.2025721341089511,0.40768822817746403,0.6706441936392714,0.6537148444621224,0.6734781816072524,0.11283746830408192,0.3080843235718192,0.8571487760818045,0.20572929614345614,0.5395598203483651,0.19894264074644924,0.7575117254180547,0.9211372412535839,0.8106614295894861,0.922893982333151,0.6864382903263229,0.1492981322196258,0.05812989940171365,0.8014302524072325,0.473383715341653,0.8725451200715955,0.0889805929829795,0.8088798289663401,0.7817580669218913,0.14057243242347403,0.7567493660816387,0.7586469779081523,0.5664744195296575,0.05532905749183778,0.6690531828502295,0.5310827159880012,0.7774905119408675,0.0826248363413381,0.13115066540711645,0.5437693697277051,0.8768706806543032,0.6855764928155919,0.10952286249357795,0.9020202522415022,0.9035532574288602,0.013051260378859444,0.8589718092775817,0.7499544241701056,0.583834667462172,0.46635675102338453,0.9334841478977113,0.8456553804338818,0.1720197550506306,0.5597457697343344,0.5080379190904722,0.8926150582541972,0.10351513946203948,0.1985366015346625,0.890062811780109,0.5448797626742239,0.9296557781865791,0.8411558030461227,0.6250269311722103,0.12003844942740186,0.657369197368203,0.7998475281327169,0.5304529408840054,0.6254081108404184,0.7405492301828005,0.6696415253815939,0.8976366860571107,0.7192446013357862
73,0.8088301098791826,0.7345166476076833,0.2842440212797693,0.2460514758282371,0.3669931553390013,0.5108221879712955,0.6226487015031738,0.7780622814431795,0.8926316312832496,0.7484297054972737,0.7459106050812907,0.7812360165067369,0.031869934867995824,0.8843202572134108,0.8964185684217504,0.47465983857869704,0.3506107161205853,0.8473872619698702,0.4408508593115563,0.8662639420606905,0.08068579194219327,0.5408110840418303,0.036709259351331645,0.6175442085549976,0.41758232652181837,0.14050614030726397,0.007946767430683305,0.14319925752829843,0.7690548401531347,0.25575498433848753,0.06315152720462719,0.17915444405774045,0.23892507333565355,0.8887121099123286,0.07273073799698371,0.7349972654502064,0.5837020832297519,0.532831170553042,0.9035201113707553,0.8869636553472878,0.24982183993768542,0.8400371235850776,0.13496246208919604,0.679809078705315,0.5971676693349243,0.12350221249937851,0.761248943469398,0.7800759044730605,0.9206151908384297,0.739861449477121,0.19498997331742324,0.7410464210543761,0.9159830292182503,0.388148626924543,0.2515537214736737,0.8308888115480866,0.18473955484843962,0.9032466563913886,0.13948689902053396,0.27844346111138735,0.061021892971378375,0.2361490909693565,0.8538756028439318,0.23393659159084507,0.23406088930873897,0.8599827640497855,0.3483236381113376,0.8908500306601037,0.83163459785545,0.1471187788992194,0.48493511659125943,0.4080196887585144,0.7736952882878404,1.0000000000000002,0.9478695371152985,0.2747642486617279,0.4549627935497771,0.5867266610318368,0.2080743797543877,0.14938099736488838,0.603117386764779,0.7857935994961799,0.14214687018346345,0.9139196871012114,0.28130230862294703,0.07203467077677787,0.5591574272029698,0.32382870117171314,0.6464890037952237,0.3300850196390394,0.826182071297171,0.843741195578316,0.5662092510648171,0.8742935746366364,0.11987271913687664,0.13243507515868674,0.590049553356867,0.8751636586618936,0.6538971477817,0.6442102123005021,0.30318699348679956,0.2797858764646414,0.22821061005319943,0.4307413115895192,0.8725368335570691,0.6193175226636172,0.917441455774872,0.7365385571520908,0.6775882928122774,0.9408757188551351,0.11111387328261987,0.8091367109166542,0.8432854372793717,0.967450570940851,0.5492633288586156,0.6202787583486634,0.32015777523657996,0.4140854173917367,0.8229254710883508,0.10264505543678218,0.18420093140423277,0.10380516747045856,0.8246324930807604,0.8651452625996453,0.9080611213311457,0.8799946966307033,0.834344288105537,0.7476176270737003,0.89500157443776,0.8319577719219742,0.924775021130612,0.21855682063010656,0.12767032930608727,0.22847577851803974,0.5598120618505444,0.8725202605280167,0.8610102918510416,0.8534198445449874,0.11306120419629095,0.42010971345232767,0.8785694161321864,0.23706889408177134,0.7361076583967252,0.24720330134738724,0.6054044647740267,0.7362982482308291,0.6330399907191038,0.7686405144268218,0.5387477419247916,0.17003099156432822,0.050340575747029284,0.9394587248711447,0.6455526276537562,0.8876182899948624,0.10470839755382093,0.6675616102355028,0.6259550207991514,0.15414574321748786,0.9503720645022291,0.9316031091002503,0.7647127065413746,0.0426589767811863,0.8799532640580718,0.6873249473806329,0.6348133048277234,0.07742090521884686,0.15596048989873879,0.71006314324069,0.8898556489169527,0.8948607036908136,0.11111387328261987,0.7975190175508378,0.7617792803990785,0.0032731732378726863,0.6863719982101129,0.8912560698718904,0.7674223967914616,0.6527950413497074,0.8303916206765111,0.7145130015412917,0.216021147185071,0.7609837750045576,0.6757404000729214,0.8728434345945408,0.11727075357563102,0.23557732146704455,0.7093836490495368,0.7600473988630903,0.83666451217289,0.6769750907373341,0.8478015876961832,0.124538026815161,0.5285553290574918,0.9313876597225675,0.7232469878519697,0.8274747675632675,0.9100747443610269,0.8641591673710203,0.8201577752365801,0.5739239960887652
74,0.8407663368633886,0.6997381461409702,0.24399642022572465,0.20814895838512404,0.318881651999536,0.5204262583072308,0.6288470143688163,0.7448002121347719,0.8550108553340293,0.7074611776794446,0.7703558229337576,0.8086063739869735,0.01691277614809659,0.8342945690183794,0.896592585226802,0.40912179519050695,0.31835131506985537,0.8925984852251447,0.4195876630371733,0.8294966771076749,0.05369661413016456,0.489418120949966,0.01656474253799367,0.5778683770032649,0.35955186529441985,0.10820530668390263,0.001591010789041913,0.1136081141550241,0.7329422098476939,0.22180513432440047,0.043222459768971974,0.13622201229718756,0.1952634282967898,0.8611345895689355,0.04500406039211787,0.6909544407431346,0.5592817249208637,0.48476109978620796,0.8733157659225377,0.8538341702713004,0.21218449095941266,0.8033858698354299,0.10280249921278113,0.6580404050448301,0.5687366379953265,0.09227033924990471,0.8019440163078606,0.7381544274847114,0.8768209615671456,0.7649861615207412,0.1499527668672003,0.7012214322411707,0.8971975007872188,0.34603656010208983,0.21781103432274315,0.7905666318633057,0.15190009778087143,0.8721722269179137,0.11074098012893817,0.23976201130280583,0.03994100001657303,0.20671539137208106,0.8084986492981322,0.18897396377135847,0.18202157808382635,0.8509090306435307,0.3073882563516134,0.8536684399807752,0.787136014849434,0.11552229901059018,0.41904075307844013,0.36261787566913606,0.7934669119474966,0.9478695371152985,1.0,0.24388040902235703,0.392739355972091,0.5487495649579874,0.17317158056978071,0.110384660004309,0.5611959097764299,0.7390162249954424,0.11550572598153763,0.8862924476706608,0.2555229619317523,0.04638790831800328,0.5098858118298282,0.2809128424402128,0.6110061485937786,0.2889921941033162,0.8379074893518289,0.8502958285685875,0.5314141765690515,0.8132053895490478,0.08586486352110576,0.1038383135285636,0.6213642917516035,0.8396393708878173,0.6748454565040852,0.6823364656358242,0.26656059928073056,0.2406983874442732,0.17935332040637064,0.36664512172889835,0.8185087588458543,0.6419148477767281,0.889010424435274,0.7597242247965661,0.630653474535541,0.9293408906345814,0.075672450653806,0.8169591806294436,0.8471800991067138,0.9570261356668157,0.581348713104294,0.6508062778634051,0.28140174679726215,0.3770281244303021,0.8274333349906362,0.06146936475579642,0.14748338553837484,0.06846318301595983,0.7927045526110807,0.82436732461592,0.9344122375246524,0.8714513001541292,0.8468817845837684,0.70897760983775,0.851712822552578,0.798994017136512,0.93880409022357,0.1567725683223123,0.09524519796483204,0.19354811978985398,0.5228376340343724,0.8243838976449726,0.8213758928719401,0.8118132551086363,0.08302258903859858,0.36688543065015994,0.8916041034819933,0.20544755464956332,0.6974427816171962,0.2081986774722816,0.6357994000563483,0.7358259169028323,0.6466133015131176,0.7609257694028737,0.5527105189015395,0.13752299507781038,0.02973201412022075,0.9228359767314671,0.621480302954971,0.8712607103200252,0.0749515238900214,0.7072705878453405,0.6482125988166857,0.11960755067203632,0.9551533833838812,0.9090140705016656,0.73396973764895,0.022448167851638244,0.8402028538756029,0.650259367904672,0.647740267488689,0.04821922802830673,0.11132932266030261,0.6895457332736705,0.9095858400039776,0.8576791130114851,0.07791809609042244,0.8038913472215315,0.7971792704552612,0.0008949435688360762,0.7032184822419993,0.8560881022224432,0.7373257760320854,0.6150168216244882,0.8518371202704718,0.7542302656656558,0.17556638326786989,0.7167006413762244,0.6461326836705945,0.8760917482888346,0.07873846102852218,0.22463912229238137,0.748056812343592,0.7127314009181458,0.8562455459984422,0.7038814034041001,0.7954142428611677,0.09647988862924477,0.5395432473193126,0.8979764331526874,0.6839026168812874,0.7692951490743964,0.8755282653010491,0.8130728053166277,0.8318169011750278,0.5834866338520691
75,0.19967185402476012,0.4499163062032848,0.7378063938746084,0.7776230961732875,0.8691725086594075,0.15905135981703378,0.18512073451664762,0.44139776927028956,0.31625482689471157,0.4502394802698089,0.19396244551616698,0.20848041896617445,0.033527237773247814,0.3847180099106714,0.2803327864233746,0.7698006264604982,0.9232171563996752,0.2184490959412652,0.6728401199887303,0.3577288320986427,0.25492633288586153,0.7029118812045276,0.03685841661280432,0.6149671025373307,0.7950247766784335,0.5186363711695587,0.0019970500008286516,0.4788528149289846,0.4362021246623245,0.9068595767248381,0.09524519796483204,0.6603689156267091,0.7513299855814648,0.29425413082749136,0.20911019407017023,0.4657849815210726,0.6586867531778783,0.704478032449991,0.2597822303982499,0.31633769203997414,0.8508013059546893,0.3588640845887403,0.3961119673842788,0.5294088400536966,0.5972091019075556,0.34071661777623097,0.20638393079103068,0.3878668854306502,0.32986957026135666,0.16742073948855632,0.5896269411160278,0.4483087223851904,0.31255904141599955,0.8250385322925471,0.8452327681930426,0.44474552113889854,0.5836689371716468,0.4010092974692985,0.43172740681814414,0.903959296640647,0.07354281642055718,0.7957871360148494,0.38233978024163473,0.7889010424435273,0.6762127314009182,0.24700442499875702,0.8525083279470989,0.3150864283465089,0.3976118265135319,0.3849748918609854,0.7805813818591624,0.7993834833192464,0.20666567228492355,0.2747642486617279,0.24388040902235703,0.9999999999999999,0.7791478148461195,0.5673610765839672,0.8089295480534977,0.5481280763685179,0.5819453421501848,0.4403785279835596,0.4807918593281294,0.2618870050879199,0.8950761530684963,0.22643729594457976,0.6797013540164736,0.899973483153516,0.5203185336183895,0.885347785014667,0.21700724241369596,0.21332802996403652,0.6347884452841446,0.33761746134340975,0.2987537082152505,0.37711098957556466,0.14616582972869951,0.32938066590430737,0.15350768159896586,0.13231077744079286,0.8581680173685343,0.9369810570277931,0.5789621969207311,0.7397122922156483,0.34245678582674555,0.15860388803261571,0.34107293790086013,0.1769916637663866,0.5405210560334113,0.24700442499875702,0.33765060740151476,0.19412817580669217,0.24102984802532357,0.29993039327797943,0.16258970151974678,0.15238071562339447,0.9212532524569513,0.7756343326869852,0.22963589055171613,0.41587530452940885,0.5494953512653508,0.34862195263428297,0.40148162879729526,0.3182104443229089,0.23202240673527902,0.2306385588093936,0.20858814365501582,0.49142345746532096,0.30532491423457464,0.37131042940718284,0.2542219791511295,0.6749283216493479,0.431180496859411,0.7710021710668058,0.6214388703823399,0.31541788892755934,0.3836821955948889,0.261538971477817,0.22310611710502332,0.804894015479209,0.22276637000944663,0.8692885198627752,0.5020964881751437,0.904754802035168,0.13602313594855733,0.18794643597010227,0.16506736936309852,0.1943933442715325,0.15567874840484597,0.5259947960688776,0.07689056828916621,0.27729992210676346,0.5256467624587746,0.2713999237640664,0.43258091781434893,0.14973731748951757,0.15921709010755897,0.46236265102172724,0.2986294104973566,0.2798853146389565,0.44168779727870855,0.08800278426888082,0.3294220984769386,0.4515984686521156,0.16456189197699664,0.2307214239546562,0.5442499875702282,0.47736124231425786,0.222874094698288,0.36260958915460983,0.4048210941513781,0.26988349160576075,0.1915179237309203,0.0015247186728318334,0.21051061502510818,0.2918344685858234,0.4458724871144699,0.546280183629162,0.22838462685825087,0.16406470110542104,0.7684167785346128,0.4572001524718673,0.5426092576940287,0.251976333714513,0.3257511725418054,0.8988299441488923,0.15640796168315682,0.4666053464591723,0.27039725550638893,0.1609241120999685,0.3799615505725982,0.2119441820381511,0.16436301562836642,0.2683670594474552,0.45691012446344825,0.35965958998326125,0.29601915842158477,0.39449609705165817,0.16346807205953034,0.1455857737118613
76,0.3571902086544358,0.6690117502775982,0.5965378942309286,0.616922719965528,0.8286928851986278,0.205182386184723,0.23813785445565885,0.6028024992127811,0.46603357695686043,0.6325676593911069,0.26846649762177033,0.2842191617361905,0.03825883756774225,0.5132252771839109,0.3751387991183148,0.91578415286962,0.8521851538805747,0.3429954092709524,0.8952833159316529,0.5029168531132435,0.17583983824723645,0.8968743267206947,0.04038018528646481,0.7702480982449162,0.909726710750924,0.38385621239994033,0.005734268052171895,0.33297701320870415,0.6219443477684417,0.7040554202091517,0.08842539650972009,0.49674339979117976,0.5845390211969042,0.4397818989376688,0.16522481313909743,0.6379787533767547,0.8576791130114851,0.8897064916554798,0.397454382737533,0.40951954788776745,0.6829828137688725,0.5100349690913009,0.31864962959280063,0.7090273289249076,0.8087886773065514,0.31296508062778633,0.27802084887054807,0.5881602280448797,0.4598021180331129,0.23875105653060208,0.44918709292497394,0.6540048724705414,0.46101194915394683,0.8682941381196242,0.6435638641674539,0.5750758216079153,0.4151129451929929,0.49240955269394593,0.34908599744775354,0.7222774656523973,0.07687399526011368,0.6344984172757255,0.5318533618389433,0.6447322627156565,0.5235419877691045,0.36994315451034987,0.8222376903826712,0.4970582873431777,0.5400570112199405,0.3252539816702299,0.9298132219625781,0.8822817746399508,0.30327814514658846,0.4549627935497771,0.392739355972091,0.7791478148461195,0.9999999999999999,0.7897131208671008,0.6084041830325329,0.4077296607500953,0.7769104559240292,0.5880690763850909,0.3759343045128359,0.40194567361076583,0.7298347669003464,0.1634763585740566,0.8753459619814714,0.8463183015959828,0.7111901092162614,0.7359336415916737,0.3257843185999105,0.32291718457382457,0.8266958351977992,0.49261671555710235,0.24494108288171826,0.31128291817895554,0.19188253037007574,0.48782711016092406,0.22020583702083227,0.19072241833639933,0.7225592071462901,0.7876249192064835,0.49100913173900795,0.9239380831634598,0.4861283746830408,0.2054724141931421,0.4695304860869422,0.26461326836705945,0.7089030312070137,0.37870200036460666,0.2655496445085268,0.303965925852268,0.3597258820994713,0.41988597756011864,0.2042957291304132,0.20301131937884287,0.7990188766800909,0.9439334427153252,0.34147069059812063,0.253791080395764,0.43555577652927624,0.2511311092328345,0.5950794676743068,0.4372710850362121,0.36233613417524324,0.3753459619814713,0.34060889308738956,0.6371749614677075,0.4542501533005187,0.5402393145395183,0.38054160658943637,0.5078224697127894,0.3377666186048824,0.5688609357132203,0.8104874127844346,0.48355955517990024,0.5309749912991597,0.386905649745604,0.20678168348829112,0.9406188369048212,0.3452659142511477,0.6882198909494688,0.6657220040106729,0.717073534529906,0.20566300402724608,0.28425230779429556,0.23312451316727156,0.30417308871542453,0.19855317456371502,0.41227895722501207,0.06783340791196407,0.3943717993337642,0.7406072357844843,0.3854306501599298,0.32698586320621825,0.20103912892159298,0.2175458658579028,0.3594772866636835,0.4064949700856826,0.42635774540512766,0.587754188833093,0.06753509338901871,0.5064883408740615,0.6062082566830739,0.22789572250120158,0.1728649795323091,0.38806576177928037,0.68079517393394,0.3472795372810289,0.5019224713700924,0.33097996320787554,0.3532872603125673,0.2920913505361375,0.0019390443991448318,0.26161355010855336,0.43879580370904386,0.6247783357364225,0.7489351828833757,0.34674920035134826,0.2327019009264323,0.5741477319809741,0.6145859228691228,0.7302242330830806,0.3702580420623477,0.2662208521851539,0.7103531712491092,0.25224150217935337,0.6223338139511758,0.36326422380218437,0.2305308341205522,0.5636072855035714,0.2044780324499909,0.2000696067220206,0.416264770712143,0.6502096488175143,0.47292795704270874,0.42108752216642636,0.49943651701221436,0.2938729511592834,0.194600507134689
77,0.42756757652596167,0.8399293988962363,0.486899020533983,0.448872205372976,0.6777705961318551,0.26929514907439633,0.3307147947430352,0.7901191600788876,0.6269991216294603,0.8335404961964898,0.4110276935315467,0.4294237557798439,0.057732146704453174,0.692653176221018,0.5253650209648817,0.7990023036510382,0.6622831004822751,0.45604832695271713,0.8422081903909577,0.6667329587828768,0.1551649845042178,0.8691310760867763,0.06334211703873117,0.9271532507996487,0.7392399608876514,0.27699332106929186,0.015504068678632393,0.23867647789986576,0.8165862874757619,0.5201196572697593,0.1060590994216013,0.3892424468420093,0.41004988481744803,0.6005154212035334,0.1439118977775568,0.8330101592668092,0.8759177314837834,0.8482822055387063,0.5281575763602313,0.5890054525265583,0.4908351149339566,0.7298099073567675,0.24487479076550822,0.8790583204892359,0.9327135020467692,0.24721158786191355,0.4271532507996486,0.788950761530685,0.6285818459039759,0.34829049205323254,0.33740201196572694,0.8428213924659009,0.5995293259749084,0.7140323836987686,0.46608329604401794,0.7351215631681002,0.29335918725865523,0.6577338040073585,0.2599396741742488,0.5290856659871725,0.09594126518503787,0.4744526757155405,0.7162448830772801,0.4639536618107692,0.39752067485374304,0.4975554782147533,0.6644210212300502,0.6253086726661031,0.7387013374434446,0.2728583503206881,0.784741212151345,0.7537993669102903,0.42489103233397973,0.5867266610318368,0.5487495649579874,0.5673610765839672,0.7897131208671008,1.0,0.4674257113972721,0.31110061485937784,0.9501814746681251,0.7767198660899253,0.25535723164122703,0.5314058900545252,0.5482440875718856,0.14232917350304114,0.8456553804338819,0.6657800096123568,0.9047382290061154,0.5813321400752416,0.4442234707237442,0.4480518404348763,0.9577139163724953,0.6835297237276057,0.21152156979731185,0.22657816669152622,0.2726346144284791,0.6556538888612672,0.33890187109498,0.3145312318732495,0.5352342597656574,0.585425678251214,0.3796963821077578,0.7942044117403337,0.6504665307678285,0.31676030428081337,0.6076003911234856,0.3752133777490512,0.8859609870896105,0.5600772303153847,0.2166674953181193,0.44531729064121045,0.46187374666467795,0.579782561858831,0.29411326008054495,0.3110923283448516,0.6221680836606507,0.7898208455559423,0.46772402592021745,0.19213112580586353,0.3347751868609026,0.21462072623013312,0.7394388372362817,0.6122408392581913,0.5012264041498864,0.5041432572631299,0.47063259251893463,0.8254611445333864,0.5944911251429423,0.7325693166940122,0.5301049072739025,0.3907008733986311,0.27919753393327695,0.40052039311224913,0.9495185535060243,0.6465801554550125,0.7171232536170636,0.5678085483683853,0.1850212963423325,0.7439632741676195,0.4837087124413729,0.5086014020782578,0.8530055188186745,0.556514029069093,0.30982449162233383,0.38629244767066073,0.3333664793914384,0.4022191285901324,0.2763966920234011,0.32324864515487495,0.08762989111519913,0.5691758232652182,0.920822353701586,0.5129103896319129,0.25160344056083134,0.31168895739074237,0.3029881171381693,0.28068910654800383,0.5899998342697095,0.6143456139478612,0.7768524503223454,0.08285685874807339,0.6848389930227547,0.816685725650077,0.31748951755912425,0.15729461873746664,0.28676312169575235,0.8556240574089726,0.4907771093322727,0.6614378760005966,0.22693448681615538,0.497099719915809,0.40956098046039874,0.007830756227315668,0.39711463564195626,0.5793930956760968,0.8113077777225344,0.9163144897993005,0.4785627869205655,0.34181872420822357,0.43848920267157226,0.8027560947314342,0.8919438505775701,0.4952021080892955,0.21319544573161636,0.5197467641160775,0.35603838313528563,0.820033477518686,0.49113342945690186,0.34661661611892813,0.7361076583967252,0.2042128639851506,0.27491340592320057,0.5678168348829116,0.8523508841710999,0.6677604865841329,0.5960158438157742,0.6916173619052355,0.40774623377914787,0.2795207079998011
78,0.1432075440428247,0.3016539882994415,0.8261406387245397,0.9009347188385621,0.7101708679295315,0.15794925338504118,0.17864896667163857,0.3389350171530851,0.24414557748719734,0.37407812525895356,0.18136694343625187,0.15223984487644807,0.09949617991680339,0.2814763254279985,0.20301131937884287,0.5983112083395482,0.7390576575680737,0.1437710270306104,0.5565388886126716,0.23396145113442385,0.37402840617179606,0.5319528000132584,0.09765657369197368,0.4282636437461675,0.6673047282851886,0.6523890021379208,0.017525978223039827,0.6305788959048044,0.35191998541573444,0.8939243275493463,0.18034770214952187,0.8383135285636156,0.8675980708994183,0.23319080528348166,0.3743432937237939,0.38063275824922516,0.4710220587016689,0.5243126336200468,0.20963224448532458,0.24667296441770659,0.9195047978919108,0.3012396625731285,0.5079882000033147,0.38822320555527934,0.46520492550423437,0.45830225890385984,0.14219658927062098,0.3059298297949916,0.26577338040073584,0.1289630255721838,0.7456868691890817,0.39143008667694196,0.22434909428396224,0.7140903893004523,0.9447952402260561,0.2878900876713237,0.6970201693763569,0.2674721158786192,0.5493959130910356,0.898001292696266,0.1271068463183016,0.9312385024610949,0.28491522895639637,0.9363181358656921,0.7799516067551666,0.20219924095526937,0.7421402409718424,0.2730240806112133,0.30772800344719003,0.5017567410795671,0.5796665506554634,0.641177347983891,0.1705116094068513,0.2080743797543877,0.17317158056978071,0.8089295480534977,0.6084041830325329,0.4674257113972721,1.0000000000000002,0.7050000828651453,0.4308987553655182,0.34036858416612803,0.5604418369545402,0.21649347851306783,0.841926448897065,0.3807404829380666,0.49095941265185034,0.7729992210676346,0.4820431230215947,0.8046454200434213,0.17863239364258604,0.18442466729644177,0.5072424136959511,0.2792721125640133,0.4420772634614428,0.47020998027809546,0.1273140091814581,0.26850793019440167,0.1304131656142793,0.10312567327930525,0.8526989177812028,0.7724605976234277,0.6283912560698719,0.6447819818028141,0.27113475529922604,0.15011021064319927,0.2544788611014435,0.13286597391405228,0.3664296723512156,0.21790218598253203,0.47021826679262163,0.18285022953645239,0.1960175011186795,0.20001988763486303,0.15005220504151545,0.1435390046238751,0.8011153648552346,0.6074263743184343,0.19273604136628053,0.5077561775965793,0.7067651104592387,0.4820348365070684,0.2861830656789141,0.23919024180049386,0.15847130380019553,0.2161205853593861,0.19082185651071448,0.33185833374765905,0.24267057790152308,0.2791146687880144,0.18042228078025824,0.7560118662888016,0.5668390261688128,0.9114254462288072,0.4847196672135767,0.2719136876646945,0.28506438621786906,0.1729146986194667,0.34620229039261496,0.64982018263478,0.1787484048459537,0.9026417408309717,0.39238303584746187,0.8580437196506405,0.132857687399526,0.18313197103034523,0.1652579591972025,0.18597424551285238,0.15137804736571703,0.6863471386665341,0.1322610583536353,0.21124811481794525,0.4019953926979234,0.2233547125408111,0.5574504052105603,0.11861316892888513,0.13589055171613718,0.5655297568736637,0.1774391355508046,0.21694923681201211,0.2954473889192728,0.17052818243590379,0.2447753525911931,0.36938795803709046,0.14783970566300403,0.33929962379224055,0.6546346475745373,0.3743847262964252,0.1737019174994614,0.27202141235353583,0.5215780838263808,0.22357016191849385,0.1449891446659706,0.008394239215101344,0.19674671439699035,0.25571355176585625,0.3508841710999519,0.3924327549346193,0.17493660816387413,0.12601302640083528,0.8968660402061684,0.3616069208969323,0.41440030494373453,0.20069938182601632,0.45859228691227893,0.8721722269179137,0.14854405939773613,0.38018528646480715,0.20620162747145296,0.13163128324963955,0.28084655032400274,0.30346044846616615,0.16591259384477702,0.22656988017699997,0.3916703955982035,0.3071810934884569,0.2279868741609904,0.31618024826397517,0.10794842473358854,0.1409701851207345
79,0.1231541788892756,0.20838926730638563,0.754304844296392,0.6994729776761298,0.5036543529060806,0.14796400338089793,0.16236596562753774,0.2094167951076418,0.1855764928155919,0.23028223868476438,0.1344735577321467,0.128266958351978,0.166931835131507,0.18652115547158554,0.1624156847146953,0.4082268516216709,0.47835562405740895,0.10247932514625697,0.3051094648568919,0.175094051939873,0.5239148809227863,0.33975538209118483,0.14065529756873665,0.3120535640298977,0.4242363976864052,0.8909328958053664,0.039841561842257914,0.8127993503372613,0.18381975173602477,0.5656126220189264,0.2626162183662308,0.8535938613500389,0.7094996602529045,0.1623328195694327,0.5136561759392764,0.21844080942673894,0.2948093273007508,0.32441704370307767,0.17377649613019774,0.18138351646530437,0.635791113541822,0.19207312020417971,0.7440875718855136,0.23711861316892893,0.2812111569631582,0.7409718424236398,0.1187871857339366,0.22493743681532674,0.1690614693647558,0.10023367970964053,0.920374881917168,0.22255092063176388,0.1588193374102985,0.4363181358656922,0.6374235569034952,0.21882198909494688,0.9233828866902003,0.21525050133412885,0.7920996370506638,0.5854588243093191,0.16681582392813935,0.6670147002767695,0.16958351977991015,0.6895871658463018,0.8158239281393461,0.16906975587928208,0.4692984636802069,0.21934403951010129,0.20892789075059248,0.7692620030162914,0.3730174513995923,0.44011335951871927,0.1432904091880873,0.14938099736488838,0.110384660004309,0.5481280763685179,0.4077296607500953,0.31110061485937784,0.7050000828651453,1.0,0.3003032864316611,0.25430484429639205,0.740441505493959,0.16800079550539454,0.6071860653971727,0.5544424004375279,0.3500720926763785,0.5206831402575448,0.3400454100996039,0.5612704884071662,0.14738394736405971,0.1539054342962263,0.3297618455725153,0.20855499759691076,0.615580304612274,0.6890071098294636,0.10126120751089676,0.2007491009131739,0.11553887203964269,0.08139843219145164,0.5621820050050548,0.4774109614014153,0.5387311688957391,0.46469116160360635,0.20775949220238982,0.1411193423822072,0.17477087787334894,0.10362286415088086,0.24600175674107955,0.1336200467359419,0.7403834998922753,0.16190192081406718,0.15256301894297222,0.14491456603523425,0.14875950877541888,0.12015446063076948,0.5374384726296425,0.412312103283117,0.16496793118878336,0.8327864233746003,0.9024594375113939,0.8082583403768708,0.20335935298894578,0.17168000795505395,0.1264024925835695,0.18246904986824442,0.17114138451084707,0.23349740632095328,0.16873829529823167,0.156988017699995,0.11148676643630157,0.6314241203864831,0.8947944115746036,0.7309120137887603,0.34040173022423315,0.2279537281028854,0.19658098410646513,0.11974842141898276,0.47298596264439247,0.4217504433285272,0.11440361954954507,0.5735759624786622,0.2298927725020302,0.5733936591590846,0.09896584298712277,0.16918576708264968,0.1495798737135186,0.1717380135567378,0.14800543595352922,0.9336498781882365,0.18146638161056697,0.1860156780854837,0.2590778766635178,0.16617776230961734,0.8461028522183001,0.0900992724440246,0.10329969008435672,0.7551500687780706,0.12486948739621141,0.14467425711397272,0.19268632227912297,0.23328195694327053,0.16713071148013722,0.26686720031820216,0.13383549611362466,0.5486832728417772,0.9339067601385505,0.19465022622184655,0.13634631001508146,0.1913604799549214,0.8485225144599678,0.21520078224697126,0.11080727224514825,0.022970218266792623,0.20230696564411077,0.2279040090157278,0.19416960837932348,0.2621273140091815,0.12401597640000663,0.09728368053829199,0.7613649546727657,0.21952634282967898,0.2354447372346244,0.16178590961069955,0.6929183446858582,0.5972256749366082,0.13535192827193027,0.24470906047498303,0.16564742537993668,0.10938199174663152,0.20262185319610865,0.4820182634780159,0.16067551666418073,0.14957158719899238,0.2526226818475613,0.24335007209267637,0.18333913389350173,0.22500372893153683,0.069010092974693,0.12155488158570742
80,0.4524602661628466,0.8582508825137971,0.4837998641011618,0.4689504300701039,0.6731135749680968,0.288793317754686,0.35754652877906495,0.8094267389250733,0.6465635824259599,0.8465006049155603,0.40866603689156267,0.45764762425628536,0.04109282553572316,0.7082815426175442,0.5453603805167471,0.7931188783373937,0.6476656888579526,0.47961517426540046,0.8091532839457068,0.7005170785064387,0.14135136478894247,0.8763734897827276,0.047639172011468535,0.9547473441720944,0.7388173486468121,0.2736289961716303,0.015818956230630274,0.22642072291552728,0.8381477982730905,0.5271963406751852,0.077744079285371,0.36991000845224487,0.4238800775617759,0.634962462089196,0.1310595137473276,0.8501052387344834,0.8762409055503074,0.8649215267074363,0.5535557433832181,0.6100531994232585,0.5192744327880807,0.7476839191899103,0.22162283100482275,0.8965842987122757,0.9575896186546016,0.22415021793533205,0.44852417176287307,0.7981736521984123,0.6425860554533551,0.36857587961351695,0.3371617030444654,0.8617643646729313,0.6122408392581913,0.70272957788495,0.4673759923101145,0.7568902368285852,0.28976283995425844,0.6787069722733224,0.24909262665937454,0.5497356601866124,0.0736836871675036,0.4757702315252158,0.7258323803841629,0.46589270620991396,0.3899716601203202,0.5190506968958717,0.655007540728219,0.6346890071098295,0.7407563930459571,0.2696763287426042,0.7911632609091963,0.7360910853676726,0.44485324582774,0.603117386764779,0.5611959097764299,0.5819453421501848,0.7769104559240292,0.9501814746681251,0.4308987553655182,0.3003032864316611,1.0,0.7960771640232687,0.276520989741295,0.5392863653689985,0.5422529375693996,0.12703226768756526,0.8782545285801886,0.6455443411392301,0.8918112663451497,0.6100531994232585,0.466945093554749,0.4711960755067203,0.937909146654734,0.6938298612837468,0.19097930028671342,0.2106597722865808,0.2994332024064038,0.6614544490296492,0.3585160509786374,0.33452659142511476,0.531140721589685,0.5765839672516946,0.3742935746366364,0.778211438704652,0.6670892789075059,0.3287508908003116,0.6288304413397637,0.39426407464492286,0.8990951126137323,0.5823265218183926,0.20635078473292565,0.4655363860852848,0.4817033759260181,0.6054873299192893,0.3139760353999901,0.3167603042808134,0.6137572714164968,0.7690962727257661,0.4861366611975671,0.18074545484678234,0.31976002253931957,0.19615837186562587,0.7619035781169724,0.6268251048244088,0.5341238668191386,0.5171447985548319,0.492061519083843,0.8472629642519763,0.6108569913323058,0.7501284409751571,0.5510449294817614,0.3860604252639255,0.2616218366230796,0.40388471800991066,0.9270206665672285,0.653797709607385,0.7397454382737534,0.5603506852947513,0.1599545899003961,0.7478993685675931,0.4886640481280764,0.5182303319577719,0.8684432953810969,0.5570443659987736,0.3354795405956347,0.404531066142959,0.3494257445433302,0.41884187672980994,0.29666550655463303,0.31793698934354236,0.06624239712292215,0.584248993188485,0.9368401862808466,0.5376373489782728,0.25205091234524934,0.32996072192114556,0.32544457150433387,0.27461509140025525,0.6038963191302474,0.635600523707718,0.798198511741991,0.0622400106067386,0.7017269096272727,0.8211107244070999,0.34343459454084424,0.1438290326322942,0.2861830656789141,0.8727274233911732,0.5110210643199258,0.6896368849334593,0.22247634200102756,0.49903876431495386,0.4298049354480518,0.010383002701403736,0.4102736207096571,0.5844312965080628,0.8317257495152388,0.9193970732030692,0.48167851638243925,0.35982532027378644,0.41898274747675635,0.8157244899650309,0.9083842953976697,0.516158703326207,0.2015777523657999,0.5246358076865709,0.37573542816420563,0.8386947082318236,0.515777523657999,0.3595518652944199,0.7535176254163973,0.18894081771325344,0.29242281111718793,0.5832711844743864,0.8572482142561197,0.6729478446775716,0.6106332554400968,0.6982714330698221,0.42675549810238816,0.313495417557467
81,0.6001342415353255,0.8807404829380666,0.4101161769336582,0.3540579061635095,0.5367341188949104,0.3699100084522448,0.43746167487031606,0.91890816884602,0.8593778484893684,0.900959578382141,0.5507383284442897,0.6023633139428892,0.04489633570327649,0.8978852814928985,0.687300087837054,0.6377384444554931,0.5027842688808234,0.6488589469497339,0.6330979963207877,0.8779064949700857,0.1097631714148395,0.6838528977941299,0.05121065977228659,0.7986708430699879,0.5629940834286282,0.21779446129369068,0.020840584033543812,0.1843169426076004,0.8782793881237674,0.3878171663434926,0.08120784235734765,0.3116558113326373,0.32241170718772266,0.8170088997166012,0.10915825585442251,0.9112928619963869,0.7385438936674456,0.6786986857587961,0.7207444604650391,0.7395631349541756,0.37566913604799546,0.9128175806692189,0.19593463597341687,0.8026400835280665,0.7530452940884005,0.1959677820315219,0.5696398680786887,0.9120883673909082,0.8453819254545152,0.5236745720015248,0.26311340923780635,0.8896236265102173,0.806451880210146,0.5407116458675152,0.37176618770612707,0.9555594225956678,0.2322047100548567,0.8530800974494108,0.19734334344288107,0.40908036261787567,0.0777606523144235,0.36485523459122626,0.9177894893849748,0.35646099537612486,0.3237375495119243,0.6809194716518339,0.5067617958534281,0.8374185849947796,0.9412568985233432,0.21630288867896386,0.6321450471502676,0.5586685228459205,0.6008800278426888,0.7857935994961799,0.7390162249954424,0.4403785279835596,0.5880690763850909,0.7767198660899253,0.34036858416612803,0.25430484429639205,0.7960771640232687,1.0,0.2009811233199092,0.7346740913836822,0.4139114005866853,0.10634084091549412,0.7061767679278741,0.47091433401282756,0.8324052437063921,0.4668539418949601,0.6262533353220969,0.6367026301397105,0.7478910820530669,0.880657617792804,0.1710502328510582,0.1778948938497489,0.3934271366777706,0.8571736356253832,0.46009214604153204,0.4618488871210991,0.40869089643514145,0.42562853212681684,0.3025406453537513,0.5747857935994962,0.8649878188236465,0.4505129352491755,0.7984553936923051,0.5468685261605264,0.8762409055503074,0.7509653789423093,0.1583801521404067,0.6216791793036013,0.6506405475728799,0.784426324599347,0.3766966638492517,0.43613583254611443,0.47600225393195117,0.583958965180066,0.6470442002684831,0.14325726312998227,0.2613235221001342,0.17979250567626245,0.942143555577653,0.8269610036626394,0.7053812625333531,0.6970616019489881,0.6591673710204015,0.9233580271466215,0.8033444372627986,0.8595601518089461,0.7255589254047962,0.30353502709690255,0.20744460465039194,0.3110674688012728,0.7565256301894296,0.8707220868758183,0.9283382223769038,0.7292381378544557,0.15043338470972342,0.556671472845092,0.6786655397006911,0.3789174497422894,0.894172922985134,0.4110939856477568,0.3987056464309982,0.5505560251247121,0.436152405575167,0.5899666882116045,0.37665523127662043,0.24117900528679626,0.0698553174563715,0.7806476739753725,0.812028704486319,0.6875735428164205,0.1715722832662126,0.473350569283548,0.42015943253948523,0.2210344884734583,0.7969803941066309,0.8138931702547274,0.9286365368998492,0.0698138848837402,0.9017302242330831,0.8582343094847446,0.44791925620245615,0.11640895606489998,0.2183662307960026,0.8632393642586055,0.6895871658463018,0.8763817762972539,0.174008518536933,0.6225161172707536,0.5743217487860256,0.01609241120999685,0.4990470508294801,0.7994000563482988,0.8736389399890618,0.82844428976284,0.6233613417524322,0.5141119342382208,0.33640763022257575,0.940138219062298,0.8218730837435158,0.6875735428164205,0.1562753774507367,0.37523823729263,0.535474568686919,0.9346276869023351,0.6613467243408078,0.4831452294535873,0.937486534413895,0.16429672351215632,0.36739919455078807,0.7656905152554733,0.9069175823265218,0.848878834584597,0.8215913422496228,0.8980758713270025,0.5986426689205986,0.38414624040835943
82,0.09753227597407976,0.1688543065015993,0.7640083528066425,0.6533999569101243,0.4027577520343393,0.11717960191584217,0.1308109183115398,0.19121960920797493,0.17031273305822106,0.21472845091897447,0.12665108801935732,0.10966373324052438,0.06564576807703144,0.1782926465470094,0.14147566250683638,0.33284442897628397,0.44474552113889854,0.0942176701635758,0.34070833126170474,0.13532706872835149,0.37165846301728567,0.29883657336051306,0.0523459122623842,0.2704469745935465,0.34501731881535985,0.7068645486335537,0.0022124993785114103,0.6703955982034837,0.16500936376141467,0.48996503090869914,0.15802383201577752,0.810180811746963,0.6242231392631632,0.14759111022721622,0.3933028389598767,0.20666567228492352,0.2824458476275709,0.29918460697061605,0.1493147052486783,0.1622333813951176,0.5361374898490197,0.1870100598286349,0.6123154178889276,0.20229039261505827,0.24828054823580104,0.47446096223006673,0.10292679693067502,0.19610865277846834,0.1607583818094433,0.10281078572730738,0.6995309832778136,0.19293491771491078,0.1391305788959048,0.3963025572183828,0.5811415502411376,0.19637382124330863,0.7739438837236281,0.18410977974444387,0.5959909842721953,0.5048310379688096,0.09253550771474503,0.5837683753459619,0.16164503886375312,0.5683223122690134,0.7649944480352674,0.1436467293127165,0.3762989111519912,0.16578829612688312,0.19060640713303173,0.7859344702431265,0.3386118430865609,0.37155902484297054,0.1269162564841976,0.14214687018346345,0.11550572598153763,0.4807918593281294,0.3759343045128359,0.25535723164122703,0.5604418369545402,0.740441505493959,0.276520989741295,0.2009811233199092,0.9999999999999999,0.15775037703641095,0.49247584481015594,0.32021578083826385,0.29398896236265104,0.47388919272775487,0.3004773032367126,0.47523989459553523,0.13277482225426343,0.1355093720479292,0.2884121380864781,0.18800444157178606,0.4057657568073717,0.4966771076749697,0.10241303303004691,0.16873000878370542,0.09378677140821028,0.0745123386201296,0.49612191120171034,0.4363429954092709,0.8474618406006066,0.38417109995193827,0.17472115878619135,0.11279603573145064,0.17964334841478977,0.1022058701668904,0.24117071877227003,0.13249308076037059,0.66109812890502,0.12614561063325544,0.15244700773960457,0.13909743283779977,0.11161935066872174,0.11345067037902516,0.4633818923084572,0.33743515802383206,0.1312915361540629,0.5807437975438771,0.7900445814481513,0.6195909776429838,0.16286315649911334,0.16010374716186876,0.11815741062994084,0.14822088533121197,0.13593198428876846,0.2352127148278891,0.16166989840733192,0.13832678698685758,0.11374898490197054,0.5433136114287609,0.7647209930559008,0.6408293143737881,0.2899865758464675,0.16718871708182104,0.18688576211074098,0.11394786125060077,0.3232403586403487,0.37657236613135786,0.11732875917731485,0.48806741908218565,0.19936525298728847,0.48533286928851993,0.09548550688609359,0.1256152737035748,0.11356668158239282,0.13258423242015943,0.11220769320008617,0.7712673395316463,0.09447455211388985,0.14290094300535308,0.24925007043537345,0.1476822618870051,0.7583072308125757,0.09346359734168613,0.10221415668141665,0.5861134589568936,0.12115712888844694,0.1313495417557467,0.1963158156416248,0.12312931934569682,0.1447819818028141,0.2225012015446063,0.10953943552263048,0.36253501052387344,0.7608677638011899,0.17726511874575318,0.13577454051276952,0.18812873928968,0.7094499411657469,0.15812327019009265,0.10446808863255937,0.0006463481330482772,0.14564377931354514,0.17631216957523327,0.189628598418933,0.2415601849550042,0.12408226851621672,0.10160095460647342,0.7224929150300801,0.20851356502427948,0.20759376191186463,0.14058900545252653,0.6825850610716122,0.5288122110078058,0.10542103780307926,0.1963655347287824,0.13927144964285124,0.10054856726163841,0.17991680339415636,0.2710601766684897,0.11813255108636204,0.1379953264058072,0.23088715424518141,0.19466679925089908,0.1539965859560152,0.20207494323737552,0.07191037305888398,0.10278592618372859
83,0.8370954109282553,0.6665920880359304,0.29080694078456715,0.24012661794196125,0.3656590265002735,0.5346127711761879,0.6466298745421701,0.6937221365949056,0.8625350105238735,0.6816818309882497,0.7947761812426457,0.8416447074031721,0.04964450852682344,0.8234806675616103,0.9203665954026419,0.43586237756674795,0.32730903727274235,0.8785445565886076,0.40498682444190326,0.8082749134059232,0.10567791975339333,0.47712093339299627,0.05502245645436616,0.5383334161984786,0.37930691592502364,0.15688857952567992,0.015396343989791013,0.16286315649911334,0.6895291602446179,0.244709060474983,0.08326289795986014,0.2067319644011336,0.2273239529988896,0.8877508742272826,0.1040703359352989,0.6584050116839855,0.5045741560184955,0.4516150416811681,0.9694890535143109,0.9064535375130512,0.24753476192843765,0.7798604550953777,0.15215697973118547,0.6019987073037338,0.5354414226288139,0.14676245877459024,0.8026152239844877,0.7242247965660684,0.8649298132219625,0.776230961732876,0.19790682643066676,0.6701884353403271,0.8785279835595551,0.39375031074429473,0.23551102935083446,0.7447422065330881,0.19055668804587414,0.8529723727605695,0.164860206499942,0.2711761878718573,0.08143986476408294,0.24608462188634217,0.768615654883243,0.24468420093140422,0.22616384096521322,0.9251976333714513,0.3407331908052835,0.8909909014070503,0.7750128440975158,0.17097565422032185,0.42502361656639986,0.40598120618505446,0.8289911997215731,0.9139196871012114,0.8862924476706608,0.2618870050879199,0.40194567361076583,0.5314058900545252,0.21649347851306783,0.16800079550539454,0.5392863653689985,0.7346740913836822,0.15775037703641095,0.9999999999999999,0.31136578332421816,0.10289365087256996,0.48215913422496226,0.3011733704569184,0.5826331228558643,0.3451416165332538,0.8862758746416082,0.9087240424932466,0.5059994365170122,0.7967815177580005,0.13886541043106448,0.1512206035897181,0.6231873249473807,0.8674074810653143,0.6742322544291419,0.6758315517327101,0.3007093256434479,0.2642072291552727,0.2215565388886127,0.39699033792406235,0.8471220935050299,0.6613135782827027,0.9084837335719849,0.7809045559256865,0.6061005319942325,0.9351828833755946,0.13067004756459338,0.8691890816884602,0.900545252655828,0.8867813520277101,0.6094731434064204,0.6656971444670943,0.30824176734781816,0.4085500256881951,0.8877011551401249,0.1160940685129021,0.1889739637713585,0.12426457183579442,0.7491009131739008,0.8760668887452561,0.9204743200914831,0.9259931387659723,0.8994100001657303,0.6673958799449775,0.8874608462188633,0.7463497903511825,0.8936674455990321,0.203525083279471,0.15102172724108787,0.24571172873266048,0.5059331444008022,0.8168928885132336,0.7886441604932133,0.7579509106879465,0.13569167536750693,0.3717413281625483,0.87102868791329,0.25341818724208226,0.6492566996469945,0.2515702945027263,0.6498533286928851,0.783564527088616,0.668207958368551,0.8447604368650459,0.5591822867465487,0.18253534198445448,0.0744709060474983,0.9308241767347818,0.5864117734798389,0.9385969273604138,0.11775965793268037,0.7075937619118645,0.6497373174895176,0.17468801272808632,0.8671174530568951,0.883019274432788,0.7021992409552694,0.0651154311473508,0.7903346094565704,0.6305540363612258,0.6557533270355823,0.10620825668307396,0.17409967019672185,0.6299076882281774,0.9126684234077462,0.8423573476524305,0.13324715358226025,0.8794643597010225,0.798770281244303,0.007466149588160228,0.7374335007209268,0.9127512885530087,0.6896866040206169,0.5879033460945657,0.8693216659208803,0.7518768955401979,0.22010639884651717,0.6799333764232088,0.6040951954788776,0.9359783887701155,0.13153184507532442,0.24614262748802604,0.7715988001126965,0.6985946071363462,0.8840468022340443,0.7043040156449394,0.7561113044631167,0.14988647475099026,0.553199423258589,0.9394587248711446,0.6719451764198942,0.742894313793732,0.8766800908201992,0.811514940585691,0.8665125374964783,0.5901572780457084
84,0.20329306087273574,0.4113177215399659,0.7633537181590679,0.7767364391189777,0.8600822022241005,0.19960556190855006,0.22660302623510498,0.3978935680074247,0.33261240656954877,0.4264074644922853,0.22510316710585196,0.22805316627720051,0.09362104111768509,0.35453023749150636,0.3067419082185651,0.7453471220935051,0.8763734897827276,0.23495583287757502,0.6374732759906528,0.33687167503604637,0.2946187374666468,0.6489335255804705,0.0885662672566665,0.5455841164089561,0.7938978107028621,0.5682145875801721,0.017517691708513566,0.5020550556025125,0.39596281012280615,0.8701586038880327,0.17422396791461575,0.6760055685377617,0.7479988067419083,0.3116806708762161,0.2860670544755465,0.43351729395581634,0.6270902732892492,0.6412022075274698,0.30433053249142344,0.35158852483468406,0.8429871227564263,0.3537513051260379,0.450529508278228,0.45627206284492616,0.5516415585276521,0.4168531132435075,0.2221117353618721,0.3900213792074777,0.32251114536203784,0.18622284094864017,0.6385836689371717,0.4590977642983808,0.31179668207958366,0.822477999303933,0.8953164619897579,0.4074727787997812,0.5995458990039608,0.354107625250667,0.48171994895507053,0.8708878171663436,0.12183662307960026,0.8036676113293226,0.3445781335454681,0.8091449974311805,0.6898854803692471,0.293798372528547,0.8549445632178193,0.33945706756823946,0.37876000596629045,0.44697459354646246,0.7293375760287708,0.7786920565471752,0.24262085881436551,0.28130230862294703,0.2555229619317523,0.8950761530684963,0.7298347669003464,0.5482440875718856,0.841926448897065,0.6071860653971727,0.5422529375693996,0.4139114005866853,0.49247584481015594,0.31136578332421816,1.0,0.28488208289829137,0.6141964566863887,0.8661976499444803,0.5368004110111205,0.9181706690531829,0.25176088433683025,0.2537745073667114,0.586544357712259,0.36773065513183845,0.3651038300270141,0.41474833855383747,0.16966638492517278,0.35586436633023416,0.18651286895705926,0.1516763618886624,0.9466017003927807,0.8942723611594491,0.5969356469281891,0.729727042211505,0.3595601518089461,0.19811398929382323,0.3318500472331328,0.1988017699995028,0.45577487197335054,0.30036957854787116,0.390377699332107,0.2404663650375379,0.2748719733505693,0.2877243573807985,0.19854488804918877,0.18531961086527785,0.8715175922703392,0.7342431926283167,0.2750459901556207,0.4533303501881039,0.6212317075191833,0.4053265715374799,0.37909146654734094,0.3237044034538193,0.25674936608163873,0.29102239016224996,0.2672069474137789,0.4523691145030576,0.3261157791809609,0.33395482192280285,0.25644276504416713,0.6844743863835994,0.47847992177530285,0.8255274366495965,0.6080230033643249,0.34922686819469995,0.3635708248396559,0.26136495467276555,0.31461409701851206,0.7820895275029418,0.23827872520260523,0.918435837518023,0.4398067584812477,0.9390361126303054,0.16733787434329372,0.2346575183546297,0.2050912345249341,0.2382290061154477,0.19652297850478131,0.6047995492136098,0.1320124629178475,0.3028058138185916,0.4896418568421751,0.2722865808183762,0.4566283829695553,0.16462818409320673,0.18443295381096805,0.4874790765508212,0.2639586337194849,0.2913372777142479,0.4189164553605462,0.1391720114685361,0.32885861548915296,0.42624173420176004,0.19730191087024979,0.296027444936111,0.5483849583188319,0.4740466365037538,0.24667296441770664,0.35869835429821506,0.4616665838015214,0.28777407646795605,0.22705049801952304,0.008932862659308241,0.2598899550870913,0.34554765574504054,0.39254047962346084,0.4759442483302673,0.26571537479905205,0.18144980858151444,0.7416264770712144,0.4207146290127447,0.49129087323290077,0.2953148046868526,0.38468486385256634,0.9320920134572996,0.20391454946220522,0.42687150930575585,0.2931520243954988,0.18998491854356223,0.3693630984935117,0.3035350270969025,0.20585359386135005,0.29685609638873695,0.44409088649132406,0.3849831783755117,0.3085732279288686,0.38988050846053135,0.19489053514310814,0.18415949883160146
85,0.027453222625499263,0.08160559505460813,0.326182071297171,0.2735709905699465,0.22941215465950715,0.09379505792273654,0.10456752680687449,0.06233944878105371,0.09936359568438323,0.1088102222443196,0.08517708281542617,0.06447736952882879,0.2819155106978902,0.08449758862427287,0.09259351331642884,0.15837186562588046,0.22121679179303602,0.027693531546760804,0.12743830689935198,0.07254843467740599,0.9287442615886906,0.12444687515537216,0.21883027560947313,0.13042973864333185,0.18271764530403223,0.5809509604070336,0.03138931702547274,0.6498616152074115,0.0719269460879365,0.21781103432274315,0.3383135285636156,0.4722816089096604,0.35820116342663944,0.08512736372826862,0.955534563052089,0.09077048012065164,0.06672301496544523,0.10363115066540712,0.09867581497870367,0.08913803675897844,0.24412900445814484,0.09885811829828138,0.7072457283017617,0.07799267472115878,0.08883972223603308,0.785254976051973,0.05789787699497838,0.11788395565057426,0.08019688758514393,0.04740714960473326,0.4329372379389781,0.08859112680024527,0.05884253965097201,0.19599264157510068,0.278559472314755,0.09904870813238537,0.5790202025224149,0.08845025605329887,0.46861068297452724,0.23863504532723445,0.21332802996403652,0.29427899037107014,0.07038565438605214,0.27371186131689296,0.37140986758149785,0.09410994547473445,0.2078257843185999,0.11953297204129999,0.10663086892391323,0.7175127197997978,0.14793914383731915,0.23068827789655114,0.0757138832264373,0.07203467077677787,0.04638790831800328,0.22643729594457976,0.1634763585740566,0.14232917350304114,0.3807404829380666,0.5544424004375279,0.12703226768756526,0.10634084091549412,0.32021578083826385,0.10289365087256996,0.28488208289829137,0.9999999999999999,0.14609953761248942,0.22927957042708697,0.1830656789141351,0.23303336150748272,0.08136528613334659,0.08887286829413812,0.14513001541291704,0.11961583718656259,0.8483567841694426,0.774573658827624,0.06098874691327334,0.11050895772220289,0.06664843633470889,0.04618074545484678,0.2873928967997481,0.19233000215449378,0.19677986045509538,0.2463746498947613,0.11320207494323738,0.09633901788229836,0.08324632493080761,0.0518072888181773,0.11332637266113127,0.07270587845340493,0.7461509140025523,0.09455741725915245,0.0871824193307811,0.06381444836672799,0.0921874741046421,0.0725235751338272,0.20861300319859458,0.20727887435986675,0.09217090107558959,0.7143638442798189,0.5060160095460647,0.6779197533933278,0.06703790251744311,0.09425081622168084,0.058005601683819755,0.11591176519332438,0.1087687896716883,0.09748255688692223,0.08695039692404583,0.06550489733008502,0.04375279669865261,0.330325328560301,0.5701287724357381,0.4341636420888646,0.17444770380682478,0.1274631664429308,0.09340559174000232,0.047490014749995854,0.7257660882679526,0.1723263560881022,0.0607898705646431,0.2655330714794743,0.0880276438124596,0.26374318434180216,0.06130363446527121,0.09914814630670046,0.09610699547556308,0.10567791975339333,0.09086163178044052,0.5055519647325941,0.286688543065016,0.0973831187126071,0.09909842721954293,0.08001458426556622,0.5702779296972108,0.05138467657733805,0.05810503985813487,0.6783257926051145,0.04790434047630886,0.0812161288718739,0.06781683488291154,0.4536038051674705,0.07259815376456355,0.1525464459139197,0.07984056746051477,0.9311804968594111,0.548070070766834,0.056936641309932215,0.07131374401299326,0.09014899153118217,0.6514940585690847,0.13025572183828038,0.05591740002320224,0.012206035897180929,0.12475347619284377,0.12530038615157693,0.08018031455609141,0.10252075771888827,0.06700475645933807,0.04572498715590248,0.3520194235900496,0.0950877541888331,0.08264140937039063,0.08857455377119276,0.7633702911881205,0.25993138765972257,0.08825137970466862,0.09955418551848721,0.07897876994978371,0.05970433716170304,0.09278410315053282,0.7400520393112249,0.10901738510747609,0.07640995044664313,0.13502046769087986,0.14597523989459554,0.10675516664180712,0.12767861582061352,0.029400553539170357,0.08209449941165747
86,0.443452824872802,0.7273156664843633,0.5192827193026069,0.5127032267687566,0.7741676196158372,0.2746648104874128,0.33567013042973864,0.7437809708480418,0.5695984355060575,0.7301910870249756,0.37514708563284105,0.413265052453637,0.028895076153068498,0.608155587596745,0.5045492964749168,0.8469895092726099,0.7372263378577704,0.4521370920963224,0.8672168912312102,0.601145196307529,0.15425346790632924,0.9256368186413431,0.030767828436003248,0.8440726561593662,0.8311788395565057,0.3337476590596463,0.006579492533850412,0.25956678102056713,0.7290309749912991,0.606050812907075,0.07548186081970203,0.40462221780274776,0.47112978339051026,0.5420789207643482,0.14742537993669103,0.7313014799714944,0.9092212333648221,0.947786671970036,0.4868658744758779,0.5225310329969008,0.5602595336349625,0.6210576907141319,0.2684830706508229,0.788122110078059,0.9040918808730671,0.21889656772568322,0.39798471966721355,0.696705281824359,0.5741560184955005,0.34892855367175457,0.3705812161288719,0.737284343459454,0.57484379920118,0.8002452808299774,0.5274366495964466,0.6856593579608545,0.33430285553290573,0.6102686488009413,0.27648784368319,0.5990735676759641,0.06480883010987917,0.5332372097648288,0.6304628847014369,0.5245860885994134,0.4352326024627521,0.4764414392018429,0.7540893949187093,0.5910605081290708,0.6302805813818592,0.2894148063441555,0.9008187076351944,0.8468320654966108,0.4127181424949038,0.5591574272029698,0.5098858118298282,0.6797013540164736,0.8753459619814714,0.8456553804338819,0.49095941265185034,0.3500720926763785,0.8782545285801886,0.7061767679278741,0.29398896236265104,0.48215913422496226,0.6141964566863887,0.14609953761248942,0.9999999999999999,0.7472115878619134,0.7781451465884419,0.6949153946866868,0.43495086096885927,0.4344205240391787,0.8707883789920283,0.6178839556505742,0.20840584033543813,0.22996735113276656,0.2915278675483518,0.587944778667197,0.32902434577967815,0.301446825436285,0.5983194948540744,0.665431976002254,0.4227945441588359,0.8607285503571488,0.5834120552213328,0.3024163476358574,0.5653474535540861,0.3758845854256782,0.7541888330930243,0.49115000248595436,0.22883209864266893,0.412436401001011,0.4589651800659607,0.5208405840335438,0.29659092792389663,0.3011733704569184,0.7022738195860057,0.8685924526425696,0.4503389184441241,0.23775667478745088,0.3634548136362883,0.20425429655778188,0.6572614726793616,0.5544672599811068,0.4578879331775469,0.4661247286166492,0.44387543711364125,0.7297104691824525,0.5486584132981984,0.6445831054541838,0.48669185767082657,0.4333349906362386,0.2556224001060674,0.45550970350851017,0.8580105735925356,0.5667147284509189,0.6219277747393891,0.48322809459884974,0.16466961666583801,0.8392581912196093,0.43145395183877755,0.5656043355044001,0.7669749250070436,0.605189015396344,0.3242678864416049,0.3681449808581515,0.3277150764845291,0.39181126634514996,0.2828270272957788,0.3629244767066077,0.05252821558196191,0.5086345481363629,0.8413049603075954,0.484189330283896,0.27376986691857674,0.30737996983708715,0.3148792654833523,0.3034770214952187,0.5060823016622749,0.5611627637183247,0.6750691923962944,0.04651220603589718,0.6357994000563483,0.6804471403238369,0.3215830557350967,0.15107973284277168,0.3488705480700708,0.7673229586171464,0.45428329935862377,0.6156051641558528,0.2548600407696515,0.4434693979018545,0.4038432854372794,0.003041150831137407,0.3701668904025589,0.5313644574818939,0.7275311158620461,0.8020434544821756,0.4536866703127331,0.3416447074031721,0.49873216327748227,0.7098725534065862,0.8325212549097598,0.4799714943900297,0.23030709822834317,0.6249937851141053,0.34233248810885164,0.7102868791328991,0.4776098377500455,0.3374102984802532,0.6895043007010391,0.1733870299474635,0.280059331444008,0.5191998541573444,0.7248794312136428,0.5945076981719949,0.5310329969008436,0.6276206102189297,0.3978687084638459,0.2923730920300303
87,0.23207212582243658,0.4990056182568488,0.7087704469745936,0.7405160841246954,0.9264571835794427,0.19587663037173308,0.22589038598584665,0.4868907340194567,0.3598584663318915,0.5502825701453455,0.24614262748802598,0.22459768971975008,0.073600822022241,0.4150715126203616,0.3296789804272527,0.8538010242131956,0.9261754420855499,0.2407978256185883,0.777349641193921,0.3901042443527404,0.28097913455642287,0.7597905169127761,0.07855615770894447,0.6593745338835579,0.8834418866736274,0.5043587066408127,0.01127794627023981,0.4447703806824773,0.5243789257362568,0.8097996320787549,0.13400122640414988,0.6127131705861881,0.7015943253948524,0.34421352690631274,0.23667114138451084,0.5505643116392384,0.6996387079666551,0.7495400984437925,0.2977676129866256,0.34989807587132704,0.8039410663086892,0.40697558792820565,0.4383234723810471,0.5662589701519747,0.6725500919803112,0.3570327648784368,0.2179684780987421,0.46518835247518187,0.3878088798289664,0.19016722186313992,0.5619168365402145,0.5023699431545103,0.34838164371302144,0.9034703922835977,0.7751951474170934,0.4738394736405973,0.5322676875652563,0.42620858814365503,0.435356900180646,0.8538590298148793,0.11039294651883524,0.7585972588209948,0.43436251843749485,0.7654999254213692,0.6173867647789988,0.28513896484860535,0.9051276951888497,0.3749813553423159,0.45255970433716175,0.4092046603357696,0.8373357198495168,0.8996337360579394,0.2392731069457565,0.32382870117171314,0.2809128424402128,0.899973483153516,0.8463183015959828,0.6657800096123568,0.7729992210676346,0.5206831402575448,0.6455443411392301,0.47091433401282756,0.47388919272775487,0.3011733704569184,0.8661976499444803,0.22927957042708697,0.7472115878619134,0.9999999999999999,0.6456437793135451,0.8732246142627489,0.25191004159830294,0.25331046255324086,0.7067319644011336,0.3908085980874725,0.32023235386731635,0.4039510101261208,0.1768922255920715,0.39033626675947564,0.1839026168812874,0.15448549031306452,0.8657998972472198,0.889358458045377,0.5591740002320225,0.8411143704734914,0.39176154725799234,0.18857621107409803,0.37678781550904056,0.20084025257296279,0.5935381759724224,0.2860421949319677,0.37097068231160607,0.23952170238154427,0.274416215051625,0.31915510697890254,0.18850991895788793,0.19308407497638344,0.9138948275576327,0.8612340277432508,0.26698321152156984,0.39501814746681246,0.5374716186877475,0.35186197981405065,0.4315865360711977,0.3479921775302872,0.2531695918062945,0.28627421733870306,0.25532408558312203,0.5230033643248977,0.35119077213742356,0.45340492881884026,0.29413811962412373,0.6247783357364226,0.4278078854472232,0.7039891280929415,0.6877807056795772,0.3911069126104178,0.4190573261074927,0.27916438787517195,0.2578017534264737,0.8873365485009695,0.27463995094383403,0.84202588707138,0.5665655711894464,0.8533369793997247,0.16253998243258921,0.22976847478413628,0.20267985879779246,0.24341636420888646,0.18317340360297651,0.5416811680670877,0.11092328344851589,0.31052884535706593,0.597192528878503,0.29440328808896404,0.4217007242413696,0.17109995193821573,0.18465668970317706,0.46600871741328165,0.31166409784716353,0.33610931569963043,0.47060773297535585,0.10695404299043737,0.3899302275476889,0.5361872089361772,0.1979565455178243,0.2687316660866107,0.5485921211819884,0.5225476060259534,0.2519929067435655,0.40761364954672763,0.42757586304048795,0.3085152223271847,0.22378561129617663,0.005154212035333698,0.24677240259202177,0.34036858416612803,0.5212963423324881,0.6266593745338835,0.26448068413463927,0.1858913803675898,0.6912113226934486,0.5219841230381677,0.6068960373887535,0.28914135136478897,0.3523757437146788,0.8308639520045079,0.19586005734268053,0.5225227464823746,0.3010573592535508,0.19087157559787202,0.43539833275327733,0.2508659407679942,0.1997132865973914,0.3357861416331063,0.5673610765839673,0.40827657070882845,0.3790997530618671,0.4320257213410895,0.19058154758945292,0.18477270090654468
88,0.46447571222592354,0.8575382422645387,0.5097780871409867,0.4665390543429623,0.6541291701884353,0.2991266013689322,0.37898374185849953,0.8382803825055105,0.6959926415751008,0.885438936674456,0.4324814796400338,0.46576840849202006,0.07776065231442351,0.7426208588143655,0.5743797543877094,0.7554318102719633,0.6014849434031058,0.5067700823679544,0.7250368749896419,0.7334228276902169,0.18880823348083328,0.805846964649729,0.08644491953794395,0.9012910389631913,0.7105354745686869,0.3100979466017004,0.02519100415983029,0.2696514691990255,0.8369213941232039,0.4966522481313909,0.12563184673262734,0.43493428793980676,0.4220238983078937,0.6631366114784799,0.18710949800295,0.8818425893700592,0.8058055320770977,0.7955716866371667,0.590173851074761,0.6379953264058073,0.4930807603705729,0.7588790003148875,0.26377633039990717,0.8247899368567594,0.8623775667478746,0.2669169194053597,0.45697641657965826,0.8387692868625598,0.6828170834783474,0.38838064933127825,0.366984868824475,0.8832430103249972,0.6690448963357032,0.6925371650176503,0.47349972654502065,0.8061701387162532,0.3176469613351232,0.7207113144069341,0.29417955219675496,0.5278178292646547,0.11768507930194402,0.4726793616069209,0.7652098974129501,0.4590314721821708,0.4064618240275775,0.548641840269146,0.6344569847030941,0.6872918013225278,0.7882629808250052,0.31122491257727175,0.724978869387958,0.6881701718623112,0.46653076782843605,0.6464890037952237,0.6110061485937786,0.5203185336183895,0.7111901092162614,0.9047382290061154,0.4820431230215947,0.3400454100996039,0.8918112663451497,0.8324052437063921,0.3004773032367126,0.5826331228558643,0.5368004110111205,0.1830656789141351,0.7781451465884419,0.6456437793135451,0.9999999999999999,0.5765673942226421,0.4908351149339565,0.5037869371385008,0.8706060756724507,0.7481976830905385,0.24275344304678567,0.25824922521089183,0.30529176817646964,0.7189297137837882,0.3687498964185685,0.34717181259218755,0.5271549081025539,0.527635525945077,0.3842871111553059,0.7424385554947879,0.7182419330781087,0.3560632426788644,0.6575183546296757,0.41217123253617066,0.9120717943618556,0.6169641525381594,0.24875287956379788,0.5048558975123884,0.5090737334062547,0.6390477137506423,0.3258257511725418,0.32517940303949355,0.5767248379986409,0.710029997182585,0.5146008385952701,0.2266444588077363,0.3518288337559456,0.22778799781236017,0.7924062380881354,0.679651634929316,0.5650739985747195,0.5882679527337211,0.5348530800974495,0.8780390792025058,0.6555130181143207,0.7883955650574255,0.5693249805266909,0.41368766469447615,0.30825005386234444,0.4097101377218714,0.874890203682527,0.7227415104658679,0.7666268913969406,0.5899335421534994,0.21753757934337656,0.6972107592104609,0.5373638939989062,0.5148245744874791,0.8837070551384677,0.5542683836324765,0.3290906378958882,0.43411392300170704,0.3610351513946204,0.4545318947944116,0.30514261091499695,0.34604484661661605,0.1116442102123005,0.6397189214272693,0.8919935696647275,0.5481280763685179,0.27021495218681124,0.3638525663335488,0.34073319080528347,0.314547804902302,0.6431743979847196,0.6774474220653308,0.8344105802217471,0.11330151311755249,0.7453968411806626,0.8817928702829015,0.35250832794709885,0.20403884718009907,0.3239944314622384,0.8557152090687616,0.542617544208555,0.7253351895125872,0.2664031555047316,0.560723578448433,0.4480269808912975,0.012421485274863685,0.43543976532590867,0.6442267853295547,0.8441389482755762,0.9090140705016655,0.502519100415983,0.37890916322776313,0.42145212880558175,0.8694708231823529,0.8570659109365419,0.552818243590381,0.2458443129650806,0.4993122192943204,0.4074396327416762,0.8791826182071296,0.536783837982068,0.37545368667031276,0.7969058154758945,0.2317738112994912,0.30799317191203035,0.6234193473541159,0.900329803278145,0.7538490859974478,0.6704536038051675,0.7668257677455708,0.45820282072954477,0.32480650988581183
89,0.25116425529093955,0.5061237342349061,0.7666434644259932,0.7938812376738096,0.8659573410232189,0.2502527386930509,0.27808714098675813,0.4653623692802334,0.39693233232237857,0.4863355375461973,0.2684499245927178,0.2701735196141799,0.07650110210643199,0.4023682858516051,0.33537181590679327,0.7405740897263793,0.8770861300319859,0.2663617229321003,0.6834882911549744,0.4079036775551468,0.2783771689951773,0.6948656755995294,0.07226669318351314,0.6039708977609838,0.7642735212714828,0.5134655861051725,0.009860952286249357,0.5013092692951491,0.4843136280017899,0.8667694194467924,0.13647889424750162,0.6869769137705297,0.7480070932564344,0.35826745554284956,0.2630222575780175,0.4904953678383798,0.640986758149787,0.6832562687482392,0.3254362849898076,0.4055585939442151,0.8381312252440378,0.3925653391670396,0.408931205356403,0.5313478844528414,0.595087754188833,0.3626344486981885,0.2574868658744759,0.4410663086892391,0.3751636586618936,0.23906594408259996,0.6067717396708596,0.5030162912875586,0.35793599496179923,0.823696116939293,0.8421667578183265,0.47843020268814523,0.5984023599993371,0.41248612008816854,0.44649397570393945,0.8677555146754172,0.11096471602114719,0.8093190142362321,0.4196042360662258,0.8108188733654851,0.6573940569117818,0.31516929349177153,0.8171166244054426,0.3779230679991382,0.44855731782097813,0.4110525530751255,0.7604451515603508,0.8102471038631731,0.29156930012098314,0.3300850196390394,0.2889921941033162,0.885347785014667,0.7359336415916737,0.5813321400752416,0.8046454200434213,0.5612704884071662,0.6100531994232585,0.4668539418949601,0.47523989459553523,0.3451416165332538,0.9181706690531829,0.23303336150748272,0.6949153946866868,0.8732246142627489,0.5765673942226421,1.0,0.29273769866918575,0.3011982300004972,0.6352939226702464,0.41616533253782795,0.33117883955650573,0.37381295679411325,0.22448167851638245,0.391048907008734,0.233041648022009,0.19990387643149538,0.8712109912328676,0.8617892242165099,0.5796416911118846,0.731226901340758,0.3931453951838777,0.24510681317224348,0.3957639337741759,0.24242198246573526,0.502933426142296,0.32084555594225955,0.35801886010706174,0.31711662440544264,0.3159565123717662,0.3230746283498235,0.24694641939707318,0.24264571835794424,0.8925239065944082,0.7493163625515836,0.3072971046918245,0.4418038084820763,0.5645602346740914,0.36427517857438807,0.44867332902434576,0.35561577089444635,0.2747393891181491,0.32211339266477734,0.29302772667760485,0.5215780838263809,0.36645453189479443,0.39046056447736954,0.3216327748222543,0.6921145527768111,0.44830043587066415,0.7698834916057608,0.6046089593795059,0.39683289414806344,0.45770562985796914,0.30529176817646964,0.2605694492782446,0.7696514691990255,0.2682344752150351,0.8983990453935267,0.5022124993785114,0.9092543794229272,0.2241999370224896,0.29587000116011203,0.25644276504416713,0.2796615787467476,0.2458277399360281,0.5561742819735164,0.11448648469480768,0.33015959826977576,0.5649497008568256,0.34922686819469995,0.43990619665556274,0.21862311274631666,0.23787268599081854,0.4663318914798057,0.3032035665158521,0.32263544307993175,0.4820679825651734,0.1277449079368236,0.39692404580785234,0.4921526707436318,0.25245695155703607,0.27150764845290776,0.5875801720280416,0.5221664263577455,0.3137937320804124,0.41816238253865656,0.4255042344089229,0.33919189910339914,0.2695934635973417,0.0036626394206069044,0.29824823082914864,0.3733489119806427,0.4628847014368816,0.5424103813453984,0.29062463746498945,0.23309136710916656,0.7744659341387826,0.49505295082782286,0.5514841147516532,0.313147383947364,0.3519779910174182,0.8925984852251445,0.24402127976930343,0.49438174315119576,0.3329272941215466,0.24774192479159418,0.4257776893882894,0.253409900727556,0.25248181110061485,0.32608263312285585,0.5258207792638261,0.40783738543893666,0.3439400719269461,0.422893982333151,0.2312600473988631,0.23179867084307
90,0.8860852848075043,0.5728881817729825,0.26241734201760053,0.2142478330764514,0.2967898042725269,0.6061336780523376,0.730307098228343,0.598302921825022,0.7536170635907125,0.5924029234823248,0.8812625333532208,0.918369545401813,0.04120055022456455,0.7280365932481481,0.9062960937370523,0.3624272858350321,0.2745322262549927,0.9046305043172741,0.36681913853394993,0.7213659490545087,0.08755531248446279,0.40101758398382475,0.043280465370655795,0.45149074396327415,0.30585525116425527,0.13167271582227086,0.010184126352773496,0.14280150483103798,0.6110807272245149,0.21293027726677605,0.07321964235403305,0.15978057309534463,0.19856146107824124,0.7960357314506372,0.08506107161205853,0.5653557400686122,0.4350337261141219,0.3911897777556804,0.9027246059762343,0.8695371152985631,0.20748603722302325,0.6751354845125044,0.13443212515951541,0.5337344006364043,0.4427981902252275,0.12878900876713237,0.8818923084572168,0.6193258091781435,0.780183629161902,0.8574719501483286,0.17773745007374997,0.5973831187126071,0.7917184573824558,0.31614710220587017,0.19262003016291285,0.6720031820215782,0.16203450504648734,0.7569150963721639,0.14102819072241835,0.2379638376506074,0.07104857554815293,0.19711132103614581,0.6748537430186115,0.19551202373257762,0.19571090008120784,0.9179055005883426,0.27496312501035813,0.794850759873382,0.6613052917681765,0.15052453636951224,0.3550522879066607,0.3611511625979881,0.9082848572233547,0.826182071297171,0.8379074893518289,0.21700724241369596,0.3257843185999105,0.4442234707237442,0.17863239364258604,0.14738394736405971,0.466945093554749,0.6262533353220969,0.13277482225426343,0.8862758746416082,0.25176088433683025,0.08136528613334659,0.43495086096885927,0.25191004159830294,0.4908351149339565,0.29273769866918575,0.9999999999999999,0.9579956578663883,0.4270289530817547,0.7056381444836672,0.12109912328676314,0.1352856361557202,0.7085881436550159,0.7672152339283052,0.7534513333001873,0.7597656573691975,0.2426622913869968,0.23674572001524719,0.19283547954059566,0.29035118248562286,0.746623245330549,0.7397040057011219,0.8135534231591508,0.8511659125938447,0.5327483054077794,0.8739206814829548,0.11142047432009149,0.9419446792290227,0.947852964086246,0.8192379721241652,0.6559687764132651,0.7547854621389152,0.24784964948043553,0.3524006032582575,0.9195047978919108,0.10755067203632808,0.17008899716601206,0.11022721622831005,0.668017368534447,0.7833656507399858,0.896683736886591,0.9011833142743501,0.9361772651187458,0.581663600656292,0.8048111503339466,0.6720031820215782,0.8687498964185684,0.1788727025638476,0.1287392896799748,0.2127811200053034,0.4228691227895722,0.7093339299623792,0.691128457548186,0.689529160244618,0.11759392764215515,0.31219443477684417,0.8875188518205472,0.20838926730638557,0.5846135998276405,0.205215532242828,0.7251860322511146,0.8561875403967584,0.7419165050796335,0.8957390742305971,0.6339183612588873,0.15926680919471653,0.06325925189346857,0.833358192876912,0.49402542302656655,0.9347519846202291,0.10230530834120552,0.7931188783373937,0.7252688973963772,0.14806344155521306,0.7955882596662192,0.8087638177629725,0.6197567079335091,0.053033692968063775,0.7035665158521023,0.5448631896451714,0.7354281642055719,0.08991696912444688,0.1415088085649414,0.5644442234707238,0.9251147682261889,0.7572299839241619,0.11345067037902518,0.8994597192528879,0.8731500356320125,0.004466431329654121,0.8083743515802383,0.7989525845638807,0.6075175259782231,0.49373539501814745,0.9138865410431065,0.8370208322975191,0.1781020567129054,0.58319660584365,0.5356734450355491,0.9462950993553091,0.11453620378196523,0.20192578597590283,0.8620212466232453,0.5908616317804405,0.9116326090919638,0.7984968262649363,0.6687714413563368,0.12730572266693185,0.6269576890568289,0.8617726511874576,0.572067816834883,0.644491953794395,0.7749548384958319,0.7114552776811018,0.8891844412403256,0.6684814133479176
91,0.8870796665506554,0.5798157079169359,0.2643729594457979,0.21206019324151873,0.2982067982565173,0.6122739853162963,0.7247634200102754,0.6082881718291653,0.7751454283299358,0.5974991299159748,0.8729262997398035,0.8912975024445218,0.047224846285155546,0.7317240922123336,0.9061800825336848,0.3682029864598353,0.2709193059215433,0.8864084588740284,0.36575017816006233,0.729727042211505,0.09479772618041399,0.39836589933542155,0.050580884668290825,0.4535457995657866,0.3182104443229089,0.13739041084539022,0.012537496478231325,0.14735908782048093,0.6124397156068214,0.20508294801040783,0.08017202804156516,0.166517509405194,0.20127943784285451,0.8154758945292431,0.0924775021130612,0.5756475911102272,0.4293988962362651,0.3859444140605579,0.894587248711447,0.8586569217255837,0.2064419363927145,0.6876564079616831,0.13978521354347934,0.5284144583105455,0.44875619416960844,0.13608942806476743,0.8698851489086661,0.6426937801421966,0.779835595551799,0.8551682991100283,0.177961185965959,0.5936376141467377,0.7993669102901938,0.3183678880989078,0.19281061999701685,0.6690200367921244,0.16439616168647142,0.7678947281194585,0.14602495898175308,0.22739853162962592,0.07769436019821344,0.19752564676245876,0.683828038250551,0.20250584199274102,0.19938182601634102,0.9012247468469813,0.2787583486633852,0.8076037057292962,0.6776131523558561,0.15838843865493296,0.35560748437992007,0.36560102089858965,0.8767961020235668,0.843741195578316,0.8502958285685875,0.21332802996403652,0.32291718457382457,0.4480518404348763,0.18442466729644177,0.1539054342962263,0.4711960755067203,0.6367026301397105,0.1355093720479292,0.9087240424932466,0.2537745073667114,0.08887286829413812,0.4344205240391787,0.25331046255324086,0.5037869371385008,0.3011982300004972,0.9579956578663883,1.0000000000000002,0.4270040935381759,0.7310528845357067,0.12752945855914086,0.13947032599148146,0.6914019125275528,0.7820812409884155,0.7513548451250436,0.7542882712673395,0.24193307810868594,0.22104277498798455,0.19710303452161954,0.3050680322842606,0.7701403735560749,0.7288735312153002,0.8314357215068198,0.823762409055503,0.5571438041730887,0.883019274432788,0.11883690482109416,0.9453752962428943,0.9220156117933674,0.8338885298065928,0.6521072606440279,0.733804007358425,0.24637464989476127,0.35921211819884324,0.9051608412469547,0.11484280481943684,0.1734533220636736,0.1177762309617329,0.6757818326455527,0.7982565173436749,0.8976946916587945,0.9082599976797758,0.9318765640796168,0.5832546114453339,0.8170669053182851,0.6695669467508576,0.8736969455907456,0.18219559488887788,0.13628830441339762,0.21357662539982433,0.4252887850312402,0.7317572382704387,0.7008651121165416,0.6874160990404217,0.12516780191915677,0.31516100697724525,0.8990205339829962,0.2112232552743665,0.5853262400768988,0.2093422164769055,0.7271913687664695,0.8525829065778352,0.7309617328759177,0.8834916057607848,0.6393957473607451,0.16466961666583801,0.07061767679278741,0.8498483567841695,0.4887137672152339,0.9068844362684167,0.10627454879928405,0.7879729528165863,0.7154079451101278,0.1539551533833839,0.8104459802118033,0.8113740698387444,0.6194252473524586,0.06060756724506537,0.7077594922023898,0.5477220371567312,0.7283763403437247,0.09741626477071215,0.14488970649165547,0.5589751238833922,0.9303932779794164,0.7565173436749035,0.12105769071413183,0.870266328576874,0.8620792522249292,0.0058585657700657955,0.8134705580138881,0.8233397968146638,0.6113376091748289,0.5011435390046238,0.8883806493312784,0.8281211156963159,0.1792207361739505,0.6032416844826729,0.5428661396443427,0.9146074678068911,0.12187805565223156,0.20433716170304447,0.8412220951623328,0.611818227017352,0.8936923051426109,0.7805316627720047,0.6853859029814879,0.13504532723445864,0.6330648502626826,0.8613500389466182,0.593844777009894,0.6526127380301299,0.7947016026119093,0.7221697409635559,0.8850826165498269,0.668141666252341
92,0.41206350784732926,0.816909461542286,0.5097780871409867,0.5021959263494589,0.7143224117071876,0.2530370075738743,0.3162631134092378,0.761729561311921,0.6120833954821923,0.798099073567676,0.37031604766403153,0.39657601219774935,0.055851107906992166,0.6715142776645286,0.522315583619218,0.8525746200633091,0.7081572448996503,0.4369396244551617,0.8477684416380782,0.6527204627189711,0.18923084572167254,0.9044730605412752,0.06272891496378794,0.9248661727904008,0.8046868526160527,0.2996486517840866,0.010233845439931055,0.25706425363363666,0.7803327864233746,0.5494787782362982,0.10082202224100499,0.4202920167719054,0.4708563284111437,0.5793930956760968,0.14734251479142843,0.7997729495019805,0.8902451150996868,0.9034289597109664,0.5026848307065082,0.5561908550025688,0.5267074363181359,0.6597805730953447,0.25285470425429657,0.8572399277415933,0.9391189777755682,0.2533850411839772,0.40376042029201686,0.7556306866205937,0.6061502510813901,0.33270355822933756,0.37523823729262995,0.8057392399608877,0.5887485705762442,0.7467972621356005,0.5054276670147003,0.7210759210460896,0.3190142362319561,0.6309020699713287,0.2739936028107857,0.5695570029334261,0.09257694028737633,0.5050299143174397,0.6912361822370274,0.49408342862825044,0.43455310827159876,0.473541159117652,0.7000778932365468,0.6005899998342697,0.7090936210411177,0.2942292712839126,0.8334161984785958,0.7876414922355359,0.4036692686322279,0.5662092510648171,0.5314141765690515,0.6347884452841446,0.8266958351977992,0.9577139163724953,0.5072424136959511,0.3297618455725153,0.937909146654734,0.7478910820530669,0.2884121380864781,0.5059994365170122,0.586544357712259,0.14513001541291704,0.8707883789920283,0.7067319644011336,0.8706060756724507,0.6352939226702464,0.4270289530817547,0.4270040935381759,1.0000000000000002,0.6673710204013987,0.2310943171083379,0.24782478993685678,0.26559107708115814,0.6299656938298613,0.3202240673527901,0.2903346094565704,0.5775286299076883,0.6488009413480502,0.4249987570228211,0.8281128291817896,0.6279023517128226,0.3076037057292962,0.5823762409055504,0.35902981487926555,0.8553754619731848,0.5267571554052934,0.22166426357745406,0.45271714811316066,0.445300717612158,0.5591491406884437,0.2622847577851804,0.30321185303037834,0.6563085235088417,0.821914516316147,0.44438920101426943,0.19276090090985928,0.35431478811382355,0.19327466481048738,0.7107177778882647,0.584630172856693,0.4807752862990769,0.48216742073948854,0.44555759956247204,0.792141069623295,0.5770480120651651,0.7010639884651719,0.4991299159747427,0.43692305142610915,0.30128109514575974,0.43766883773347254,0.9626609655446725,0.6162763718324797,0.6759641359651303,0.5513266709756541,0.1845655380433882,0.7975521636089428,0.4539601252920996,0.5491556041697742,0.8228508924576144,0.5886491324019291,0.30336101029185103,0.3761083213178873,0.2943452824872802,0.3817762972538491,0.2619947297767613,0.33157659225376623,0.08446444256616784,0.5365766751189115,0.8868559306584465,0.47769270289530824,0.28142660634084093,0.2953645237740102,0.3016291287558627,0.2957788495003232,0.5673030709822834,0.5938364904953678,0.7429688924244684,0.0805366346807206,0.6708347834733754,0.7773164951358159,0.3179287028290161,0.1620427915610136,0.31410033311788393,0.8271847395548484,0.48532458277399365,0.6472513631316396,0.2462006330897098,0.4633570327648784,0.39038598584663314,0.004275841495550142,0.380500174016805,0.5514012496063906,0.7810122806145279,0.9007607020335107,0.44385886408458874,0.3266709756542203,0.46242065662341103,0.7746316644293078,0.8830441339763668,0.47315169293491777,0.23092858681781267,0.5603672583238037,0.3384212532524569,0.7856610152637599,0.4808581514443396,0.3288420424601004,0.7238270438688079,0.19730191087024976,0.2597407978256186,0.5391620676511046,0.8051343244004707,0.6383599330449626,0.5633918361258887,0.6603523425976565,0.3890021379207478,0.26519332438389764
93,0.6629128755862709,0.8097499129915975,0.3495583287757503,0.3139511758564113,0.45093554749001474,0.4337410298480254,0.522564179055006,0.8305987835396677,0.8952087373009164,0.8402442864482342,0.626195329720413,0.656797427865891,0.05638973135119907,0.9256948242430267,0.7647375660849532,0.5374467591441687,0.41148345183049106,0.7091184805846964,0.5430401564493943,0.8929548053497737,0.12404083594358539,0.5877127562604617,0.06054127512885529,0.717521006314324,0.504524436931338,0.19165050796334043,0.014965445234425495,0.18981090173851073,0.8359933044962627,0.3152604451515604,0.09601584381577422,0.26233447687233796,0.2951739339399062,0.8715507383284442,0.119947297767613,0.8299938679792506,0.6563582425959993,0.5846881784583768,0.8094350254395994,0.81187126071032,0.31995889888794976,0.928818840219427,0.18202986459835266,0.7562273156664844,0.6621090836772237,0.18446609986907306,0.6400918145809509,0.8893004524436932,0.9057491837783191,0.5989824160161753,0.25582127645469765,0.8243093190142363,0.853403271515935,0.4618903196937304,0.32550257710601765,0.8994348597093091,0.22859178972140737,0.8918609854323074,0.2069142677207113,0.34382406072357846,0.09205488987222193,0.3180695735759625,0.9157012877243574,0.29441157460349027,0.28044879762674224,0.7518023169094616,0.4436682742504848,0.8898390758878999,0.9352988945789622,0.2036410944828386,0.5183463431611396,0.4849765491638907,0.6707519183281129,0.8742935746366364,0.8132053895490478,0.33761746134340975,0.49261671555710235,0.6835297237276057,0.2792721125640133,0.20855499759691076,0.6938298612837468,0.880657617792804,0.18800444157178606,0.7967815177580005,0.36773065513183845,0.11961583718656259,0.6178839556505742,0.3908085980874725,0.7481976830905385,0.41616533253782795,0.7056381444836672,0.7310528845357067,0.6673710204013987,1.0,0.16921891314075474,0.18628913306485026,0.4649811896120254,0.8895407613649546,0.5354828552014452,0.5210974659838579,0.36899849185435624,0.3666368352143722,0.2706209913985979,0.49453090041266845,0.8908831767182088,0.5191087024975554,0.8660319196539552,0.6101774971411525,0.7862576443096505,0.8093604468088632,0.15943253948524172,0.6823530386648768,0.7344006364043156,0.8575796748371699,0.4630752912709856,0.5138053332007491,0.3910406204942077,0.49775435456338357,0.7081655314141766,0.1426523475695653,0.2376158040405045,0.1620013589883823,0.8742355690349525,0.8641591673710204,0.7818243590381014,0.7790898092444356,0.7269759193887867,0.8458956893551435,0.8827706789970002,0.8867067733969738,0.7878072225260612,0.25900329803278144,0.18919769966356748,0.2867382621521735,0.6755249506952387,0.9216344321251595,0.9193970732030693,0.8149538441140887,0.1609489716435473,0.49516067551666415,0.7424054094366828,0.327391902418005,0.8197351629957407,0.3318997663202904,0.49175491804637134,0.6169061469364756,0.5246275211720446,0.6473176552478497,0.46276869023351397,0.2271830822519432,0.08324632493080761,0.8459951275294586,0.7230729710469183,0.7498301264522117,0.15636652911052554,0.5440345381925454,0.5054028074711215,0.21375892871940202,0.8698022837634034,0.8715590248429705,0.8245496279354977,0.07555643945043836,0.927675301214803,0.8149952766867201,0.5303452161951641,0.12747145295745702,0.20720429572913043,0.7856693017782861,0.7614063872453969,0.909279238966506,0.1636420888645818,0.7127728334907771,0.6389814216344322,0.00704353734732097,0.5908699182949668,0.8780556522315582,0.8408989210958087,0.7317655247849649,0.6991166575515007,0.5857654253467907,0.2812443030212632,0.8550357148776081,0.743780970848042,0.7607186065397173,0.1600374550456587,0.30796831236845157,0.6078987056464309,0.8597507416430501,0.7247799930393277,0.565281161437876,0.9092295198793482,0.17124082268516216,0.4593132136760636,0.8217322129965694,0.8326289795986012,0.9246341503836657,0.8895739074230598,0.9231425777689388,0.6899683455145098,0.47546363048774426
94,0.05725152886193009,0.13477187225509207,0.4152289563963606,0.3684681549246756,0.29697210759210463,0.11522398448764481,0.12943535690018063,0.1232370440345382,0.14287608346177433,0.1658131556704619,0.11442847909312386,0.09122623841959594,0.33533038333416193,0.13967748885463796,0.11655811332637267,0.22318069573575966,0.28860272792058206,0.06376472927957043,0.18768126750526193,0.10927426705779014,0.8514973731748953,0.19454250153300517,0.25866355093720483,0.18409320671539137,0.265491638906843,0.6528530469513913,0.016241568471469528,0.7314423507184408,0.12626990835114935,0.31203699100084525,0.4021528364739223,0.5069275261439533,0.42305142610915,0.12443030212631963,0.8154758945292432,0.1545103498566433,0.14576807703143907,0.20239811730389967,0.13410895109299126,0.13800361292033345,0.34159498831601454,0.14811316064237062,0.7571388322643728,0.12410712805979549,0.1706773396973765,0.9193059215432804,0.08235138136197152,0.16884601998707305,0.12854869984587083,0.08393410563648718,0.5079882000033147,0.16253998243258921,0.10461724589403205,0.2731980974162648,0.35783655678748405,0.1427932183165117,0.697848820828983,0.13970234839821674,0.534173585906296,0.33008501963903947,0.2674804023931454,0.367366048492683,0.12260726893054244,0.3668357115630023,0.4523276819304264,0.1289630255721838,0.26634514990304775,0.15179237309203003,0.1593745338835579,0.8402857190208654,0.22549263328858613,0.29108868227845996,0.10585193655844478,0.11987271913687664,0.08586486352110576,0.2987537082152505,0.24494108288171826,0.21152156979731185,0.4420772634614428,0.615580304612274,0.19097930028671342,0.1710502328510582,0.4057657568073717,0.13886541043106448,0.3651038300270141,0.8483567841694426,0.20840584033543813,0.32023235386731635,0.24275344304678567,0.33117883955650573,0.12109912328676314,0.12752945855914086,0.2310943171083379,0.16921891314075474,1.0,0.8853312119856147,0.08954407597076516,0.15447720379853827,0.08835910439351,0.06390560002651685,0.3771607086627223,0.29019373870962395,0.280664247004425,0.30599612191120173,0.15762607931851705,0.11432075440428248,0.1414756625068364,0.08738958219393758,0.17220205837020833,0.1140224398813371,0.7902848903694129,0.11989757868045542,0.12530867266610318,0.10924112099968511,0.10997033427799599,0.10149322991763204,0.28590961069954757,0.2572216974096355,0.12443858864084588,0.7737450073749979,0.5975985680902899,0.6865294419861118,0.12104940419960555,0.13619715275360877,0.09826148925239066,0.14709391935564065,0.13602313594855733,0.1530602098145478,0.1277697674804024,0.10936541871757902,0.08095924692155984,0.40036294933625016,0.6316810023367971,0.5111453620378197,0.21629460216443758,0.16708927890750594,0.14238717910472498,0.08691725086594076,0.7322378561129619,0.25427998475281327,0.09544407431346227,0.3590629609373705,0.1569051525547324,0.33637448416447074,0.08698354298215084,0.12922819403702412,0.11575432141732545,0.13013971063491275,0.10803957639337743,0.5820282072954474,0.33767546694509354,0.12711513283282785,0.1634763585740566,0.11856344984172756,0.633586900677837,0.08065264588408824,0.08734814962130628,0.6966224166790965,0.09076219360612539,0.11728732660468354,0.12467889756210741,0.39710634912743004,0.11735361872089362,0.18534447040885663,0.10090488738626759,0.8475447057458692,0.6256898523343112,0.1359236977742422,0.11158620461061669,0.14500571769502313,0.6983294386715059,0.15291105255307513,0.08472132451648189,0.003637779877028124,0.14806344155521303,0.16115613450670377,0.1428760834617743,0.17266610318367887,0.10383831352856362,0.08143157824955666,0.4430799317191203,0.16210908367722368,0.16066723014965445,0.12633620046735944,0.8643000381179669,0.3448101559522034,0.10813901456769254,0.15551301811432078,0.11982300004971909,0.08181275791776463,0.14948872205372976,0.8159979449443975,0.12674223967914616,0.1175856411276289,0.1765939110691261,0.18277565090571604,0.13381063657004594,0.17536750691923964,0.05890054525265583,0.09903213510333284
95,0.07338537264455824,0.15756807371683323,0.47322627156565406,0.45033063192959777,0.3556737764961302,0.12005502245645437,0.13554251810603424,0.1427766452874592,0.15926680919471653,0.1764116077495484,0.12230066789307083,0.10484098178624109,0.2303070982283432,0.15786638823977858,0.1394206069043239,0.28585989161239,0.36946253666782675,0.08308888115480867,0.22525232436732462,0.1235933641591674,0.7571471187788992,0.24795737416927693,0.15172608097582,0.2056795770562986,0.2953065181723264,0.7433334990636239,0.00716783506521487,0.8563781302308623,0.14220487578514726,0.38596927360413663,0.2770016075838181,0.5651900097780871,0.4970582873431777,0.14010010109547721,0.7752448665042511,0.16602031853361837,0.17808548368385288,0.2160045741560185,0.1492815591905733,0.1560682145875802,0.40941182319892605,0.15704602330167886,0.9256782512139743,0.14551119508112498,0.19985415734433784,0.962611246457515,0.0952534844793583,0.1865708745587431,0.1545269228856958,0.09383649049536785,0.633172574951524,0.1834717181259219,0.129286199638708,0.30775286299076887,0.5020136230298813,0.1792704552611081,0.7463415038366563,0.15672284923515473,0.7887187391239496,0.4035946900014916,0.18120121314572665,0.4510018396062248,0.14231260047398864,0.44767894728119456,0.5616599545899004,0.14388703823397803,0.3365567874840485,0.16090753907091598,0.17424054094366825,0.9123038167685908,0.2714745023948027,0.3095924692155986,0.12164603324549629,0.13243507515868674,0.1038383135285636,0.37711098957556466,0.31128291817895554,0.22657816669152622,0.47020998027809546,0.6890071098294636,0.2106597722865808,0.1778948938497489,0.4966771076749697,0.1512206035897181,0.41474833855383747,0.774573658827624,0.22996735113276656,0.4039510101261208,0.25824922521089183,0.37381295679411325,0.1352856361557202,0.13947032599148146,0.24782478993685678,0.18628913306485026,0.8853312119856147,1.0,0.09894098344354398,0.16940950297485874,0.09437511393957473,0.0723164122706707,0.479822337128557,0.33722799516067553,0.3543313611428761,0.35768739952601136,0.17264124364010008,0.11881204527751538,0.15949054508692553,0.09694393344271532,0.18224531397603538,0.12463746498947613,0.9364507200981123,0.12784434611113876,0.14726793616069211,0.13171414839490214,0.11563002369943154,0.11122988448598752,0.36952054226951064,0.27459851837120275,0.13635459652960774,0.862327847660717,0.6692852052569649,0.8266046835380104,0.14125192661462735,0.15746034902799186,0.11448648469480766,0.151154311473508,0.14044813470558015,0.17491174862029535,0.14527088615986344,0.13013971063491275,0.09948789340227715,0.44003049437345654,0.7567245065380599,0.5425761116359238,0.2342266195992642,0.17156399675168632,0.16265599363595687,0.11129617660219758,0.6187623261903579,0.30854836838528976,0.10848704817779545,0.3973135119905865,0.16999784550622316,0.4355972091019076,0.0944248330267323,0.13178872702563849,0.11759392764215516,0.1346807205953032,0.11391471519249574,0.6758646977908153,0.20525696481545933,0.14506372329670697,0.18708463845937123,0.13543479341719286,0.7763635459652961,0.08883143572150681,0.10107061767679279,0.8878005933144402,0.1139810073087058,0.13115895192164273,0.1469364755796417,0.39072573294220997,0.13920515752664114,0.19529657435489484,0.10850362120684798,0.8488456885264919,0.7221531679345035,0.1614461625151229,0.126609655446726,0.16605346459172343,0.8111917665191667,0.16060093803344436,0.09527834402293707,0.002759409337244568,0.15052453636951227,0.1722683504864184,0.15912593844777012,0.19231342912544125,0.11640895606489998,0.09123452493412221,0.4923681201213146,0.17637846169144336,0.17122424965610963,0.14304181375229952,0.9519713618057972,0.42818906511543114,0.10866106498284692,0.16778534612771176,0.13487959694393342,0.09275095709242778,0.16529110525530752,0.7021495218681117,0.12641077909809578,0.13471386665340823,0.19070584530734686,0.19652297850478131,0.14185684217504435,0.18517874011833144,0.06541374567029616,0.10364772369445965
96,0.7395134158670179,0.3964765740234343,0.1680670876216046,0.14197285337841198,0.20922620527353786,0.8588972306468453,0.8760254561726247,0.3934519962213494,0.5136064568521188,0.393120535640299,0.8126501930757886,0.7508493677389416,0.03051923300021545,0.47252191783092196,0.677223686173122,0.2093836490495368,0.18251048244087573,0.6854107625250667,0.2172392648204312,0.4664064701105421,0.06680588011070783,0.2571554052934255,0.03148046868526161,0.29276255821276453,0.19059812061850542,0.09645502908566599,0.007374997928371368,0.09623957970798323,0.4081191269328295,0.13919687101211486,0.05897512388339217,0.11512454631332969,0.14339813387692868,0.5240474651552064,0.060367258323803845,0.35471254081108405,0.27426705779015226,0.24326720694741377,0.6337609174828883,0.5847793301181657,0.1390062811780109,0.454606473425148,0.1028273587563599,0.3741858499477949,0.27098559803775335,0.10242960605909943,0.795041349707486,0.4107708115812328,0.5125374964782313,0.8225857239927742,0.1280349359452427,0.3867647789986576,0.5428909991879216,0.20955766585458824,0.13047117121596313,0.42594341967881466,0.11831485440593978,0.5198544888049188,0.10673030709822834,0.15405459155769902,0.056323439234988976,0.1361142876083462,0.45038035101675533,0.13464757453719817,0.14459139196871013,0.6853278973798042,0.16047664031555048,0.512239181955286,0.42640746449228517,0.11098957556472597,0.23881734864681217,0.23133462602959942,0.7357181922139909,0.590049553356867,0.6213642917516035,0.14616582972869951,0.19188253037007574,0.2726346144284791,0.1273140091814581,0.10126120751089676,0.2994332024064038,0.3934271366777706,0.10241303303004691,0.6231873249473807,0.16966638492517278,0.06098874691327334,0.2915278675483518,0.1768922255920715,0.30529176817646964,0.22448167851638245,0.7085881436550159,0.6914019125275528,0.26559107708115814,0.4649811896120254,0.08954407597076516,0.09894098344354398,0.9999999999999999,0.4938431197069888,0.8521602943369959,0.8894081771325345,0.15696315815641626,0.15412917018843533,0.13851737682096157,0.17128225525779348,0.4691575929332604,0.92943204229437,0.5692172558378494,0.7580172028041565,0.2979664893352558,0.6370838098079186,0.08427385273206384,0.7472364474054923,0.7124993785114104,0.5994878934022771,0.8345514509686935,0.9557914450024031,0.17027130048558975,0.19403702414690333,0.6998044382571802,0.0735179568769784,0.1163012313760586,0.07503438903528398,0.4151378047365717,0.4915311821541623,0.6658048691559357,0.6611312749631251,0.6980476971776131,0.39144665970599446,0.528687913289912,0.4701602611909379,0.6260627454879928,0.13084406436964485,0.09790516912776148,0.13087721042774986,0.2635277349641194,0.47727009065446896,0.476574023434263,0.503762077594922,0.0919803112414856,0.18613168928885132,0.7122756426192015,0.13203732246142627,0.36464807172806973,0.1453454647905998,0.9668207958368551,0.7623759094449694,0.8543562206864548,0.7074611776794446,0.8473541159117652,0.11673213013142411,0.046992823878420256,0.5921046089593796,0.300618173983659,0.6645038863753128,0.07345995127529459,0.9011998873034024,0.9109614014153368,0.10643199257528299,0.5809095278344023,0.5576575680737168,0.3600573426805217,0.038896899186264274,0.4819768309053845,0.3460282735875636,0.9007938480916158,0.06339183612588872,0.10107890419131907,0.3518536932995243,0.6834054260097118,0.4917051989592138,0.08656921725583784,0.6916919405359718,0.8082251943187656,0.002693117221034488,0.7839208472132453,0.5511195081124978,0.4060474983012645,0.298737135186198,0.7387261969870234,0.8477187225509206,0.12801836291619018,0.37101211488423735,0.36841843583751804,0.6741825353419845,0.08915460978803096,0.1342249622963589,0.809219576061917,0.3528563615572018,0.7144052768524503,0.8790500339747096,0.4483252954142429,0.09831949485407449,0.8412220951623327,0.5957506753509338,0.35081787898374184,0.4312219294320423,0.5359800460730209,0.44878105371318716,0.6729892772502031,0.9416215051624985
97,0.713883226437296,0.7828767463829364,0.3403768706806543,0.29883657336051306,0.4397736124231426,0.4117154742372264,0.5245943751139396,0.8130893783456803,0.9560980460398747,0.7962263212847411,0.660683803178707,0.70897760983775,0.050605744211869606,0.9386632194766238,0.8146886756492483,0.5232022406735279,0.41341420971510967,0.7664943071645205,0.5261190937867714,0.9249573244501896,0.11475165315964798,0.5713717496146771,0.056663186330565635,0.665431976002254,0.48411475165315965,0.17877326438953248,0.01925785975902816,0.17086792953148047,0.8097913455642287,0.3082583403768707,0.0862294701602612,0.22917184573824556,0.275692338288669,0.938290326322942,0.10630769485738908,0.781617196174945,0.6252009479772618,0.567990851687963,0.8589552362485292,0.8732411872918012,0.30019556174281975,0.9037769933210693,0.16186877475596215,0.705058088466829,0.6471850710154295,0.1655231276620428,0.6720446145942094,0.8449593132136761,0.9281724920863785,0.6468784699779578,0.23136777208770445,0.7832247799930394,0.9159664561891976,0.45696813006513204,0.3182850229536452,0.8772021412353537,0.20989741295016492,0.938132882546943,0.18564278493180197,0.33507350138384795,0.08285685874807339,0.3018528646480717,0.8854969422761398,0.28087969638210775,0.26403321235022126,0.7999966853941896,0.4183198263146555,0.959072904754802,0.8958550854339649,0.18785528431031337,0.5188932531198727,0.4739471983294387,0.6988763486302392,0.8751636586618936,0.8396393708878173,0.32938066590430737,0.48782711016092406,0.6556538888612672,0.26850793019440167,0.2007491009131739,0.6614544490296492,0.8571736356253832,0.16873000878370542,0.8674074810653143,0.35586436633023416,0.11050895772220289,0.587944778667197,0.39033626675947564,0.7189297137837882,0.391048907008734,0.7672152339283052,0.7820812409884155,0.6299656938298613,0.8895407613649546,0.15447720379853827,0.16940950297485874,0.4938431197069888,1.0,0.5458658579028488,0.546851953131474,0.35246689537446757,0.35626211902749466,0.25893700591657137,0.4681383516465304,0.9621720611876233,0.5274366495964468,0.919479938348332,0.6523061369926582,0.7390742305971263,0.854265069026666,0.14118563449841728,0.7406320953280632,0.7722037156731136,0.8686255987006746,0.4775435456338355,0.5260362286415088,0.382314920698056,0.494646911616036,0.7616715557102371,0.12830010441008302,0.21900429241452463,0.14677903180364274,0.8643414706905981,0.9488970649165548,0.8171994895507051,0.8053746333217323,0.7696348961699729,0.793988962362651,0.9410745952037654,0.8257180264837004,0.8412801007640167,0.24572001524718673,0.17385107476093406,0.27086130031985944,0.6349541755746698,0.9298132219625781,0.9103813453984985,0.7705629857969142,0.14886723346426028,0.4717098394073485,0.769891778120287,0.3111834800046405,0.7782860173353884,0.32441704370307767,0.5197301910870249,0.6404481347055802,0.5534314456653243,0.7158139843219145,0.44541672881552563,0.2105189015396344,0.07595419214769883,0.8887286829413812,0.6933823894993287,0.8111420474320092,0.1376887253683356,0.5779263826049488,0.5137556141135915,0.19197368202986456,0.8523094515984686,0.8984984835678417,0.8280051044929483,0.06999618820331792,0.8914549462205208,0.758671837451731,0.5252655827905666,0.116218366230796,0.1870017733141086,0.7471535822602298,0.8073799698370872,0.9457399028820498,0.14839490213626347,0.758257511725418,0.6694012164603325,0.011004491290873232,0.6203036178922422,0.8930625300386151,0.7981487926548334,0.7015694658512737,0.7341520409685278,0.6225326902998061,0.2721622831004823,0.8011567974278659,0.7251445996784832,0.8064684532391986,0.14144251644873135,0.3312036991000845,0.6456934984007028,0.8216493478513068,0.7504267554981023,0.5771640232685327,0.8831269991216295,0.15857902848903693,0.43794229271283913,0.8928470806609324,0.7916273057226669,0.8785196970450289,0.9190573261074926,0.9443394819271118,0.7403254942905915,0.464840318865079
98,0.7997812360165066,0.45429158587315,0.18966174447703807,0.14559406022638757,0.24157675798405676,0.772535176254164,0.9077048012065165,0.4453421501847893,0.5717612157974112,0.46718540247601054,0.8776661860488242,0.829554682709359,0.03590546744228443,0.5402558875685709,0.7359833606788313,0.2563598998989045,0.20698884635144765,0.7350635575664164,0.24933293558063604,0.5352508327947099,0.06434478529640862,0.2948756194169608,0.040363612257412286,0.33044133976366863,0.23131805300054692,0.08972637929034291,0.018246904986824443,0.09491373738378162,0.4664810487412785,0.14423507184408096,0.05701950645519481,0.12090853345265914,0.14762425628532128,0.579558825966622,0.06885264919869405,0.41870100598286353,0.3386615621737185,0.2876414922355359,0.6848058469646496,0.6412353535855748,0.14344785296408624,0.5222575780175343,0.0978803095841827,0.444281476325428,0.3204063706723678,0.0940105073004193,0.8629907688228178,0.45948723048111506,0.5799980112365137,0.846293442052404,0.12839954258439815,0.46141798836573367,0.5972919670528183,0.255929001143539,0.1325262268184756,0.48449593132136765,0.11372412535839176,0.5631929597772585,0.10449294817613816,0.16442102123005023,0.057649281559190566,0.1406470110542104,0.5063640431561677,0.1395614776512703,0.14651386333880242,0.7417176287310032,0.20993055900826996,0.5799565786638823,0.491266013689322,0.12395797079832281,0.2689388289497672,0.2651353187822138,0.8205721009628929,0.6538971477817,0.6748454565040852,0.15350768159896586,0.22020583702083227,0.33890187109498,0.1304131656142793,0.11553887203964269,0.3585160509786374,0.46009214604153204,0.09378677140821028,0.6742322544291419,0.18651286895705926,0.06664843633470889,0.32902434577967815,0.1839026168812874,0.3687498964185685,0.233041648022009,0.7534513333001873,0.7513548451250436,0.3202240673527901,0.5354828552014452,0.08835910439351,0.09437511393957473,0.8521602943369959,0.5458658579028488,1.0,0.9267803576459669,0.16884601998707305,0.1596231293193457,0.14912411541457432,0.21084207560615853,0.5445731616367524,0.8896982051409535,0.6112713170586187,0.8512239181955286,0.3910986260958915,0.680065960655629,0.08557483551268666,0.8174066524138617,0.7528629907688228,0.6593579608545053,0.8816022804487975,0.8523425976565737,0.18469812227580834,0.24399642022572468,0.7735295579973152,0.078382140903893,0.12105769071413183,0.07582160791527867,0.4769469165879448,0.5488987222194601,0.7124330863952004,0.7247468469812228,0.7546197318483898,0.4429390609721739,0.5785312981653659,0.5365601020898589,0.6936972770513267,0.1340592320058337,0.10037455045658696,0.14607467806891067,0.3237541225409768,0.5379688095593231,0.5103167105851937,0.5601435224315948,0.09381991746631532,0.2325278841213809,0.7669417789489384,0.14735908782048096,0.4273687001773314,0.15644939425578813,0.8820580387477419,0.8385041183977195,0.9254296557781867,0.7972952816586287,0.8621041117685079,0.11519912494406603,0.05077976101692106,0.6487760818044714,0.3503786937138501,0.7192694608793649,0.06705447554649563,0.8513316428843699,0.9389449609705165,0.10581879050033975,0.6395614776512702,0.6209582525398167,0.413331344569847,0.05319113674406271,0.5454598186910622,0.425984852251446,0.9309070418800445,0.0709077048012065,0.10202356684731269,0.4198528315020136,0.7360993718821989,0.5542683836324765,0.09522862493577952,0.7513299855814648,0.8628333250468188,0.014675417226006399,0.8784616914433452,0.6202124662324533,0.4669036609821178,0.3623195611461907,0.7922239347685576,0.8639188584497589,0.12502693117221034,0.4281310595137473,0.42358176303883055,0.7227249374368154,0.08825966621919487,0.15567874840484594,0.850950463216162,0.42766701470027674,0.7839954258439815,0.95531082715988,0.5005800560168383,0.10244617908815193,0.810437693697277,0.644268217902186,0.4159996022473027,0.5049884817448085,0.599454747344172,0.5121646033245497,0.7525149571587199,0.8702166094897164
99,0.8200417640332123,0.43118049685941096,0.15762607931851702,0.11825684880425597,0.21099951938215744,0.7651684648403189,0.872661131274963,0.44007192694608793,0.572167255009198,0.4484495931321368,0.871923631482126,0.8298198511741991,0.027171481131606424,0.5354662821723927,0.7381295679411326,0.22725766088267954,0.17933674737731814,0.751752597822304,0.2700657949253385,0.5408608031289879,0.045832711844743856,0.27202141235353583,0.029276255821276458,0.30811746962992426,0.19366413099322166,0.06930840749763835,0.013465586105172442,0.0686123402774325,0.45645436616450386,0.1200881685145594,0.0421203533369794,0.09199688427053812,0.11694757950910688,0.5814315782495567,0.047208273256103016,0.40626294767894733,0.3196191517923731,0.2668009082019921,0.6885264919869405,0.6458758017202804,0.1163840965213212,0.5148080014584265,0.07514211372412535,0.4264240375213378,0.3037836225326903,0.07677455708579857,0.8729014401962247,0.4468834418866736,0.580196887585144,0.880342730240806,0.10155123551931586,0.4587331576592254,0.6141881701718623,0.22502030196058936,0.10316710585193656,0.4895921377550174,0.0895606489998177,0.5723827043868808,0.07996486517840865,0.1399592303485308,0.04468088632559373,0.10933227265947398,0.5002983145229454,0.10838761000348032,0.12216808366065066,0.74735245860886,0.16631863305656375,0.5805614942242994,0.48166194335338675,0.09063789588823148,0.23890850030660105,0.23258588972306468,0.8108271598800112,0.6442102123005021,0.6823364656358242,0.13231077744079286,0.19072241833639933,0.3145312318732495,0.10312567327930525,0.08139843219145164,0.33452659142511476,0.4618488871210991,0.0745123386201296,0.6758315517327101,0.1516763618886624,0.04618074545484678,0.301446825436285,0.15448549031306452,0.34717181259218755,0.19990387643149538,0.7597656573691975,0.7542882712673395,0.2903346094565704,0.5210974659838579,0.06390560002651685,0.0723164122706707,0.8894081771325345,0.546851953131474,0.9267803576459669,1.0,0.13616400669550374,0.13536021478645655,0.1142130297154411,0.17326273222956962,0.5430152969058155,0.9132153333664794,0.6195578315848788,0.8315268731666086,0.357355938944961,0.6904572498715591,0.0606241402741179,0.802913538507433,0.7648618638028473,0.6562256583635792,0.834982349724059,0.8817680107393229,0.1645536054624704,0.213692636603192,0.768325626874824,0.05493130479457731,0.09356303551600126,0.05580967533436086,0.48727191368766465,0.5547158554168945,0.7226420722915528,0.7242247965660684,0.7555229619317523,0.44080942673892504,0.5854505377947927,0.5271134755299226,0.7024146903329522,0.10688775087422728,0.08094267389250734,0.11294519299292331,0.29527337211422133,0.5369329952435407,0.5299971825850611,0.555975405624886,0.072772170569615,0.19231342912544125,0.7602628482407731,0.11258887286829414,0.41542783274499073,0.12331990917980079,0.9031057856444422,0.8360844561560515,0.8677223686173122,0.782926465470094,0.8265218183927476,0.0942176701635758,0.038524006032582575,0.6518420921791875,0.35558262483634134,0.7171978322477999,0.04918875022787915,0.9032135103332836,0.9204163144897993,0.08458045376953546,0.6383599330449626,0.6214803029549711,0.42240507797610166,0.037513051260378856,0.5377202141235353,0.4144334510018396,0.9144003049437345,0.049056165995458985,0.07765292762558212,0.4248661727904009,0.7451068131722436,0.5567957705629858,0.06672301496544523,0.7655082119358956,0.8770281244303022,0.010242131954457317,0.8432025721341089,0.6127877492169245,0.45676096720197545,0.34714695304860876,0.8018528646480717,0.9042576111635923,0.0926017998309551,0.4173751636586619,0.4046719368899053,0.7365634166956695,0.06529773446692852,0.12635277349641194,0.8691393626013024,0.4121297999635393,0.7845009032300834,0.9517559124281145,0.49267472115878624,0.0817796118596596,0.8073053912063508,0.6553390013092693,0.40083528066424695,0.5003397470955767,0.5951374732759906,0.5160012595502079,0.7640249258356949,0.868957059281725
100,0.1974179220736174,0.3986807868874194,0.7260726893054242,0.7698503455476557,0.8431942856195825,0.17822635443079932,0.2063010656457681,0.39919455078804755,0.3320489235817631,0.4173751636586619,0.20911848058469645,0.21435555776529278,0.10223901622499545,0.3584746184060061,0.28802267190374387,0.7281857505096208,0.8489865592734385,0.24530568952087375,0.6196738427882464,0.3090455592568654,0.337020832297519,0.6357745405127695,0.09716766933492434,0.5324997099719916,0.7743747824789937,0.5281327168166526,0.006662357679113011,0.4954921360977146,0.3922173055569366,0.869628266958352,0.19430219261174367,0.6552229901059017,0.7461177679444472,0.312699912162946,0.2920830640216112,0.42612572299839246,0.5604749830126452,0.6329985581464724,0.2969555345630521,0.33530552379058326,0.8379654949535126,0.3483816437130214,0.4846533750973665,0.43981504499577384,0.5464707734632659,0.43890352839788527,0.20967367705795587,0.3893170254727457,0.3293558063607286,0.17748056812343593,0.6064817116624406,0.42310114519630754,0.3181690117502776,0.8197185899666881,0.8611677356270406,0.3824806509885812,0.547780042758415,0.36206267919587665,0.5006960672202059,0.8599496179916803,0.1331311423788926,0.8097830590497026,0.34908599744775354,0.8018777241916505,0.6535988332587547,0.2804322245976897,0.8456222343757768,0.3262897959860124,0.3769949783721971,0.46151742654004874,0.7194103316263114,0.8146638161056695,0.22790400901572783,0.30318699348679956,0.26656059928073056,0.8581680173685343,0.7225592071462901,0.5352342597656574,0.8526989177812028,0.5621820050050548,0.531140721589685,0.40869089643514145,0.49612191120171034,0.3007093256434479,0.9466017003927807,0.2873928967997481,0.5983194948540744,0.8657998972472198,0.5271549081025539,0.8712109912328676,0.2426622913869968,0.24193307810868594,0.5775286299076883,0.36899849185435624,0.3771607086627223,0.479822337128557,0.15696315815641626,0.35246689537446757,0.16884601998707305,0.13616400669550374,1.0,0.8874194136462321,0.5528099570758547,0.7188468486385257,0.35530088334244847,0.17651933243838977,0.3399211123817101,0.19142677207113143,0.443005353088384,0.2936243557234956,0.4508443958302259,0.2190457249871559,0.2679361606920897,0.2973450007457863,0.1768839390775452,0.17008071065148578,0.8481744808498648,0.7437809708480418,0.2597242247965661,0.4324980526690863,0.5755315799068595,0.4321002999718258,0.36141633106282833,0.32536170635907125,0.2618952916024462,0.27705961318550193,0.25205091234524934,0.4190738991365452,0.328668025655049,0.3323638111337609,0.26489500986095227,0.6524138616814995,0.48439649314705246,0.8310048227514543,0.5393940900578398,0.34704751487429364,0.36414259434196794,0.27154908102553904,0.31409204660335766,0.762433915046653,0.2343260577735793,0.8916703955982034,0.436981057027793,0.8911649182121015,0.1521321201876067,0.21362634448698187,0.18405177414276008,0.21867283183347422,0.17108337890916323,0.5593811630951788,0.13047117121596313,0.303932779794163,0.4835761282089528,0.28890932895805366,0.4558908831767182,0.15369827143306986,0.17083478347337544,0.526268251048244,0.27461509140025525,0.2939309567609672,0.3823563532706873,0.1495798737135186,0.3277150764845291,0.41785578150118496,0.17788660733522266,0.3184838993022755,0.5330631929597772,0.4206234773529558,0.2525563897313512,0.36399343708049525,0.4583602645055437,0.28653109928901704,0.21535822602297022,0.0021959263494588906,0.22776313826878142,0.34548965014335675,0.3918526989177812,0.4751570294502727,0.2611577918096091,0.17250037289315368,0.7453968411806626,0.42220620162747147,0.48549859957904506,0.2844428976283995,0.45051293524917546,0.9174000232022408,0.18430865609307412,0.42247965660683806,0.28762491920648336,0.17424882745819453,0.3726528447604369,0.3077280034471901,0.18341371252423805,0.30049387626576507,0.4343708049520211,0.3625598700674523,0.3169260345713386,0.3816271399923764,0.19063955319113676,0.16283829695553456
101,0.19559488887784018,0.4525182717645304,0.6996635675102338,0.7630636901506489,0.8515056596894215,0.16841512123170754,0.19537943950015743,0.4327549346194004,0.3197351629957408,0.43871293856378135,0.19484081605595052,0.21696580984106464,0.03929465188352475,0.37073037339034454,0.27887435986675285,0.7765292762558214,0.9152289563963606,0.21106581149836756,0.7110078058966838,0.3231492069805598,0.2311771822536005,0.6962329504963622,0.04501234690664413,0.6289878851157625,0.8096173287591774,0.4559654618074545,0.006388902699746433,0.43397305225476057,0.43651701221432243,0.8783871128126087,0.0984189330283896,0.6005817133197434,0.7096488175143771,0.30645188021014597,0.19224713700923118,0.45364523774010174,0.6558776247534763,0.6940701702050084,0.25584613599827644,0.32559372876580656,0.8212267356104677,0.3979184275510035,0.35254976051973014,0.5296491489749581,0.5995790450620659,0.33254611445333865,0.2111403901291039,0.4217421568140009,0.313719153449676,0.1707767778716916,0.5453935265748521,0.4514244518470641,0.3102802499212781,0.8739869735991648,0.83265383914218,0.39851505659689423,0.5439019539601252,0.40339581365286137,0.3913140754735743,0.8659573410232189,0.07650110210643199,0.7561610235502743,0.3652364142594342,0.7740764679560483,0.6112878900876713,0.24592717811034323,0.8921178673826216,0.3185833374765906,0.3822320555527934,0.35675930989907023,0.7795870001160112,0.8275576327085301,0.21414010838761,0.2797858764646414,0.2406983874442732,0.9369810570277931,0.7876249192064835,0.585425678251214,0.7724605976234277,0.4774109614014153,0.5765839672516946,0.42562853212681684,0.4363429954092709,0.2642072291552727,0.8942723611594491,0.19233000215449378,0.665431976002254,0.889358458045377,0.527635525945077,0.8617892242165099,0.23674572001524719,0.22104277498798455,0.6488009413480502,0.3666368352143722,0.29019373870962395,0.33722799516067553,0.15412917018843533,0.35626211902749466,0.1596231293193457,0.13536021478645655,0.8874194136462321,0.9999999999999999,0.557665854588243,0.7325776032085385,0.34047630885496943,0.1650922289066773,0.3236298248230829,0.1869023351397935,0.5089991547755184,0.285826745554285,0.3025406453537513,0.20502494240872404,0.2472198743764398,0.29425413082749136,0.1639072573294221,0.1624322577437478,0.9340393443709707,0.7954722484628516,0.24500737499792838,0.32483965594391684,0.524320920134573,0.31766353436417577,0.3859775601186629,0.3424236397686405,0.22471370092311774,0.2531115862046106,0.21684151212317074,0.49661910207328586,0.3080346044846617,0.37269427733306815,0.24725302043454483,0.6364043156167654,0.3906014352243159,0.7556224001060673,0.6248694873962115,0.3217902185982532,0.41770662423971233,0.25644276504416713,0.21099123286763122,0.8144897993006182,0.2217554152372429,0.863985150565969,0.5089080031157295,0.9016390725732941,0.14592552080743798,0.19837087124413727,0.16937635691675368,0.2018263478015877,0.16474419529657436,0.5137804736571703,0.07296276040371899,0.2891993569664728,0.5592320058337062,0.2620030162912876,0.38397222360330796,0.15398001292696267,0.16432986957026138,0.4059729196705282,0.25326074346608335,0.27567576525961646,0.44291420142859506,0.07761149505295083,0.3402691459918129,0.45684383234723813,0.17397537247882797,0.22942872768855965,0.4843964931470525,0.4764165796582641,0.23071313744012992,0.3751719451764199,0.36930509289182784,0.25616931006480054,0.1974593546462487,0.0024362352707204297,0.21902086544357713,0.2948839059314871,0.43787600059662907,0.5592237193191799,0.24293574636636336,0.1645453189479441,0.7110906710419463,0.44170437030776116,0.5527188054160659,0.2526392548766138,0.29769303435588923,0.8862178690399243,0.16381610566963323,0.47204958650292517,0.26150582541971196,0.16919405359717596,0.4182286746548667,0.23450007457863073,0.171746300071264,0.28125258953578947,0.4607219211455278,0.3527320638393079,0.319329123783954,0.394363512819238,0.16520824011004492,0.1512786091914019
102,0.15873647226503587,0.27038896899186265,0.7404083594358541,0.7082649695884916,0.5363197931685975,0.16004574156018497,0.18304081937055636,0.28324963953661814,0.24660667230149655,0.30805946402824047,0.17977593264720992,0.16359236977742425,0.052727091930592156,0.26699149803609606,0.2098642668920599,0.47438638359933044,0.5462884701436882,0.14813802018594938,0.40573261074926664,0.21073435091731718,0.22959445797908487,0.4239960887651436,0.05905798902865477,0.4001889325311987,0.4917051989592138,0.569076385090903,0.012048592121181988,0.5508874857057624,0.2704718341371253,0.597026798587978,0.10324997099719915,0.6708596430169541,0.6800742471701553,0.2205953032035665,0.18921427269262006,0.30166227481396773,0.37293458625432974,0.4224962296358906,0.21138898556489172,0.22918841876729812,0.6365286133346592,0.25336846815492464,0.48852317738113005,0.3044216841512124,0.3618720893617726,0.3015876961832314,0.15447720379853827,0.29045890717446426,0.23669600092808965,0.14688675649248414,0.7112149687598402,0.2950247766784335,0.2159465685543347,0.5139213444041167,0.6464890037952236,0.28282702729577885,0.5633504035532574,0.2706955700293343,0.45864200599943655,0.6189363429954093,0.08900545252655828,0.6775302872105935,0.256948242430269,0.6632857687399526,0.7702315252158638,0.20506637498135535,0.5454349591474834,0.2763966920234011,0.28805581796184887,0.35491141715971436,0.4778335736422546,0.5060574421186961,0.18023169094615424,0.22821061005319943,0.17935332040637064,0.5789621969207311,0.49100913173900795,0.3796963821077578,0.6283912560698719,0.5387311688957391,0.3742935746366364,0.3025406453537513,0.8474618406006066,0.2215565388886127,0.5969356469281891,0.19677986045509538,0.4227945441588359,0.5591740002320225,0.3842871111553059,0.5796416911118846,0.19283547954059566,0.19710303452161954,0.4249987570228211,0.2706209913985979,0.280664247004425,0.3543313611428761,0.13851737682096157,0.25893700591657137,0.14912411541457432,0.1142130297154411,0.5528099570758547,0.557665854588243,1.0000000000000002,0.49226039543247324,0.2572797030113194,0.1572614726793616,0.24909262665937454,0.15046653076782845,0.31973516299574073,0.20613533535524287,0.29907688228177465,0.1913770529839739,0.2089030312070137,0.20094797726180413,0.1580321185303038,0.15495782164106134,0.5792356519000977,0.4896335703276488,0.19734334344288104,0.3859775601186629,0.6696083793234889,0.6245131672715822,0.25186860902567165,0.2383450173188154,0.17058618803758765,0.2178027478082169,0.19904207892076436,0.30097449410828814,0.23505527105189017,0.24476706607666687,0.17707452891164918,0.840749763834336,0.6457763635459653,0.746971278940652,0.40715789124778334,0.2597159382820398,0.2611909378677141,0.17453885546661366,0.2302408061121331,0.5138219062298016,0.16642635774540515,0.5813735726478728,0.3118298281376887,0.5958749730688278,0.14464939757039394,0.18186413430782747,0.1639486899020534,0.19211455277681103,0.15415402973201411,0.7051740996701967,0.0844478695371153,0.2121762044448864,0.3381560847876166,0.2082649695884917,0.6474668125093224,0.13202074943237377,0.1467044531729064,0.48057640995044665,0.17733141086196325,0.2026301397106349,0.2614063872453969,0.08399211123817099,0.23354712540811084,0.2908483733571985,0.15523956313495418,0.22215316793450338,0.5005220504151544,0.2715739405691179,0.19030809261008635,0.26601368932199737,0.3659241949651138,0.22022241004988485,0.1556456023467409,0.006032582575117254,0.19472480485258292,0.2528878503124016,0.28367225177745736,0.3466911947496644,0.187333233895159,0.14438422910555365,0.677704304015645,0.30651817232635614,0.31368600739157093,0.20581216128871876,0.29525679908516883,0.5883591043935099,0.15981371915344966,0.31711662440544264,0.20884502560532986,0.14361358325461143,0.2657568073716833,0.21352690631266677,0.164255290939525,0.20822353701586038,0.31079401382190625,0.25778518039742127,0.22664445880773632,0.2890667727340526,0.12264041498864749,0.14658844196953877
103,0.342249622963589,0.6509471486103514,0.6124148560632426,0.6135998276404978,0.8387278542899285,0.2015363197931686,0.2420242297684748,0.5887651436052969,0.4646745885745538,0.6348464508858284,0.2648121447156897,0.2651021727241088,0.08867399194550789,0.492094665141948,0.3609771457929366,0.8587812194434776,0.7988780059331444,0.31055370490064466,0.8697608511907722,0.4872553406586122,0.2663782959611528,0.8430782744162152,0.08936177265118746,0.7520591988597756,0.8678715258787848,0.41447488357447093,0.019489882165763438,0.3719484910257048,0.6116359236977743,0.6850295828568588,0.15198296292613403,0.5432638923416032,0.5654634647574538,0.42392151013440726,0.22548434677405987,0.6269079699696712,0.8249888132053895,0.8436914764911582,0.36673627338868725,0.39637713584911916,0.6514691990255059,0.49666882116044353,0.3477187225509206,0.6908218565107145,0.7864813802018595,0.3786522812774491,0.2577188882812112,0.584025257296276,0.4490379356635013,0.2111569631581564,0.49808581514443395,0.647997149439003,0.4345862543297039,0.8154013158985067,0.6351530519233,0.5519813056232288,0.43440395101012613,0.4649480435539204,0.3834253136445748,0.690838429539767,0.12419827971958436,0.6374732759906527,0.5093720479292,0.6104758116640978,0.5420954937934006,0.3384958318831933,0.8084240706673959,0.49750575912759576,0.5533734400636404,0.3947364059729197,0.8557566416413928,0.8697608511907722,0.29988067419082187,0.4307413115895192,0.36664512172889835,0.7397122922156483,0.9239380831634598,0.7942044117403337,0.6447819818028141,0.46469116160360635,0.778211438704652,0.5747857935994962,0.38417109995193827,0.39699033792406235,0.729727042211505,0.2463746498947613,0.8607285503571488,0.8411143704734914,0.7424385554947879,0.731226901340758,0.29035118248562286,0.3050680322842606,0.8281128291817896,0.49453090041266845,0.30599612191120173,0.35768739952601136,0.17128225525779348,0.4681383516465304,0.21084207560615853,0.17326273222956962,0.7188468486385257,0.7325776032085385,0.49226039543247324,1.0,0.4626775385737251,0.20852185153880576,0.453620378196523,0.22918841876729812,0.699124944066027,0.3573476524304347,0.33090538457713914,0.2978421916173619,0.34119723561875404,0.3977858433185833,0.2098559803775336,0.20161089842390495,0.7729909345531083,0.9102073285934471,0.32298347669003463,0.3070319362269842,0.46189031969373046,0.3050597457697344,0.5753741361308606,0.42311771822536004,0.3172409221233365,0.34547307711430414,0.332396957191866,0.619342382207196,0.4343210858648635,0.5267405823762409,0.36265930824176734,0.5288785031240161,0.4010838761000348,0.5678914135136478,0.8227183082251943,0.48516713899799463,0.507648452907738,0.3594027080329472,0.2680190258373523,0.8911400586685229,0.31728235469596777,0.7056464309981936,0.6506239745438274,0.7334725467773745,0.18406006065728633,0.2786754835181226,0.2392648204312302,0.3120038449427402,0.19576890568289168,0.4463696779860455,0.13005684548965013,0.38599413314771536,0.7191865957341023,0.36300734185187034,0.3700674522282438,0.1787152587878487,0.19618323140920466,0.40363612257412285,0.3829198362584729,0.4208554997596911,0.57056795770563,0.13545965296077164,0.4910091317390079,0.6222592353204395,0.21520078224697128,0.24497422893982335,0.4211455277681102,0.6659043073302509,0.32446676279023523,0.4841644707403172,0.37731815243872124,0.3597424551285239,0.28170834783473375,0.008642834650889143,0.26774557085798567,0.4385969273604136,0.6052884535706591,0.7254512007159548,0.3191799665224813,0.20520724572830176,0.5736836871675036,0.596264439251562,0.7184905285138965,0.35290608064435935,0.33131971030345214,0.7159548550688609,0.2525149571587199,0.6174613434097349,0.34291254412568983,0.22546777374500737,0.5430567294784467,0.2741179005286796,0.20595303203566517,0.3754288271267339,0.6530187772419166,0.4862443858864085,0.41698569747592773,0.5011021064319926,0.27729992210676346,0.1910870249755548
104,0.7138666534082435,0.7779462702398117,0.34287939806758483,0.30404050448300435,0.44398316180248265,0.4146406138649961,0.5130761199224383,0.8136528613334659,0.9588740284061716,0.8043139594623709,0.6579906859576725,0.6947993834833193,0.05461641724257943,0.9401547920913506,0.7994497754354563,0.5233099653623693,0.41847727009065444,0.7397288652447007,0.5138799118314854,0.9181789555677091,0.11644210212300501,0.5628283531381031,0.06112961766021976,0.6659954589900395,0.47122093505029916,0.1823530386648768,0.021718954573327367,0.17494489467840035,0.8028555329057492,0.30820862128971316,0.09219576061916837,0.2577437478247899,0.2724108785362701,0.9317936989343543,0.11204196290956099,0.7851638243921841,0.6205107807553987,0.5692504018959545,0.8356784169442649,0.8538424567858267,0.3016788478430203,0.9027908980924444,0.1666003745504566,0.7066408127413447,0.6409038930045245,0.17046189031969372,0.6650259367904672,0.841644707403172,0.9404613931288222,0.6335288950761531,0.23154178889275595,0.7844677571719783,0.902716319461708,0.4585508543396477,0.3179287028290161,0.8770281244303022,0.21345232768193045,0.9230928586817813,0.1909544407431346,0.34796731798670844,0.08841710999519382,0.3038664876779529,0.887958037090439,0.28763320572100964,0.26709093621041113,0.7736372826861566,0.4135882265201611,0.9458890601435225,0.8963274167619615,0.19599264157510068,0.5071844080942675,0.48019523028223865,0.676999950280913,0.8725368335570691,0.8185087588458543,0.34245678582674555,0.4861283746830408,0.6504665307678285,0.27113475529922604,0.20775949220238982,0.6670892789075059,0.8649878188236465,0.17472115878619135,0.8471220935050299,0.3595601518089461,0.11320207494323738,0.5834120552213328,0.39176154725799234,0.7182419330781087,0.3931453951838777,0.746623245330549,0.7701403735560749,0.6279023517128226,0.8908831767182088,0.15762607931851705,0.17264124364010008,0.4691575929332604,0.9621720611876233,0.5445731616367524,0.5430152969058155,0.35530088334244847,0.34047630885496943,0.2572797030113194,0.4626775385737251,0.9999999999999999,0.5200367921244966,0.8991116856427849,0.6233447687233795,0.7464740880690764,0.8392581912196092,0.14572664445880776,0.735817630388306,0.7489683289414806,0.8654021445499595,0.4652629311059182,0.5085848290492053,0.3838727854289929,0.49816868028969646,0.736289961716303,0.13511161935066873,0.22300667893070816,0.15460150151643215,0.8733489119806427,0.9402873763237708,0.7986791295845143,0.8041979482590034,0.7652016108984238,0.7943618555163326,0.9242861167735626,0.8220885331211985,0.8277896551152653,0.24788279553854056,0.181499527668672,0.2744327880806775,0.6338935017153084,0.947248048525829,0.9133396310843732,0.7924725302043454,0.15081456437793136,0.459934702265533,0.7634282967898043,0.3157493495086097,0.7760569449278244,0.33294386715059915,0.4961799168033941,0.6324847942458443,0.5343061701387163,0.7093422164769055,0.4520873730091649,0.21195246855267738,0.08098410646513864,0.881395117585641,0.6889408177132534,0.7952319395415901,0.14156681416662525,0.5639470325991481,0.4915726147267936,0.19864432622350386,0.8461608578199837,0.8786937138500803,0.8265052453636952,0.07707287160874392,0.8934188501632443,0.7618207129717098,0.5158023832015777,0.1206267919587663,0.19366413099322163,0.7435738079848854,0.7841611561345068,0.9426324599347022,0.15627537745073666,0.7421733870299476,0.6639486899020534,0.013308142329173503,0.6158454730771143,0.9119226371003828,0.7952567990851687,0.697310197384776,0.7207361739505129,0.60282735875636,0.2733223951341587,0.8023583420341736,0.7152339283050764,0.780249921278112,0.1454449029649149,0.30456255489815875,0.6268085317953562,0.8181772982648039,0.7336134175243209,0.5598037753360181,0.8901125308672666,0.16379124612605445,0.4454830209317357,0.876605512189463,0.7890916322776315,0.8647723694459637,0.9272361159449112,0.9536203781965231,0.7169326637829596,0.4680389134722153
105,0.764762425628532,0.4174994613765558,0.18823646397852134,0.15139462039476953,0.24813139097432838,0.8261323522100135,0.912022075274698,0.4171845738245579,0.5560831303137274,0.44312965080627786,0.8483650706839689,0.7896136826927858,0.05320770977311523,0.5002983145229454,0.7195429158587314,0.24625863869139364,0.19652297850478134,0.7025638475944248,0.2307628565272875,0.4895175591242812,0.08995840169707817,0.2741593331013109,0.059762342763386864,0.30878867730655135,0.22811945839341052,0.11064982846914931,0.02731235187855284,0.1167569896750029,0.4393592866968296,0.15219012578929053,0.08158073551102935,0.1453454647905998,0.15470093969074727,0.5643779313545136,0.09898241601617529,0.39555677091101943,0.3005518818674489,0.2634282967898043,0.674232254429142,0.6245463133296872,0.15289447952402263,0.4998839887966323,0.11955783158487877,0.40289033626675946,0.29355806360728554,0.11977328096256153,0.8206301065645768,0.4456156051641559,0.5466033576956861,0.8376008883143572,0.1460249589817531,0.4267554981023881,0.5719020865443578,0.25441256898523346,0.14485656043355044,0.46371335288950755,0.1316395697641658,0.5380185286464807,0.12856527287492334,0.16602860504814465,0.08307230812575614,0.15356568720064964,0.4725467773745008,0.15216526624571175,0.16226652745322262,0.7320472662788577,0.2037073865990487,0.5686123402774325,0.4735162995740732,0.15131175524950696,0.25606158537595913,0.2595087754188833,0.7829264654700939,0.6193175226636172,0.6419148477767281,0.15860388803261571,0.2054724141931421,0.31676030428081337,0.15011021064319927,0.1411193423822072,0.3287508908003116,0.4505129352491755,0.11279603573145064,0.6613135782827027,0.19811398929382323,0.09633901788229836,0.3024163476358574,0.18857621107409803,0.3560632426788644,0.24510681317224348,0.7397040057011219,0.7288735312153002,0.3076037057292962,0.5191087024975554,0.11432075440428248,0.11881204527751538,0.92943204229437,0.5274366495964468,0.8896982051409535,0.9132153333664794,0.17651933243838977,0.1650922289066773,0.1572614726793616,0.20852185153880576,0.5200367921244966,1.0,0.5894032052238187,0.7911384013656176,0.383624189993205,0.6533668108520194,0.11129617660219758,0.8034107293790087,0.7359336415916736,0.619151792373092,0.8693299524354066,0.9304347105520475,0.1815823928139346,0.23574305175756977,0.7528878503124016,0.10948971643547291,0.134324400470674,0.10822187971295513,0.4408094267389251,0.5237077180596298,0.6784086577503771,0.7190042924145246,0.7502113061204196,0.41472347901025863,0.5517907157891249,0.5029085665987172,0.644583105454184,0.14737566084953346,0.1313661147847992,0.15313478844528414,0.31012280614527915,0.5345133330018728,0.48269775766916917,0.5287790649497008,0.12266527453222627,0.22723280133910076,0.7347403834998922,0.17153913720810754,0.39700691095311497,0.1804885728964683,0.9376439781898938,0.8307893733737716,0.9110608395896517,0.7778136860073915,0.865161835628698,0.14003380897926715,0.07611163592369777,0.6382853544142262,0.32251114536203784,0.6900512106597723,0.08808564941414343,0.8893998906180083,0.919355640630438,0.1335206085616268,0.5989741295016491,0.5945408442301,0.3789837418584995,0.07769436019821342,0.5125872155653889,0.41012446344818443,0.9263577454051278,0.10364772369445963,0.12254097681433238,0.3801272808631233,0.7058535938613499,0.5182551915013507,0.12676709922272494,0.7493743681532674,0.8327284177729164,0.01863637116955866,0.857099056994647,0.6033576956860406,0.4352740350353835,0.3301098791826182,0.7641575100681152,0.8642586055453356,0.14121049404199607,0.40725732942209847,0.38334244849931215,0.7160045741560186,0.11456106332554401,0.16147930857322793,0.856402989774441,0.3967831750609059,0.7582326521818392,0.9051939873050597,0.47955716866371667,0.1321201876066889,0.8587066408127413,0.6230878867730655,0.40105901655645604,0.5022953645237741,0.5972008153930294,0.5074412900445815,0.7035913753956811,0.919032466563914
106,0.7870282901605927,0.7378063938746084,0.32257743747824785,0.28365567874840486,0.4076053630322014,0.46422711679013573,0.5741311589519216,0.774482507167835,0.914922355358889,0.7594341967881468,0.728003447190043,0.7802333482490594,0.031231873249473803,0.8984239049371053,0.8580520061651667,0.487313346260296,0.38697194186181405,0.8325212549097598,0.5109713452327682,0.8694542501533005,0.09035615439433867,0.563018942972207,0.03271515934967434,0.6259053017119939,0.42656490826828425,0.1684979863769701,0.006330897098062613,0.15914251147682262,0.772120850527851,0.3085732279288686,0.06783340791196407,0.20686454863355375,0.2699166376638658,0.9217090107558958,0.0834534877939641,0.741394454664479,0.5950297485871492,0.5363363661976499,0.9033212350221251,0.9075473574305176,0.30553207709773117,0.8515719518056314,0.15624223139263166,0.6831734036029764,0.6214305838678136,0.15061568802930114,0.7445184706408792,0.7871940204511179,0.9148063441555213,0.7168746581812758,0.21854024760105403,0.7427451565322594,0.9419198196854439,0.42876912113226934,0.2918261820712972,0.8379986410116178,0.20635907124745193,0.9438422910555362,0.16259798803427303,0.3297535590579891,0.06400503820083196,0.28863587397868706,0.855027428363082,0.2800676179585343,0.2536916422214488,0.8505195644607966,0.3743930128109515,0.9341387825452858,0.8427799598932697,0.16822453139760352,0.4882994414889209,0.44468751553721475,0.7604451515603506,0.917441455774872,0.889010424435274,0.34107293790086013,0.4695304860869422,0.6076003911234856,0.2544788611014435,0.17477087787334894,0.6288304413397637,0.7984553936923051,0.17964334841478977,0.9084837335719849,0.3318500472331328,0.08324632493080761,0.5653474535540861,0.37678781550904056,0.6575183546296757,0.3957639337741759,0.8135534231591508,0.8314357215068198,0.5823762409055504,0.8660319196539552,0.1414756625068364,0.15949054508692553,0.5692172558378494,0.919479938348332,0.6112713170586187,0.6195578315848788,0.3399211123817101,0.3236298248230829,0.24909262665937454,0.453620378196523,0.8991116856427849,0.5894032052238187,1.0000000000000002,0.726221846566897,0.6730638558809393,0.9147151924957324,0.12430600440842574,0.7990768822817746,0.8403520111370755,0.9115497439467011,0.5370821525050133,0.6063325544009679,0.3663468072059531,0.45285801886010707,0.8075788461857173,0.10710320025191006,0.2050332289232503,0.1269825486004077,0.8209947132037323,0.8982250285884751,0.8934022771341918,0.8594524271201047,0.8242181673544473,0.7565090571603772,0.9437097068231158,0.8187656407961683,0.8900048061784254,0.23173237872685987,0.15421203533369796,0.25745371981637083,0.5889391604103482,0.8703657667511892,0.874028406171796,0.8024246341503836,0.12264041498864747,0.41835297237276065,0.8318334742040803,0.29491705198959217,0.740756393045957,0.2904340476308855,0.5857488523177381,0.6976250849367738,0.6003662639420607,0.7631797013540165,0.49124115414574326,0.19779910174182533,0.05319113674406271,0.9212449659424251,0.6706856262119028,0.8890352839788528,0.13265881105089578,0.6559439168696862,0.5937453388355789,0.1898440477966158,0.8928222211173535,0.9215598534944232,0.7870614362186977,0.04356220686454863,0.8625267240093473,0.7008982581746466,0.5891794693316098,0.08719070584530736,0.17484545650408523,0.7101377218714264,0.8728600076235935,0.9194053597175956,0.12862327847660718,0.8011319378842872,0.7417010557019507,0.0023865161835628698,0.6663186330565638,0.9269709474800709,0.7802167752200069,0.6714231260047399,0.8126336200467359,0.700401067303071,0.25299557500124303,0.7679693067501947,0.6929349177149108,0.8618555163327201,0.12623676229304429,0.2880309584182701,0.6997050000828652,0.7687648121447157,0.82430103249971,0.6451465884419696,0.8429125441256899,0.13626344486981884,0.48379157758663555,0.9425578813039659,0.7337957208438985,0.8026483700425928,0.9138533949850014,0.8786771408210279,0.80575581298994,0.5231773811299492
107,0.9069673014136794,0.5043918526989177,0.21204362021246623,0.17130711480137223,0.24263743184341802,0.6405724324234741,0.7868045542683837,0.5390211969041583,0.6591922305639801,0.5180065960655629,0.9038847180099107,0.9137042377235287,0.022920499179635064,0.6223669600092809,0.8341371252423806,0.29162730572266693,0.23495583287757502,0.834344288105537,0.3182270173519614,0.623261903578117,0.057549843384875454,0.3512653507681599,0.023069656441107745,0.3868642171729727,0.24873630653474538,0.0962230066789307,0.00464873464923184,0.09942988780059331,0.5425926846649762,0.17111652496726826,0.04991796350619003,0.11668241104426656,0.16025290442334145,0.683223122690134,0.05174099670196722,0.4873547788329273,0.3894413231906395,0.3467326273222957,0.7848737963837651,0.753095013175558,0.16555627372014786,0.5936376141467375,0.10238817348646813,0.4901887668009082,0.3834253136445748,0.09457399028820497,0.9160493213344604,0.5384577139163725,0.6609986907307048,0.8522348729677323,0.13657833242181672,0.5365849616334377,0.7052569648154593,0.265301049072739,0.14895838512404913,0.5821690780423938,0.1230298811713817,0.6815575332703558,0.10197384776015511,0.19079699696713567,0.04758945292431098,0.15033394653540827,0.5984023599993371,0.15078970483435256,0.15165978885960987,0.8463017285669302,0.2225923532043952,0.6645867515205754,0.5783241353022092,0.11536485523459122,0.30499345365352426,0.29704668622284097,0.9186595734102321,0.7365385571520908,0.7597242247965661,0.1769916637663866,0.26461326836705945,0.3752133777490512,0.13286597391405228,0.10362286415088086,0.39426407464492286,0.5468685261605264,0.1022058701668904,0.7809045559256865,0.1988017699995028,0.0518072888181773,0.3758845854256782,0.20084025257296279,0.41217123253617066,0.24242198246573526,0.8511659125938447,0.823762409055503,0.35902981487926555,0.6101774971411525,0.08738958219393758,0.09694393344271532,0.7580172028041565,0.6523061369926582,0.8512239181955286,0.8315268731666086,0.19142677207113143,0.1869023351397935,0.15046653076782845,0.22918841876729812,0.6233447687233795,0.7911384013656176,0.726221846566897,1.0,0.4400139213444041,0.7954059563466416,0.07733804007358425,0.8989791014103647,0.8738626758812709,0.736231956114619,0.7526061088185088,0.7730737996983709,0.2008319660584365,0.2805233762574786,0.8767961020235668,0.06910124463448185,0.12530038615157693,0.0711811597805731,0.5736754006529773,0.6468867564924841,0.8069076385090902,0.8145063723296707,0.8435340327151593,0.5191252755266079,0.6863719982101129,0.6166824110442666,0.7821061005319943,0.13874111271317058,0.09215432804653706,0.16002916853113244,0.3556406304380252,0.6174447703806825,0.6141301645701784,0.64343956644956,0.08368551020069938,0.26158040405044825,0.8316014517973449,0.1572034670776778,0.5006794941911533,0.15741062994083427,0.7695271714811315,0.9147566250683639,0.8351729395581631,0.8763237706955701,0.7192528878503124,0.1188866239082517,0.037380467027958705,0.7489103233397968,0.4433202406403819,0.8332421816735445,0.06950728384626859,0.8211107244070999,0.8302507499295647,0.10763353718159067,0.7236944596363877,0.7106680588011071,0.5198379157758664,0.02976516017832579,0.6284161156134507,0.4762591358822652,0.790989244104145,0.05515504068678632,0.10046570211637579,0.5128358110011768,0.8175475231608081,0.64554434113923,0.07866388239778585,0.8449261671555711,0.890825171116525,0.0022124993785114103,0.8556903495251826,0.6984703094184525,0.5452775153714844,0.4250484761099786,0.8891761547257993,0.8534695636321451,0.13703409072076103,0.5052039311224913,0.4818028141003331,0.8333001872752281,0.08084323571819221,0.15631681002336797,0.8539501814746682,0.4974560400404382,0.8796135169624952,0.8699680140539287,0.5885414077130876,0.0916488506604352,0.6744559903213511,0.7495732445018977,0.48127247717065247,0.5710485755481529,0.6868443295381097,0.6021478645652065,0.8652198412303818,0.7303402442864483
108,0.4752233215664827,0.9038432854372793,0.4256948242430269,0.3832098642668921,0.6476574023434263,0.31787898374185847,0.37157559787202304,0.8773512984968262,0.7496063905600027,0.906859576724838,0.4440825999767978,0.4963870796665506,0.056563748156250516,0.7763552594507699,0.5855665489981604,0.7244485324582774,0.5919305921543281,0.530726395863372,0.7175707254014816,0.7691211322693449,0.11502510813901456,0.7984885397504102,0.05901655645602347,0.9021031173867649,0.6749531811929266,0.239480269808913,0.022912212665108803,0.18884137953893834,0.893882894976715,0.44766237425214206,0.0855251164255291,0.2932431760552876,0.34524934122209516,0.681085201942359,0.11626808531795356,0.9363678549528498,0.8360264505543678,0.7727671986608993,0.6408707469464194,0.6525713054574984,0.40271631946170805,0.8201163426639487,0.19262831667743913,0.8573393659159083,0.8773844445549314,0.2081986774722816,0.475455343973218,0.8754702596993653,0.7224349094283964,0.4262831667743913,0.315981371915345,0.9167453885546661,0.6805217189545733,0.6648684930144683,0.38115480866437956,0.8342614229602745,0.2846997795787136,0.7509405193987305,0.2501615870332621,0.4586751520575415,0.08264969588491689,0.38170171862311275,0.7970301131937885,0.3710286879132899,0.33088881154808664,0.5854919703674241,0.6167487031604766,0.7283431942856196,0.817638674820597,0.22594839158753044,0.7090356154394339,0.6420308589800958,0.4894595535225973,0.6775882928122774,0.630653474535541,0.5405210560334113,0.7089030312070137,0.8859609870896105,0.3664296723512156,0.24600175674107955,0.8990951126137323,0.8762409055503074,0.24117071877227003,0.6061005319942325,0.45577487197335054,0.11332637266113127,0.7541888330930243,0.5935381759724224,0.9120717943618556,0.502933426142296,0.5327483054077794,0.5571438041730887,0.8553754619731848,0.7862576443096505,0.17220205837020833,0.18224531397603538,0.2979664893352558,0.7390742305971263,0.3910986260958915,0.357355938944961,0.443005353088384,0.5089991547755184,0.31973516299574073,0.699124944066027,0.7464740880690764,0.383624189993205,0.6730638558809393,0.4400139213444041,0.9999999999999999,0.6213725782661297,0.1620179320174348,0.4983675566383268,0.5514012496063905,0.6725666650093638,0.34882911549743945,0.3313942889341885,0.5516581315567046,0.7069474137788163,0.5440925437942292,0.16120585359386136,0.27998475281327173,0.18352143721307942,0.832968726694178,0.7070468519531315,0.5987669666384925,0.5983443543976533,0.5660269477452393,0.9174497422893982,0.7032682013291569,0.8238701337443444,0.6011534828220554,0.3247402177696017,0.19774109614014154,0.3337145130015413,0.865551301811432,0.7409221233364822,0.8082666268913969,0.6238005270223239,0.1534331029682295,0.6673958799449775,0.5553953496080479,0.4285619582691128,0.9275178574388041,0.451996221349376,0.3374268715093058,0.44822585723992775,0.3694293906097218,0.4889209300783904,0.32241999370224894,0.2711596148428048,0.07441290044581447,0.674422844263246,0.917855781501185,0.5551799002303651,0.18261820712971708,0.3676809360446809,0.3691476491158289,0.2435323754122541,0.675218349657767,0.6946833722799517,0.855508046205605,0.07970798322809461,0.787931520243955,0.9168116806708762,0.36743234060889307,0.12291386996801405,0.25121397437809706,0.9135467939475299,0.5793930956760968,0.7542965577818659,0.1909627272576609,0.5357314506372329,0.4729196705281824,0.01886839357629394,0.429108868227846,0.6801985448880492,0.8842953976698322,0.9276587281857506,0.5274532226254993,0.41080395763933764,0.3428048194368485,0.8909991879215765,0.8862427285835033,0.5896766602031853,0.15659855151726082,0.4780987421070949,0.43824889375031073,0.9210875221664262,0.5374881917168001,0.39076716551484114,0.8306236430832463,0.1701138567095908,0.3211190109216261,0.6366611975670793,0.9389781070286216,0.7806476739753725,0.6944927824458476,0.7655579310230531,0.5161918493843121,0.3173486468121779
109,0.8534529906030925,0.6886176436467294,0.2776562422313927,0.2371766187706127,0.3292646547009397,0.5351348215913423,0.6410530502659971,0.7232138417938646,0.8712109912328677,0.7193191799665226,0.7971958434843136,0.8425893700591657,0.03669268632227912,0.8403520111370756,0.9355640630438024,0.4124446875155372,0.3195362866471105,0.8921427269262003,0.45357894562389167,0.8275824922521088,0.08093438737798107,0.47741924791594165,0.03994100001657303,0.5944745521138899,0.3662556555461642,0.12690796996967135,0.0090240143190971,0.14036526956031753,0.7324201594325395,0.23754122540976816,0.06809028986227814,0.15936624736903166,0.2365302706375644,0.8999071910373059,0.07329422098476938,0.6902335139793501,0.5476143124678898,0.49431545103498564,0.9508526823447523,0.9006198312865642,0.2587712756260462,0.7965743548948441,0.1357331079401382,0.6290458907174464,0.5566548998160393,0.13187159217090108,0.8174978040736506,0.7347155239563135,0.8779976466298745,0.7762558212764546,0.16927691874243855,0.7075937619118646,0.9040090157278047,0.3541490578232983,0.23617395051293524,0.7774822254263412,0.1521321201876067,0.8790251744311308,0.13179701354016474,0.25943419678814694,0.06544689172840121,0.23668771441356337,0.7929531480468686,0.22659473972057875,0.21764530403221796,0.910712805979549,0.3013225277183911,0.8832595833540496,0.7787003430617014,0.1419479938348332,0.42379721241651336,0.3941563499560815,0.8375677422562522,0.9408757188551351,0.9293408906345814,0.24700442499875702,0.37870200036460666,0.5600772303153847,0.21790218598253203,0.1336200467359419,0.5823265218183926,0.7509653789423093,0.13249308076037059,0.9351828833755946,0.30036957854787116,0.07270587845340493,0.49115000248595436,0.2860421949319677,0.6169641525381594,0.32084555594225955,0.8739206814829548,0.883019274432788,0.5267571554052934,0.8093604468088632,0.1140224398813371,0.12463746498947613,0.6370838098079186,0.854265069026666,0.680065960655629,0.6904572498715591,0.2936243557234956,0.285826745554285,0.20613533535524287,0.3573476524304347,0.8392581912196092,0.6533668108520194,0.9147151924957324,0.7954059563466416,0.6213725782661297,1.0000000000000002,0.11233199091798007,0.8607782694443064,0.8842953976698322,0.9142262881386831,0.5920548898722219,0.6781683488291155,0.28397056630040274,0.37667180430567293,0.8794643597010227,0.1000762359336416,0.16342663948689903,0.10099603904605645,0.7823961285404133,0.8647972289895425,0.9476292281940369,0.9169359783887701,0.8901125308672666,0.7043040156449394,0.8941149173834502,0.7982399443146223,0.9189993205058088,0.17875669136047995,0.12171232536170636,0.21729727042211505,0.5294254130827492,0.8285851605097863,0.8169426076003911,0.8263892341603275,0.11284575481860819,0.3604468088632559,0.8987387924891033,0.26972604782976184,0.6950894114917383,0.2725600357977428,0.6494224299375196,0.7680687449245098,0.6566399840898921,0.8184258937005917,0.5662092510648171,0.15557102371600456,0.05459984421352691,0.9521288055817962,0.5964301695420873,0.9239878022506174,0.11154477203798538,0.7219874376439783,0.6522066988183429,0.1436218697691377,0.8970814895838513,0.9265897678118629,0.7115298563118383,0.04704254296557782,0.8280548235801057,0.6759889955087092,0.6568968660402061,0.07740433218979433,0.13528563615572017,0.6749780407365055,0.9266560599280731,0.8646812177861748,0.11841429258025489,0.8718241933078108,0.8104708397553821,0.004250981951971362,0.7213659490545087,0.8864333184176072,0.7286580818376175,0.6107161205853593,0.8769535457995657,0.7646298413961119,0.19916637663865827,0.7052569648154594,0.6384013656175939,0.9245264256948243,0.11029350834452015,0.22573294220984766,0.7705795588259666,0.6962826695835199,0.88243921841595,0.7145710071429756,0.7862907903677555,0.1193009496345647,0.5555279338404681,0.9510266991498035,0.6852450322345416,0.758257511725418,0.8998574719501484,0.8243341785578151,0.8553671754586586,0.5944248330267323
110,0.046338189230845726,0.12663451499030476,0.4743200914831204,0.45745703442218133,0.3214256119590978,0.11083213178872703,0.12434743698105703,0.11919322494572332,0.12950164901639072,0.15822270836440774,0.10998690730704852,0.08911317721539966,0.22527718391090337,0.12888844694144747,0.120171033659822,0.25143771027030615,0.31052884535706593,0.05102835645270887,0.23104459802118033,0.11348381643713021,0.7344172094333681,0.21968378660567792,0.1645867515205754,0.17554981023881738,0.2843185999105056,0.7552080743797545,0.01678019191567643,0.8914383731914682,0.11607749548384957,0.35448051840434874,0.25759459056331724,0.5921128954739058,0.490884834021114,0.11746134340973499,0.7424054094366829,0.14622383533038333,0.1539302938398051,0.2119856146107824,0.12761232370440345,0.1348298778567759,0.4005701121994067,0.13369462536667825,0.9302606937469962,0.11674041664595039,0.19227199655280997,0.931495384411409,0.07684913571653491,0.15794925338504118,0.11775965793268035,0.07383284442897628,0.6674953181192926,0.1653822569150964,0.08987553655181557,0.3065927509570925,0.4900727555975405,0.14532889176154726,0.7352292878569416,0.12878072225260612,0.7266858913803677,0.3736389399890617,0.1594573990288205,0.4481761381527702,0.11157791809609043,0.44158007258986726,0.5928586817812692,0.1226155554450687,0.2877492169243773,0.1440610550390295,0.15206582807139662,0.9233911732047266,0.24550456586950398,0.2881138235635327,0.10188269610036627,0.11111387328261987,0.075672450653806,0.33765060740151476,0.2655496445085268,0.2166674953181193,0.47021826679262163,0.7403834998922753,0.20635078473292565,0.1583801521404067,0.66109812890502,0.13067004756459338,0.390377699332107,0.7461509140025523,0.22883209864266893,0.37097068231160607,0.24875287956379788,0.35801886010706174,0.11142047432009149,0.11883690482109416,0.22166426357745406,0.15943253948524172,0.7902848903694129,0.9364507200981123,0.08427385273206384,0.14118563449841728,0.08557483551268666,0.0606241402741179,0.4508443958302259,0.3025406453537513,0.29907688228177465,0.33090538457713914,0.14572664445880776,0.11129617660219758,0.12430600440842574,0.07733804007358425,0.1620179320174348,0.11233199091798007,1.0000000000000002,0.11898606208256685,0.11461078241270158,0.09836921394123205,0.10813901456769254,0.09856809028986228,0.3196440113359519,0.2542136926366032,0.1179999668539419,0.8953578945623892,0.73709375362535,0.9014650557682427,0.12142229735328727,0.12794378428545386,0.08761331808614661,0.137000944662656,0.12771176187871858,0.1452128805581796,0.11783423656341671,0.09972820232353868,0.0728798952584564,0.4209052188468486,0.8181027196340676,0.5237408641177348,0.21067634531563334,0.1605346459172343,0.13053746333217323,0.07627736621422297,0.6389814216344322,0.2806559604898987,0.08917118281708349,0.3781302308622947,0.14587580172028042,0.4166873829529823,0.08213593198428877,0.1262616218366231,0.10895109299126601,0.12443030212631963,0.10321682493909412,0.7294370142030858,0.22942044117403337,0.12128142660634085,0.1583967251694592,0.1201958932034008,0.8382472364474055,0.0739737151759227,0.08408326289795987,0.8833093024412072,0.07996486517840866,0.11060839589651801,0.11738676477899865,0.29221564825403135,0.10559505460813073,0.17664363015628365,0.10165067369363098,0.7984222476342001,0.739737151759227,0.138053332007491,0.10019224713700925,0.13467243408077692,0.8463100150814564,0.1462984139611197,0.07745405127695189,0.007607020335106648,0.13932116873000877,0.15586105172442366,0.13150698553174564,0.17236778866073355,0.09235320439516731,0.07160377202141235,0.5014418535275693,0.15085599695056268,0.15007706458509423,0.11893634299540928,0.9715275360877709,0.3889524188335902,0.10368086975256467,0.14872636271731385,0.11812426457183578,0.08281542617544208,0.1319710303452162,0.46414425164487316,0.1215631681002337,0.1079401382190623,0.1732212996569383,0.17165514841147517,0.12599645337178278,0.1666583801521404,0.05232105271880541,0.09760685460481612
111,0.9118894910422779,0.5660849533469232,0.23286763121695753,0.18946286812840785,0.2929117154742372,0.6589850677008237,0.7695105984520791,0.5852185153880576,0.7577603208538424,0.6066308689239133,0.9259682792223933,0.9401630786058769,0.0508543396476574,0.6995641293359187,0.9027991846069706,0.3530635244203583,0.2565173436749035,0.8992028373025738,0.36778866073352223,0.7037571056862063,0.09788859609870895,0.402459437511394,0.0560085516829911,0.4629095609804603,0.325610301794859,0.12870614362186977,0.021420640050382012,0.13418352972372763,0.6025207577188882,0.1845821110724407,0.08164702762723942,0.1811929266312004,0.18962859841893304,0.7823712689968345,0.09623129319345697,0.5583619218084489,0.43846434312799354,0.37622433252125487,0.8844611279603573,0.830938530635244,0.19310893451996222,0.6713816934321086,0.13091035648585492,0.5592402923482325,0.45734930973334,0.1283249639536618,0.916289630255722,0.6068711778451747,0.7592933260412007,0.8962859841893303,0.1731135749680969,0.5815724489965031,0.7715739405691178,0.31333797378146805,0.18606539717264123,0.6362302988117139,0.1487015031737351,0.7386267588127082,0.13888198346011701,0.20965710402890336,0.081282420988084,0.1940618836904821,0.6518586652082401,0.19293491771491075,0.19249573244501897,0.9382074611776795,0.26390891463232735,0.7708944463779646,0.6494472894810984,0.15185866520824012,0.36552644226785336,0.32714330698221716,0.9256616781849218,0.8091367109166542,0.8169591806294436,0.19412817580669217,0.303965925852268,0.44531729064121045,0.18285022953645239,0.16190192081406718,0.4655363860852848,0.6216791793036013,0.12614561063325544,0.8691890816884602,0.2404663650375379,0.09455741725915245,0.412436401001011,0.23952170238154427,0.5048558975123884,0.31711662440544264,0.9419446792290227,0.9453752962428943,0.45271714811316066,0.6823530386648768,0.11989757868045542,0.12784434611113876,0.7472364474054923,0.7406320953280632,0.8174066524138617,0.802913538507433,0.2190457249871559,0.20502494240872404,0.1913770529839739,0.2978421916173619,0.735817630388306,0.8034107293790087,0.7990768822817746,0.8989791014103647,0.4983675566383268,0.8607782694443064,0.11898606208256685,1.0000000000000002,0.9331775468602397,0.8014136793781799,0.7087953065181722,0.7909478115315136,0.2322544291420143,0.3187656407961683,0.9358706640812742,0.1077744079285371,0.16862228409486402,0.11132932266030263,0.6326919571090008,0.7345000745786308,0.8798123933111256,0.8959628101228062,0.943610268648801,0.5676179585342813,0.7788080677505428,0.6656888579525679,0.8515885248346841,0.18439152123833674,0.14115248844031225,0.19679643348414794,0.4226122408392582,0.7067071048575548,0.6793864664644758,0.6884353403271516,0.1304794577304894,0.31532673726777044,0.897744410745952,0.20591988597756014,0.561038466000431,0.20880359303269858,0.7600308258340377,0.9015479209135052,0.7889093289580537,0.9028240441505494,0.6867448913637946,0.16298745421700725,0.07264787285172111,0.8311622665274532,0.46374649894761266,0.8946121082550258,0.10232188137025805,0.8292315086428347,0.774482507167835,0.14474883574470904,0.7779379837252854,0.7937735129849682,0.5674936608163874,0.06940784567195346,0.6896700309915642,0.5614445052122176,0.7776396692023402,0.10207328593447025,0.14010010109547721,0.5430235834203417,0.8944960970516581,0.7259898241601617,0.12378395399327136,0.9104393510001823,0.8988713767215234,0.012413198760337427,0.8573393659159084,0.7886441604932133,0.6002916853113244,0.48677472281608913,0.928851986277532,0.8747659059646332,0.17975107310363114,0.5691923962942708,0.5490147334228277,0.9169525514178227,0.1227398531629626,0.18681946999453092,0.9055585939442152,0.5681731550075407,0.9147234790102587,0.8318169011750278,0.6486434975720512,0.14179055005883423,0.6789389946800577,0.8351066474419531,0.5654883243010325,0.6384510847047515,0.7712507665025937,0.6913853394985001,0.8823729262997397,0.7198495168962031
112,0.9111519912494407,0.5987586801239664,0.27973615737748386,0.23414375445400157,0.3160973831187126,0.584248993188485,0.7182005005054773,0.6305706093902783,0.7742504847610998,0.6121414010838762,0.8866570543098161,0.920026848307065,0.03564858549197037,0.7473358855798075,0.9307910306766767,0.38019357297933354,0.3033775833209036,0.9121960920797494,0.3918029798306237,0.7253683355706924,0.09290011435390047,0.42802333482490595,0.03899633736057939,0.48168680289696547,0.34793417192860343,0.14795571686637166,0.0076401663932116875,0.15132004176403321,0.6337526309683621,0.23095344636139148,0.0683223122690134,0.17496146770745288,0.23141749117486204,0.8099736488838065,0.08863255937287658,0.5951126137324119,0.45810338255522964,0.4207394885563235,0.904406768425065,0.8668191385339499,0.23077942955634,0.6993072473856046,0.14622383533038336,0.554442400437528,0.4717761315235586,0.13154841810437692,0.8923416032748306,0.6445499593960788,0.785478711944182,0.8544307993171911,0.18695205422695105,0.6164006695503738,0.8111917665191666,0.3382389499328792,0.21636089428064764,0.6964566863885713,0.1821210162581415,0.784426324599347,0.1560433550440014,0.2519846202290393,0.06688045874144417,0.22523575133827212,0.7101791544440577,0.22589038598584665,0.21747957374169274,0.9483501549578216,0.2862907903677555,0.7925553953496081,0.6937304231094317,0.1549246755829563,0.40620494207726343,0.3799284045144931,0.9154775518321483,0.8432854372793717,0.8471800991067138,0.24102984802532357,0.3597258820994713,0.46187374666467795,0.1960175011186795,0.15256301894297222,0.4817033759260181,0.6506405475728799,0.15244700773960457,0.900545252655828,0.2748719733505693,0.0871824193307811,0.4589651800659607,0.274416215051625,0.5090737334062547,0.3159565123717662,0.947852964086246,0.9220156117933674,0.445300717612158,0.7344006364043156,0.12530867266610318,0.14726793616069211,0.7124993785114104,0.7722037156731136,0.7528629907688228,0.7648618638028473,0.2679361606920897,0.2472198743764398,0.2089030312070137,0.34119723561875404,0.7489683289414806,0.7359336415916736,0.8403520111370755,0.8738626758812709,0.5514012496063905,0.8842953976698322,0.11461078241270158,0.9331775468602397,0.9999999999999999,0.8426722352044282,0.6583138600241967,0.7422811117187887,0.2733058221051061,0.37636520326820133,0.9434693979018545,0.10776612141401085,0.17593098990702533,0.11145362037819653,0.6743979847196673,0.7757171978322478,0.8940237657236614,0.9216841512123171,0.9204163144897993,0.6113541822038814,0.8107360082202224,0.6881867448913638,0.8641757404000728,0.1964235403304662,0.13450670379025176,0.2335139793500058,0.4409254379422927,0.7294121546595072,0.718664545318948,0.705149240126618,0.12028704486318964,0.33780805117751367,0.882762392482474,0.2236613135782827,0.5927095245197965,0.22446510548732992,0.716369180795174,0.8643829032632293,0.7437146787318317,0.905716037720214,0.6290707502610252,0.1709259351331643,0.05716037720214123,0.8465503240027181,0.5169127761480965,0.9467757171978323,0.11191766519166708,0.7884701436881618,0.7314589237474933,0.16066723014965445,0.8183596015843816,0.81913853394985,0.6325676593911069,0.047548020351679675,0.7335305523790583,0.562728914963788,0.7256086444919537,0.09091135086759808,0.15532242828021678,0.583768375345962,0.9125689852334311,0.7678615820613534,0.11684814133479177,0.916140472994249,0.8808647806559605,0.0029334261422960277,0.8086312335305524,0.8123767380964219,0.634448698188568,0.5200947977261804,0.9427401846235436,0.8374600175674108,0.21127297436152404,0.6181822701735197,0.5531165581133264,0.9437262798521685,0.11693100648005436,0.2197915112945193,0.8508095924692155,0.6285238403022921,0.9399393427136679,0.7911301148510913,0.7004259268466497,0.13199588988879496,0.6237673809642188,0.8664296723512157,0.5889391604103482,0.6686305706093902,0.7901274465934138,0.7308788677306551,0.9100996039046056,0.6674207394885563
113,0.8089046885099189,0.7291055536220356,0.277092759243607,0.24300203848257348,0.3737300916488507,0.5117088450256053,0.6106332554400967,0.7637348978272759,0.8938828949767148,0.7363231077744079,0.7493909411823199,0.7852549760519729,0.026616284658347002,0.8632973698602894,0.8711944182038152,0.4392101294353569,0.35744709060474983,0.8560052370771806,0.43652529872884865,0.8618306567891414,0.0714711877889922,0.5167636188866239,0.027229486733290245,0.6076915427832745,0.3974958153101643,0.1341669566946751,0.004350420126286482,0.1352359170685626,0.7608180447140324,0.25727970301131936,0.05637315832214654,0.1719783224779993,0.22452311108901374,0.8944878105371319,0.07037736787152588,0.7187225509206318,0.5752912709855981,0.5210726064402791,0.8662307960025852,0.8577951242148527,0.24568686918908172,0.8344022937072209,0.12665937453388357,0.6729064121049404,0.592850395266743,0.11607749548384957,0.7744162150516251,0.7653424816453703,0.9077462337791478,0.736265102172724,0.18016539882994415,0.7271416496793119,0.9186678599247585,0.38196688708795307,0.24542170072424135,0.8230663418352973,0.17997480899584015,0.90029665722004,0.13427468138351648,0.27831087687896716,0.05419380500174017,0.23943883723628165,0.8404348762823382,0.220578730174514,0.21322859178972142,0.839316196821293,0.3208124098841545,0.8749399227696847,0.8196854439085832,0.13955319113674408,0.4569349840070269,0.3957805068032284,0.7774822254263412,0.967450570940851,0.9570261356668157,0.29993039327797943,0.41988597756011864,0.579782561858831,0.20001988763486303,0.14491456603523425,0.6054873299192893,0.784426324599347,0.13909743283779977,0.8867813520277101,0.2877243573807985,0.06381444836672799,0.5208405840335438,0.31915510697890254,0.6390477137506423,0.3230746283498235,0.8192379721241652,0.8338885298065928,0.5591491406884437,0.8575796748371699,0.10924112099968511,0.13171414839490214,0.5994878934022771,0.8686255987006746,0.6593579608545053,0.6562256583635792,0.2973450007457863,0.29425413082749136,0.20094797726180413,0.3977858433185833,0.8654021445499595,0.619151792373092,0.9115497439467011,0.736231956114619,0.6725666650093638,0.9142262881386831,0.09836921394123205,0.8014136793781799,0.8426722352044282,0.9999999999999999,0.5507300419297636,0.6363794560731866,0.3210361457763635,0.4054011501682162,0.8136031422463084,0.09217918759011585,0.16795936293276323,0.09600755730124794,0.8168348829115497,0.8793732080412336,0.913041316561428,0.8607534099007277,0.8324549627935498,0.7383781633769204,0.8925653391670396,0.8215747692205704,0.9246341503836656,0.1882861830656789,0.12036162349392598,0.22100962892987952,0.5498185253318748,0.8591706856262118,0.8553174563715011,0.8105537049006447,0.10455924029234823,0.3766635177911467,0.8813371119839574,0.23847760155123554,0.7233547125408111,0.2413033030046902,0.6160194898821657,0.7233547125408111,0.6191435058585657,0.7449410828817183,0.5439351000182304,0.16068380317870698,0.04605644773695288,0.9253965097200816,0.631167238436169,0.8858698354298216,0.10000994381743152,0.6826927857604534,0.6247369031637913,0.14863521105752497,0.9616500107724689,0.9158918775584615,0.7572216974096356,0.03550771474502395,0.8693216659208803,0.6780191915676428,0.626162183662308,0.07236613135782827,0.14850262682510482,0.7038151112878901,0.898763652032682,0.8913886541043106,0.10146837037405328,0.7859924758448102,0.7712341934735412,0.0017484545650408524,0.6879464359701022,0.8705232105271882,0.7589784384892027,0.6393377417590613,0.8322229403868145,0.7236033079765988,0.20871244137290973,0.7448913637945606,0.6727572548434677,0.8631067800261853,0.10086345481363629,0.22594010507300422,0.7307711430418138,0.7444024594375114,0.8344685858234309,0.6827342183330848,0.8296955534563052,0.11736190523541987,0.5337924062380882,0.9068430036957854,0.7103448847345828,0.7911135418220389,0.9080859808747244,0.8418684432953811,0.8050100266825768,0.5720180977477254
114,0.6830242463415037,0.37928205638144485,0.19239629427070387,0.16169475795091068,0.2473027395217024,0.8525249009761515,0.9151378047365718,0.35740565803211855,0.4854405939773613,0.4255622400106067,0.7875254810321682,0.7137092096322446,0.05007540728218897,0.4316196821293028,0.6623991116856428,0.2368285851605098,0.1977162365965628,0.6274465934138783,0.21543280465370657,0.44100001657302906,0.09294983344105803,0.2500041432572631,0.057367540065297734,0.27762309617328756,0.21961749448946782,0.11890319693730422,0.030187772419165048,0.11657468635542519,0.3992525563897314,0.15610964716021147,0.07877160708662723,0.1548003778650624,0.15627537745073666,0.4766817481231045,0.09619814713535192,0.36546843666616946,0.2662125656706277,0.26233447687233796,0.5916819967185403,0.5413165614279322,0.1486517840865775,0.4441903246656391,0.11839771955120236,0.3751968047199987,0.27492169243772685,0.11877889921941034,0.7488937503107442,0.3853643580437196,0.4859875039360944,0.7396045675268069,0.1512206035897181,0.40295662838296953,0.508195362866471,0.23677886607335225,0.1435638641674539,0.3963937088781716,0.13567510233845442,0.4605810503985813,0.1303800195561743,0.1673627338868725,0.08023003364324897,0.15054939591309102,0.4109448283862842,0.14940585690846717,0.16099869073070486,0.6514609125109796,0.20657452062513465,0.5099355309169857,0.40896435141450804,0.15721175359220405,0.24702099802780952,0.25144599678483237,0.7223106117105023,0.5492633288586156,0.581348713104294,0.16258970151974678,0.2042957291304132,0.29411326008054495,0.15005220504151545,0.14875950877541888,0.3139760353999901,0.3766966638492517,0.11161935066872174,0.6094731434064204,0.19854488804918877,0.0921874741046421,0.29659092792389663,0.18850991895788793,0.3258257511725418,0.24694641939707318,0.6559687764132651,0.6521072606440279,0.2622847577851804,0.4630752912709856,0.10997033427799599,0.11563002369943154,0.8345514509686935,0.4775435456338355,0.8816022804487975,0.834982349724059,0.1768839390775452,0.1639072573294221,0.1580321185303038,0.2098559803775336,0.4652629311059182,0.8693299524354066,0.5370821525050133,0.7526061088185088,0.34882911549743945,0.5920548898722219,0.10813901456769254,0.7087953065181722,0.6583138600241967,0.5507300419297636,1.0,0.8230249092626658,0.18140008949435688,0.23167437312517608,0.6865211554715857,0.10534645917234293,0.13779645005717694,0.10856162680853179,0.3880243292066491,0.49004789605396176,0.6040206168481412,0.6515354911417159,0.671075092394637,0.37196506405475727,0.47577023152521586,0.4538689736323108,0.5929664064701106,0.14839490213626344,0.1316395697641658,0.15275360877707622,0.3099405028257014,0.4596281012280614,0.4216344321251595,0.46137655579310227,0.12089196042360664,0.21644375942591026,0.6739173668771441,0.1643215830557351,0.381262533353221,0.16959180629443643,0.8636951225575498,0.7684002055055602,0.8919189910339912,0.7304562554898159,0.9424584431296508,0.13773844445549313,0.06991332305805531,0.5605578481579079,0.3177795455675434,0.5928255357231642,0.09073733406254661,0.7687482391156633,0.8844942740184624,0.13189645171447986,0.5268234475215036,0.5407696514691991,0.34118066258970153,0.08407497638343361,0.44692487445930495,0.39131407547357433,0.8866321947662374,0.1059513747327599,0.1282006662357679,0.3618969489053514,0.6339680803460448,0.465544672599811,0.13308142329173503,0.70680654303187,0.7475844810155953,0.02555561079898573,0.8148295463961949,0.5287376323770696,0.41008303087555315,0.32159962876414927,0.6977245231110889,0.7618952916024462,0.13574968096919074,0.3701337443444539,0.36347967317986707,0.6371003828369711,0.11161106415419547,0.1641309932216311,0.7816006231458924,0.37506422048757854,0.6829496677107676,0.8475944248330267,0.4092046603357695,0.1319295977725849,0.9224630835777855,0.5735096703624522,0.38399708314688685,0.4433285271549081,0.5171696580984106,0.44315451034985665,0.6387991183148544,0.8812542468386946
115,0.7476756326753841,0.4114005866852285,0.18218730837435157,0.1527701818061287,0.22040471336946255,0.8398631067800261,0.8663882397785844,0.4279984752813272,0.5489152952485126,0.424584431296508,0.8425727970301132,0.7654087737615803,0.038582011634266396,0.509943817431512,0.7199323820414657,0.2260229702182668,0.19555345630520893,0.7142809791345565,0.24563715010192416,0.5000248595435788,0.07872188799946966,0.26346144284790934,0.04095195478877674,0.30392449327963666,0.21966721357662541,0.11210825502577107,0.010532159962876413,0.11079069921609572,0.44203583088881154,0.14638956562090855,0.06870349193722136,0.13063690150648832,0.15874475877956212,0.5719600921460415,0.07261472679361608,0.3928056480883011,0.30867266610318367,0.2548931868277565,0.6737930691592503,0.6270985598037754,0.14904125026931173,0.49750575912759576,0.11384842307628565,0.40093471883856213,0.28309219576061917,0.11569631581564163,0.8066093239861449,0.4449112514294237,0.5516332720131258,0.8477518686090257,0.14084588740284062,0.42750128440975155,0.5746034902799184,0.22692620030162913,0.14295066209251064,0.460282735875636,0.1301065645768077,0.5560831303137275,0.11952468552677373,0.1596148428048194,0.06609323986144948,0.1544854903130645,0.4809410165896022,0.15346624902633454,0.16006231458923748,0.7268350486418403,0.17928702829016058,0.554028074711215,0.4707817497804074,0.12733886872503686,0.2559041415999602,0.24740217769601752,0.7653673411889491,0.6202787583486634,0.6508062778634051,0.15238071562339447,0.20301131937884287,0.3110923283448516,0.1435390046238751,0.12015446063076948,0.3167603042808134,0.43613583254611443,0.11345067037902516,0.6656971444670943,0.18531961086527785,0.0725235751338272,0.3011733704569184,0.19308407497638344,0.32517940303949355,0.24264571835794424,0.7547854621389152,0.733804007358425,0.30321185303037834,0.5138053332007491,0.10149322991763204,0.11122988448598752,0.9557914450024031,0.5260362286415088,0.8523425976565737,0.8817680107393229,0.17008071065148578,0.1624322577437478,0.15495782164106134,0.20161089842390495,0.5085848290492053,0.9304347105520475,0.6063325544009679,0.7730737996983709,0.3313942889341885,0.6781683488291155,0.09856809028986228,0.7909478115315136,0.7422811117187887,0.6363794560731866,0.8230249092626658,1.0,0.17651104592386352,0.21117353618720894,0.736099371882199,0.08792820563814449,0.1313661147847992,0.08963522763055404,0.4474883574470906,0.5344553274001889,0.6917168000795506,0.7078257843186,0.7420656623411062,0.4277415933310131,0.5688360761696416,0.501657302905252,0.6577089444637796,0.14454995939607881,0.11229055834534879,0.14653043636785495,0.3038416281343741,0.5148660070601103,0.5150731699232669,0.5296988680621157,0.10650657120601932,0.20266328576873993,0.7429026003082584,0.1531845075324417,0.3946535408276571,0.16181076915427833,0.9719750078721888,0.7887767447256335,0.8515305192330003,0.742065662341106,0.8212764546976251,0.13138268781385173,0.05771557367540066,0.63508675980709,0.3287840368584166,0.6995061237342348,0.08482904920532325,0.927451565322594,0.9000563482987786,0.12476176270737004,0.6102023566847314,0.601045758133214,0.3925653391670395,0.04861698072556721,0.5138136197152754,0.38583668937171645,0.8994100001657304,0.07444604650391952,0.11500853510996205,0.3859444140605578,0.7172641243640101,0.5298314522945359,0.09986078655595884,0.7326273222956959,0.8260909196373821,0.00466530767828436,0.803170420457747,0.5881933741029848,0.43896982051409533,0.3265715374799052,0.7576028770778436,0.8733986310678001,0.1402078257843186,0.407083312617047,0.3764977875006215,0.7158471303800196,0.10230530834120552,0.15017650275940936,0.844959313213676,0.3874194136462321,0.7479573741692769,0.8869056497456039,0.4805101178342366,0.11226569880177001,0.8240855831220273,0.6350370407199324,0.37952236530270633,0.472778799781236,0.5790450620659938,0.4911500024859543,0.695619748421419,0.9172094333681367
116,0.23005021627802913,0.494646911616036,0.7625664992790732,0.781236016506737,0.8784782644723975,0.1809857637680439,0.21067634531563334,0.4738974792422811,0.3665622565836358,0.4850096952219958,0.2306385588093936,0.23124347436981058,0.05203931122491258,0.4154775518321484,0.3249473806327583,0.7828353138103051,0.9185518487213908,0.2414193142080578,0.701296010871907,0.3879000314887552,0.2418916455360546,0.7256252175210063,0.05316627720048393,0.6234110608395895,0.8157162034505047,0.5063060375544838,0.007515868675317788,0.4787616632691957,0.4661993072473857,0.8917366877144135,0.10601766684896997,0.6452543131308108,0.7513299855814647,0.3300270140373556,0.2040968527817829,0.4979863769701188,0.665688857952568,0.7060441836954541,0.29146157543214174,0.3437743416364209,0.8596264439251562,0.39992376406635843,0.37985382588375677,0.534712209350503,0.6223669600092809,0.3228426059430882,0.23532043951673048,0.44294734748670017,0.35777855118580026,0.18967003099156432,0.5854091052221615,0.4934867995823597,0.34609456570377367,0.8427799598932697,0.8455808018031454,0.4641608246739256,0.5882762392482475,0.42579426241734203,0.4173751636586619,0.9122540976814332,0.08966008717413282,0.8069159250236166,0.41335620411342583,0.8060789870564644,0.6738842208190391,0.2785511858002287,0.87645635492799,0.3629907688228178,0.4356717877326439,0.37165846301728567,0.7804239380831635,0.817481231044598,0.23518785528431033,0.32015777523657996,0.28140174679726215,0.9212532524569513,0.7990188766800909,0.6221680836606507,0.8011153648552346,0.5374384726296425,0.6137572714164968,0.47600225393195117,0.4633818923084572,0.30824176734781816,0.8715175922703392,0.20861300319859458,0.7022738195860057,0.9138948275576327,0.5767248379986409,0.8925239065944082,0.24784964948043553,0.24637464989476127,0.6563085235088417,0.3910406204942077,0.28590961069954757,0.36952054226951064,0.17027130048558975,0.382314920698056,0.18469812227580834,0.1645536054624704,0.8481744808498648,0.9340393443709707,0.5792356519000977,0.7729909345531083,0.3838727854289929,0.1815823928139346,0.3663468072059531,0.2008319660584365,0.5516581315567046,0.28397056630040274,0.3196440113359519,0.2322544291420143,0.2733058221051061,0.3210361457763635,0.18140008949435688,0.17651104592386352,1.0,0.789108205306684,0.26063574139445467,0.40220255556107987,0.5457001276123237,0.33268698520028506,0.43046785661015263,0.36702630139710635,0.25430484429639205,0.27493826546677935,0.2507830756227316,0.5231276620427916,0.3446112796035732,0.40192910058171333,0.299789522531033,0.6848555660518072,0.4181706690531829,0.7721622831004823,0.633520608561627,0.3672666103183679,0.41785578150118496,0.2803659324814797,0.23172409221233367,0.8280216775220007,0.2439467011385671,0.8813951175856412,0.519953926979234,0.9173834501731881,0.15908450587513878,0.2220951623328196,0.20156946585127367,0.23522928785694158,0.17618787185733936,0.5225890385985847,0.0886076998292978,0.3311042609257694,0.5665987172475513,0.29456901837948923,0.4176071860653972,0.17728997828933196,0.18095261770993887,0.4531314738394736,0.3143157824955667,0.33097167669334926,0.47064087903346086,0.09357960854505379,0.3782462420656624,0.4941414342299342,0.18778899219410333,0.2258738129567941,0.527378643994763,0.5165067369363099,0.25220006960672203,0.4147483385538375,0.38720396426854936,0.29781733207378314,0.22110906710419465,0.0029665722004010675,0.2359336415916737,0.33621704038847183,0.4648237458360264,0.5626791958766304,0.2667180430567294,0.1854107625250667,0.7585972588209948,0.4899235983360679,0.5667727340526028,0.28309219576061917,0.31245131672715826,0.8973715175922704,0.18854306501599297,0.5038946618273421,0.29768474784136295,0.18542733555411922,0.4286862559870067,0.22042957291304133,0.18546048161222428,0.30413165614279325,0.505833706226487,0.39628598418933025,0.35289779412983313,0.42976350287542053,0.1904158172989277,0.17494489467840038
117,0.34984007026964314,0.6294353569001807,0.5871741328162549,0.6213477187225509,0.8689653457962512,0.2292132783108769,0.2686985200285056,0.5859394421518421,0.47025969936525297,0.6333217322129966,0.2955053945209566,0.3318997663202903,0.05972919670528183,0.501433567013043,0.38419595949551694,0.9639288022671904,0.8484645088582841,0.3421087522166426,0.8803675897843848,0.47367374335007206,0.20650822850892459,0.8783788262980825,0.06654071164586751,0.7508079351663103,0.9594375113939575,0.3683770032648867,0.023401117022158142,0.322038814034041,0.6053215996287641,0.6838114652214986,0.10504814464939757,0.49655280995707585,0.5844644425661678,0.44223470723744174,0.20976482871774474,0.6275874641608247,0.8245827739936028,0.8712607103200253,0.4059480601269494,0.4243772684333516,0.6543694791096968,0.5210146008385953,0.2867382621521735,0.6851870266328577,0.7922487943121365,0.3244584762757089,0.316652579591972,0.5824342465072342,0.4477369528828784,0.25374964782313264,0.4617328759177315,0.6341255241220438,0.44723147549677655,0.8853477850146672,0.6374567029616002,0.5477551832148362,0.40167221863139924,0.49199522696763287,0.32013291569300123,0.6963323886706774,0.09961219112017103,0.6270819867747228,0.5150814564377931,0.615356568720065,0.5168133379737816,0.39539104062049424,0.8543727937155075,0.5136561759392765,0.5380931072772172,0.34046802234044315,0.9515404630504318,0.9191153317091765,0.33443543976532586,0.4140854173917367,0.3770281244303021,0.7756343326869852,0.9439334427153252,0.7898208455559423,0.6074263743184343,0.412312103283117,0.7690962727257661,0.583958965180066,0.33743515802383206,0.4085500256881951,0.7342431926283167,0.20727887435986675,0.8685924526425696,0.8612340277432508,0.710029997182585,0.7493163625515836,0.3524006032582575,0.35921211819884324,0.821914516316147,0.49775435456338357,0.2572216974096355,0.27459851837120275,0.19403702414690333,0.494646911616036,0.24399642022572468,0.213692636603192,0.7437809708480418,0.7954722484628516,0.4896335703276488,0.9102073285934471,0.49816868028969646,0.23574305175756977,0.45285801886010707,0.2805233762574786,0.7069474137788163,0.37667180430567293,0.2542136926366032,0.3187656407961683,0.37636520326820133,0.4054011501682162,0.23167437312517608,0.21117353618720894,0.789108205306684,1.0,0.3814034041001674,0.24480849864929816,0.41646364706077327,0.24550456586950395,0.5628863587397868,0.45231110890137394,0.3499560814730108,0.3974378097084804,0.3756939955915743,0.6177513714181541,0.44820099769634897,0.5255473242844595,0.37165017650275944,0.5221829993867979,0.3165614279321832,0.569457564759111,0.8106531430749598,0.49576559107708107,0.5144268217902186,0.3737218051343244,0.2187805565223156,0.9700276769585177,0.3376920399741461,0.6972190457249872,0.647615969770795,0.7281526044515156,0.21090836772236865,0.3062695768905683,0.24904290757221698,0.33565355740068614,0.22466398183596015,0.40124960639056007,0.0985846633189148,0.4185932812940221,0.7105271880541606,0.391305788959048,0.2883872785428993,0.21023716004574156,0.22577437478247903,0.3395565057425546,0.3903776993321069,0.42192446013357865,0.5687449245098527,0.09851837120270471,0.4981769668042228,0.6175027759823662,0.2476756326753841,0.21404067021329493,0.3761663269195711,0.649463862510151,0.35583122027212916,0.4954755630686621,0.29444472066159527,0.3861681499527669,0.31700889971660123,0.01613384378262815,0.30002983145229456,0.4554185518487214,0.6052801670561327,0.7342597656573692,0.36382770678997,0.24590231856676445,0.580387477419248,0.5987918261820713,0.7106431992575284,0.3902948341868444,0.24741046421054375,0.7137174961467708,0.27540231028025,0.6165663998408989,0.39383317588955735,0.25006214885894695,0.5475397338371535,0.21689123121032833,0.23158322146538723,0.41218780556522316,0.6408624604318931,0.49781236016506736,0.4500074578630736,0.527378643994763,0.2940552544788611,0.21780274780821687
118,0.9067767115795754,0.5892871940204512,0.2683421999038764,0.22564179055005884,0.3248562289729694,0.5898423904937105,0.7337377152422149,0.6121662606274549,0.7604285785312983,0.618894910422778,0.8887452559704337,0.9329123783953993,0.04799549213609771,0.7176370175176917,0.9285619582691129,0.38994680057674147,0.2867548351812261,0.8907754520293675,0.3812376738096422,0.7068976946916588,0.09241949651137739,0.41689454581613883,0.054359535292265365,0.4649811896120254,0.333449344536701,0.1323853560715292,0.02142064005038201,0.14971245794593876,0.6276206102189297,0.22545948723048115,0.07917764629841395,0.1745720015247187,0.20264671273968743,0.7899948623609938,0.09699365252987288,0.5868509587497307,0.4514078788180116,0.40695072838462687,0.9004623875105653,0.864399476292282,0.21824193307810869,0.6929349177149107,0.13485473740035467,0.5532159962876415,0.4555594225956678,0.13402608594772866,0.8872288238121282,0.6399426573194782,0.759053017119939,0.8184590397586968,0.18348000464044814,0.6204196290956098,0.7859759028157577,0.337625747857936,0.20303617892242165,0.6689288851323356,0.16609489716435472,0.7617875669136048,0.14316611147019342,0.24813139097432838,0.07808382638094764,0.2069225542352376,0.6802979830623643,0.20292845423358027,0.20206665672284924,0.96053961782595,0.2988531463895656,0.7800676179585343,0.6742322544291419,0.16286315649911332,0.37294287276885596,0.37591773148378327,0.9395415900164074,0.8229254710883508,0.8274333349906362,0.22963589055171613,0.34147069059812063,0.46772402592021745,0.19273604136628053,0.16496793118878336,0.4861366611975671,0.6470442002684831,0.1312915361540629,0.8877011551401249,0.2750459901556207,0.09217090107558959,0.4503389184441241,0.26698321152156984,0.5146008385952701,0.3072971046918245,0.9195047978919108,0.9051608412469547,0.44438920101426943,0.7081655314141766,0.12443858864084588,0.13635459652960774,0.6998044382571802,0.7616715557102371,0.7735295579973152,0.768325626874824,0.2597242247965661,0.24500737499792838,0.19734334344288104,0.32298347669003463,0.736289961716303,0.7528878503124016,0.8075788461857173,0.8767961020235668,0.5440925437942292,0.8794643597010227,0.1179999668539419,0.9358706640812742,0.9434693979018545,0.8136031422463084,0.6865211554715857,0.736099371882199,0.26063574139445467,0.3814034041001674,1.0000000000000002,0.1198230000497191,0.17099222724937438,0.12331162266527453,0.6536982714330697,0.7568073716833227,0.8759757370854673,0.9128672997563764,0.9247253020434545,0.5953280631100946,0.7820895275029418,0.690076070203351,0.8300187275228293,0.1813503704071993,0.1404978537927377,0.22771341918162383,0.45354579956578667,0.7242165100515422,0.6985034554765575,0.7056547175127198,0.1273305822105106,0.33590215283647396,0.8620129601087191,0.23372942872768857,0.5844561560516417,0.22663617229321006,0.712259069590149,0.8894081771325345,0.775021130612042,0.919098758680124,0.6504002386516183,0.16239082517111653,0.07242413695951208,0.8543396476574023,0.5102835645270886,0.9233663136611479,0.10088831435721507,0.768839390775452,0.741328162548269,0.1524138616814995,0.7945524453504368,0.808018031455609,0.6014517973450008,0.06678102056712906,0.7147201644044483,0.5751421137241254,0.735337012545783,0.10204842639089146,0.14526259964533716,0.5836689371716468,0.8843285437279371,0.7368285851605099,0.12560698718904853,0.9336167321301314,0.8772767198660899,0.012628648138020187,0.8279553854057906,0.8090206997132866,0.6225078307562273,0.5081207842357348,0.9434611113873284,0.8228094598849832,0.18338885298065927,0.6020815724489965,0.5456421220106399,0.9448118132551085,0.11884519133562041,0.21500190589834106,0.8693879580370905,0.5930161255572681,0.9436351281923797,0.8038747741924792,0.6687051492401267,0.13783788262980826,0.6362800178988715,0.8493014468254363,0.584754470574587,0.6725500919803113,0.7926134009512917,0.7184076633686339,0.907911964069673,0.6793781799499495
119,0.03360181640398416,0.11844743863835992,0.5469596778203154,0.5237408641177348,0.3672168912312103,0.11246457515040024,0.12636106001093822,0.09769800626460498,0.11952468552677373,0.14410248761166078,0.0971345232768193,0.08500306601037472,0.23048111503339466,0.11597805730953448,0.0997862079252225,0.229088980592983,0.30805117751371414,0.04742372263378578,0.167760486584133,0.08385124049122458,0.6868277565090573,0.18396062248297124,0.15371484446212236,0.15706259633073139,0.288950761530685,0.8202323538673163,0.03323720976482872,0.9231922968560964,0.10189098261489252,0.4303684184358375,0.27421733870299475,0.6623908251711166,0.5578398713932945,0.10556190855002569,0.7129054177231973,0.12518437494820928,0.19962213493760256,0.24352408889772786,0.12602131291536153,0.12283929133727771,0.4874127844346111,0.13249308076037056,0.9047382290061154,0.09938845522796202,0.18654601501516432,0.9125441256898523,0.07092427783025905,0.13992608429042577,0.10174182535341986,0.06582807139660915,0.705149240126618,0.15842987122756427,0.08347834733754289,0.3202323538673163,0.4733588557980742,0.11359154112597158,0.8052006165166807,0.11416331062828353,0.7351464227116791,0.44854903130645185,0.181499527668672,0.5374384726296425,0.10025853925321931,0.5355242877740765,0.6430252407232471,0.12168746581812756,0.35629526508559967,0.14238717910472498,0.13880740482938067,0.9150300800477305,0.24688012728086312,0.2727423391173205,0.10117005585110792,0.10264505543678218,0.06146936475579642,0.41587530452940885,0.253791080395764,0.19213112580586353,0.5077561775965793,0.8327864233746003,0.18074545484678234,0.14325726312998227,0.5807437975438771,0.1160940685129021,0.4533303501881039,0.7143638442798189,0.23775667478745088,0.39501814746681246,0.2266444588077363,0.4418038084820763,0.10755067203632808,0.11484280481943684,0.19276090090985928,0.1426523475695653,0.7737450073749979,0.862327847660717,0.0735179568769784,0.12830010441008302,0.078382140903893,0.05493130479457731,0.4324980526690863,0.32483965594391684,0.3859775601186629,0.3070319362269842,0.13511161935066873,0.10948971643547291,0.10710320025191006,0.06910124463448185,0.16120585359386136,0.1000762359336416,0.8953578945623892,0.1077744079285371,0.10776612141401085,0.09217918759011585,0.10534645917234293,0.08792820563814449,0.40220255556107987,0.24480849864929816,0.1198230000497191,0.9999999999999999,0.7802664943071645,0.9790019721904573,0.10885994133147717,0.1268582508825138,0.08349492036659541,0.13793732080412338,0.13492102951656473,0.127057127231144,0.1084787616632692,0.09275924360695405,0.05812989940171365,0.5320273786439947,0.8399874044979202,0.5735676759641359,0.2069391272642901,0.15320936707602048,0.1154311473508013,0.07301247949087655,0.5634166956694675,0.298546545352094,0.07563930459570097,0.4368236132517941,0.12386681913853395,0.40985100846881783,0.07904506206599379,0.11548086643795887,0.10919140191252756,0.13055403636122573,0.10785727307379969,0.7763718324798224,0.19646497290309747,0.11788395565057426,0.1570128772435738,0.09371219277747395,0.8905765756807371,0.06278692056547175,0.06812343592038317,0.8711944182038152,0.07469464193970732,0.09750741643050101,0.09997679775932646,0.2616384096521322,0.09105222161454449,0.17798604550953778,0.09694393344271532,0.7709938845522797,0.8378411972356189,0.12857355938944962,0.08442300999353652,0.11664926498616152,0.9138119624123702,0.14571007142975523,0.07153747990520228,0.01586038880326157,0.14832861002005338,0.14421021230050216,0.114337327433335,0.14856063242678866,0.07841528696199804,0.06340840915494125,0.5704602330167885,0.13077777225343476,0.12149687598402359,0.11515769237143472,0.8718573393659159,0.47629228194037027,0.1022473027395217,0.13177215399658593,0.0998276404978538,0.0735179568769784,0.11403072639586337,0.5905467442284427,0.12545782992757584,0.09472314754967766,0.15776695006546348,0.17602214156681414,0.13341288387278544,0.1682742504847611,0.03894661827342183,0.09449112514294236
120,0.1384096521321202,0.24793251462569815,0.7412287243739539,0.7181093488456884,0.4812061850544424,0.13888198346011701,0.15983029218250222,0.2261638409652132,0.1984703094184524,0.25950877541888334,0.1499776264107791,0.13663633802350056,0.11166906975587929,0.21810106233116228,0.17459686106829747,0.4227365385571521,0.5064137622433252,0.11972356187540398,0.3371285569863604,0.18085317953562374,0.49555014169939837,0.35682560201528035,0.08006430335272377,0.3389847362402426,0.42380549893103964,0.9220901904241039,0.00957921079235652,0.8048525829065779,0.2294121546595071,0.5971842423639768,0.21680836606506576,0.8846931503670925,0.7737201478314192,0.19190738991365452,0.5096123568504616,0.25911102272162284,0.3241270156946585,0.36233613417524324,0.1834882911549744,0.19248744593049272,0.6671970035963474,0.2128805581796185,0.7909063789588824,0.2658230994878934,0.30673362170403884,0.6416993983990454,0.12854041333134458,0.2453305490644525,0.2011634266394869,0.12024561229055834,0.8951092991266014,0.24287774076467958,0.17933674737731814,0.43736223669600094,0.6597059944646082,0.23458293972389332,0.9234988978935681,0.2419827971958435,0.7388256351613385,0.6202207527469796,0.11530684963290741,0.7133197434495102,0.20247269593463596,0.7077180596297585,0.8675649248413133,0.1775882928122773,0.45918891595816974,0.22545948723048112,0.23506355756641642,0.7709027328924907,0.40226056116276376,0.47857935994961803,0.14858549197036744,0.18420093140423277,0.14748338553837484,0.5494953512653508,0.43555577652927624,0.3347751868609026,0.7067651104592387,0.9024594375113939,0.31976002253931957,0.2613235221001342,0.7900445814481513,0.1889739637713585,0.6212317075191833,0.5060160095460647,0.3634548136362883,0.5374716186877475,0.3518288337559456,0.5645602346740914,0.17008899716601206,0.1734533220636736,0.35431478811382355,0.2376158040405045,0.5975985680902899,0.6692852052569649,0.1163012313760586,0.21900429241452463,0.12105769071413183,0.09356303551600126,0.5755315799068595,0.524320920134573,0.6696083793234889,0.46189031969373046,0.22300667893070816,0.134324400470674,0.2050332289232503,0.12530038615157693,0.27998475281327173,0.16342663948689903,0.73709375362535,0.16862228409486402,0.17593098990702533,0.16795936293276323,0.13779645005717694,0.1313661147847992,0.5457001276123237,0.41646364706077327,0.17099222724937438,0.7802664943071645,0.9999999999999999,0.778368882480651,0.23025737914118566,0.19673842788246407,0.14742537993669103,0.18542733555411922,0.17267438969820512,0.2639752067485374,0.19623295049636225,0.18244419032466566,0.13692636603191966,0.6710419463365318,0.8612506007723031,0.7637266113127495,0.3534861366611976,0.22804487976267424,0.22560035797742753,0.1441439201842921,0.385919554516979,0.44389201014269375,0.1392383035847462,0.62686653739704,0.2659308241767348,0.570924277830259,0.12044448863918858,0.16558113326372662,0.14358872371103265,0.17342017600556853,0.13214504715026765,0.9472231889822501,0.12401597640000663,0.18355458327118446,0.2937072208687582,0.18906511543114737,0.8582591690283233,0.11301148510913339,0.12117370191749946,0.8295795422529375,0.147201644044482,0.180223404431628,0.22372760569449274,0.15906793284608628,0.18941314904125028,0.2602794212698255,0.13087721042774986,0.5300634747012712,0.946286812840783,0.22051243805830392,0.16100697724523114,0.22608926233447688,0.7908649463862512,0.19658098410646513,0.13089378345680241,0.00454100996039046,0.1749863272510317,0.22332985299723232,0.23208869885148908,0.28768292480816715,0.15750178160062317,0.11670727058784534,0.7606688874525597,0.2603208538424568,0.28115315136147434,0.1768839390775452,0.7123833673080429,0.6098791826182072,0.13228591789721406,0.26424866172790407,0.18381146522149855,0.11600291685311326,0.22342929117154742,0.3758265798239945,0.14750824508195365,0.1829496677107675,0.2722617212747974,0.23061369926581482,0.18685261605263592,0.24272029698868064,0.09116823281791214,0.12164603324549629
121,0.033552097316826596,0.14469911665755153,0.5610550390294834,0.4927824458476276,0.32310777440792854,0.11479308573227928,0.12936906478397056,0.1350204676908799,0.1346807205953032,0.14646414425164486,0.09867581497870366,0.08780390792025058,0.21822536004905616,0.11920979797477584,0.11727904009015727,0.22649530154626363,0.3057392399608876,0.05098692388007756,0.23038167685907954,0.09736654568355457,0.662979167702481,0.1799913820248927,0.15723661313578283,0.15765922537662208,0.2697509073733406,0.8289414806344154,0.03418187242082235,0.9200268483070653,0.10509786373655514,0.3779727870862958,0.27178110343227435,0.7173635625383252,0.5356900180646017,0.117875669136048,0.6815409602413033,0.12767861582061354,0.17265781666915261,0.19006778368882482,0.13004855897512388,0.12323704403453818,0.47631714148394905,0.14276007225840667,0.9022191285901324,0.10171696580984105,0.14515487495649582,0.7846583470060824,0.07728832098642668,0.16529110525530752,0.11816569714446709,0.06792455957175293,0.7295861714645586,0.15852102288735315,0.09611528199008934,0.26748868890767163,0.47348315351596804,0.1349707486037223,0.8180944331195412,0.11574603490279918,0.7725186032251113,0.3989708148958385,0.18616483534695633,0.526392548766138,0.10353999900561825,0.529930890468851,0.6668323969571919,0.12578929050862625,0.29355806360728554,0.14315782495566715,0.1418236961169393,0.9014484827391903,0.2284011998873034,0.2731566648436335,0.10417806062414027,0.10380516747045856,0.06846318301595983,0.34862195263428297,0.2511311092328345,0.21462072623013312,0.4820348365070684,0.8082583403768708,0.19615837186562587,0.17979250567626245,0.6195909776429838,0.12426457183579442,0.4053265715374799,0.6779197533933278,0.20425429655778188,0.35186197981405065,0.22778799781236017,0.36427517857438807,0.11022721622831005,0.1177762309617329,0.19327466481048738,0.1620013589883823,0.6865294419861118,0.8266046835380104,0.07503438903528398,0.14677903180364274,0.07582160791527867,0.05580967533436086,0.4321002999718258,0.31766353436417577,0.6245131672715822,0.3050597457697344,0.15460150151643215,0.10822187971295513,0.1269825486004077,0.0711811597805731,0.18352143721307942,0.10099603904605645,0.9014650557682427,0.11132932266030263,0.11145362037819653,0.09600755730124794,0.10856162680853179,0.08963522763055404,0.33268698520028506,0.24550456586950395,0.12331162266527453,0.9790019721904573,0.778368882480651,1.0,0.09522033842125326,0.12704055420209154,0.08658579028489036,0.14112762889673347,0.13824392184159498,0.12782777308208618,0.11179336747377318,0.09662904589071744,0.06409618986062082,0.5813569996188204,0.8829778418601568,0.5477634697293624,0.2338040073584249,0.16491821210162583,0.13768872536833557,0.07723031538474287,0.5731450637232968,0.2719054011501682,0.0780341072937901,0.41856842175044334,0.12625333532209682,0.414126849964368,0.07890419131904738,0.12630305440925438,0.11018578365567874,0.1313661147847992,0.11012777805399494,0.8023914880922786,0.21626145610633257,0.12975853096670478,0.16737930691592504,0.10476640315550473,0.8681781269162565,0.06418734152040968,0.07063424982183994,0.8742438555494789,0.07860587679610202,0.10381345398498484,0.1000513763900628,0.2555975405624886,0.10999519382157477,0.1820630106564577,0.09906528116143788,0.7342349061137905,0.8517542551252093,0.1286647110492385,0.09052188468486386,0.1436218697691377,0.8923498897893568,0.1468287508908003,0.07449576559107707,0.017012214322411706,0.1553804338819006,0.15997116292944863,0.117047017683422,0.17742256252175212,0.08395896518006596,0.06547175127197999,0.5924857886275874,0.1329654120883674,0.12293044299706656,0.11916836540214455,0.8834916057607849,0.399782893319412,0.10445980211803313,0.13468900710982945,0.10523873448350154,0.07545700127612323,0.1401083876100035,0.44314622383533037,0.12796864382903264,0.10417806062414028,0.1602860504814465,0.18831104260925768,0.13395979383151857,0.17816834882911553,0.040728218896567726,0.09594126518503787
122,0.6423954656192512,0.8731417491174863,0.36209582525398165,0.3210278592618373,0.47606025953363496,0.3712358507764464,0.44852417176287307,0.9347851306783341,0.8630736339680805,0.8744841644707404,0.5748686587447588,0.6140141533668109,0.022166426357745406,0.9206814829546397,0.7128722716650923,0.5882596662191948,0.4578465006049155,0.6859328129402211,0.6285984189330284,0.9321334460299309,0.0715126203616235,0.6853776164669617,0.02579591972024727,0.7508493677389416,0.5128938166028605,0.19208969323323222,0.00691923962942707,0.14296723512156317,0.9039510101261208,0.38500803791909044,0.05181557533270356,0.21775302872105934,0.28988713767215235,0.8323389515901821,0.06755995293259748,0.8809393592866969,0.7343840633752631,0.6512868957059282,0.7459686106829746,0.759243606954043,0.3483816437130214,0.939848191053879,0.14661330151311755,0.8150864283465089,0.7520840584033545,0.14756625068363746,0.5957589618654602,0.91463232735047,0.8670428744261588,0.5836523641425942,0.22312269013407582,0.8814945557599562,0.8482490594806013,0.5288370705513846,0.3263809476458013,0.9603656010208986,0.19368899053680044,0.8873614080445483,0.180256550489733,0.39166210908367727,0.04679394752979002,0.3333250468188071,0.9605313313114238,0.327681930426424,0.26293939243275494,0.6900346376307198,0.44825900329803275,0.8438489202671573,0.9488307728003447,0.15988001126965976,0.5727804570841413,0.5140207825784319,0.6046255324085582,0.8246324930807604,0.7927045526110807,0.40148162879729526,0.5950794676743068,0.7394388372362817,0.2861830656789141,0.20335935298894578,0.7619035781169724,0.942143555577653,0.16286315649911334,0.7491009131739008,0.37909146654734094,0.06703790251744311,0.6572614726793616,0.4315865360711977,0.7924062380881354,0.44867332902434576,0.668017368534447,0.6757818326455527,0.7107177778882647,0.8742355690349525,0.12104940419960555,0.14125192661462735,0.4151378047365717,0.8643414706905981,0.4769469165879448,0.48727191368766465,0.36141633106282833,0.3859775601186629,0.25186860902567165,0.5753741361308606,0.8733489119806427,0.4408094267389251,0.8209947132037323,0.5736754006529773,0.832968726694178,0.7823961285404133,0.12142229735328727,0.6326919571090008,0.6743979847196673,0.8168348829115497,0.3880243292066491,0.4474883574470906,0.43046785661015263,0.5628863587397868,0.6536982714330697,0.10885994133147717,0.23025737914118566,0.09522033842125326,0.9999999999999999,0.8446195661180994,0.7461592005170785,0.7104940419960557,0.6633189147980576,0.8981173038996337,0.8445035549147317,0.8972140738162715,0.766635177911467,0.2706044183695454,0.14932299176320457,0.26519332438389764,0.6991000845224482,0.8686255987006747,0.9441488920930079,0.7881386831071115,0.11504996768259336,0.5080544921195247,0.7126568222874095,0.33490777109332276,0.8792406238088135,0.3483236381113376,0.436218697691377,0.5441919819685443,0.47068231160609225,0.6039377517028788,0.3969986244385886,0.20450289199356966,0.04365335852433749,0.7983393824889375,0.8034935945242712,0.7301662274813967,0.11625151228890104,0.5083693796715225,0.455948888778402,0.17358590629609374,0.8373854389366745,0.8468320654966108,0.9268300767331246,0.038706309352160295,0.9395167304728285,0.827582492252109,0.4610368086975256,0.07050995210394603,0.17424054094366825,0.8677223686173122,0.7263212847412123,0.9033460945657037,0.12362651021727242,0.6355673776496129,0.601112050249424,0.005394520956595237,0.5096786489666716,0.7962760403718987,0.8904854240209483,0.7962263212847411,0.6609572581580736,0.5547407149604733,0.3110343227431677,0.9055668804587416,0.8148875519978787,0.7012214322411707,0.12571471187788993,0.3721225078307562,0.5422529375693995,0.9148643497572052,0.6714977046354762,0.5075738742770016,0.960249589817531,0.11833971394951856,0.3913140754735743,0.7977344669285205,0.869437677124248,0.8765226470442002,0.826281509471486,0.9001392134440412,0.6638078191551069,0.41169890120817376
123,0.7091930592154327,0.742189960059,0.3088052503356038,0.26910455924029236,0.4172674389698205,0.42897628399542587,0.5247849649480435,0.78273587563599,0.9297303568173155,0.7610832131788727,0.6828336565073999,0.7170652480153797,0.04596529607716403,0.9081522729909346,0.8085732279288685,0.481380201859494,0.38324301032499714,0.7676212731400918,0.48534115580304615,0.9028157576360232,0.10122806145279173,0.5325991481463067,0.051210659772286574,0.6355922371931918,0.42828021677522005,0.15664827060441835,0.015048310379688096,0.1605346459172343,0.7721374235569035,0.29719584348431366,0.08254197119607551,0.20587016689040255,0.25575498433848753,0.9611859659589983,0.09549379340061984,0.7661794196125227,0.5859891612389996,0.5449460547904341,0.8552180181971859,0.8883557897876996,0.2727340526027942,0.8629327632211339,0.14856063242678863,0.6572117535922041,0.6108652778468321,0.14845290773794728,0.6703790251744312,0.7961766021975838,0.9151709507946767,0.6546843666616948,0.21715639967516864,0.7417590613036344,0.8833175889557334,0.41898274747675635,0.28075539866421384,0.8405260279421269,0.19875205091234527,0.9031389317025473,0.16135501085533402,0.3159482258572399,0.07691542783274499,0.2594507698171995,0.8591043935100018,0.25080793516631034,0.2393062530038615,0.7943784285453852,0.39272278294303853,0.9497754354563384,0.8667942789903711,0.1707602048426391,0.4837998641011618,0.4421352690631266,0.7127728334907771,0.8651452625996453,0.82436732461592,0.3182104443229089,0.4372710850362121,0.6122408392581913,0.23919024180049386,0.17168000795505395,0.6268251048244088,0.8269610036626394,0.16010374716186876,0.8760668887452561,0.3237044034538193,0.09425081622168084,0.5544672599811068,0.3479921775302872,0.679651634929316,0.35561577089444635,0.7833656507399858,0.7982565173436749,0.584630172856693,0.8641591673710204,0.13619715275360877,0.15746034902799186,0.4915311821541623,0.9488970649165548,0.5488987222194601,0.5547158554168945,0.32536170635907125,0.3424236397686405,0.2383450173188154,0.42311771822536004,0.9402873763237708,0.5237077180596298,0.8982250285884751,0.6468867564924841,0.7070468519531315,0.8647972289895425,0.12794378428545386,0.7345000745786308,0.7757171978322478,0.8793732080412336,0.49004789605396176,0.5344553274001889,0.36702630139710635,0.45231110890137394,0.7568073716833227,0.1268582508825138,0.19673842788246407,0.12704055420209154,0.8446195661180994,0.9999999999999999,0.8255191501350702,0.8090372727423392,0.7712093339299624,0.7641160774954838,0.9427153250799649,0.8175392366462819,0.830930244120718,0.22158139843219143,0.15389714778170008,0.2525149571587199,0.584630172856693,0.9062546611644211,0.8750642204875785,0.812476176270737,0.13319743449510268,0.41807123087886777,0.7661131274963124,0.2736455692006828,0.7502775982366297,0.2888678963854224,0.5369329952435407,0.6448897064916554,0.5434296226321285,0.7166757818326457,0.4336498781882364,0.19088814862692455,0.06905981206185054,0.8931288221548251,0.6527370357480238,0.8210361457763636,0.12234210046570212,0.5846633189147981,0.5127612323704404,0.18171497704635475,0.863189645171448,0.8785694161321865,0.7987205621571455,0.06285321268168183,0.8730091648850662,0.7563681864134308,0.5328228840385157,0.09886640481280763,0.1761795853428131,0.7094665141947993,0.8013391007474436,0.911417159714281,0.13226934486816153,0.7497224017633703,0.6683571156300236,0.008427385273206384,0.6069374699613848,0.9126767099222726,0.7561444505212218,0.6698652612738031,0.7583072308125756,0.6280266494307165,0.22874094698288006,0.7807056795770564,0.6813337973781468,0.8079683123684516,0.1289050199705,0.2793715507383284,0.6461741162432257,0.7860421949319677,0.7755183214836174,0.5783158487876829,0.8496660534645918,0.14646414425164486,0.4477618124264572,0.8963191302474354,0.7597739438837237,0.8363579111354181,0.9234243192628316,0.9095526939458725,0.7491589187755846,0.4711546429340891
124,0.8756111304463117,0.6585210228873531,0.24310976317141486,0.2102123005021628,0.31205356402989776,0.5598866404812808,0.6689951772485457,0.6968544390858317,0.831253418187242,0.6635343641757404,0.8250136727489683,0.866984868824475,0.024677240259202177,0.7995906461824028,0.9203583088881155,0.37323290077727506,0.2965992144384229,0.9107045194650226,0.37054807007076684,0.7969058154758946,0.06436135832546114,0.44245015661512455,0.02513299855814647,0.5334195130844064,0.3344520127943784,0.11287061436218698,0.00478960539617826,0.12310445980211804,0.6835877293292896,0.204577470624306,0.05354745686869189,0.1385339498500141,0.18829446958020518,0.8499395084439584,0.060997033427799593,0.6480468685261606,0.5000082865145263,0.4362849898075872,0.9057160377202141,0.8560383831352857,0.19797311854687683,0.7555395349608048,0.11408044548302095,0.5987421070949137,0.5240723246987852,0.10510615025108139,0.8455890883176718,0.6977825287127728,0.8402525729627606,0.8151527204627189,0.15640796168315685,0.6492318401034157,0.8775004557582989,0.31665257959197207,0.1897363231077744,0.7441621505162498,0.14706905981206186,0.8473955484843965,0.11681499527668673,0.22536004905616602,0.0515586933823895,0.184590397586967,0.7627985216858086,0.17999138202489268,0.17583983824723648,0.8962942707038566,0.2651850378693714,0.840335438108023,0.741908218565107,0.12689139694061882,0.3917118281708347,0.3446609986907307,0.8511576260793186,0.9080611213311457,0.9344122375246524,0.23202240673527902,0.36233613417524324,0.5012264041498864,0.15847130380019553,0.1264024925835695,0.5341238668191386,0.7053812625333531,0.11815741062994084,0.9204743200914831,0.25674936608163873,0.058005601683819755,0.4578879331775469,0.2531695918062945,0.5650739985747195,0.2747393891181491,0.896683736886591,0.8976946916587945,0.4807752862990769,0.7818243590381014,0.09826148925239066,0.11448648469480766,0.6658048691559357,0.8171994895507051,0.7124330863952004,0.7226420722915528,0.2618952916024462,0.22471370092311774,0.17058618803758765,0.3172409221233365,0.7986791295845143,0.6784086577503771,0.8934022771341918,0.8069076385090902,0.5987669666384925,0.9476292281940369,0.08761331808614661,0.8798123933111256,0.8940237657236614,0.913041316561428,0.6040206168481412,0.6917168000795506,0.25430484429639205,0.3499560814730108,0.8759757370854673,0.08349492036659541,0.14742537993669103,0.08658579028489036,0.7461592005170785,0.8255191501350702,1.0,0.9111354182203881,0.9046719368899053,0.6588524834684035,0.8558477933011817,0.7470044249987571,0.9316445416728815,0.1586701801488258,0.10513929630918642,0.20090654468917285,0.47210759210460895,0.7880309584182701,0.7764215515669799,0.7947181756409619,0.09383649049536784,0.31188783373937257,0.9383731914682047,0.2055718523674572,0.6454531894794411,0.18939657601219775,0.6863471386665341,0.8035598866404812,0.6807703143903612,0.8177546860239645,0.5876796102023567,0.13703409072076103,0.04169774109614014,0.9143257263129982,0.554028074711215,0.9131241817066906,0.08345348779396411,0.7576525961650011,0.6946253666782678,0.12455459984421353,0.8956976416579658,0.882348066756161,0.6966058436500439,0.03267372677704304,0.7934171928603391,0.5997447753525912,0.6850461558859113,0.06339183612588872,0.11979814050614031,0.6300817050332288,0.9606722020583702,0.8205638144483667,0.08955236248529144,0.84406436964484,0.8437909146654735,0.001856179253882232,0.7557964169111189,0.8550191418485558,0.6854024760105405,0.565886076998293,0.9012164603324551,0.8088383963937088,0.16416413927973617,0.665912593844777,0.5974245512852384,0.9197451068131721,0.0906130363446527,0.1824939094118232,0.7971544109116824,0.6687880143853893,0.8833921675864698,0.750062148858947,0.7504184689835762,0.10353999900561826,0.5769817199489552,0.9021694095029749,0.6327665357397372,0.716849798637697,0.8553340294005536,0.7833905102835645,0.8837816337692039,0.6222012297187557
125,0.8518039742123669,0.6245960324168449,0.2838545550970351,0.22418336399343705,0.3405508874857057,0.597159382820398,0.7179353320406372,0.6638243921841596,0.8175226636172294,0.6602860504814466,0.8321317887270255,0.8681781269162565,0.05934801703707387,0.7779628432688641,0.9486567559952932,0.4093869636553473,0.2966240739820017,0.8757685742223106,0.43340956926697494,0.7653010490727391,0.11364126021312915,0.4510184126352773,0.06606009380334443,0.5112945192992924,0.3647060773297536,0.15681400089494357,0.02809957075854754,0.16712242496561097,0.6646613301513118,0.22459768971975008,0.09655446725998111,0.1951888496660535,0.2204129998839888,0.8286017335388389,0.11637581000679494,0.6289381660286051,0.4746929846368021,0.42200732527884127,0.9336250186446577,0.8517625416397354,0.23246987851969703,0.7475347619284378,0.15361540628780723,0.5713303170420458,0.5155040686786324,0.16084953346923217,0.8480418966174449,0.6896866040206169,0.8075208405840335,0.8147632542799849,0.1984951689620312,0.6423291735030412,0.824682212167918,0.3592038316843169,0.21550738328444288,0.719750078721888,0.18144152206698816,0.8120204179717928,0.16319461708016375,0.24915891877558463,0.09256036725832381,0.2181093488456885,0.7355773214670445,0.21742156814000896,0.22021412353535857,0.9347188385621241,0.3289497671489418,0.844859875039361,0.7406320953280631,0.18804587414441737,0.39602081572449,0.38936674455990317,0.8659159084505875,0.8799946966307033,0.8714513001541292,0.2306385588093936,0.3753459619814713,0.5041432572631299,0.2161205853593861,0.18246904986824442,0.5171447985548319,0.6970616019489881,0.14822088533121197,0.9259931387659723,0.29102239016224996,0.11591176519332438,0.4661247286166492,0.28627421733870306,0.5882679527337211,0.32211339266477734,0.9011833142743501,0.9082599976797758,0.48216742073948854,0.7790898092444356,0.14709391935564065,0.151154311473508,0.6611312749631251,0.8053746333217323,0.7247468469812228,0.7242247965660684,0.27705961318550193,0.2531115862046106,0.2178027478082169,0.34547307711430414,0.8041979482590034,0.7190042924145246,0.8594524271201047,0.8145063723296707,0.5983443543976533,0.9169359783887701,0.137000944662656,0.8959628101228062,0.9216841512123171,0.8607534099007277,0.6515354911417159,0.7078257843186,0.27493826546677935,0.3974378097084804,0.9128672997563764,0.13793732080412338,0.18542733555411922,0.14112762889673347,0.7104940419960557,0.8090372727423392,0.9111354182203881,1.0,0.9376274051608412,0.64038184258937,0.8210444322908899,0.716940950297486,0.8909909014070501,0.19789853991614048,0.16733787434329372,0.24430302126319628,0.4941414342299342,0.8033527237773248,0.757105686206268,0.7390162249954424,0.14663816105669633,0.3716170304446544,0.9020036792124496,0.24962296358905517,0.6301314241203865,0.244899650309087,0.6843252291221267,0.8333996254495435,0.7272493743681532,0.8755531248446278,0.6259053017119939,0.18301595982697758,0.08501963903942723,0.9069590148991531,0.5511443676560766,0.9121132269344868,0.1192015114602496,0.7418419264488971,0.6897611826513532,0.1728732660468354,0.8398713932945525,0.8564029897744411,0.6483949021362635,0.08554997596910788,0.7686322279122956,0.6231873249473807,0.7080578067253352,0.12363479673179867,0.16060093803344438,0.5997033427799598,0.9324400470674025,0.8009993536518669,0.15141947993834834,0.915245529425413,0.8370042592684666,0.017211090671041946,0.8017119939011252,0.8687581829330946,0.6635592237193191,0.5502328510581879,0.8855963804504549,0.7880972505344802,0.19676328742604285,0.6469530486086943,0.5843318583337477,0.9186098543230746,0.13792074777507085,0.24704585757138833,0.8234226619599264,0.6610069772452312,0.8985813487131042,0.7538573725119739,0.7366131357828272,0.1598054326389234,0.623966257312849,0.8793400619831286,0.6486269245429988,0.7586304048790997,0.8523840302292051,0.780407365054111,0.8798041067965993,0.6479391438373191
126,0.8828452576277366,0.5993470226553307,0.2663037173304165,0.21273140091814582,0.3255025771060177,0.6193175226636172,0.7461509140025523,0.6200218763983494,0.7804322245976897,0.6323936425860555,0.871542451813918,0.911607749548385,0.058991696912444685,0.731351199058652,0.9356717877326439,0.3851737682096157,0.27846003414043985,0.9041581729892771,0.36670312733058225,0.7166757818326455,0.10495699298960871,0.40922123336482213,0.06629211621007972,0.46993652529872887,0.3528563615572018,0.1358822652016109,0.03182021578083826,0.14850262682510482,0.6312832496395366,0.19945640464707734,0.09114337327433336,0.1760138550522879,0.20251412850726727,0.7969969671356835,0.11428760834617745,0.5956015180894612,0.444538358275742,0.3999817696680422,0.9144334510018395,0.8575631018081175,0.20044249987570228,0.7078174978040737,0.14380417308871543,0.5449626278194866,0.4641525381593994,0.14496428512239182,0.8800527022323872,0.649082682841943,0.7777473938911815,0.8353220968196358,0.17875669136047995,0.6140970185120734,0.7978504781318881,0.3256683073965429,0.19269460879364922,0.6807620278758348,0.16261456106332556,0.7738693050928918,0.15464293408906346,0.2254429142014286,0.09103564858549197,0.19568604053762906,0.6854439085831718,0.1966058436500439,0.19893435423192296,0.9418038084820763,0.30346873498069243,0.8049437345663667,0.6856925040189595,0.1820381511128789,0.379605230447969,0.3679046719368899,0.9002717976764614,0.834344288105537,0.8468817845837684,0.20858814365501582,0.34060889308738956,0.47063259251893463,0.19082185651071448,0.17114138451084707,0.492061519083843,0.6591673710204015,0.13593198428876846,0.8994100001657303,0.2672069474137789,0.1087687896716883,0.44387543711364125,0.25532408558312203,0.5348530800974495,0.29302772667760485,0.9361772651187458,0.9318765640796168,0.44555759956247204,0.7269759193887867,0.13602313594855733,0.14044813470558015,0.6980476971776131,0.7696348961699729,0.7546197318483898,0.7555229619317523,0.25205091234524934,0.21684151212317074,0.19904207892076436,0.332396957191866,0.7652016108984238,0.7502113061204196,0.8242181673544473,0.8435340327151593,0.5660269477452393,0.8901125308672666,0.12771176187871858,0.943610268648801,0.9204163144897993,0.8324549627935498,0.671075092394637,0.7420656623411062,0.2507830756227316,0.3756939955915743,0.9247253020434545,0.13492102951656473,0.17267438969820512,0.13824392184159498,0.6633189147980576,0.7712093339299624,0.9046719368899053,0.9376274051608412,1.0,0.5990901407050166,0.789812559041416,0.6927940469679643,0.8549445632178193,0.1811929266312004,0.15548815857074197,0.22051243805830395,0.4675085765425347,0.7593181855847793,0.7093753625350105,0.7240424932464906,0.1391885844975886,0.32469049868244415,0.8900710982946352,0.21621173701917498,0.5990404216178591,0.2249871559024843,0.7183082251943187,0.879348348497655,0.754967765458493,0.9024262914532889,0.651692934917715,0.1651088019357298,0.08438157742090521,0.8694293906097218,0.5031985946071363,0.917540893949187,0.10720263842622516,0.7835065214869321,0.7160460067286498,0.1564742537993669,0.8088715424518139,0.8143655015827242,0.6101112050249424,0.08854969422761397,0.7190540115016821,0.5927012380052703,0.7413613086063741,0.12313760586022307,0.14658844196953877,0.5744957655910771,0.9161984785959331,0.7494158007258986,0.14785627869205653,0.9243026898026153,0.8662805150897431,0.022066988183430284,0.8339713949518555,0.835139793500058,0.6292779131241817,0.5190838429539768,0.911988929216593,0.8289331941198892,0.17681764696133512,0.6075755315799068,0.5406784998094102,0.9439665887734301,0.12971709839407347,0.20930907041880045,0.8668274250484761,0.6098791826182073,0.9202588707138003,0.790931238502461,0.68398548202655,0.15168464840318865,0.6528613334659175,0.8595104327217886,0.6048907008733986,0.6977742421982467,0.8213344602993089,0.7367457200152472,0.880210146008386,0.6774391355508046
127,0.5614445052122177,0.9109282553572315,0.4192396294270704,0.37038233978024165,0.5659275095709242,0.32870117171315405,0.4134473557732147,0.9580619499825983,0.7859510432721788,0.9402376572366131,0.5188683935762939,0.5564643099819353,0.030709822834319424,0.8475695652894479,0.651253749647823,0.6559024842970549,0.5569863603970897,0.6078738461028522,0.6610732693614412,0.8381892308457216,0.1035482855201445,0.7357016191849385,0.03481164752481811,0.8666119756707934,0.6016755332372098,0.2301828005104493,0.005394520956595237,0.17827607351795688,0.9455658860769982,0.4306253003861516,0.0656126220189264,0.3125341818724208,0.3340376870680654,0.7507913621372578,0.09780573095344636,0.9656938298612838,0.7728334907771093,0.7348481081887337,0.6619682129302773,0.7015777523657999,0.40005634829877856,0.8758431528530468,0.18622284094864017,0.8655015827242745,0.8141831982631466,0.16457846500604917,0.5446974593546462,0.9401216460332454,0.7866139644342796,0.4931967715739406,0.2744576476242563,0.9474220653308805,0.7649944480352674,0.5913008170503323,0.38061618522017276,0.9150217935332041,0.232022406735279,0.8072888181772981,0.2108835081787898,0.43983161802482634,0.06489998176966805,0.3658247567907986,0.8940900578398714,0.35687532110243786,0.3115978057309534,0.6274963125010358,0.5377782197252192,0.7602711347552992,0.8969903379240624,0.1957606191683654,0.6627802913538506,0.6146107824127016,0.5560251247120436,0.7476176270737003,0.70897760983775,0.49142345746532096,0.6371749614677075,0.8254611445333864,0.33185833374765905,0.23349740632095328,0.8472629642519763,0.9233580271466215,0.2352127148278891,0.6673958799449775,0.4523691145030576,0.09748255688692223,0.7297104691824525,0.5230033643248977,0.8780390792025058,0.5215780838263809,0.581663600656292,0.5832546114453339,0.792141069623295,0.8458956893551435,0.1530602098145478,0.17491174862029535,0.39144665970599446,0.793988962362651,0.4429390609721739,0.44080942673892504,0.4190738991365452,0.49661910207328586,0.30097449410828814,0.619342382207196,0.7943618555163326,0.41472347901025863,0.7565090571603772,0.5191252755266079,0.9174497422893982,0.7043040156449394,0.1452128805581796,0.5676179585342813,0.6113541822038814,0.7383781633769204,0.37196506405475727,0.4277415933310131,0.5231276620427916,0.6177513714181541,0.5953280631100946,0.127057127231144,0.2639752067485374,0.12782777308208618,0.8981173038996337,0.7641160774954838,0.6588524834684035,0.64038184258937,0.5990901407050166,1.0,0.7490097615141119,0.8995840169707817,0.6748868890767166,0.28989542418667863,0.1950976980062646,0.31013109265980543,0.7859344702431263,0.8123435920383169,0.8788180115679742,0.7504267554981023,0.13487131042940717,0.5953114900810421,0.6327499627106846,0.41475662506836375,0.9575316130529177,0.4431545103498566,0.3900876713236878,0.4929067435655214,0.41943850577570063,0.5216940950297486,0.34856394703259913,0.2545782992757586,0.05399492865310993,0.7066573857703973,0.8904025588756856,0.6509554351248779,0.1805714380417309,0.44785296408624603,0.4160824673925653,0.2322710021710668,0.7563764729279571,0.7643066673295877,0.9276918742438555,0.046445913919687096,0.8608528480750426,0.9065529756873664,0.4243689819188253,0.10062314589237475,0.23764895009860953,0.9307081655314141,0.6450720098112332,0.8298861432904092,0.16091582558544223,0.5925769402873763,0.5461641724257942,0.0021379207477750708,0.48530800974494104,0.705058088466829,0.9374451018412636,0.8844777009894098,0.6042940718275078,0.48491854356220687,0.32511311092328343,0.9643099819353984,0.8820000331460581,0.6271731384345116,0.14112762889673344,0.43688161885347787,0.4860206499941994,0.9455575995624721,0.6274631664429307,0.47285337841197234,0.910878536270074,0.15124546313329687,0.3338388107194352,0.7088035930326986,0.96162515122889,0.8311788395565057,0.7535922040471337,0.8306402161122988,0.5591077081158123,0.3637448416447074
128,0.7552495069523857,0.7554235237574372,0.3162465403801853,0.2827110160924112,0.39785213543479336,0.43652529872884865,0.538822320555528,0.7834899484578797,0.9386466464475712,0.7562687482391157,0.6957606191683654,0.7475016158703326,0.035399990056182565,0.9054840153134788,0.8429042576111635,0.4923101145196307,0.37657236613135786,0.8048442963920515,0.469431047912627,0.8956479225708082,0.0888977278377169,0.5409519547887768,0.03920350022373589,0.6198312865642452,0.44123203897976426,0.15857074197451068,0.012388339216758647,0.15109630587182418,0.7738361590347869,0.2879149472149025,0.06595236911450306,0.21178673826215216,0.26116607832413535,0.9489219244601337,0.08710784070004476,0.7447007739604568,0.5864366330234176,0.5339995691012447,0.8725865526442267,0.9063706723677887,0.28397885281492896,0.8555411922637102,0.15147748554003215,0.6862725600357977,0.6190937867714081,0.1344569847030942,0.7107094913737384,0.7877243573807985,0.9296806377301581,0.6856013523591706,0.20548070070766838,0.7491754918046372,0.9358126584795903,0.4164553605462471,0.28073882563516134,0.8319743449510267,0.19344868161553885,0.9355889225873812,0.16714728450918975,0.31124148560632425,0.06553804338819007,0.2734218333084738,0.863222791229553,0.27262632791395286,0.2535673445035549,0.8172906412104941,0.37695354579956575,0.9464111105586768,0.8481827673643911,0.1612555726810189,0.5017650275940935,0.4400139213444041,0.7467558295629693,0.89500157443776,0.851712822552578,0.30532491423457464,0.4542501533005187,0.5944911251429423,0.24267057790152308,0.16873829529823167,0.6108569913323058,0.8033444372627986,0.16166989840733192,0.8874608462188633,0.3261157791809609,0.08695039692404583,0.5486584132981984,0.35119077213742356,0.6555130181143207,0.36645453189479443,0.8048111503339466,0.8170669053182851,0.5770480120651651,0.8827706789970002,0.1277697674804024,0.14527088615986344,0.528687913289912,0.9410745952037654,0.5785312981653659,0.5854505377947927,0.328668025655049,0.3080346044846617,0.23505527105189017,0.4343210858648635,0.9242861167735626,0.5517907157891249,0.9437097068231158,0.6863719982101129,0.7032682013291569,0.8941149173834502,0.11783423656341671,0.7788080677505428,0.8107360082202224,0.8925653391670396,0.47577023152521586,0.5688360761696416,0.3446112796035732,0.44820099769634897,0.7820895275029418,0.1084787616632692,0.19623295049636225,0.11179336747377318,0.8445035549147317,0.9427153250799649,0.8558477933011817,0.8210444322908899,0.789812559041416,0.7490097615141119,1.0,0.8299192893485142,0.8753376754669452,0.2219460050713469,0.14517973450007457,0.25019473309136714,0.5718689404862527,0.8893253119872719,0.8724539684118066,0.8409900727555975,0.12114055585939443,0.44040338752713837,0.8027809542750128,0.27800427584149556,0.740756393045957,0.285893037670495,0.5639636056282007,0.6869271946833723,0.5534645917234292,0.736041366280515,0.4695967782031522,0.18829446958020518,0.058279056663186335,0.9029151958103383,0.6433567013042973,0.8547208273256104,0.1196158371865626,0.6155554450686953,0.5465950711811598,0.17514377102703063,0.8762740516084124,0.8968494671771159,0.7890501997050001,0.04791262699083512,0.8907754520293675,0.6981802814100334,0.5546827093587895,0.0890220255556108,0.18449924592717812,0.7145295745703442,0.8427302408061121,0.9195876630371733,0.12196920731202043,0.7549511924294403,0.7076766270571272,0.00702696431826845,0.6393874608462188,0.9113840136561759,0.7703889689918627,0.6572117535922042,0.776520989741295,0.6591590845058752,0.2532358839225045,0.7665440262516781,0.6775717197832247,0.8308722385190341,0.11889491042277797,0.2696183231409205,0.6738676477899865,0.7721125640133246,0.7986625565554616,0.6087107840700045,0.8533618389433038,0.13978521354347934,0.45889888794975053,0.9237640663584084,0.7314340642039144,0.7998641011617693,0.9278741775634333,0.8830524204908932,0.7859676163012314,0.49137373837816345
129,0.6567228492351547,0.8740698387444275,0.3341454117569068,0.28827955385405796,0.45276686720031817,0.4194136462321218,0.5034554765574504,0.8924327549346194,0.8330847378975454,0.8938166028605048,0.6174116243225776,0.6489252390659441,0.03139760353999901,0.8735146422711678,0.7471784418038085,0.5736588276239248,0.4366495964467426,0.7021495218681119,0.5709574238883641,0.8826961003662639,0.07196009214604153,0.6472099305590083,0.03227597407978256,0.7697177613152356,0.5211554715855418,0.13815277018180613,0.009827806228144317,0.13516962495235252,0.9025091565985515,0.3155007540728219,0.05965461807454548,0.22721622831004823,0.27137506422048757,0.8062778634050944,0.07156233944878106,0.8755365518155753,0.6929017716568057,0.6455277681101774,0.7402011965726976,0.7854207063424983,0.3008999154775518,0.8762326190357812,0.1256235602181011,0.8298115646596729,0.7340526027942127,0.11703044465436949,0.6406304380251578,0.9085417391736688,0.8541159117651933,0.5909942160128606,0.1969124446875155,0.8974792422811118,0.8434511675698967,0.5120651651502345,0.2998558146472431,0.8976035399990057,0.17695023119375528,0.8691725086594078,0.13526077661214142,0.33721970864614925,0.056157708944463786,0.27846003414043985,0.9153118215416232,0.2753194451349873,0.2449908019688759,0.7160957258158074,0.4403951010126121,0.8003695785478713,0.8813868310711149,0.1417159714280979,0.5806857919421933,0.4982598319494854,0.6486766436301563,0.8319577719219742,0.798994017136512,0.37131042940718284,0.5402393145395183,0.7325693166940122,0.2791146687880144,0.156988017699995,0.7501284409751571,0.8595601518089461,0.13832678698685758,0.7463497903511825,0.33395482192280285,0.06550489733008502,0.6445831054541838,0.45340492881884026,0.7883955650574255,0.39046056447736954,0.6720031820215782,0.6695669467508576,0.7010639884651719,0.8867067733969738,0.10936541871757902,0.13013971063491275,0.4701602611909379,0.8257180264837004,0.5365601020898589,0.5271134755299226,0.3323638111337609,0.37269427733306815,0.24476706607666687,0.5267405823762409,0.8220885331211985,0.5029085665987172,0.8187656407961683,0.6166824110442666,0.8238701337443444,0.7982399443146223,0.09972820232353868,0.6656888579525679,0.6881867448913638,0.8215747692205704,0.4538689736323108,0.501657302905252,0.40192910058171333,0.5255473242844595,0.690076070203351,0.09275924360695405,0.18244419032466566,0.09662904589071744,0.8972140738162715,0.8175392366462819,0.7470044249987571,0.716940950297486,0.6927940469679643,0.8995840169707817,0.8299192893485142,0.9999999999999999,0.7656407961683157,0.22909726710750924,0.12544125689852334,0.23425147914284292,0.6941281758066923,0.8202489268963687,0.9119723561875405,0.8129485075987338,0.10470011103929464,0.5085185369329952,0.7216228310048227,0.29205820447803243,0.8669268632227913,0.34609456570377367,0.494646911616036,0.5897678118629741,0.5172110906710419,0.6081638741112714,0.44950198047697176,0.17057790152306138,0.04880757055967119,0.8082749134059231,0.7998723876762954,0.7296524635807686,0.10317539236646284,0.5516995641293359,0.5086428346508891,0.15286961998044382,0.8397636686057111,0.8445449874873631,0.8697525646762458,0.0398001292696266,0.9345033891844413,0.852384030229205,0.5225476060259533,0.06938298612837468,0.18778070567957703,0.8682941381196241,0.7321715639967518,0.8658164702762724,0.10269477452393974,0.6799168033941563,0.6455526276537563,0.00472331327996818,0.5613699265814813,0.7684416380781915,0.9045724987155902,0.7978836241899933,0.7043371617030445,0.5838429539766984,0.250128440975157,0.8720893617726512,0.8123270190092644,0.7169078042393808,0.10204842639089146,0.3102885364358044,0.5777689388289498,0.8594358540910522,0.7100631432406901,0.5631598137191535,0.9158835910439351,0.12007988200003314,0.43720479292000203,0.7894479524022605,0.8730008783705399,0.8347171812592187,0.8318997663202903,0.8500969522199573,0.6531762210179155,0.4647077346326589
130,0.874790765508212,0.6707684913571653,0.24615091400255226,0.20427915610136066,0.3421004657021164,0.5333946535408275,0.6427352127148279,0.7211670727058784,0.8553257428860273,0.672251777457366,0.7855947231475496,0.828187407812526,0.02164437594259103,0.8256848804255954,0.8810885165481696,0.4023351397935001,0.30446311672384363,0.9033378080511775,0.4262748802598651,0.8265549644508527,0.05099521039460382,0.48243258920432885,0.021428926564908267,0.5441339763668606,0.35036212068479755,0.10536303220139545,0.006165166807537413,0.10992061519083843,0.7040968527817829,0.22485457167006412,0.040115016821624494,0.1360065629195048,0.19475795091068795,0.8617146455857737,0.04413397636686057,0.657750377036411,0.5233265383914218,0.460763353718159,0.8828203980841578,0.8571487760818045,0.2312020417971793,0.7730655131838445,0.10447637514708563,0.6261787566913605,0.5528348166194335,0.08770446974593546,0.8232735046984538,0.7167917930360131,0.8700674522282438,0.7985714048956729,0.1461741162432258,0.6692934917714911,0.9091715142776646,0.3489368401862808,0.2097482556886922,0.7687730986592419,0.15044167122424965,0.8682692785760453,0.10161752763552594,0.2452476839191899,0.04197948259003298,0.2149853328692885,0.7805896683736887,0.20603589718092777,0.1824939094118232,0.8558229337576029,0.30459570095626376,0.8552760237988697,0.7617875669136047,0.1112298844859875,0.4083677223686173,0.3637448416447074,0.8119375528265301,0.924775021130612,0.93880409022357,0.2542219791511295,0.38054160658943637,0.5301049072739025,0.18042228078025824,0.11148676643630157,0.5510449294817614,0.7255589254047962,0.11374898490197054,0.8936674455990321,0.25644276504416713,0.04375279669865261,0.48669185767082657,0.29413811962412373,0.5693249805266909,0.3216327748222543,0.8687498964185684,0.8736969455907456,0.4991299159747427,0.7878072225260612,0.08095924692155984,0.09948789340227715,0.6260627454879928,0.8412801007640167,0.6936972770513267,0.7024146903329522,0.26489500986095227,0.24725302043454483,0.17707452891164918,0.36265930824176734,0.8277896551152653,0.644583105454184,0.8900048061784254,0.7821061005319943,0.6011534828220554,0.9189993205058088,0.0728798952584564,0.8515885248346841,0.8641757404000728,0.9246341503836656,0.5929664064701106,0.6577089444637796,0.299789522531033,0.37165017650275944,0.8300187275228293,0.05812989940171365,0.13692636603191966,0.06409618986062082,0.766635177911467,0.830930244120718,0.9316445416728815,0.8909909014070501,0.8549445632178193,0.6748868890767166,0.8753376754669452,0.7656407961683157,1.0000000000000002,0.15633338305242048,0.09074562057707287,0.1898026152239845,0.5115016821624488,0.8124678897562108,0.792646547009397,0.7947927542716983,0.08156416248197684,0.34129667379306916,0.9070418800444158,0.22109249407514212,0.6567062762061022,0.20925106481711664,0.6491324019291005,0.7479490876547507,0.6581564162481978,0.803137274399642,0.568057143804173,0.13490445648751223,0.031811929266312,0.917632045608976,0.5947811531513615,0.8920101426937801,0.0679328460862792,0.7244485324582773,0.6533088052503356,0.1196738427882464,0.9136628051508975,0.8818923084572168,0.7220868758182933,0.026740582376240905,0.8127247717065247,0.6175027759823662,0.6650342233049935,0.04781318881652,0.10819702016937637,0.6558030461227399,0.9243938414624042,0.8468569250401895,0.07391570957423889,0.8197434495102671,0.8161056696332388,0.0031737350635575663,0.7196755000911517,0.8611677356270404,0.7029864598352641,0.5840501168398549,0.8783705397835563,0.7693863007341851,0.17951076418236964,0.6800991067137341,0.6200633089709806,0.8761414673759923,0.07479408011402244,0.19935696647276227,0.7555229619317523,0.695172276637001,0.8643663302341769,0.7197252191783092,0.7691874243855549,0.09503803510167554,0.5552876249192064,0.9138616814995276,0.6492484131324683,0.7509073733406255,0.8791826182071297,0.805656374815625,0.867556638326787,0.6062248297121264
131,0.14796400338089793,0.2974775849782065,0.8645320605247021,0.823662970881188,0.5825005386234442,0.14692818906511546,0.1758315517327102,0.2952567990851688,0.22388504947049173,0.31347055801388823,0.16701470027676957,0.14895009860952285,0.07446261953297205,0.2526806874492451,0.18991033991282585,0.4792588541407713,0.6121911201710337,0.13555909113508674,0.4252887850312401,0.20302789240789537,0.34243192628316677,0.43117221034488473,0.06780854836838529,0.38910986260958913,0.5093223288420425,0.6528116143787599,0.008162216808366065,0.6309683620875388,0.2901440196224664,0.7533933276985034,0.1726661031836789,0.8841710999519381,0.8407746233779148,0.2043951673047283,0.33209864266892064,0.3208124098841545,0.37713584911914355,0.42618372860007625,0.19542087207278874,0.21283912560698723,0.8001126965975571,0.24226453868973633,0.48277233629990557,0.29255539534960806,0.37532110243789263,0.42621687465818126,0.14000894943568837,0.2838048360098775,0.22212830839092462,0.1353187822138252,0.7342846252009481,0.2954639619483253,0.2111735361872089,0.5433053249142346,0.7592684664976217,0.2699912162946022,0.679875370821525,0.2584729611031008,0.5145594060226387,0.7655164984504218,0.10437693697277052,0.8335570692255423,0.2427865891048907,0.8303584746184061,0.7868459868410149,0.18901539634398978,0.5780672533518951,0.2645386897363231,0.2707287160874393,0.4680471999867416,0.47736952882878403,0.5595800394438092,0.165688857952568,0.21855682063010656,0.1567725683223123,0.6749283216493479,0.5078224697127894,0.3907008733986311,0.7560118662888016,0.6314241203864831,0.3860604252639255,0.30353502709690255,0.5433136114287609,0.203525083279471,0.6844743863835994,0.330325328560301,0.4333349906362386,0.6247783357364226,0.41368766469447615,0.6921145527768111,0.1788727025638476,0.18219559488887788,0.43692305142610915,0.25900329803278144,0.40036294933625016,0.44003049437345654,0.13084406436964485,0.24572001524718673,0.1340592320058337,0.10688775087422728,0.6524138616814995,0.6364043156167654,0.840749763834336,0.5288785031240161,0.24788279553854056,0.14737566084953346,0.23173237872685987,0.13874111271317058,0.3247402177696017,0.17875669136047995,0.4209052188468486,0.18439152123833674,0.1964235403304662,0.1882861830656789,0.14839490213626344,0.14454995939607881,0.6848555660518072,0.5221829993867979,0.1813503704071993,0.5320273786439947,0.6710419463365318,0.5813569996188204,0.2706044183695454,0.22158139843219143,0.1586701801488258,0.19789853991614048,0.1811929266312004,0.28989542418667863,0.2219460050713469,0.22909726710750924,0.15633338305242048,1.0,0.7397785843318583,0.8722633785777026,0.3995674439417293,0.2601882696100366,0.2588955733439401,0.16177762309617327,0.28779893601153483,0.523558560798157,0.1549246755829563,0.7491506322610584,0.3252456951557036,0.6697741096140141,0.1358408326289796,0.17296441770662424,0.15199953595518653,0.17968478098742105,0.13985150565968943,0.6620676511045923,0.10637398697359915,0.19711960755067204,0.341387825452858,0.20721258224365668,0.7223023251959761,0.12533353220968196,0.14014982018263478,0.5250584199274102,0.16466961666583801,0.18540247601054044,0.25079964865178406,0.136777208770447,0.2226254992625002,0.2800096123568505,0.14869321665920882,0.33949021362634446,0.7315003563201247,0.2758249225210892,0.1751106249689256,0.25373307479408014,0.4895258456388074,0.21428926564908268,0.14028240441505493,0.003322892325030246,0.18289994862360992,0.2399940337095411,0.28822983476690034,0.3537761646696167,0.1681996718540248,0.1328991199721573,0.829049205323257,0.31792041631448975,0.33241353022091846,0.18983576128208954,0.40881519415303536,0.7330913671091666,0.1472596496461658,0.3179121297999635,0.20871244137290973,0.13421667578183266,0.2669417789489385,0.2811945839341056,0.1534745355408608,0.1926614627355442,0.32906577835230943,0.24795737416927693,0.2115795753989957,0.27135849119143507,0.10794842473358857,0.13539336084456155
132,0.06949899733174233,0.15941596645618922,0.6567559952932597,0.6112961766021975,0.39518387775733765,0.13589883823066343,0.14831203699100087,0.17100880027842688,0.16095725815807355,0.20359137539568106,0.1310760867763801,0.10731036311506653,0.2304396824607633,0.16075009529491704,0.14831203699100085,0.3175972422479657,0.41401912527552664,0.07003762077594922,0.25816636006562915,0.12405740897263794,0.6001508145643779,0.2799350337261141,0.1894545816138816,0.22245148245744878,0.3391421800162415,0.9059812061850545,0.034629344205240394,0.8815691343906926,0.15700459072904754,0.46422711679013573,0.26970118828618306,0.7586138318500472,0.6344569847030942,0.14545318947944114,0.6162266527453223,0.19114503057723864,0.26192843766055124,0.2512636934652547,0.14947214902467723,0.17309700193904443,0.5193490114188171,0.1634100664578465,0.8441389482755765,0.18171497704635475,0.2505676262450488,0.8390178822983476,0.09754056248860604,0.19268632227912297,0.14528745918891597,0.0886076998292978,0.8095593231574936,0.1876895540197882,0.1160940685129021,0.3412552412204379,0.5442831336283332,0.18947944115746035,0.9001557864730937,0.15376456354927992,0.8364822088533121,0.48641011617693364,0.19353983327532776,0.5705762442201562,0.14356386416745387,0.5613947861250601,0.7668174812310447,0.14424335835860722,0.36957026135666815,0.17366048492683006,0.18328941480634414,0.837020832297519,0.29924261257229984,0.37072208687581826,0.12263212847412122,0.12767032930608727,0.09524519796483204,0.431180496859411,0.3377666186048824,0.27919753393327695,0.5668390261688128,0.8947944115746036,0.2616218366230796,0.20744460465039194,0.7647209930559008,0.15102172724108787,0.47847992177530285,0.5701287724357381,0.2556224001060674,0.4278078854472232,0.30825005386234444,0.44830043587066415,0.1287392896799748,0.13628830441339762,0.30128109514575974,0.18919769966356748,0.6316810023367971,0.7567245065380599,0.09790516912776148,0.17385107476093406,0.10037455045658696,0.08094267389250734,0.48439649314705246,0.3906014352243159,0.6457763635459653,0.4010838761000348,0.181499527668672,0.1313661147847992,0.15421203533369796,0.09215432804653706,0.19774109614014154,0.12171232536170636,0.8181027196340676,0.14115248844031225,0.13450670379025176,0.12036162349392598,0.1316395697641658,0.11229055834534879,0.4181706690531829,0.3165614279321832,0.1404978537927377,0.8399874044979202,0.8612506007723031,0.8829778418601568,0.14932299176320457,0.15389714778170008,0.10513929630918642,0.16733787434329372,0.15548815857074197,0.1950976980062646,0.14517973450007457,0.12544125689852334,0.09074562057707287,0.7397785843318583,1.0000000000000002,0.6397189214272693,0.296474916720529,0.1895540197881967,0.17582326521818392,0.09507118115978058,0.5490727390245116,0.3428711115530585,0.10446808863255938,0.4785462138915129,0.19221399095112612,0.47980576409950454,0.09439997348315352,0.15146919902550587,0.13468900710982945,0.15130346873498068,0.13131639569764164,0.8885463796218036,0.23416861399758038,0.14849434031057857,0.20471834137125244,0.143025240723247,0.9114254462288071,0.0875553124844628,0.09778915792439384,0.8937420242297685,0.10054028074711215,0.1304794577304894,0.16972439052685662,0.2924808167188717,0.1372081075258125,0.220769320008618,0.12121513449013077,0.6213974378097085,0.9018628084655034,0.15847130380019556,0.1171713154013159,0.1710419463365319,0.9216510051542122,0.17819320837269428,0.0934304512835811,0.014426821790218598,0.173370456918411,0.18569250401895956,0.16786821127297435,0.2325195976068546,0.11076583967251694,0.08665208240110045,0.6318633056563748,0.19284376605512188,0.2071711496710254,0.13756442765044166,0.7888098907837384,0.4800626460498185,0.12583072308125756,0.19335752995575,0.13417524320920132,0.09768143323555245,0.1675533237209765,0.5158769618323141,0.1486517840865775,0.13100150814564376,0.2148196025787633,0.21327831087687898,0.15808183761746133,0.20880359303269858,0.06373986973599165,0.11926780357645968
133,0.14814630670047566,0.28762491920648336,0.9190738991365451,0.9363761414673759,0.6679262168746581,0.15512355193158653,0.18225360049056166,0.2864150880856494,0.2547854621389152,0.3135037040719933,0.1837534596198147,0.1887087953065182,0.08903859858466331,0.26959346359734165,0.22991763204560897,0.5518321483617561,0.70572100962893,0.16984040173022424,0.4505295082782281,0.22715822270836442,0.44351911698901214,0.48264803858201166,0.09370390626294768,0.4020948308722385,0.5946071363463099,0.7471370092311772,0.012446344818442468,0.6119590977642985,0.279421269825486,0.8346426026284823,0.1381776297253849,0.8936591590845058,0.9707403172077761,0.24073153350237825,0.4360612539153781,0.3121281426606341,0.42524735245860884,0.4781070286216212,0.24017633702911884,0.24822254263411725,0.8846268582508825,0.26672632957125575,0.5790036294933625,0.31419148477767284,0.4103233397968147,0.5315384742869453,0.18316511708845026,0.2978836241899932,0.24837998641011616,0.14743366645121728,0.8262980825005386,0.312443030212632,0.22909726710750924,0.6674538855466614,0.8924576144781982,0.28344851588524833,0.7333813951175856,0.270944165465122,0.6135003894661828,0.8548782711016093,0.12387510565306022,0.9360363943717993,0.2539816702298679,0.9264903296375478,0.8898639354314788,0.234508361093157,0.6929846368020682,0.2631465552959114,0.28988713767215235,0.5625217521006315,0.5500174016805052,0.6114453338636703,0.2025721341089511,0.22847577851803974,0.19354811978985398,0.7710021710668058,0.5688609357132203,0.40052039311224913,0.9114254462288072,0.7309120137887603,0.40388471800991066,0.3110674688012728,0.6408293143737881,0.24571172873266048,0.8255274366495965,0.4341636420888646,0.45550970350851017,0.7039891280929415,0.4097101377218714,0.7698834916057608,0.2127811200053034,0.21357662539982433,0.43766883773347254,0.2867382621521735,0.5111453620378197,0.5425761116359238,0.13087721042774986,0.27086130031985944,0.14607467806891067,0.11294519299292331,0.8310048227514543,0.7556224001060673,0.746971278940652,0.5678914135136478,0.2744327880806775,0.15313478844528414,0.25745371981637083,0.16002916853113244,0.3337145130015413,0.21729727042211505,0.5237408641177348,0.19679643348414794,0.2335139793500058,0.22100962892987952,0.15275360877707622,0.14653043636785495,0.7721622831004823,0.569457564759111,0.22771341918162383,0.5735676759641359,0.7637266113127495,0.5477634697293624,0.26519332438389764,0.2525149571587199,0.20090654468917285,0.24430302126319628,0.22051243805830395,0.31013109265980543,0.25019473309136714,0.23425147914284292,0.1898026152239845,0.8722633785777026,0.6397189214272693,0.9999999999999999,0.4210792356519001,0.26699149803609606,0.27143306982217136,0.19715275360877707,0.3670677339697377,0.5955435124877773,0.19948955070518237,0.8355624057408972,0.3159399393427137,0.8262483634133809,0.12854869984587083,0.1880873067170487,0.1604352077429192,0.19365584447869538,0.14822917184573825,0.7568985233431114,0.1191766519166708,0.23457465320936707,0.3613748984901971,0.23134291254412567,0.6351613384378264,0.1258390095957838,0.14564377931354514,0.6238751056530603,0.20018561792538825,0.22621356005237078,0.2717893899468006,0.12230895440759708,0.24223967914615754,0.305590082699415,0.15489981603937752,0.4432208024660667,0.7287906660700376,0.2960191584215847,0.21425611959097765,0.2770181806128706,0.5826911284575482,0.25205091234524934,0.18788014385389218,0.008245081953628665,0.19813884883740202,0.27121762044448866,0.2824955667147285,0.3524586088599413,0.20814895838512407,0.14266063408409155,0.9665390543429622,0.31055370490064466,0.3392416181905567,0.23329852997232303,0.5117171315401317,0.8502378229669036,0.15978057309534463,0.3152604451515604,0.23061369926581482,0.15083942392151012,0.27546031588193376,0.27970301131937886,0.15785810172525233,0.2302076600540281,0.32359667876497783,0.2827607351795688,0.24188335902152838,0.29611859659589984,0.15610136064568522,0.1403321235022125
134,0.3989956744394173,0.8266461161106415,0.5031654485490313,0.4672765541357994,0.7349724059066276,0.27817000613202075,0.339730522547606,0.7572465569532144,0.6094980029499992,0.7945110127778054,0.3936342995409271,0.4001060673859361,0.0690266660037455,0.6624322577437479,0.5038532292547109,0.8360347370688941,0.6420971510963058,0.43282951325013674,0.8284857223354714,0.6459420938364904,0.17303899633736056,0.8810636570045908,0.07717230978305904,0.9056663186330565,0.7900777275062564,0.2866056779197534,0.03075954192147699,0.2574040007292133,0.7718473955484844,0.5278758348663386,0.12017932017434826,0.3943137937320804,0.4506703790251745,0.5785561577089445,0.18051343244004708,0.7979001972190457,0.8275824922521089,0.8387858598916125,0.5057591275957507,0.5705845307346824,0.5083776661860488,0.7038979764331528,0.2429357463663634,0.8507515868675319,0.9071330317042046,0.2544208554997597,0.3898390758879,0.7496561096471602,0.6076003911234857,0.33080594640282407,0.3770281244303022,0.8206798256517345,0.5786307363396808,0.6991332305805533,0.48484396493147053,0.7064005038200831,0.30844893021097464,0.6304214521288056,0.26756326753840803,0.5416065894363513,0.10687117784517478,0.48041067965992146,0.6916090753907091,0.46829579542252936,0.4215764265234757,0.4797228989542419,0.7148941812094998,0.6162929448615324,0.7116458675152058,0.31290707502610254,0.8075871327002435,0.7691045592402924,0.40768822817746403,0.5598120618505444,0.5228376340343724,0.6214388703823399,0.8104874127844346,0.9495185535060243,0.4847196672135767,0.34040173022423315,0.9270206665672285,0.7565256301894296,0.2899865758464675,0.5059331444008022,0.6080230033643249,0.17444770380682478,0.8580105735925356,0.6877807056795772,0.874890203682527,0.6046089593795059,0.4228691227895722,0.4252887850312402,0.9626609655446725,0.6755249506952387,0.21629460216443758,0.2342266195992642,0.2635277349641194,0.6349541755746698,0.3237541225409768,0.29527337211422133,0.5393940900578398,0.6248694873962115,0.40715789124778334,0.8227183082251943,0.6338935017153084,0.31012280614527915,0.5889391604103482,0.3556406304380252,0.865551301811432,0.5294254130827492,0.21067634531563334,0.4226122408392582,0.4409254379422927,0.5498185253318748,0.3099405028257014,0.3038416281343741,0.633520608561627,0.8106531430749598,0.45354579956578667,0.2069391272642901,0.3534861366611976,0.2338040073584249,0.6991000845224482,0.584630172856693,0.47210759210460895,0.4941414342299342,0.4675085765425347,0.7859344702431263,0.5718689404862527,0.6941281758066923,0.5115016821624488,0.3995674439417293,0.296474916720529,0.4210792356519001,1.0000000000000002,0.6548252374086412,0.6797427865891049,0.4932382041465719,0.1927360413662805,0.7795289945143274,0.46015843815774216,0.5655297568736638,0.8106780026185385,0.6004491290873232,0.30124794908765473,0.41609075390709155,0.3200086179751073,0.39795986012363477,0.2872768855963805,0.33451830491058854,0.10443494257445432,0.5487661379870399,0.8920598617809377,0.47742753443046787,0.2713336316478563,0.29521536651253755,0.2740184623543645,0.29631747294453015,0.5616765276189529,0.5934718838562124,0.7357347652430435,0.11564659672848407,0.6600706011037638,0.806037554483833,0.3328692885198628,0.186504582442533,0.31443179369893437,0.8077280034471901,0.44919537943950016,0.6380036129203335,0.2669169194053597,0.4970500008286515,0.392068148295464,0.02356684731268334,0.4123949684283797,0.5707088284525763,0.7730075075821607,0.8935182883375594,0.45075324417043705,0.3248810885165482,0.43046785661015263,0.7727589121463729,0.877823629824823,0.47298596264439247,0.20348365070683969,0.5598037753360182,0.3634382406072358,0.7961103100813736,0.4783721970864615,0.3337559455741726,0.7094913737383782,0.21941033162631135,0.2910638227348813,0.5350933890187111,0.8103962611246458,0.681466381610567,0.5934138782545286,0.6851704536038052,0.38301927443278805,0.28174978040736504
135,0.6821873083743515,0.7744659341387825,0.3279968179784219,0.2828933194119889,0.4503720645022291,0.4178392084721325,0.5229950778103714,0.8085483683852897,0.9419032466563915,0.7885032897462669,0.647964003380898,0.6766187706127049,0.06720363280796832,0.9313130810918312,0.7856610152637598,0.5407365054110941,0.4013241850212963,0.7199821011286233,0.5034223304993454,0.9181458095096041,0.12288901042443529,0.5677173967085964,0.07494323737549512,0.6852284592054889,0.49385969273604136,0.17434826563250966,0.03484479358292315,0.1812094996602529,0.7907655082119359,0.2927791312418171,0.10223901622499544,0.2539236646281841,0.2772419165050796,0.905359717595585,0.13141583387195677,0.7758332090356155,0.6171713154013159,0.5630852350884172,0.8186993486799582,0.8283034190158934,0.2889259019871062,0.9300286713402609,0.1741742488274582,0.6888248065098858,0.6376141467375992,0.17337874343293724,0.6580321185303039,0.8400371235850776,0.9284873796383766,0.6018495500422611,0.23331510300137556,0.7781451465884421,0.8657170321019573,0.45926349458890603,0.3135865692172558,0.8860355657203467,0.214330698221714,0.8921924460133579,0.18497986376970119,0.32096985366015346,0.10470839755382091,0.2836059596612473,0.9008518536932996,0.27646298413961123,0.27424219824657353,0.7602959942988781,0.43921012943535687,0.9339813387692869,0.9091798007921909,0.21331974344951027,0.52492583569499,0.4747841362965909,0.6706441936392714,0.8725202605280167,0.8243838976449726,0.31541788892755934,0.48355955517990024,0.6465801554550125,0.2719136876646945,0.2279537281028854,0.653797709607385,0.8707220868758183,0.16718871708182104,0.8168928885132336,0.34922686819469995,0.1274631664429308,0.5667147284509189,0.3911069126104178,0.7227415104658679,0.39683289414806344,0.7093339299623792,0.7317572382704387,0.6162763718324797,0.9216344321251595,0.16708927890750594,0.17156399675168632,0.47727009065446896,0.9298132219625781,0.5379688095593231,0.5369329952435407,0.34704751487429364,0.3217902185982532,0.2597159382820398,0.48516713899799463,0.947248048525829,0.5345133330018728,0.8703657667511892,0.6174447703806825,0.7409221233364822,0.8285851605097863,0.1605346459172343,0.7067071048575548,0.7294121546595072,0.8591706856262118,0.4596281012280614,0.5148660070601103,0.3672666103183679,0.49576559107708107,0.7242165100515422,0.15320936707602048,0.22804487976267424,0.16491821210162583,0.8686255987006747,0.9062546611644211,0.7880309584182701,0.8033527237773248,0.7593181855847793,0.8123435920383169,0.8893253119872719,0.8202489268963687,0.8124678897562108,0.2601882696100366,0.1895540197881967,0.26699149803609606,0.6548252374086412,1.0,0.9233000215449377,0.814034041001674,0.16051807288818176,0.4873962114055586,0.7473607451233862,0.30602926796930674,0.7713336316478563,0.33666451217288984,0.4886309020699713,0.6499361938381477,0.5419629095609804,0.6969041581729893,0.46397023483982164,0.21079235651900097,0.09457399028820497,0.8725451200715953,0.6976913770529839,0.7693614411906065,0.1397520674853743,0.5465039195213709,0.4994282304976881,0.19658098410646516,0.8492102951656475,0.880433881900595,0.8205223818757353,0.10871078407000447,0.902111403901291,0.7808299772949502,0.5188269610036627,0.13913886541043108,0.2090687614975389,0.7398365899335422,0.7693697277051327,0.9170851356502427,0.18293309468171498,0.7548186081970202,0.6542949004789604,0.027478082169078044,0.631167238436169,0.866379953264058,0.7817912129799964,0.69233828866902,0.7154825237408642,0.5889225873812958,0.2600639718921427,0.8037504764745852,0.6981968544390857,0.7676129866255654,0.15228127744907938,0.29147814846119424,0.6264356386416745,0.8146638161056696,0.7362733886872502,0.5610301794859046,0.8864913240192909,0.1801985448880492,0.4521122325527437,0.8516299574073153,0.7890253401614213,0.9420772634614429,0.929713783788263,0.9418949601418651,0.6840269145991813,0.45417557466978237
136,0.6717960191584216,0.8406503256600208,0.35661015263759754,0.3227763138268781,0.462130628614992,0.3883226437295945,0.48765309335587265,0.8956727821143871,0.9072904754802035,0.8558643663302342,0.6241319876033743,0.6591756575349277,0.035648585491970364,0.9694227613981007,0.7729412154659507,0.5640464707734633,0.4627604037189877,0.7156814000894943,0.5702779296972108,0.9408591458260827,0.09809575896186545,0.6301811432075441,0.038308556654899815,0.7499544241701055,0.4961467707452891,0.1907307048509256,0.008916289630255722,0.1646944762094168,0.8683438572067816,0.37389582193937587,0.07375826579823994,0.2300999353651867,0.28803924493279637,0.8722716650922289,0.0935133164288437,0.8693382389499329,0.6925288785031241,0.6226321284741212,0.7821392465900993,0.8014799714943901,0.3276985034554766,0.9570095626377634,0.16102355027428364,0.7603705729296144,0.7068811216626063,0.15082285089245762,0.6475828237126899,0.912245811166907,0.9065529756873663,0.5926846649762176,0.2517940303949353,0.8488374020119658,0.881966887087953,0.4877442450156615,0.33752630968362085,0.9563963605628201,0.21070120485921212,0.9198528315020135,0.1942441870100598,0.3892424468420093,0.06857919421932747,0.30728053166277197,0.9665224813139097,0.29882000033146056,0.2714993619383815,0.7338785859891612,0.4331609738311871,0.8831518586652083,0.960821359319843,0.1757652596165001,0.5543926813503703,0.5340990072755598,0.6537148444621224,0.8610102918510416,0.8213758928719401,0.3836821955948889,0.5309749912991597,0.7171232536170636,0.28506438621786906,0.19658098410646513,0.7397454382737534,0.9283382223769038,0.18688576211074098,0.7886441604932133,0.3635708248396559,0.09340559174000232,0.6219277747393891,0.4190573261074927,0.7666268913969406,0.45770562985796914,0.691128457548186,0.7008651121165416,0.6759641359651303,0.9193970732030693,0.14238717910472498,0.16265599363595687,0.476574023434263,0.9103813453984985,0.5103167105851937,0.5299971825850611,0.36414259434196794,0.41770662423971233,0.2611909378677141,0.507648452907738,0.9133396310843732,0.48269775766916917,0.874028406171796,0.6141301645701784,0.8082666268913969,0.8169426076003911,0.13053746333217323,0.6793864664644758,0.718664545318948,0.8553174563715011,0.4216344321251595,0.5150731699232669,0.41785578150118496,0.5144268217902186,0.6985034554765575,0.1154311473508013,0.22560035797742753,0.13768872536833557,0.9441488920930079,0.8750642204875785,0.7764215515669799,0.757105686206268,0.7093753625350105,0.8788180115679742,0.8724539684118066,0.9119723561875405,0.792646547009397,0.2588955733439401,0.17582326521818392,0.27143306982217136,0.6797427865891049,0.9233000215449377,0.9999999999999999,0.8061369926581482,0.12912046934818278,0.4872553406586121,0.7472033013473872,0.3223702746150914,0.8523923167437313,0.35062728914963787,0.47329256368186406,0.607326936144119,0.4885728964682875,0.6397023483982167,0.4144997431180497,0.21723097830590496,0.06253832512968396,0.8372860007623595,0.7728417772916356,0.7683670594474552,0.1318467326273223,0.5405542020915163,0.4842473358855798,0.19840401730224233,0.8678880989078375,0.8862510150980294,0.890286547672318,0.056414590894777836,0.9570261356668159,0.8487048177795457,0.49874044979200843,0.09576724837998642,0.1941696083793235,0.817671820878702,0.761505825419712,0.9457399028820497,0.13563366976582308,0.6838363247650774,0.646439284708066,0.004209549379340062,0.5656457680770315,0.8251462569813884,0.8644740549230183,0.7778053994928653,0.7073948855632344,0.5820364938099736,0.2738361590347868,0.8900213792074778,0.7849483750145014,0.7471121496875983,0.1323604965279504,0.3627090273289249,0.5856742736870018,0.878934022771342,0.7196009214604153,0.5530171199390113,0.9632824541341422,0.1456106332554401,0.40495367838379825,0.8297286995144102,0.8472049586502926,0.8959379505792273,0.8755365518155753,0.9342962263212846,0.6693349243441223,0.4361689786042195
137,0.7002187639834934,0.6847312683339134,0.2504433285271549,0.21682493909411826,0.33779147814846117,0.41285901324185026,0.5158686753177879,0.7303816768590796,0.7975273040653641,0.6965312650193076,0.6362634448698188,0.6797842191617363,0.01893468569250402,0.7818326455526277,0.7718225360049056,0.3992276968461526,0.3156581978488208,0.7360330797659889,0.39654286613964435,0.8255274366495964,0.05373804670279587,0.47829761845572516,0.018304910588508264,0.6143870465204926,0.3480584696464973,0.10986260958915461,0.0024776678433517294,0.11431246788975621,0.7264704420026848,0.2382621521735528,0.04550125126369347,0.1451548749564958,0.19711132103614576,0.7984968262649363,0.04945391869271948,0.7023401117022158,0.529516564742538,0.48046868526160524,0.7782031521901257,0.796632360496528,0.22435738079848855,0.8023583420341736,0.1031588193374103,0.6265682228740947,0.5532077097731152,0.09373705232105271,0.6710585193655845,0.7115049967682593,0.8340459735825917,0.6323107774407929,0.1608661064982847,0.6708430699879017,0.8060789870564644,0.3423987802250617,0.21398266461161106,0.797146124397156,0.1577752365799897,0.8215333366479391,0.10662258240938696,0.25698967500290026,0.042178358938663216,0.20903561543943386,0.7856444422347073,0.19474137788163545,0.18664545318947942,0.7372014783141915,0.2894479524022606,0.788693879580371,0.7727340526027942,0.11616864714363842,0.4266312003844943,0.36645453189479443,0.6734781816072524,0.8534198445449874,0.8118132551086363,0.261538971477817,0.386905649745604,0.5678085483683853,0.1729146986194667,0.11974842141898276,0.5603506852947513,0.7292381378544557,0.11394786125060077,0.7579509106879465,0.26136495467276555,0.047490014749995854,0.48322809459884974,0.27916438787517195,0.5899335421534994,0.30529176817646964,0.689529160244618,0.6874160990404217,0.5513266709756541,0.8149538441140887,0.08691725086594076,0.11129617660219758,0.503762077594922,0.7705629857969142,0.5601435224315948,0.555975405624886,0.27154908102553904,0.25644276504416713,0.17453885546661366,0.3594027080329472,0.7924725302043454,0.5287790649497008,0.8024246341503836,0.64343956644956,0.6238005270223239,0.8263892341603275,0.07627736621422297,0.6884353403271516,0.705149240126618,0.8105537049006447,0.46137655579310227,0.5296988680621157,0.2803659324814797,0.3737218051343244,0.7056547175127198,0.07301247949087655,0.1441439201842921,0.07723031538474287,0.7881386831071115,0.812476176270737,0.7947181756409619,0.7390162249954424,0.7240424932464906,0.7504267554981023,0.8409900727555975,0.8129485075987338,0.7947927542716983,0.16177762309617327,0.09507118115978058,0.19715275360877707,0.4932382041465719,0.814034041001674,0.8061369926581482,0.9999999999999999,0.08244253302176038,0.33763403437246226,0.7372677704304016,0.21186960340741479,0.6689371716468618,0.21168730008783707,0.5164984504217836,0.6143456139478612,0.5307346823778982,0.63311456934984,0.44683372279951605,0.13537678781550905,0.032541142544622884,0.837435158023832,0.5802548931868277,0.7423888364076302,0.0750095294917052,0.5825834037687068,0.5356817315500754,0.12072623013308142,0.8306402161122989,0.8242595999270788,0.7340277432506339,0.024610948142992094,0.7995575001242977,0.7267521834965778,0.5387145958666866,0.054724141931420806,0.12251611727075357,0.6601203201909214,0.7574122872437395,0.8130976648602064,0.07858101725252324,0.6948408160559505,0.6721440527685245,0.0011435390046238751,0.5803377583320904,0.8588806576177929,0.7336051310097946,0.6251926614627356,0.7282188965677256,0.6204113425810835,0.18178126916256485,0.7260395432473193,0.6303385869835431,0.7351878552843103,0.07900362949336251,0.19889292165929168,0.6044266560599281,0.6945922206201628,0.7284923515470922,0.5880193572979333,0.7650938862095825,0.09295811995558428,0.43341785578150127,0.8121695752332654,0.6619516399012249,0.8160228044879763,0.8564361358325461,0.7813520277101046,0.6861979814050614,0.4763834336001591
138,0.05561908550025689,0.12001358988382307,0.36401001010954775,0.2703309633901788,0.2499875702282106,0.12646049818525334,0.13464757453719817,0.10517244236729148,0.13437411955783157,0.1508311374069839,0.11749448946784005,0.09952103946038218,0.299408342862825,0.12888016042692124,0.12128142660634084,0.19995359551865294,0.2283846268582509,0.05738411309435026,0.16213394322080246,0.10990404216178591,0.7237524652380716,0.15840501168398546,0.2296276040371899,0.16718043056729479,0.22074446046503918,0.4660501499859129,0.02114718507101543,0.6570294502726264,0.11737847826447241,0.25034389035283977,0.4826811846401167,0.3847760155123552,0.3105868509587497,0.1252672400934719,0.7610417806062415,0.1338354961136247,0.11016921062662623,0.145320605247021,0.13647889424750162,0.1264853577288321,0.2548186081970202,0.13607285503571487,0.5555113608114155,0.1135335355242878,0.13177215399658596,0.630562322875752,0.09019871061833973,0.15371484446212233,0.1194915394686687,0.08022174712872271,0.42877740764679556,0.13218647972289896,0.09016556456023467,0.21146356419562803,0.28194037024146906,0.1254909759856809,0.4302855532905749,0.12947678947281194,0.37755846135998283,0.26740582376240907,0.20997199158090124,0.281111718788843,0.11573774838827293,0.281940370241469,0.3585243374931636,0.13163128324963952,0.22038814034041,0.159026500273455,0.15054110939856477,0.5515089742952319,0.17509405193987304,0.24197451068131723,0.11283746830408192,0.11306120419629095,0.08302258903859858,0.22310611710502332,0.20678168348829112,0.1850212963423325,0.34620229039261496,0.47298596264439247,0.1599545899003961,0.15043338470972342,0.3232403586403487,0.13569167536750693,0.31461409701851206,0.7257660882679526,0.16466961666583801,0.2578017534264737,0.21753757934337656,0.2605694492782446,0.11759392764215515,0.12516780191915677,0.1845655380433882,0.1609489716435473,0.7322378561129619,0.6187623261903579,0.0919803112414856,0.14886723346426028,0.09381991746631532,0.072772170569615,0.31409204660335766,0.21099123286763122,0.2302408061121331,0.2680190258373523,0.15081456437793136,0.12266527453222627,0.12264041498864747,0.08368551020069938,0.1534331029682295,0.11284575481860819,0.6389814216344322,0.1304794577304894,0.12028704486318964,0.10455924029234823,0.12089196042360664,0.10650657120601932,0.23172409221233367,0.2187805565223156,0.1273305822105106,0.5634166956694675,0.385919554516979,0.5731450637232968,0.11504996768259336,0.13319743449510268,0.09383649049536784,0.14663816105669633,0.1391885844975886,0.13487131042940717,0.12114055585939443,0.10470011103929464,0.08156416248197684,0.28779893601153483,0.5490727390245116,0.3670677339697377,0.1927360413662805,0.16051807288818176,0.12912046934818278,0.08244253302176038,1.0,0.2115298563118381,0.09716766933492435,0.28310876878967167,0.1304794577304894,0.2742504847610998,0.09338073219642352,0.1329156930012098,0.12428114486484695,0.14177397702978173,0.1196738427882464,0.423532043951673,0.2945358723213842,0.1358408326289796,0.13923001707021992,0.11541457432174877,0.5475728798952585,0.08050348862261555,0.0903230083362336,0.5310578564444223,0.08622118364573493,0.11943353386698485,0.10596794776181243,0.6521901257892905,0.10994547473441721,0.18347171812592186,0.11195909776429838,0.6828502295364524,0.5010689603738876,0.10058999983426971,0.1039874707900363,0.1296922388504947,0.5209565952369114,0.15953197765955685,0.08511907721374234,0.010407862244982516,0.1569714446709425,0.1574934950860969,0.12277299922106764,0.14824574487479075,0.09869238800775618,0.07807553986642138,0.2992757586304049,0.1377218714264406,0.12422313926316313,0.12549926250020715,0.6284326886425031,0.2815840501168399,0.1138567095908119,0.1423788925901987,0.1212482805482358,0.09037272742339117,0.12850726727323952,0.9170354165630853,0.1341835297237276,0.11533999569101244,0.1721440527685245,0.17817663534364175,0.14032383698768625,0.16927691874243855,0.05817133197434496,0.10926598054326389
139,0.31916339349342876,0.6030345216195163,0.6135335355242878,0.6436633023417689,0.8804173088715425,0.22018097747725351,0.25594557417259156,0.5654054591557699,0.4472977676129867,0.6129949120800808,0.26403321235022126,0.27804570841412685,0.05623228757520012,0.4716021147185071,0.3690647839705663,0.9272444024594374,0.8800858482904921,0.31218614826231794,0.8557732146704452,0.4559074562057708,0.18237789820845554,0.8556240574089726,0.06221515106315981,0.7275559754056249,0.9457647624256286,0.38627587464160823,0.019597606854604814,0.34049288188402194,0.5967201975505063,0.7111569631581565,0.10304280813404265,0.5241883359021529,0.5982366297088119,0.40892291884187676,0.17556638326786986,0.6085284807504268,0.7974444389201014,0.8485142279454416,0.36359568438323475,0.4029151958103383,0.6879132899119973,0.5027759823662971,0.30896269411160276,0.6548086643795886,0.7615886905649747,0.28187407812525894,0.27318152438721227,0.5628946452543131,0.4171928603390842,0.23911566316975752,0.47479242281111717,0.6073435091731716,0.43988962362651024,0.9372296524635808,0.6628134374119559,0.5257379141185635,0.4262831667743913,0.4668125093223288,0.34640116674124527,0.7375163658661894,0.09480601269494025,0.6421385836689373,0.4902053398299607,0.6461658297286994,0.5253484479358292,0.3528563615572018,0.88461028522183,0.4810736008220223,0.5121563168100234,0.3494340310578565,0.9266560599280731,0.9276007225840667,0.3080843235718192,0.42010971345232767,0.36688543065015994,0.804894015479209,0.9406188369048212,0.7439632741676195,0.64982018263478,0.4217504433285272,0.7478993685675931,0.556671472845092,0.37657236613135786,0.3717413281625483,0.7820895275029418,0.1723263560881022,0.8392581912196093,0.8873365485009695,0.6972107592104609,0.7696514691990255,0.31219443477684417,0.31516100697724525,0.7975521636089428,0.49516067551666415,0.25427998475281327,0.30854836838528976,0.18613168928885132,0.4717098394073485,0.2325278841213809,0.19231342912544125,0.762433915046653,0.8144897993006182,0.5138219062298016,0.8911400586685229,0.459934702265533,0.22723280133910076,0.41835297237276065,0.26158040405044825,0.6673958799449775,0.3604468088632559,0.2806559604898987,0.31532673726777044,0.33780805117751367,0.3766635177911467,0.21644375942591026,0.20266328576873993,0.8280216775220007,0.9700276769585177,0.33590215283647396,0.298546545352094,0.44389201014269375,0.2719054011501682,0.5080544921195247,0.41807123087886777,0.31188783373937257,0.3716170304446544,0.32469049868244415,0.5953114900810421,0.44040338752713837,0.5085185369329952,0.34129667379306916,0.523558560798157,0.3428711115530585,0.5955435124877773,0.7795289945143274,0.4873962114055586,0.4872553406586121,0.33763403437246226,0.2115298563118381,0.9999999999999999,0.2888844694144749,0.7394056911781767,0.629195047978919,0.7497306882778966,0.1942690465536386,0.29938348331924625,0.2378063938746085,0.326182071297171,0.21402409718424237,0.4293906097217388,0.08961036808697526,0.39360115348282204,0.6807454548467823,0.34187672980990735,0.3279470988912644,0.19474137788163542,0.21812592187474103,0.36330565637481566,0.364465768408492,0.4018628084655032,0.5450289199356966,0.0951706193340957,0.4888214919040753,0.5887568570907705,0.2334725467773745,0.1985780341072938,0.44277333068164865,0.6230961732875918,0.31898937668837735,0.4668207958368551,0.3532789737980411,0.3441803808482076,0.2881635426506902,0.014501400420954939,0.27830259036444094,0.4422595667810206,0.5863371948491025,0.7140821027859262,0.32505510532159965,0.23223785611296177,0.5792770844727291,0.5771971693266378,0.6911533170917649,0.35158852483468406,0.2810702862162118,0.7529707154576641,0.2617958534281311,0.5928338222376903,0.3433765889391604,0.23887535424849604,0.5417391736687714,0.2207858930376705,0.21979979780904557,0.3833921675864698,0.6115779180960904,0.46447571222592354,0.42419496511377386,0.49286531099289016,0.2564676245877459,0.20647508245081955
140,0.8847594424833027,0.619085500256882,0.2394388372362817,0.18656258804421683,0.299118314854406,0.6149339564792257,0.7184076633686338,0.6593579608545055,0.7903926150582541,0.6336531927940471,0.852193440395101,0.8803841628134373,0.030270637564427653,0.7581249274929979,0.8889275592900114,0.35419049039592965,0.2637763303999072,0.8921178673826216,0.39065115431147357,0.7494903793566349,0.06661529027660386,0.42551252092344916,0.032077097731152325,0.5037703641094483,0.29940005634829875,0.10920797494158008,0.008402525729627602,0.11825684880425595,0.6607252357513382,0.1980725567211919,0.05699464691161603,0.14155852765209898,0.17801919156764284,0.8023169094615423,0.06195826911284575,0.6138815691343906,0.466116442102123,0.40376870680654303,0.8696365534728783,0.7995492136097715,0.19271946833722803,0.7274896832894148,0.11338437826281508,0.5670876216046007,0.4969257031107575,0.10190755564394505,0.8794395001574438,0.6597059944646083,0.8032449990884836,0.8420673196440113,0.1521238336730804,0.6210079716269743,0.8268449924592718,0.3299524354066193,0.17472115878619138,0.7194766237425214,0.13990951126137324,0.7841197235618754,0.11575432141732545,0.2162283100482275,0.05569366413099322,0.17639503472049586,0.7333813951175856,0.17492832164934785,0.17885612953479507,0.8680206831402575,0.244709060474983,0.8035681731550076,0.7161205853593862,0.1277449079368236,0.37191534496759976,0.3382140903893004,0.8571487760818045,0.8785694161321864,0.8916041034819933,0.22276637000944663,0.3452659142511477,0.4837087124413729,0.1787484048459537,0.11440361954954507,0.4886640481280764,0.6786655397006911,0.11732875917731485,0.87102868791329,0.23827872520260523,0.0607898705646431,0.43145395183877755,0.27463995094383403,0.5373638939989062,0.2682344752150351,0.8875188518205472,0.8990205339829962,0.4539601252920996,0.7424054094366828,0.09544407431346227,0.10848704817779545,0.7122756426192015,0.769891778120287,0.7669417789489384,0.7602628482407731,0.2343260577735793,0.2217554152372429,0.16642635774540515,0.31728235469596777,0.7634282967898043,0.7347403834998922,0.8318334742040803,0.8316014517973449,0.5553953496080479,0.8987387924891033,0.08917118281708349,0.897744410745952,0.882762392482474,0.8813371119839574,0.6739173668771441,0.7429026003082584,0.2439467011385671,0.3376920399741461,0.8620129601087191,0.07563930459570097,0.1392383035847462,0.0780341072937901,0.7126568222874095,0.7661131274963124,0.9383731914682047,0.9020036792124496,0.8900710982946352,0.6327499627106846,0.8027809542750128,0.7216228310048227,0.9070418800444158,0.1549246755829563,0.10446808863255938,0.19948955070518237,0.46015843815774216,0.7473607451233862,0.7472033013473872,0.7372677704304016,0.09716766933492435,0.2888844694144749,1.0,0.19136876646944762,0.6151576923714347,0.18236961169392932,0.7221117353618721,0.8156084787616632,0.7352790069440992,0.8178044051111222,0.6462569813884884,0.1336117602214157,0.0466945093554749,0.8679792505676263,0.5374716186877475,0.8662722285752167,0.08014716849798638,0.7840119988730341,0.7377732478165034,0.12310445980211804,0.861084870481778,0.8391007474436103,0.6500936376141467,0.03830027014037356,0.7671903743847264,0.5724904290757221,0.7413115895192164,0.06383930791030676,0.11857173635625382,0.5971345232768193,0.9573907423059712,0.7825121397437809,0.09071247451896784,0.8364407762806809,0.872271665092229,0.003480336101029185,0.7859841893302839,0.832496395366181,0.6483203235055272,0.5339912825867184,0.8900876713236878,0.8214421849881502,0.156349956081473,0.6372329670693913,0.56451880210146,0.8797129551368104,0.0923946369677986,0.17550837766618604,0.8335404961964898,0.6448814199771292,0.8844942740184623,0.7906412104940419,0.7167006413762244,0.11203367639503471,0.6340260859477287,0.846202290392615,0.6034819934039345,0.7064170768491357,0.8064601667246722,0.7379224050779761,0.8769535457995659,0.6776628714430136
141,0.1598054326389234,0.3704652049255042,0.7836556787484048,0.8116143787600059,0.8095096040703359,0.1718788843036842,0.19851174199108373,0.35918725865526435,0.30865609307413117,0.388115480866438,0.18464011667412453,0.18219559488887782,0.08695039692404581,0.30890468850991903,0.2717230978305905,0.7037322461426274,0.828286845986841,0.1856842175044333,0.5852102288735312,0.2943369959727539,0.29889457896219696,0.6140141533668109,0.08954407597076518,0.509562637763304,0.7345332206367358,0.5296657220040106,0.02253103299690084,0.5495782164106134,0.3566598717247551,0.9150963721639405,0.1588193374102985,0.7274896832894148,0.7809874210709492,0.2715325079964865,0.27251860322511146,0.3926150582541971,0.5620494207726346,0.6120999685112448,0.25600357977427535,0.32291718457382457,0.8838727854289928,0.3151692934917715,0.42175872984305346,0.4252390659440826,0.5097532275974079,0.4010507300419298,0.16931835131506984,0.34623543645072014,0.2745405127695189,0.14573493097333398,0.6212399940337096,0.41643050100266826,0.26501102106431995,0.7932348895407615,0.9087157559787203,0.36462321218449106,0.6230381676859079,0.31204527751537153,0.4806261290376042,0.8934519962213494,0.1215383085566549,0.8615903478678798,0.3005104492948176,0.8559306584464443,0.6754172260063972,0.2493329355806361,0.8243838976449726,0.2997398034438754,0.333258754702597,0.4346111138732826,0.6778948938497489,0.7309948789340228,0.20572929614345614,0.23706889408177134,0.20544755464956332,0.8692885198627752,0.6882198909494688,0.5086014020782578,0.9026417408309717,0.5735759624786622,0.5182303319577719,0.3789174497422894,0.48806741908218565,0.25341818724208226,0.918435837518023,0.2655330714794743,0.5656043355044001,0.84202588707138,0.5148245744874791,0.8983990453935267,0.20838926730638557,0.2112232552743665,0.5491556041697742,0.327391902418005,0.3590629609373705,0.3973135119905865,0.13203732246142627,0.3111834800046405,0.14735908782048096,0.11258887286829414,0.8916703955982034,0.863985150565969,0.5813735726478728,0.7056464309981936,0.3157493495086097,0.17153913720810754,0.29491705198959217,0.1572034670776778,0.4285619582691128,0.26972604782976184,0.3781302308622947,0.20591988597756014,0.2236613135782827,0.23847760155123554,0.1643215830557351,0.1531845075324417,0.8813951175856412,0.6972190457249872,0.23372942872768857,0.4368236132517941,0.62686653739704,0.41856842175044334,0.33490777109332276,0.2736455692006828,0.2055718523674572,0.24962296358905517,0.21621173701917498,0.41475662506836375,0.27800427584149556,0.29205820447803243,0.22109249407514212,0.7491506322610584,0.4785462138915129,0.8355624057408972,0.5655297568736638,0.30602926796930674,0.3223702746150914,0.21186960340741479,0.28310876878967167,0.7394056911781767,0.19136876646944762,1.0,0.40938696365534727,0.9633570327648784,0.13566681582392814,0.2033759260179983,0.1745471419811399,0.20259699365252987,0.16761961583718657,0.5627620610218931,0.12902103117386765,0.24708729014401962,0.47278708629576227,0.22956959843550606,0.45442417010557024,0.12650193075788463,0.14558577371186132,0.49909676991663765,0.2148196025787633,0.2423308308059464,0.37973781468038914,0.14519630752912713,0.28431031339597934,0.4085085931155637,0.16960837932348893,0.28184921858168016,0.5916737102040139,0.4301944016307861,0.20718772270007788,0.33997911798339375,0.4516233281956944,0.2500207162863156,0.18166525795919722,0.01160112033676395,0.2223769038267124,0.28958053663468075,0.35281492898457056,0.43439566449559985,0.21794361855516337,0.14145908947778385,0.8067501947330914,0.3781302308622947,0.4551948159565124,0.24467591441687797,0.3684101493229918,0.9386963655347287,0.1637581000679494,0.40724904290757213,0.22681847561278773,0.16054293243176054,0.32536999287359747,0.2988448598750394,0.1759972820232354,0.24867001441853526,0.4416795107641824,0.36167321301314237,0.2701735196141799,0.3542402094830872,0.13991779777589952,0.15017650275940933
142,0.5485009695221995,0.9437925719683786,0.4252059198859776,0.39807587132700245,0.5733936591590846,0.34524934122209516,0.41942193274664813,0.9337658893916041,0.7596745057094084,0.948391587530453,0.5098112331990918,0.5385157195180563,0.031828502295364526,0.8295381096803063,0.6420557185236746,0.6887750874227283,0.5736588276239248,0.6046421054376108,0.6917582326521818,0.8085069358126584,0.09951275294585593,0.7634945889060143,0.03417358590629609,0.8848423076285652,0.6285486998458708,0.20513266709756545,0.006894380085848291,0.17607186065397173,0.9487810537131873,0.4259599927078672,0.06630868923913223,0.3350983609274267,0.3572647872851721,0.7258406668986891,0.09371219277747395,0.9438422910555362,0.7999055337344005,0.7615306849632908,0.657145461475994,0.6954457316163676,0.40306435307181093,0.8293143737880972,0.1802814100333118,0.9021611229884485,0.8479838910157609,0.1638658247567908,0.5282984471071778,0.903702414690333,0.7647458525994796,0.48665042509819517,0.2697426208588144,0.9609705165813156,0.7449742289398233,0.6119508112497722,0.38528149289845703,0.8933608445615606,0.23116889573907423,0.8116226652745322,0.18754039675831552,0.4420275443742853,0.06471767845009031,0.37556141135915416,0.8659573410232188,0.3680538291983626,0.31149008104211207,0.6253169591806294,0.5555942259566781,0.7363065347453555,0.8642917516034405,0.1971361805797246,0.6906726992492418,0.6147267936160692,0.5395598203483651,0.7361076583967252,0.6974427816171962,0.5020964881751437,0.6657220040106729,0.8530055188186745,0.39238303584746187,0.2298927725020302,0.8684432953810969,0.894172922985134,0.19936525298728847,0.6492566996469945,0.4398067584812477,0.0880276438124596,0.7669749250070436,0.5665655711894464,0.8837070551384677,0.5022124993785114,0.5846135998276405,0.5853262400768988,0.8228508924576144,0.8197351629957407,0.1569051525547324,0.16999784550622316,0.36464807172806973,0.7782860173353884,0.4273687001773314,0.41542783274499073,0.436981057027793,0.5089080031157295,0.3118298281376887,0.6506239745438274,0.7760569449278244,0.39700691095311497,0.740756393045957,0.5006794941911533,0.9275178574388041,0.6950894114917383,0.14587580172028042,0.561038466000431,0.5927095245197965,0.7233547125408111,0.381262533353221,0.3946535408276571,0.519953926979234,0.647615969770795,0.5844561560516417,0.12386681913853395,0.2659308241767348,0.12625333532209682,0.8792406238088135,0.7502775982366297,0.6454531894794411,0.6301314241203865,0.5990404216178591,0.9575316130529177,0.740756393045957,0.8669268632227913,0.6567062762061022,0.3252456951557036,0.19221399095112612,0.3159399393427137,0.8106780026185385,0.7713336316478563,0.8523923167437313,0.6689371716468618,0.1304794577304894,0.629195047978919,0.6151576923714347,0.40938696365534727,0.9999999999999999,0.4633156001922471,0.39051857007905333,0.4853494423175723,0.41570957423888366,0.5071015429490048,0.34756956528944793,0.23499726545020633,0.05498102388173486,0.7050415154377765,0.902625167801919,0.6334957490180481,0.17772916355922372,0.4443229088980593,0.40207825784318596,0.21063491274300206,0.7351961417988366,0.7529790019721904,0.8953247485042841,0.04614759939674174,0.8308225194318766,0.8778899219410332,0.4138368219559489,0.09519547887767446,0.2358756359899899,0.9575067535093389,0.6289464525431313,0.809990221912859,0.15364855234591226,0.5943419678814698,0.5293756939955916,0.0032897462669252055,0.46435141450802964,0.6982382870117172,0.9454995939607882,0.912436401001011,0.5945574172591525,0.4732345580801802,0.33299358623775666,0.9298546545352094,0.9204577470624306,0.6336697658230994,0.14564377931354514,0.424775021130612,0.4693233232237856,0.9290591491406883,0.6057773579277084,0.4509189744609623,0.8848174480849864,0.15180894612108253,0.34089063458128244,0.6984205903312949,0.9467591441687797,0.787326604683538,0.7320804123369629,0.8124347436981056,0.5450537794792754,0.36320621820050053
143,0.16653408243424653,0.4389863935431479,0.760486584132982,0.8023914880922786,0.8377334725467774,0.1823944712375081,0.20528182435903813,0.4124198279719584,0.3028058138185917,0.4474220653308806,0.189819188253037,0.18152438721225078,0.09005783987139329,0.3333830524204909,0.27434992293541494,0.7075937619118646,0.853055237905832,0.18227846003414044,0.6178508095924692,0.2998392416181906,0.30387477419247916,0.6307446261953297,0.09441654651220605,0.5375213377749052,0.760138550522879,0.5233431114204743,0.026632857687399522,0.5235917068562621,0.42491589187755846,0.909088649132402,0.15878619135219346,0.6991995226967633,0.7747228160890967,0.2723611594491125,0.2703641094482839,0.4509604070335935,0.6009628929879514,0.6264604981852533,0.24721987437643977,0.3261157791809609,0.8790914665473409,0.34415552130462884,0.4454664479026832,0.46450057176950227,0.5586768093604468,0.3947944115746035,0.17206947413778817,0.40337095410928253,0.2834982349724059,0.15105487329919287,0.6137406983874443,0.4273852732063839,0.2826364374616749,0.8208289829132069,0.8960125292099637,0.3705895026433982,0.6168812873928967,0.3377003264886724,0.4808332919007607,0.9009512918676148,0.12599645337178278,0.8561626808531796,0.3426805217189546,0.8484479358292315,0.6600291685311325,0.23792240507797613,0.8627338868725036,0.3124596032416845,0.367523492268682,0.43258091781434893,0.6926366031919653,0.7623261903578118,0.19894264074644924,0.24720330134738724,0.2081986774722816,0.904754802035168,0.717073534529906,0.556514029069093,0.8580437196506405,0.5733936591590846,0.5570443659987736,0.4110939856477568,0.48533286928851993,0.2515702945027263,0.9390361126303054,0.26374318434180216,0.605189015396344,0.8533369793997247,0.5542683836324765,0.9092543794229272,0.205215532242828,0.2093422164769055,0.5886491324019291,0.3318997663202904,0.33637448416447074,0.4355972091019076,0.1453454647905998,0.32441704370307767,0.15644939425578813,0.12331990917980079,0.8911649182121015,0.9016390725732941,0.5958749730688278,0.7334725467773745,0.33294386715059915,0.1804885728964683,0.2904340476308855,0.15741062994083427,0.451996221349376,0.2725600357977428,0.4166873829529823,0.20880359303269858,0.22446510548732992,0.2413033030046902,0.16959180629443643,0.16181076915427833,0.9173834501731881,0.7281526044515156,0.22663617229321006,0.40985100846881783,0.570924277830259,0.414126849964368,0.3483236381113376,0.2888678963854224,0.18939657601219775,0.244899650309087,0.2249871559024843,0.4431545103498566,0.285893037670495,0.34609456570377367,0.20925106481711664,0.6697741096140141,0.47980576409950454,0.8262483634133809,0.6004491290873232,0.33666451217288984,0.35062728914963787,0.21168730008783707,0.2742504847610998,0.7497306882778966,0.18236961169392932,0.9633570327648784,0.4633156001922471,1.0,0.1373489782727589,0.20912676709922273,0.1846898357612821,0.20998856460995377,0.17714082102785925,0.5574255456669815,0.12519266146273555,0.2555561079898573,0.5124380583039162,0.23469895092726095,0.4504383566184392,0.13728268615654884,0.1545103498566433,0.49946137655579315,0.22301496544523441,0.25250667064419363,0.40851687963009,0.14778170006132021,0.31976002253931957,0.44786953711529853,0.17244236729146986,0.30340244286448237,0.5665324251313413,0.441538640017236,0.2011054210378031,0.3300933061535657,0.458020517409967,0.26287310031654487,0.17621273140091814,0.013374434445383583,0.23712689968345516,0.2961268831104261,0.4260677173967086,0.5041515437776563,0.20659938016871343,0.148220885331212,0.7858433185833376,0.424518139180298,0.4900644690830143,0.23303336150748272,0.4096355590911351,0.9522282437561114,0.17477087787334894,0.4466762790235171,0.23530386648767795,0.15573675400652978,0.36776380118994345,0.303551600125955,0.19320837269427732,0.24990470508294801,0.4630007126402493,0.34736240242629146,0.2946104509521205,0.3578199837584315,0.13750642204875785,0.16365037537910804
144,0.7482225426341172,0.4117651933243839,0.16580486915593562,0.13818591623991117,0.2029035946900015,0.8472049586502926,0.8851571951805631,0.4025505891711828,0.5235999933707884,0.42504018959545237,0.8237375495119243,0.7660882679527338,0.03259086163178044,0.4929481761381528,0.6995641293359187,0.24422015611793368,0.17934503389184442,0.6986277531944514,0.2327516200135899,0.49020533982996073,0.06674787450902402,0.2988780059331444,0.03636951225575498,0.31353685013009824,0.20210808929548052,0.09123452493412221,0.011269659755713552,0.08859941331477154,0.4264986161520741,0.13039659258522682,0.05674605147582824,0.12093339299623791,0.14169111188451913,0.5644690830143025,0.06168481413347918,0.3718821989094947,0.2998806741908218,0.2926465470093969,0.6569963042145213,0.5992724440245943,0.1327416761961584,0.4654452344254959,0.09750741643050101,0.4111768507930194,0.31185468768126745,0.09295811995558428,0.811838114652215,0.41732544457150433,0.5334443726279852,0.8452410547075688,0.1305871824193308,0.4148312036991001,0.5711977328096256,0.21707353452990602,0.1283746830408194,0.44036195495450703,0.11375727141649679,0.5309004126684234,0.1020401398763652,0.14209715109630588,0.05888397222360331,0.13690979300286713,0.4611942524735246,0.1356088102222443,0.14571007142975523,0.6972190457249872,0.16178590961069955,0.5406950728384627,0.44160493213344604,0.10623311622665274,0.25232436732461594,0.24015147748554003,0.7575117254180547,0.6054044647740267,0.6357994000563483,0.13602313594855733,0.20566300402724608,0.30982449162233383,0.132857687399526,0.09896584298712277,0.3354795405956347,0.3987056464309982,0.09548550688609359,0.6498533286928851,0.16733787434329372,0.06130363446527121,0.3242678864416049,0.16253998243258921,0.3290906378958882,0.2241999370224896,0.7251860322511146,0.7271913687664695,0.30336101029185103,0.49175491804637134,0.08698354298215084,0.0944248330267323,0.9668207958368551,0.5197301910870249,0.8820580387477419,0.9031057856444422,0.1521321201876067,0.14592552080743798,0.14464939757039394,0.18406006065728633,0.4961799168033941,0.9376439781898938,0.5857488523177381,0.7695271714811315,0.3374268715093058,0.6494224299375196,0.08213593198428877,0.7600308258340377,0.716369180795174,0.6160194898821657,0.8636951225575498,0.9719750078721888,0.15908450587513878,0.21090836772236865,0.712259069590149,0.07904506206599379,0.12044448863918858,0.07890419131904738,0.436218697691377,0.5369329952435407,0.6863471386665341,0.6843252291221267,0.7183082251943187,0.3900876713236878,0.5639636056282007,0.494646911616036,0.6491324019291005,0.1358408326289796,0.09439997348315352,0.12854869984587083,0.30124794908765473,0.4886309020699713,0.47329256368186406,0.5164984504217836,0.09338073219642352,0.1942690465536386,0.7221117353618721,0.13566681582392814,0.39051857007905333,0.1373489782727589,1.0,0.7731152322710022,0.8610268648800941,0.7265035880607899,0.8468237789820846,0.11648353469563633,0.05411093985647757,0.6086527784683207,0.3382803825055105,0.6727158222708365,0.07394056911781767,0.9181872420822353,0.9208140671870598,0.10580221747128724,0.5923697774242199,0.5806940784567195,0.3674240540943668,0.047274565372313095,0.49626278194865675,0.36328908334576315,0.9350337261141219,0.06502427948756194,0.09917300585027926,0.37737615804040503,0.7020417971792704,0.5137473275990653,0.08223537015860388,0.7034173585906296,0.8234143754454002,0.006132020749432374,0.8044382571802648,0.5671124811481795,0.42919173337310856,0.33295215366512537,0.7430683305987835,0.8684101493229918,0.12534181872420824,0.3902699746432655,0.39325311987271916,0.6919736820298646,0.08743930128109514,0.13286597391405228,0.8217736455692007,0.38185087588458544,0.7303153847428695,0.8893667445599032,0.451772485457167,0.0974659838578697,0.8404514493113907,0.6240656954871642,0.37854455658860775,0.4460547904340476,0.5509952103946039,0.47072374417872354,0.6892225592071464,0.9472314754967766
145,0.8828701171713154,0.5331211985614611,0.22716650922289064,0.18318169011750277,0.2934503389184442,0.671141384510847,0.8307893733737716,0.5118082831999204,0.663840965213212,0.531397603539999,0.9180297983062364,0.9131573277647955,0.05362203549942823,0.6268499643679876,0.8348663385206914,0.33774175906130366,0.244899650309087,0.8030378362253269,0.31180496859410994,0.6035731450637233,0.09467342846252008,0.36382770678997,0.061726246706110474,0.38624272858350317,0.31058685095874977,0.13352889507615306,0.03155504731599794,0.1351779114668788,0.5268897396377136,0.17947761812426458,0.08191219609207975,0.1635343641757404,0.18260992061519082,0.7045526110807272,0.10223901622499544,0.4835761282089528,0.3611843086560931,0.33040819370556357,0.8009082019920781,0.7759575067535094,0.18394404945391868,0.5961898606208257,0.13552594507698174,0.48219228028306726,0.3820166061751106,0.13002369943154513,0.8871459586668654,0.5497853792737699,0.647773413546794,0.8658496163343774,0.16759475629360776,0.507905334858052,0.6713651204030561,0.313114237889259,0.18192213990951125,0.5519564460796499,0.14806344155521303,0.6648767795289945,0.14139279736157379,0.20206665672284924,0.08408326289795985,0.18904025588756856,0.5787716070866272,0.18782213825220834,0.19157592933260414,0.8573642254594873,0.26755498102388175,0.6775385737251198,0.5762276471270653,0.17695851770828153,0.30887982896634014,0.3156913439069259,0.9211372412535839,0.7362982482308291,0.7358259169028323,0.18794643597010227,0.28425230779429556,0.38629244767066073,0.18313197103034523,0.16918576708264968,0.404531066142959,0.5505560251247121,0.1256152737035748,0.783564527088616,0.2346575183546297,0.09914814630670046,0.3681449808581515,0.22976847478413628,0.43411392300170704,0.29587000116011203,0.8561875403967584,0.8525829065778352,0.3761083213178873,0.6169061469364756,0.12922819403702412,0.13178872702563849,0.7623759094449694,0.6404481347055802,0.8385041183977195,0.8360844561560515,0.21362634448698187,0.19837087124413727,0.18186413430782747,0.2786754835181226,0.6324847942458443,0.8307893733737716,0.6976250849367738,0.9147566250683639,0.44822585723992775,0.7680687449245098,0.1262616218366231,0.9015479209135052,0.8643829032632293,0.7233547125408111,0.7684002055055602,0.7887767447256335,0.2220951623328196,0.3062695768905683,0.8894081771325345,0.11548086643795887,0.16558113326372662,0.12630305440925438,0.5441919819685443,0.6448897064916554,0.8035598866404812,0.8333996254495435,0.879348348497655,0.4929067435655214,0.6869271946833723,0.5897678118629741,0.7479490876547507,0.17296441770662424,0.15146919902550587,0.1880873067170487,0.41609075390709155,0.6499361938381477,0.607326936144119,0.6143456139478612,0.1329156930012098,0.29938348331924625,0.8156084787616632,0.2033759260179983,0.4853494423175723,0.20912676709922273,0.7731152322710022,1.0,0.8758680123966257,0.9214024097184241,0.7614395333035019,0.15669798969157595,0.07526641144201926,0.7621107409801289,0.40650325660020886,0.8104625532408558,0.10939027826115778,0.8305159183944049,0.8050597457697344,0.14524602661628466,0.702887021660949,0.7083809807918593,0.495376124894347,0.09091135086759808,0.6064651386333879,0.5073832844428976,0.8145809509604071,0.10841246954705912,0.1445582459106051,0.46665506554632985,0.817323787268599,0.635981703375926,0.154054591557699,0.859104393510002,0.8722053729760189,0.026724009347188386,0.933318417607186,0.7262715656540546,0.5234176900512106,0.4191981968544391,0.8793980675848124,0.8665871161272145,0.1761381527701818,0.4951938215747692,0.4722816089096604,0.8352723777324782,0.12370937536253501,0.20345050464873463,0.9015810669716103,0.49580702364971246,0.8742852881221101,0.8660650657120602,0.5733439400719269,0.14811316064237062,0.7223603307976598,0.7380964218830276,0.49140688443626845,0.5976317141483949,0.716916090753907,0.6164669616665839,0.8297369860289364,0.7535590579890286
146,0.7631134092378062,0.43127993503372614,0.19839573078771605,0.1599131573277648,0.27083644077628066,0.7879563797875337,0.9199356966472761,0.4191899103399128,0.5630686620593647,0.4589320340078556,0.851878552843103,0.7972787086295762,0.05289282222111735,0.501914184855566,0.714297552163609,0.26707436318135863,0.21817564096189856,0.7141152488440312,0.26564908268284193,0.49830126452211676,0.0906793284608628,0.2799681797842192,0.05988664048128076,0.3214587580172028,0.2409304098510085,0.11190109216261457,0.03228426059430882,0.11850544424004375,0.4569847030941845,0.15581133263726613,0.0822768027312352,0.14986161520741148,0.1601451797345001,0.5695984355060575,0.09965362369280234,0.41775634332686984,0.31234359203831685,0.2871194418203815,0.676080147168498,0.6279686438290326,0.15543015296905816,0.4879182618207129,0.1239579707983228,0.4063209532806311,0.3029301115364855,0.12143058386781351,0.8369876862394138,0.4458807736289962,0.5524950695238569,0.7994000563482988,0.14950529508278226,0.43888695536883277,0.5852765209897413,0.25540695072838465,0.1491489749581531,0.46431826844992463,0.1333963108437329,0.5373390344553274,0.12960108719070584,0.17904671936889907,0.08256683073965429,0.16026119093786773,0.47449410828817185,0.15922537662208522,0.1646530436367855,0.7380384162813438,0.2313594855731782,0.5744791925620245,0.47498301264522114,0.1598302921825022,0.2649695884916886,0.2707701486600706,0.8106614295894861,0.6330399907191038,0.6466133015131176,0.16506736936309852,0.23312451316727156,0.3333664793914384,0.1652579591972025,0.1495798737135186,0.3494257445433302,0.436152405575167,0.11356668158239282,0.668207958368551,0.2050912345249341,0.09610699547556308,0.3277150764845291,0.20267985879779246,0.3610351513946204,0.25644276504416713,0.7419165050796335,0.7309617328759177,0.2943452824872802,0.5246275211720446,0.11575432141732545,0.11759392764215516,0.8543562206864548,0.5534314456653243,0.9254296557781867,0.8677223686173122,0.18405177414276008,0.16937635691675368,0.1639486899020534,0.2392648204312302,0.5343061701387163,0.9110608395896517,0.6003662639420607,0.8351729395581631,0.3694293906097218,0.6566399840898921,0.10895109299126601,0.7889093289580537,0.7437146787318317,0.6191435058585657,0.8919189910339912,0.8515305192330003,0.20156946585127367,0.24904290757221698,0.775021130612042,0.10919140191252756,0.14358872371103265,0.11018578365567874,0.47068231160609225,0.5434296226321285,0.6807703143903612,0.7272493743681532,0.754967765458493,0.41943850577570063,0.5534645917234292,0.5172110906710419,0.6581564162481978,0.15199953595518653,0.13468900710982945,0.1604352077429192,0.3200086179751073,0.5419629095609804,0.4885728964682875,0.5307346823778982,0.12428114486484695,0.2378063938746085,0.7352790069440992,0.1745471419811399,0.41570957423888366,0.1846898357612821,0.8610268648800941,0.8758680123966257,1.0,0.8072308125756145,0.8755116922719965,0.1415336681085202,0.07589618654601502,0.6388571239165381,0.35849947794958487,0.6939127264290095,0.08879000314887552,0.8150698553174563,0.9139694061883691,0.13030544092543794,0.6006148593778485,0.6056530602098145,0.3845439931056199,0.09290840086842674,0.5109630587182419,0.4351745968610683,0.9106465138633387,0.10507300419297635,0.12348563947032598,0.3930708165531414,0.7173221299656939,0.5317704966936807,0.14336498781882365,0.7662705712723115,0.8323389515901821,0.028977941298331093,0.896377135849119,0.6060259533634962,0.4596943933442715,0.35569863603970897,0.7619450106896036,0.8182933094681715,0.14740052039311224,0.42359004955335683,0.3948524171762873,0.7231061171050233,0.11471850710154295,0.16049321334460298,0.8642834650889143,0.43157824955667146,0.7543711364126021,0.9013904771375065,0.47127894065198295,0.13465586105172445,0.8481081887336549,0.6282752448665042,0.42949004789605394,0.5135318782213826,0.5962727257660884,0.5034223304993453,0.7226503588060789,0.8591043935100018
147,0.8486053796052305,0.5220752746979566,0.23487296773231245,0.19011750277598236,0.30995707585475396,0.6184971577255175,0.7771921974179221,0.5420540612207694,0.7297187556969787,0.5469513913057891,0.8945126700807106,0.9044482009976962,0.05821276454697625,0.670180148825801,0.8636536899849185,0.34359203831684315,0.26303883060707,0.8373108603059382,0.34851422794544157,0.6659457399028821,0.10464210543761082,0.35988332587547023,0.06805714380417309,0.3955567709110194,0.33016788478430203,0.13554251810603424,0.0332620693084075,0.14241203864830376,0.5539369230514262,0.18479756045012347,0.09046387908318003,0.1703458791163261,0.1898606208256683,0.7504433285271549,0.10966373324052436,0.5106150251081389,0.3748819171680008,0.35283978852814935,0.8588640845887403,0.8180612870614362,0.1876481214471569,0.6413099322163112,0.13684350088665703,0.4858549197036742,0.3811879547224847,0.14259434196788145,0.8571156300236994,0.5687614975389051,0.7241585044498583,0.8433102968229502,0.18406834717181259,0.5196473259417624,0.734541507151262,0.3198428876845821,0.17816006231458925,0.5980708994182866,0.15921709010755897,0.7087621604600673,0.14706905981206186,0.21135583950678666,0.090845058751388,0.18499643679875372,0.6165332537827939,0.18331427434992292,0.19431047912626992,0.8957970798322809,0.2878237955551136,0.7373340625466117,0.6186463149869902,0.18386947082318233,0.34692321715639973,0.3398133876928686,0.922893982333151,0.7686405144268218,0.7609257694028737,0.1943933442715325,0.30417308871542453,0.4022191285901324,0.18597424551285238,0.1717380135567378,0.41884187672980994,0.5899666882116045,0.13258423242015943,0.8447604368650459,0.2382290061154477,0.10567791975339333,0.39181126634514996,0.24341636420888646,0.4545318947944116,0.2796615787467476,0.8957390742305971,0.8834916057607848,0.3817762972538491,0.6473176552478497,0.13013971063491275,0.1346807205953032,0.7074611776794446,0.7158139843219145,0.7972952816586287,0.782926465470094,0.21867283183347422,0.2018263478015877,0.19211455277681103,0.3120038449427402,0.7093422164769055,0.7778136860073915,0.7631797013540165,0.8763237706955701,0.4889209300783904,0.8184258937005917,0.12443030212631963,0.9028240441505494,0.905716037720214,0.7449410828817183,0.7304562554898159,0.742065662341106,0.23522928785694158,0.33565355740068614,0.919098758680124,0.13055403636122573,0.17342017600556853,0.1313661147847992,0.6039377517028788,0.7166757818326457,0.8177546860239645,0.8755531248446278,0.9024262914532889,0.5216940950297486,0.736041366280515,0.6081638741112714,0.803137274399642,0.17968478098742105,0.15130346873498068,0.19365584447869538,0.39795986012363477,0.6969041581729893,0.6397023483982167,0.63311456934984,0.14177397702978173,0.326182071297171,0.8178044051111222,0.20259699365252987,0.5071015429490048,0.20998856460995377,0.7265035880607899,0.9214024097184241,0.8072308125756145,0.9999999999999998,0.7023069656441108,0.1688543065015993,0.0830805946402824,0.8107940138219062,0.42189131407547353,0.8652612738030129,0.10647342514791427,0.7795704270869588,0.7558129899401713,0.15593563035516,0.7254014816287974,0.7530038615157693,0.545294088400537,0.0996204776346973,0.6501682162448831,0.5285553290574918,0.7611826513531879,0.118928056480883,0.14667959362932764,0.49489550705182384,0.8359352988945788,0.6888993851406221,0.1542203218482242,0.9087074694641939,0.8362336134175243,0.028215581961915183,0.873705232105272,0.7963008999154775,0.5506140307263959,0.4365004391852699,0.8803261572117536,0.8279139528331593,0.1674621720611876,0.5260279421269826,0.47720379853825884,0.8849914648900379,0.12984139611196738,0.19055668804587417,0.8946121082550258,0.5329388952418834,0.8820497522332157,0.8119375528265301,0.609556008551683,0.149306418734152,0.672351215631681,0.8077528629907689,0.5240888977278377,0.6322527718391091,0.764281807786009,0.6769585177082815,0.8842291055536221,0.6992658148129733
148,0.6645287459188916,0.3742604285785313,0.18367059447455208,0.155073832844429,0.24344951026699146,0.8970151974676412,0.9087654750658778,0.3558063607285504,0.4705580138881983,0.3966174447703807,0.7426208588143655,0.6832645552627653,0.05204759773943883,0.4336830242463414,0.6213560052370772,0.2477502113061204,0.1867366048492683,0.5949303104128342,0.22044614594209383,0.42070634249821837,0.0880276438124596,0.2532773164951358,0.060118662888016046,0.2899700028174149,0.21820878702000365,0.11415502411375728,0.030908699182949664,0.11268831104260925,0.3820248926896369,0.14840318865078972,0.08165531414176569,0.14249490379356633,0.15369827143306983,0.46339017882298345,0.09470657452062513,0.3338802432920665,0.24916720529011088,0.24267057790152308,0.5718772270007788,0.5205671290541772,0.15273703574802366,0.41727572548434677,0.11616864714363843,0.36280846550324,0.26250849367738943,0.1252258075208406,0.72134108951093,0.38464343127993506,0.4769054840153135,0.7350967036245215,0.14240375213377748,0.3764729279570427,0.48302921825021955,0.23450007457863073,0.14079616831568306,0.39088317671820877,0.12788577868377005,0.4519382157476922,0.12580586353767878,0.16155388720396427,0.08013888198346011,0.15067369363098493,0.41632277631382686,0.14933956479225707,0.15668141666252342,0.6230796002585393,0.2035830888811548,0.5059165713717496,0.4137871028687913,0.1529939176983377,0.2453554086080313,0.25184374948209287,0.6864382903263229,0.5387477419247916,0.5527105189015395,0.15567874840484597,0.19855317456371502,0.2763966920234011,0.15137804736571703,0.14800543595352922,0.29666550655463303,0.37665523127662043,0.11220769320008617,0.5591822867465487,0.19652297850478131,0.09086163178044052,0.2828270272957788,0.18317340360297651,0.30514261091499695,0.2458277399360281,0.6339183612588873,0.6393957473607451,0.2619947297767613,0.46276869023351397,0.10803957639337743,0.11391471519249574,0.8473541159117652,0.44541672881552563,0.8621041117685079,0.8265218183927476,0.17108337890916323,0.16474419529657436,0.15415402973201411,0.19576890568289168,0.4520873730091649,0.865161835628698,0.49124115414574326,0.7192528878503124,0.32241999370224894,0.5662092510648171,0.10321682493909412,0.6867448913637946,0.6290707502610252,0.5439351000182304,0.9424584431296508,0.8212764546976251,0.17618787185733936,0.22466398183596015,0.6504002386516183,0.10785727307379969,0.13214504715026765,0.11012777805399494,0.3969986244385886,0.4336498781882364,0.5876796102023567,0.6259053017119939,0.651692934917715,0.34856394703259913,0.4695967782031522,0.44950198047697176,0.568057143804173,0.13985150565968943,0.13131639569764164,0.14822917184573825,0.2872768855963805,0.46397023483982164,0.4144997431180497,0.44683372279951605,0.1196738427882464,0.21402409718424237,0.6462569813884884,0.16761961583718657,0.34756956528944793,0.17714082102785925,0.8468237789820846,0.7614395333035019,0.8755116922719965,0.7023069656441108,0.9999999999999999,0.13448184424667298,0.07201809774772536,0.5508377666186048,0.2892656490826829,0.5777440792853709,0.08475447057458693,0.7672566665009365,0.8742107094913738,0.12912046934818278,0.5216609489716435,0.49876530933558727,0.31646198975786805,0.08709955418551849,0.4508361093156996,0.3716336034737069,0.8968577536916422,0.10170039278078855,0.1182651353187822,0.3306485026268251,0.6136909793002867,0.44410745952037656,0.12980825005386237,0.6554052934254795,0.7274565372313098,0.026666003745504565,0.7892656490826828,0.5228624935779512,0.38463514476540883,0.28832098642668924,0.65485009695222,0.7572216974096355,0.1307114801372247,0.34907771093322726,0.34674091383682193,0.6024710386317307,0.10814730108221882,0.15913422496229634,0.7580420623477353,0.3470723744178724,0.646024958981753,0.8192876912113227,0.4185932812940221,0.1294436434147069,0.9320837269427733,0.5201030842407066,0.35142279454415887,0.4470491721771988,0.5079219078871047,0.4383980510117834,0.6057690714131823,0.8920598617809377
149,0.12878900876713237,0.2155073832844429,0.7771424783307646,0.7209101907555644,0.46266096554467256,0.1412270670710486,0.16275543181027197,0.21834137125242378,0.1916836540214455,0.24388869553688328,0.15226470442002688,0.13659490545086925,0.14632327350469843,0.21750443328527155,0.18019025837352293,0.4063043802515786,0.5013424153532541,0.1076086776380119,0.3682444190324666,0.1772982648038582,0.5159929730356817,0.33755116922719963,0.10909196373821244,0.3141914847776728,0.423722633785777,0.9208306402161124,0.011733704569184109,0.814605810503986,0.20514924012661795,0.572067816834883,0.2011054210378031,0.8656258804421683,0.7542799847528132,0.18568421750443329,0.5053696614130164,0.23410232188137026,0.3084986492981323,0.333416198478596,0.1753509338901871,0.18875022787914947,0.6344652712176204,0.20253898805084602,0.75360049056166,0.24221481960257876,0.2846334874625035,0.7343011982300005,0.12883044133976368,0.24399642022572465,0.19156764281807787,0.11492566996469945,0.9206897694691659,0.2292712839125607,0.16556456023467409,0.42449327963671923,0.639130578895905,0.23725119740134903,0.9541507151262036,0.21958434843136282,0.707162863156499,0.5943916869686273,0.1371666749531812,0.695495450703525,0.2000281741493893,0.6762458774590232,0.8709043901953961,0.1696995309832778,0.4560317539236647,0.21138069905036544,0.2373589220901904,0.7468138351646529,0.3850411839771955,0.4399807752862991,0.1492981322196258,0.17003099156432822,0.13752299507781038,0.5259947960688776,0.41227895722501207,0.32324864515487495,0.6863471386665341,0.9336498781882365,0.31793698934354236,0.24117900528679626,0.7712673395316463,0.18253534198445448,0.6047995492136098,0.5055519647325941,0.3629244767066077,0.5416811680670877,0.34604484661661605,0.5561742819735164,0.15926680919471653,0.16466961666583801,0.33157659225376623,0.2271830822519432,0.5820282072954474,0.6758646977908153,0.11673213013142411,0.2105189015396344,0.11519912494406603,0.0942176701635758,0.5593811630951788,0.5137804736571703,0.7051740996701967,0.4463696779860455,0.21195246855267738,0.14003380897926715,0.19779910174182533,0.1188866239082517,0.2711596148428048,0.15557102371600456,0.7294370142030858,0.16298745421700725,0.1709259351331643,0.16068380317870698,0.13773844445549313,0.13138268781385173,0.5225890385985847,0.40124960639056007,0.16239082517111653,0.7763718324798224,0.9472231889822501,0.8023914880922786,0.20450289199356966,0.19088814862692455,0.13703409072076103,0.18301595982697758,0.1651088019357298,0.2545782992757586,0.18829446958020518,0.17057790152306138,0.13490445648751223,0.6620676511045923,0.8885463796218036,0.7568985233431114,0.33451830491058854,0.21079235651900097,0.21723097830590496,0.13537678781550905,0.423532043951673,0.4293906097217388,0.1336117602214157,0.5627620610218931,0.23499726545020633,0.5574255456669815,0.11648353469563633,0.15669798969157595,0.1415336681085202,0.1688543065015993,0.13448184424667298,1.0,0.1527950413497075,0.18531961086527785,0.2769767480402393,0.17472115878619135,0.8831767182087871,0.10808929548053497,0.11927609009098591,0.7928039907853959,0.13861681499527667,0.16302060027511228,0.21394951855350602,0.19114503057723858,0.17917930360131923,0.2576028770778435,0.13204560897595252,0.5149488722053731,0.9527502941712658,0.20580387477419249,0.15005220504151545,0.21534165299391772,0.8111834800046405,0.2007325278841214,0.12177861747791643,0.005311655811332637,0.1785412419827972,0.20992227249374368,0.22063673577619786,0.2811200053033693,0.14713535192827193,0.11243142909229521,0.7728334907771093,0.24107956711248113,0.24182535341984457,0.16898689073401946,0.6878635708248397,0.5822022241004989,0.1311009463199589,0.2425628532126817,0.17892242165100516,0.11636752349226868,0.21037803079268796,0.4163642088864581,0.15021793533204064,0.16656722849235156,0.26661031836788807,0.23640597291967053,0.19680471999867413,0.24456818972803657,0.08621289713120867,0.12244153864001722
150,0.018744095858400037,0.05520475977394389,0.10816387411127132,0.09069590148991531,0.12189462868128408,0.074015147748554,0.07866388239778585,0.038490859974477536,0.06878635708248397,0.07397371517592269,0.06504913903114072,0.04936276703293061,0.8939491870929249,0.05866023633139429,0.05980377533601816,0.08697525646762459,0.08190390957755349,0.013449013076119922,0.07537413613086064,0.04477203798538258,0.2773910737665523,0.05183214836175608,0.6985780341072939,0.060972173884220826,0.1105918228674655,0.15456006894380087,0.05772386018992692,0.20137887601716964,0.0527188054160659,0.07840700044747179,0.8182518768955402,0.13540164735908783,0.09728368053829198,0.06504085251661446,0.2803493594524271,0.06192512305474071,0.037264455824591064,0.04168945458161388,0.0755481529359121,0.06301894297220703,0.08737300916488507,0.07132203052751951,0.19739306253003863,0.03590546744228443,0.04436599877359585,0.28595932978670513,0.04415883591043935,0.07622764712706541,0.05738411309435025,0.0329720412999884,0.14936442433583585,0.060607567245065386,0.03507681598965843,0.08680952617709939,0.1038631730721424,0.04746515520641708,0.15101344072656162,0.05323256931669401,0.14350585856577008,0.09356303551600126,0.5756227315666484,0.103755448383301,0.04945391869271947,0.09976134838164372,0.13464757453719817,0.07264787285172111,0.1080230033643249,0.08727357099056995,0.07377483882729247,0.2264787285172111,0.06448565604335504,0.10843732909063789,0.05812989940171365,0.050340575747029284,0.02973201412022075,0.07689056828916621,0.06783340791196407,0.08762989111519913,0.1322610583536353,0.18146638161056697,0.06624239712292215,0.0698553174563715,0.09447455211388985,0.0744709060474983,0.1320124629178475,0.286688543065016,0.05252821558196191,0.11092328344851589,0.1116442102123005,0.11448648469480768,0.06325925189346857,0.07061767679278741,0.08446444256616784,0.08324632493080761,0.33767546694509354,0.20525696481545933,0.046992823878420256,0.07595419214769883,0.05077976101692106,0.038524006032582575,0.13047117121596313,0.07296276040371899,0.0844478695371153,0.13005684548965013,0.08098410646513864,0.07611163592369777,0.05319113674406271,0.037380467027958705,0.07441290044581447,0.05459984421352691,0.22942044117403337,0.07264787285172111,0.05716037720214123,0.04605644773695288,0.06991332305805531,0.05771557367540066,0.0886076998292978,0.0985846633189148,0.07242413695951208,0.19646497290309747,0.12401597640000663,0.21626145610633257,0.04365335852433749,0.06905981206185054,0.04169774109614014,0.08501963903942723,0.08438157742090521,0.05399492865310993,0.058279056663186335,0.04880757055967119,0.031811929266312,0.10637398697359915,0.23416861399758038,0.1191766519166708,0.10443494257445432,0.09457399028820497,0.06253832512968396,0.032541142544622884,0.2945358723213842,0.08961036808697526,0.0466945093554749,0.12902103117386765,0.05498102388173486,0.12519266146273555,0.05411093985647757,0.07526641144201926,0.07589618654601502,0.0830805946402824,0.07201809774772536,0.1527950413497075,1.0,0.07257329422098477,0.050116839854820266,0.04933790748935183,0.19257031107575534,0.03766220852185154,0.045890717446427684,0.19705331543446197,0.03196937304231094,0.06338354961136246,0.037140158106697164,0.5998856460995377,0.052669086328908335,0.10179983095510367,0.06251346558610517,0.27990188766800905,0.1567891413513648,0.0379605230447969,0.048302093173569344,0.056132849400885,0.22913869968014053,0.093969074727788,0.0417060276106664,0.008236795439102405,0.09898241601617527,0.0870746946419397,0.04434942574454333,0.06069043239032798,0.046644790268317346,0.03102471038631731,0.10092146041532012,0.05941430915328394,0.048094930310412835,0.06963158156416248,0.20417143141251926,0.1081473010822188,0.06857919421932746,0.06609323986144948,0.05809675334360861,0.0471088350817879,0.05689520873730092,0.38778402028538755,0.08857455377119275,0.057806725335189504,0.08487876829248082,0.1095974411243143,0.08138185916239912,0.08913803675897844,0.02414690332952154,0.06487512222608927
151,0.8106945756475912,0.713883226437296,0.2819900893286266,0.22862493577951243,0.40235999933707883,0.5314970417143141,0.6269411160277764,0.743308639520045,0.9071910373058885,0.7373672086047167,0.765591077081158,0.8043885380931073,0.05099521039460382,0.8647392233878586,0.9076053630322014,0.44760436865045816,0.36040537629062463,0.8420010275278011,0.4237474933293558,0.8514890866603689,0.09944646082964584,0.48723876762955964,0.06015180894612107,0.5778269444306336,0.40357811697243906,0.148858946949734,0.023641425943419676,0.15330051873580933,0.7341188949104227,0.24799880674190822,0.08187905003397472,0.18862593016125562,0.21768673660484927,0.9195213709209633,0.10033311788395566,0.7148113160642371,0.5392863653689985,0.4778584331858333,0.9341222095162334,0.9010424435274036,0.23798041067965992,0.8326621256567062,0.13840136561759392,0.6360977145792936,0.5685046155885911,0.13800361292033345,0.7665274532226255,0.7731898109017386,0.8987305059745769,0.7299673511327665,0.19571090008120784,0.7074363181358657,0.9122872437395384,0.3794726462155488,0.2367374335007209,0.7884784302026882,0.1806957357596248,0.8883723628167519,0.15008535109962046,0.27410961401415335,0.08110840418303254,0.22884867167172146,0.8148626924542999,0.22009811233199095,0.21684151212317074,0.8875768574222311,0.3635211057524983,0.9261008634548137,0.8145312318732494,0.17010557019506456,0.43794229271283913,0.40187938149455577,0.8014302524072325,0.9394587248711447,0.9228359767314671,0.27729992210676346,0.3943717993337642,0.5691758232652182,0.21124811481794525,0.1860156780854837,0.584248993188485,0.7806476739753725,0.14290094300535308,0.9308241767347818,0.3028058138185916,0.0973831187126071,0.5086345481363629,0.31052884535706593,0.6397189214272693,0.33015959826977576,0.833358192876912,0.8498483567841695,0.5365766751189115,0.8459951275294586,0.12711513283282785,0.14506372329670697,0.5921046089593796,0.8887286829413812,0.6487760818044714,0.6518420921791875,0.303932779794163,0.2891993569664728,0.2121762044448864,0.38599413314771536,0.881395117585641,0.6382853544142262,0.9212449659424251,0.7489103233397968,0.674422844263246,0.9521288055817962,0.12128142660634085,0.8311622665274532,0.8465503240027181,0.9253965097200816,0.5605578481579079,0.63508675980709,0.3311042609257694,0.4185932812940221,0.8543396476574023,0.11788395565057426,0.18355458327118446,0.12975853096670478,0.7983393824889375,0.8931288221548251,0.9143257263129982,0.9069590148991531,0.8694293906097218,0.7066573857703973,0.9029151958103383,0.8082749134059231,0.917632045608976,0.19711960755067204,0.14849434031057857,0.23457465320936707,0.5487661379870399,0.8725451200715953,0.8372860007623595,0.837435158023832,0.1358408326289796,0.39360115348282204,0.8679792505676263,0.24708729014401962,0.7050415154377765,0.2555561079898573,0.6086527784683207,0.7621107409801289,0.6388571239165381,0.8107940138219062,0.5508377666186048,0.18531961086527785,0.07257329422098477,0.9999999999999999,0.617013871625317,0.8836159034786788,0.1063905600026517,0.6768093604468088,0.6105172442367292,0.16706441936392713,0.9104559240292348,0.9349591474833855,0.7428197351629958,0.07187722700077893,0.8502378229669036,0.6809774772535176,0.6343658330433053,0.10697890253401615,0.1564991133429457,0.6696912444687515,0.895192164271864,0.8831684316942607,0.1324847942458443,0.8216990669384643,0.7703889689918626,0.014758282371268997,0.7155653888861269,0.9011750277598237,0.7310114519630753,0.6217371849052851,0.8393493428793981,0.7183330847378975,0.20006960672202057,0.7291138401365618,0.6437130214289265,0.8940071926946088,0.12285586436633023,0.2410298480253236,0.7451565322594011,0.7273405260279422,0.8515305192330002,0.6755912428114487,0.8101228061452792,0.14415220669881834,0.5473740035466282,0.9412154659507119,0.7155488158570742,0.7901191600788876,0.9394421518420922,0.8610434379091466,0.8081091831153979,0.5726312998226686
152,0.473798041067966,0.8719982101128623,0.4535209400222079,0.43539833275327733,0.6156465967284841,0.28337393725451204,0.33978852814928984,0.8612423142577769,0.6750940519398732,0.8691642221448814,0.4265731947828104,0.4682377898208455,0.023401117022158142,0.7320886988514891,0.5524784964948044,0.7402592021743813,0.6155057259815377,0.5323919852831501,0.7580254893186829,0.7302159465685544,0.10733522265864533,0.837244568189728,0.02586221183645735,0.9551368103548284,0.6726495301546264,0.2495732445018976,0.002825701453454648,0.19941497207444603,0.8663716667495318,0.49850014087074696,0.06244717346989509,0.3336067883126999,0.3909163227763138,0.6466961666583801,0.09967848323638112,0.8902699746432655,0.8593447024312633,0.8244501897611827,0.5598037753360181,0.6273885878121944,0.45816138815691343,0.7684499245927178,0.19610036626394206,0.8950430070103912,0.9273852732063839,0.17575697310197386,0.45900661263859194,0.8294801040786224,0.6801571123154179,0.4213444041167404,0.3238784202588707,0.8866902003679213,0.6749946137655579,0.6639569764165797,0.4334095692669749,0.7996155057259815,0.2653259086163178,0.7298016208422413,0.23604136628051509,0.5172193771855682,0.058627090273289245,0.4201677190540115,0.780473657170321,0.41110227216228307,0.35065214869321665,0.5359634730439682,0.5955600855168299,0.6474170934221648,0.7742256252175209,0.23104459802118033,0.7442035830888811,0.6812840782909892,0.473383715341653,0.6455526276537562,0.621480302954971,0.5256467624587746,0.7406072357844843,0.920822353701586,0.4019953926979234,0.2590778766635178,0.9368401862808466,0.812028704486319,0.24925007043537345,0.5864117734798389,0.4896418568421751,0.09909842721954293,0.8413049603075954,0.597192528878503,0.8919935696647275,0.5649497008568256,0.49402542302656655,0.4887137672152339,0.8868559306584465,0.7230729710469183,0.1634763585740566,0.18708463845937123,0.300618173983659,0.6933823894993287,0.3503786937138501,0.35558262483634134,0.4835761282089528,0.5592320058337062,0.3381560847876166,0.7191865957341023,0.6889408177132534,0.32251114536203784,0.6706856262119028,0.4433202406403819,0.917855781501185,0.5964301695420873,0.1583967251694592,0.46374649894761266,0.5169127761480965,0.631167238436169,0.3177795455675434,0.3287840368584166,0.5665987172475513,0.7105271880541606,0.5102835645270886,0.1570128772435738,0.2937072208687582,0.16737930691592504,0.8034935945242712,0.6527370357480238,0.554028074711215,0.5511443676560766,0.5031985946071363,0.8904025588756856,0.6433567013042973,0.7998723876762954,0.5947811531513615,0.341387825452858,0.20471834137125244,0.3613748984901971,0.8920598617809377,0.6976913770529839,0.7728417772916356,0.5802548931868277,0.13923001707021992,0.6807454548467823,0.5374716186877475,0.47278708629576227,0.902625167801919,0.5124380583039162,0.3382803825055105,0.40650325660020886,0.35849947794958487,0.42189131407547353,0.2892656490826829,0.2769767480402393,0.050116839854820266,0.617013871625317,1.0,0.5748023666285488,0.22088533121198564,0.3796963821077578,0.3353718159067933,0.239704005701122,0.6464724307661711,0.6665838015214041,0.8415618422579095,0.038059961219112017,0.7416927691874243,0.8501135252490096,0.3462271499361938,0.10378859444140606,0.28779064949700855,0.9071910373058885,0.5334029400553539,0.7265201610898424,0.18478098742107096,0.5197053315434463,0.46764944728948116,0.0012429771789389948,0.40224398813371115,0.6234773529557998,0.8707055138467656,0.9428479093123849,0.5094134805018313,0.41541954623046456,0.3791080395763934,0.8734649231840104,0.917250865940768,0.5373887535424848,0.17158885629526507,0.46987851969704497,0.410174182535342,0.8560881022224431,0.5226387576857422,0.38718739123949686,0.7968643829032633,0.15499925421369265,0.2841860156780855,0.6240822685162167,0.8812956794113259,0.6834468585823431,0.6573609108536766,0.7158388438654933,0.4676743068330599,0.2963008999154776
153,0.8791080395763935,0.6404647077346326,0.28266958351977994,0.24996271068463183,0.3355955517990023,0.5450454929647491,0.6662440544258275,0.6682576774557085,0.825419711960755,0.6487926548335239,0.8346426026284824,0.8799284045144931,0.029657435489484414,0.7868708463845937,0.9451847064087903,0.40731533502378237,0.3370042592684665,0.92407066739588,0.3967748885463796,0.7789820845555943,0.08924576144781982,0.46206433649878187,0.031563333830524204,0.5195396012529211,0.35051127794627024,0.15544672599811069,0.006165166807537413,0.14542832993586235,0.6751189114834518,0.2624339150466531,0.06274548799284045,0.19199854157344337,0.22893153681698403,0.8507350138384793,0.08145643779313545,0.6361971527536088,0.4962047763469729,0.45565057425545663,0.9380583039162068,0.9141682825369992,0.24178392084721329,0.7462917847494988,0.14445880773628994,0.5943419678814696,0.5063226105835363,0.13816934321085864,0.8439897910141035,0.6789804272526889,0.8396476574023435,0.8144732262715657,0.18958716584630173,0.6514194799383484,0.8515139462039477,0.3559057989028655,0.22995077810371403,0.7199821011286233,0.1870100598286349,0.8257843185999105,0.14647243076617114,0.2792472530204345,0.06036725832380384,0.22947844677571724,0.7575117254180547,0.23021594656855437,0.21544937768275907,0.9453835827574206,0.30076733124513166,0.835230945159847,0.7323455808018031,0.14955501416993983,0.4116243225774375,0.38987222194600507,0.8725451200715955,0.8876182899948624,0.8712607103200252,0.2713999237640664,0.3854306501599298,0.5129103896319129,0.2233547125408111,0.16617776230961734,0.5376373489782728,0.6875735428164205,0.1476822618870051,0.9385969273604138,0.2722865808183762,0.08001458426556622,0.484189330283896,0.29440328808896404,0.5481280763685179,0.34922686819469995,0.9347519846202291,0.9068844362684167,0.47769270289530824,0.7498301264522117,0.11856344984172756,0.13543479341719286,0.6645038863753128,0.8111420474320092,0.7192694608793649,0.7171978322477999,0.28890932895805366,0.2620030162912876,0.2082649695884917,0.36300734185187034,0.7952319395415901,0.6900512106597723,0.8890352839788528,0.8332421816735445,0.5551799002303651,0.9239878022506174,0.1201958932034008,0.8946121082550258,0.9467757171978323,0.8858698354298216,0.5928255357231642,0.6995061237342348,0.29456901837948923,0.391305788959048,0.9233663136611479,0.09371219277747395,0.18906511543114737,0.10476640315550473,0.7301662274813967,0.8210361457763636,0.9131241817066906,0.9121132269344868,0.917540893949187,0.6509554351248779,0.8547208273256104,0.7296524635807686,0.8920101426937801,0.20721258224365668,0.143025240723247,0.23134291254412567,0.47742753443046787,0.7693614411906065,0.7683670594474552,0.7423888364076302,0.11541457432174877,0.34187672980990735,0.8662722285752167,0.22956959843550606,0.6334957490180481,0.23469895092726095,0.6727158222708365,0.8104625532408558,0.6939127264290095,0.8652612738030129,0.5777440792853709,0.17472115878619135,0.04933790748935183,0.8836159034786788,0.5748023666285488,0.9999999999999999,0.10972173884220819,0.7474518967831751,0.6883276156383102,0.15618422579094782,0.8587977924725303,0.8502875420540613,0.6833308473789755,0.04168945458161388,0.7652927625582128,0.5952949170519896,0.6746217206118762,0.08751387991183149,0.15458492848737965,0.6220686454863356,0.9136710916654237,0.8090289862278128,0.12220951623328197,0.894081771325345,0.8358358607202638,0.002560532988614329,0.7540313893170255,0.8734649231840103,0.6757238270438688,0.5612290558345349,0.9191816238253867,0.793475198462023,0.2148858946949734,0.6600623145892375,0.5915411259715938,0.9701188286183065,0.11694757950910688,0.25276355259450767,0.812351878552843,0.6697409635559092,0.9278078854472231,0.7485622897296939,0.731956114619069,0.1254163973549446,0.5718440809426739,0.9142842937403669,0.6256732793052586,0.699796151742654,0.8328775750343891,0.7673726777043041,0.8994928653109928,0.6174033378080511
154,0.04593215001905898,0.14357215068198015,0.6370506637498136,0.6127960357314506,0.3696199804438257,0.09128424402127977,0.10397918427551003,0.14982846914930642,0.12297187556969787,0.17257495152389002,0.09357132203052751,0.07440461393128822,0.19968842705381262,0.1406221515106316,0.11993901125308673,0.29254710883508184,0.38698851489086655,0.050556025124712044,0.30694078456719537,0.0963307313677721,0.6131192097979749,0.2660054028074711,0.13181358656921727,0.20681482954639618,0.3182270173519614,0.9208140671870597,0.0048641840269146,0.9198776910455924,0.13945375296242896,0.4663236049652795,0.21751271979979783,0.7496643961616865,0.6364374616748704,0.11025207577188884,0.6119010921626146,0.17027958700011603,0.23884220819039095,0.2608594772866637,0.11249772120850528,0.1410364772369446,0.5260030825834038,0.12881386831071115,0.8576542534679064,0.16650093637614144,0.23047282851886838,0.7626493644243358,0.06606838031787068,0.16474419529657436,0.12285586436633024,0.06724506538059961,0.812219294320423,0.15310992890170538,0.10235502742836308,0.32902434577967815,0.5354248495997613,0.161321864797229,0.8926647773413549,0.13096836208753873,0.8031621339432208,0.48823314937271084,0.132633951507317,0.5723661313578283,0.12626990835114932,0.5769237143472713,0.7621521735527602,0.10733522265864533,0.34074976383433603,0.1271234193473541,0.1552561361640067,0.8308308059464029,0.300999353651867,0.34617743084903635,0.0889805929829795,0.10470839755382093,0.0749515238900214,0.43258091781434893,0.32698586320621825,0.25160344056083134,0.5574504052105603,0.8461028522183001,0.25205091234524934,0.1715722832662126,0.7583072308125757,0.11775965793268037,0.4566283829695553,0.5702779296972108,0.27376986691857674,0.4217007242413696,0.27021495218681124,0.43990619665556274,0.10230530834120552,0.10627454879928405,0.28142660634084093,0.15636652911052554,0.633586900677837,0.7763635459652961,0.07345995127529459,0.1376887253683356,0.06705447554649563,0.04918875022787915,0.4558908831767182,0.38397222360330796,0.6474668125093224,0.3700674522282438,0.14156681416662525,0.08808564941414343,0.13265881105089578,0.06950728384626859,0.18261820712971708,0.11154477203798538,0.8382472364474055,0.10232188137025805,0.11191766519166708,0.10000994381743152,0.09073733406254661,0.08482904920532325,0.4176071860653972,0.2883872785428993,0.10088831435721507,0.8905765756807371,0.8582591690283233,0.8681781269162565,0.11625151228890104,0.12234210046570212,0.08345348779396411,0.1192015114602496,0.10720263842622516,0.1805714380417309,0.1196158371865626,0.10317539236646284,0.0679328460862792,0.7223023251959761,0.9114254462288071,0.6351613384378264,0.2713336316478563,0.1397520674853743,0.1318467326273223,0.0750095294917052,0.5475728798952585,0.3279470988912644,0.08014716849798638,0.45442417010557024,0.17772916355922372,0.4504383566184392,0.07394056911781767,0.10939027826115778,0.08879000314887552,0.10647342514791427,0.08475447057458693,0.8831767182087871,0.19257031107575534,0.1063905600026517,0.22088533121198564,0.10972173884220819,1.0000000000000002,0.06421220106398846,0.07133031704204579,0.8917035416563086,0.08065264588408823,0.09942160128606706,0.15702945027262633,0.22735709905699464,0.10912510979631748,0.17378478264472397,0.0810089660087174,0.619085500256882,0.9073899136545187,0.13307313677720878,0.09553522597325113,0.1484860537960523,0.8840882348066755,0.12783605959661246,0.06323439234988978,0.0012761232370440345,0.1185800228707801,0.14226288138683107,0.15267903014633982,0.2125325245695156,0.08631233530552379,0.06489998176966805,0.6407464492285255,0.17603871459586667,0.1974096355590911,0.10623311622665274,0.798579691410199,0.4695470591159946,0.08071893800029831,0.17271582227083643,0.10574421186960341,0.06581149836755665,0.14685361043437908,0.38728682941381193,0.09715938282039809,0.10185783655678748,0.18337227995160676,0.1585707419745107,0.11158620461061668,0.16388239778584335,0.03897147781700061,0.07747891082053067
155,0.8106614295894861,0.430923614909097,0.16642635774540515,0.14031555047316,0.21532507996486522,0.775982366297088,0.8226520161089843,0.46572697591938883,0.5879696382107757,0.4645254313130811,0.8802681516100697,0.8177215399658596,0.024735245860885997,0.5575498433848755,0.7613235221001342,0.22303153847428694,0.19260345713386035,0.7784351745968612,0.27987702812443027,0.5591408541739173,0.054574984669948125,0.27942955634001226,0.024478363910571937,0.3151112878900877,0.19838744427318983,0.08695868343857208,0.005328228840385158,0.08694211040951955,0.4808084323571819,0.13977692702895309,0.048036924708729015,0.10548732991928934,0.13995094383400455,0.6101609241121,0.05153383383881073,0.4282636437461675,0.3291817895556771,0.274035035383417,0.7184408094267389,0.6661114701934072,0.13739041084539022,0.520053365153549,0.09260179983095511,0.4309319014236232,0.3083826380947646,0.09183944049453918,0.8460034140439849,0.4706905981206185,0.6024213195445731,0.9214024097184242,0.12307960025853926,0.4763254279984753,0.6465718689404862,0.2309948789340228,0.12468718407663368,0.5181888993851407,0.11024378925736256,0.6094068512902102,0.09448283862841612,0.1588939160410348,0.047092262052735374,0.12784434611113873,0.5264091217951905,0.12868957059281727,0.1387162531695918,0.7581580735511029,0.17041217123253619,0.6002751122822718,0.5007872188799947,0.1024130330300469,0.24920035134821594,0.236613135782827,0.8088798289663401,0.6675616102355028,0.7072705878453405,0.14973731748951757,0.20103912892159298,0.31168895739074237,0.11861316892888513,0.0900992724440246,0.32996072192114556,0.473350569283548,0.09346359734168613,0.7075937619118645,0.16462818409320673,0.05138467657733805,0.30737996983708715,0.17109995193821573,0.3638525663335488,0.21862311274631666,0.7931188783373937,0.7879729528165863,0.2953645237740102,0.5440345381925454,0.08065264588408824,0.08883143572150681,0.9011998873034024,0.5779263826049488,0.8513316428843699,0.9032135103332836,0.15369827143306986,0.15398001292696267,0.13202074943237377,0.1787152587878487,0.5639470325991481,0.8893998906180083,0.6559439168696862,0.8211107244070999,0.3676809360446809,0.7219874376439783,0.0739737151759227,0.8292315086428347,0.7884701436881618,0.6826927857604534,0.7687482391156633,0.927451565322594,0.17728997828933196,0.21023716004574156,0.768839390775452,0.06278692056547175,0.11301148510913339,0.06418734152040968,0.5083693796715225,0.5846633189147981,0.7576525961650011,0.7418419264488971,0.7835065214869321,0.44785296408624603,0.6155554450686953,0.5516995641293359,0.7244485324582773,0.12533353220968196,0.0875553124844628,0.1258390095957838,0.29521536651253755,0.5465039195213709,0.5405542020915163,0.5825834037687068,0.08050348862261555,0.19474137788163542,0.7840119988730341,0.12650193075788463,0.4443229088980593,0.13728268615654884,0.9181872420822353,0.8305159183944049,0.8150698553174563,0.7795704270869588,0.7672566665009365,0.10808929548053497,0.03766220852185154,0.6768093604468088,0.3796963821077578,0.7474518967831751,0.06421220106398846,0.9999999999999999,0.8732080412336962,0.09788859609870897,0.6641227067071049,0.6406718705977892,0.45356237259483917,0.030759541921476986,0.5564560234674092,0.41189777755680407,0.8665291105255308,0.052735378445118414,0.09085334526591426,0.44804355392035006,0.7749631250103581,0.5822270836440776,0.07557301247949089,0.7542468386947083,0.8767629559654617,0.0023119375528265302,0.8150864283465089,0.6293939243275494,0.4870481777954557,0.37315003563201243,0.8097581995061237,0.9430633586900677,0.1154560068943801,0.44429804935448053,0.4094946883441887,0.760776612141401,0.07804239380831633,0.132633951507317,0.8901539634398979,0.4256533916703956,0.7868211272974361,0.8823729262997397,0.5187109498002951,0.08758017202804157,0.7710933227265947,0.6796350619002636,0.41014103647723693,0.4995276686720032,0.615041681168067,0.5425098195197136,0.757586304048791,0.8548616980725567
156,0.7708695868343857,0.41841926448897065,0.18695205422695105,0.16000430898755366,0.22550920631763868,0.8024826397520675,0.9177812028704486,0.41916505079633404,0.5288453570659108,0.42967235121563163,0.8464260262848241,0.7940386814498086,0.03143903611263031,0.49918792157642655,0.7195760619168365,0.24015147748554003,0.2054475546495633,0.7108172160625796,0.23227100217106683,0.49048708132385355,0.06234773529557997,0.2923896650590828,0.03271515934967434,0.3231160609224548,0.22202058370208322,0.0960572763884055,0.009711795024776678,0.10022539319511428,0.4397984719667214,0.15411259715938283,0.053099985084273854,0.13057889590480454,0.152397288652447,0.549279901887668,0.059662904589071745,0.38935845804537694,0.313495417557467,0.2786340509454913,0.6555710237160046,0.6075423855218018,0.14993619383814782,0.47802416347635857,0.1033245496279355,0.4146489003795224,0.30716452045940434,0.09551036642967234,0.8265632509653789,0.4296392051575267,0.5403636122574123,0.8470226553307149,0.13125839009595786,0.4264240375213378,0.5781749780407365,0.23463265881105091,0.13921344404116742,0.48183596015843816,0.12114884237392068,0.5356485854919704,0.10695404299043736,0.16534911085699133,0.05414408591458261,0.14556920068280882,0.48034438754371134,0.14924012661794195,0.15033394653540827,0.7077760652314423,0.19146820464376274,0.5410016738759342,0.453620378196523,0.11794196125225809,0.26498616152074117,0.25645933807321963,0.7817580669218913,0.6259550207991514,0.6482125988166857,0.15921709010755897,0.2175458658579028,0.3029881171381693,0.13589055171613718,0.10329969008435672,0.32544457150433387,0.42015943253948523,0.10221415668141665,0.6497373174895176,0.18443295381096805,0.05810503985813487,0.3148792654833523,0.18465668970317706,0.34073319080528347,0.23787268599081854,0.7252688973963772,0.7154079451101278,0.3016291287558627,0.5054028074711215,0.08734814962130628,0.10107061767679279,0.9109614014153368,0.5137556141135915,0.9389449609705165,0.9204163144897993,0.17083478347337544,0.16432986957026138,0.1467044531729064,0.19618323140920466,0.4915726147267936,0.919355640630438,0.5937453388355789,0.8302507499295647,0.3691476491158289,0.6522066988183429,0.08408326289795987,0.774482507167835,0.7314589237474933,0.6247369031637913,0.8844942740184624,0.9000563482987786,0.18095261770993887,0.22577437478247903,0.741328162548269,0.06812343592038317,0.12117370191749946,0.07063424982183994,0.455948888778402,0.5127612323704404,0.6946253666782678,0.6897611826513532,0.7160460067286498,0.4160824673925653,0.5465950711811598,0.5086428346508891,0.6533088052503356,0.14014982018263478,0.09778915792439384,0.14564377931354514,0.2740184623543645,0.4994282304976881,0.4842473358855798,0.5356817315500754,0.0903230083362336,0.21812592187474103,0.7377732478165034,0.14558577371186132,0.40207825784318596,0.1545103498566433,0.9208140671870598,0.8050597457697344,0.9139694061883691,0.7558129899401713,0.8742107094913738,0.11927609009098591,0.045890717446427684,0.6105172442367292,0.3353718159067933,0.6883276156383102,0.07133031704204579,0.8732080412336962,1.0,0.11345895689355144,0.6039626112464576,0.5869421104095195,0.3860107061767679,0.0388720396426855,0.509214604153201,0.38213261737847826,0.9510847047514872,0.06093902782611577,0.11626808531795356,0.39254876613798706,0.7118944629509936,0.5197136180579724,0.08520194235900497,0.7145461475993967,0.8284857223354714,0.0046321616201793194,0.8441058022174712,0.5713220305275195,0.4391189777755681,0.3477767281526044,0.7650855996950563,0.8701337443444539,0.13294883905931487,0.40119160078887617,0.40124131987603373,0.703301347387262,0.08776247534761929,0.14106133678052338,0.8324715358226024,0.3913969406188369,0.7577934669119475,0.9306667329587828,0.4741212151344901,0.10291851041614876,0.8342697094748007,0.6180579724556258,0.3897810702862162,0.4632161620179319,0.5604832695271715,0.4902550589171183,0.7187142644061055,0.9041084539021197
157,0.10580221747128722,0.1848307065082285,0.5656872006496627,0.5830308755531247,0.41885844975886244,0.13702580420623478,0.1524138616814995,0.18817017186231128,0.18652115547158554,0.22637929034289597,0.14188998823314936,0.1254495434130496,0.21622002353370123,0.19107873846102852,0.15577818657916107,0.3237209764828718,0.4198445449874873,0.09681134921029518,0.330963390178823,0.1484860537960523,0.6483783291072109,0.2880972505344802,0.1495633006844661,0.2612572299839242,0.35247518188899385,0.8287674638293641,0.01190772137423557,0.9274349922935415,0.1793616069208969,0.4806012694940254,0.24058237624090553,0.6623825386565902,0.59039758696697,0.1678764977875006,0.6304463116723844,0.21182817083478347,0.2555561079898573,0.2804322245976897,0.1663849251727738,0.17826778700343063,0.5134407265615937,0.19847859593297867,0.9301861151162598,0.19678814696962166,0.25948391587530456,0.8734649231840104,0.1175193490114188,0.21699895589916968,0.1739919455078805,0.1045260942342432,0.7218051343244004,0.21116524967268271,0.15107144632824543,0.39751238833921676,0.5785975902815759,0.20434544821757075,0.8334327715076485,0.19324980526690863,0.835744709060475,0.4975223321566482,0.15544672599811069,0.562795207079998,0.17362733886872506,0.5513432440047068,0.6840932067153914,0.16068380317870698,0.37051492401266184,0.19211455277681105,0.21171215963141585,0.9408425727970301,0.3216327748222543,0.3757271416496793,0.14057243242347403,0.15414574321748786,0.11960755067203632,0.46236265102172724,0.3594772866636835,0.28068910654800383,0.5655297568736637,0.7551500687780706,0.27461509140025525,0.2210344884734583,0.5861134589568936,0.17468801272808632,0.4874790765508212,0.6783257926051145,0.3034770214952187,0.46600871741328165,0.314547804902302,0.4663318914798057,0.14806344155521306,0.1539551533833839,0.2957788495003232,0.21375892871940202,0.6966224166790965,0.8878005933144402,0.10643199257528299,0.19197368202986456,0.10581879050033975,0.08458045376953546,0.526268251048244,0.4059729196705282,0.48057640995044665,0.40363612257412285,0.19864432622350386,0.1335206085616268,0.1898440477966158,0.10763353718159067,0.2435323754122541,0.1436218697691377,0.8833093024412072,0.14474883574470904,0.16066723014965445,0.14863521105752497,0.13189645171447986,0.12476176270737004,0.4531314738394736,0.3395565057425546,0.1524138616814995,0.8711944182038152,0.8295795422529375,0.8742438555494789,0.17358590629609374,0.18171497704635475,0.12455459984421353,0.1728732660468354,0.1564742537993669,0.2322710021710668,0.17514377102703063,0.15286961998044382,0.1196738427882464,0.5250584199274102,0.8937420242297685,0.6238751056530603,0.29631747294453015,0.19658098410646516,0.19840401730224233,0.12072623013308142,0.5310578564444223,0.36330565637481566,0.12310445980211804,0.49909676991663765,0.21063491274300206,0.49946137655579315,0.10580221747128724,0.14524602661628466,0.13030544092543794,0.15593563035516,0.12912046934818278,0.7928039907853959,0.19705331543446197,0.16706441936392713,0.239704005701122,0.15618422579094782,0.8917035416563086,0.09788859609870897,0.11345895689355144,1.0,0.12670080710651488,0.14969588491688626,0.2014120220752747,0.246780689106548,0.16437130214289267,0.24383897644972571,0.12549926250020718,0.7084555594225956,0.8091781434892856,0.18707635194484495,0.13985150565968943,0.20059165713717497,0.8862924476706608,0.18531961086527785,0.11232370440345382,0.0050216278029135385,0.17376820961567144,0.19889292165929168,0.1946253666782678,0.2391073766552313,0.13294055254478862,0.10190755564394505,0.5860885994133147,0.21548252374086413,0.21636918079517392,0.1572200401067303,0.8799118314854406,0.5211803311291204,0.12211836457349311,0.2130214289265649,0.15569532143389847,0.10834617743084904,0.19174165962312933,0.41411856344984177,0.14184026914599182,0.15205754155687035,0.24409585840003978,0.2222940386814498,0.17984222476342002,0.22743167768773098,0.07589618654601502,0.11540628780722252
158,0.8004441571786076,0.728293475198462,0.2532607434660833,0.21971693266378298,0.350950463216162,0.4869570261356668,0.5886242728583504,0.7851058187905005,0.880815061568803,0.7472530204345449,0.7268184756127878,0.7692122839291338,0.017467972621356007,0.8745255970433715,0.8525249009761514,0.43171912030361786,0.3476192843766055,0.8449758862427286,0.4290342895971097,0.881361971527536,0.054815293591209666,0.5128938166028605,0.017285669301778286,0.6257975770231525,0.3867482059696051,0.11396443427965329,0.0016655894197782528,0.11741162432257743,0.7645221167072707,0.2345746532093671,0.04483004358706641,0.14822088533121197,0.20086511211654154,0.8725699796151742,0.05253650209648818,0.7317158056978074,0.596902500870084,0.5146671307114801,0.8478181607252357,0.8333996254495434,0.23070485092560367,0.8469729362435572,0.10730207660054028,0.6951474170934222,0.5962727257660883,0.09759856809028986,0.7593679046719368,0.7771921974179221,0.8980427252688974,0.721979151129452,0.15688857952567992,0.7389747924228112,0.9090472165597707,0.37286829413811967,0.23121032831170552,0.8364076302225757,0.1619184938431197,0.8872039642685493,0.11403901291038965,0.25508377666186044,0.040645353751305124,0.22280780258207789,0.8537761646696167,0.19997016854770547,0.19043239032798026,0.8189810901738511,0.3056480883010988,0.8515388057475264,0.8326952717148113,0.12017932017434826,0.4408674323406089,0.376961832314092,0.7567493660816387,0.9503720645022291,0.9551533833838812,0.2986294104973566,0.4064949700856826,0.5899998342697095,0.1774391355508046,0.12486948739621141,0.6038963191302474,0.7969803941066309,0.12115712888844694,0.8671174530568951,0.2639586337194849,0.04790434047630886,0.5060823016622749,0.31166409784716353,0.6431743979847196,0.3032035665158521,0.7955882596662192,0.8104459802118033,0.5673030709822834,0.8698022837634034,0.09076219360612539,0.1139810073087058,0.5809095278344023,0.8523094515984686,0.6395614776512702,0.6383599330449626,0.27461509140025525,0.25326074346608335,0.17733141086196325,0.3829198362584729,0.8461608578199837,0.5989741295016491,0.8928222211173535,0.7236944596363877,0.675218349657767,0.8970814895838513,0.07996486517840866,0.7779379837252854,0.8183596015843816,0.9616500107724689,0.5268234475215036,0.6102023566847314,0.3143157824955667,0.3903776993321069,0.7945524453504368,0.07469464193970732,0.147201644044482,0.07860587679610202,0.8373854389366745,0.863189645171448,0.8956976416579658,0.8398713932945525,0.8088715424518139,0.7563764729279571,0.8762740516084124,0.8397636686057111,0.9136628051508975,0.16466961666583801,0.10054028074711215,0.20018561792538825,0.5616765276189529,0.8492102951656475,0.8678880989078375,0.8306402161122989,0.08622118364573493,0.364465768408492,0.861084870481778,0.2148196025787633,0.7351961417988366,0.22301496544523441,0.5923697774242199,0.702887021660949,0.6006148593778485,0.7254014816287974,0.5216609489716435,0.13861681499527667,0.03196937304231094,0.9104559240292348,0.6464724307661711,0.8587977924725303,0.08065264588408823,0.6641227067071049,0.6039626112464576,0.12670080710651488,1.0,0.9222476342001028,0.7773662142229736,0.02393145395183878,0.8854969422761398,0.6901755083776662,0.6039377517028788,0.0567957705629858,0.12533353220968196,0.7262632791395283,0.8691725086594076,0.8824640779595285,0.08235138136197152,0.7624587745902318,0.753857372511974,0.0008617975107310363,0.662473690316379,0.8474204080279752,0.7715988001126965,0.6462735544175409,0.8161305291768177,0.7109083677223687,0.1878138517376821,0.7557218382803824,0.679171017086793,0.8433102968229504,0.0826248363413381,0.20443659987735957,0.7055469928238784,0.7567742256252177,0.8104791262699083,0.6610732693614412,0.8409154941248611,0.0976565736919737,0.5091648850660435,0.8807819155106977,0.719526342829679,0.8091781434892855,0.8942806476739753,0.8512902103117387,0.7973035681731551,0.549951109564295
159,0.7809874210709491,0.7602131291536154,0.27598236629708817,0.2277382787252026,0.37661379870398914,0.4741295016490164,0.5860223072971047,0.7897379804106797,0.9036858416612804,0.772535176254164,0.7301330814232917,0.7686736604849268,0.0412917018843534,0.9001143539004623,0.8626510217272411,0.45951209002469384,0.35337012545783,0.8171663434926002,0.45139130578895903,0.8954407597076518,0.0844478695371153,0.521520078224697,0.04732428445947066,0.6348133048277234,0.41300817050332295,0.13095178905848623,0.014584265566217537,0.14493113906428678,0.786083627504599,0.24522282437561116,0.07094913737383782,0.17089278907505928,0.22014783141914848,0.918270107227498,0.0832877575034389,0.7554981023881735,0.5969107873846102,0.5243954987653093,0.8882812111569631,0.8799449775435456,0.23532043951673046,0.8760834617743085,0.13040487909975307,0.6987520509123453,0.6105338172657817,0.12560698718904856,0.7450488075705597,0.8058386781352027,0.9007109829463531,0.7146704453172905,0.18178126916256482,0.7639254876613799,0.9004126684234077,0.3868890767165515,0.25171945176419896,0.8407000447471784,0.1781186297419579,0.903893004524437,0.14045642122010638,0.26954374451018415,0.06980559836921393,0.2472115878619135,0.8653855715209069,0.2200069606722021,0.22105934801703708,0.8427468138351646,0.3378660567791975,0.9021445499593961,0.8616234939259849,0.15110459238635043,0.4595286630537464,0.4053099985084274,0.7586469779081523,0.9316031091002503,0.9090140705016656,0.2798853146389565,0.42635774540512766,0.6143456139478612,0.21694923681201211,0.14467425711397272,0.635600523707718,0.8138931702547274,0.1313495417557467,0.883019274432788,0.2913372777142479,0.0812161288718739,0.5611627637183247,0.33610931569963043,0.6774474220653308,0.32263544307993175,0.8087638177629725,0.8113740698387444,0.5938364904953678,0.8715590248429705,0.11728732660468354,0.13115895192164273,0.5576575680737168,0.8984984835678417,0.6209582525398167,0.6214803029549711,0.2939309567609672,0.27567576525961646,0.2026301397106349,0.4208554997596911,0.8786937138500803,0.5945408442301,0.9215598534944232,0.7106680588011071,0.6946833722799517,0.9265897678118629,0.11060839589651801,0.7937735129849682,0.81913853394985,0.9158918775584615,0.5407696514691991,0.601045758133214,0.33097167669334926,0.42192446013357865,0.808018031455609,0.09750741643050101,0.180223404431628,0.10381345398498484,0.8468320654966108,0.8785694161321865,0.882348066756161,0.8564029897744411,0.8143655015827242,0.7643066673295877,0.8968494671771159,0.8445449874873631,0.8818923084572168,0.18540247601054044,0.1304794577304894,0.22621356005237078,0.5934718838562124,0.880433881900595,0.8862510150980294,0.8242595999270788,0.11943353386698485,0.4018628084655032,0.8391007474436103,0.2423308308059464,0.7529790019721904,0.25250667064419363,0.5806940784567195,0.7083809807918593,0.6056530602098145,0.7530038615157693,0.49876530933558727,0.16302060027511228,0.06338354961136246,0.9349591474833855,0.6665838015214041,0.8502875420540613,0.09942160128606706,0.6406718705977892,0.5869421104095195,0.14969588491688626,0.9222476342001028,0.9999999999999999,0.7861416331062828,0.0549727373672086,0.8965760121977494,0.7209350502991432,0.5977642983808151,0.08557483551268666,0.15530585525116425,0.7308788677306551,0.8585243374931637,0.9051111221597972,0.11367440627123421,0.7844511841429258,0.7385024610948143,0.008245081953628663,0.666708099239298,0.9032135103332835,0.7797195843484314,0.6725583784948375,0.8084406436964484,0.6864631498699018,0.2048840716617776,0.7698089129750244,0.6922554235237574,0.8536601534662489,0.11226569880177,0.235337012545783,0.7023235386731632,0.7867714082102786,0.8197765955683719,0.6459752398945955,0.8551848721390809,0.1329156930012098,0.4887883458459703,0.928379654949535,0.753095013175558,0.8216327748222543,0.9205571852367457,0.8750227879149473,0.7859344702431263,0.5352922653673411
160,0.5912013788760172,0.8931951142710353,0.3816022804487976,0.33348249059480606,0.5133661479308573,0.2948259003298033,0.376100034803361,0.9415386400172359,0.822577437478248,0.8828203980841578,0.521520078224697,0.5734019456736108,0.020815724489965035,0.879348348497655,0.6606920896932332,0.6050812907075026,0.505386234442069,0.6399509438340045,0.6075092394636968,0.8839473640597292,0.07413115895192163,0.6903163791246126,0.024809824491622334,0.8165945739902881,0.5508129070750261,0.19022522746482376,0.0024859543578779893,0.1452957457034422,0.9051111221597972,0.398573062198578,0.05034886226155554,0.27492169243772685,0.29730356817315495,0.7888761828999487,0.06818144152206698,0.9278078854472231,0.7481148179452759,0.6933409569266975,0.6972521917830923,0.6967715739405691,0.36589104890700874,0.8923084572167255,0.1587364722650359,0.8160808100896602,0.7744990801968876,0.13042973864333185,0.532673726777043,0.9061966555627372,0.8220719600921461,0.5325742886027279,0.23424319262831667,0.8946618273421834,0.8117718225360049,0.5387228823812127,0.3426390891463233,0.9143422993420506,0.1982217139826646,0.8384129667379308,0.18456553804338818,0.4040090157278045,0.0481446493975704,0.3286597391405227,0.9121463729925918,0.31940370241469035,0.2722202887021661,0.6387245396841181,0.48589635227630545,0.7996237922405078,0.9006944099173005,0.16083296044017964,0.6112133114569349,0.5619499825983195,0.5664744195296575,0.7647127065413746,0.73396973764895,0.44168779727870855,0.587754188833093,0.7768524503223454,0.2954473889192728,0.19268632227912297,0.798198511741991,0.9286365368998492,0.1963158156416248,0.7021992409552694,0.4189164553605462,0.06781683488291154,0.6750691923962944,0.47060773297535585,0.8344105802217471,0.4820679825651734,0.6197567079335091,0.6194252473524586,0.7429688924244684,0.8245496279354977,0.12467889756210741,0.1469364755796417,0.3600573426805217,0.8280051044929483,0.413331344569847,0.42240507797610166,0.3823563532706873,0.44291420142859506,0.2614063872453969,0.57056795770563,0.8265052453636952,0.3789837418584995,0.7870614362186977,0.5198379157758664,0.855508046205605,0.7115298563118383,0.11738676477899865,0.5674936608163874,0.6325676593911069,0.7572216974096356,0.34118066258970153,0.3925653391670395,0.47064087903346086,0.5687449245098527,0.6014517973450008,0.09997679775932646,0.22372760569449274,0.1000513763900628,0.9268300767331246,0.7987205621571455,0.6966058436500439,0.6483949021362635,0.6101112050249424,0.9276918742438555,0.7890501997050001,0.8697525646762458,0.7220868758182933,0.25079964865178406,0.16972439052685662,0.2717893899468006,0.7357347652430435,0.8205223818757353,0.890286547672318,0.7340277432506339,0.10596794776181243,0.5450289199356966,0.6500936376141467,0.37973781468038914,0.8953247485042841,0.40851687963009,0.3674240540943668,0.495376124894347,0.3845439931056199,0.545294088400537,0.31646198975786805,0.21394951855350602,0.037140158106697164,0.7428197351629958,0.8415618422579095,0.6833308473789755,0.15702945027262633,0.45356237259483917,0.3860107061767679,0.2014120220752747,0.7773662142229736,0.7861416331062828,1.0,0.029599429887800593,0.8773927310694575,0.874542170072424,0.39205986178093766,0.07123916538225691,0.20502494240872404,0.8895241883359022,0.6738676477899865,0.8519282719302607,0.13401779943320238,0.5612290558345349,0.5356320124629179,0.0012844097515702945,0.4442151842092179,0.736928023334825,0.8843534032715159,0.8320737831253417,0.6108404183032532,0.5059414309153284,0.28777407646795605,0.9269875205091234,0.8222874094698288,0.6525713054574985,0.11289547390576575,0.4027411790052868,0.49511095642950653,0.9428479093123848,0.6155720180977478,0.44292248794312133,0.9051276951888496,0.1310760867763801,0.298513399293989,0.7490511940867433,0.9165630852350883,0.819362269842059,0.7789406519829629,0.8560052370771806,0.6078738461028522,0.3316511708845026
161,0.011319378842871111,0.054160658943635136,0.1144367656076501,0.11688957390742306,0.13699265814812975,0.08391753260743466,0.08500306601037472,0.02800013258423242,0.07124745189678316,0.0686123402774325,0.05561079898573061,0.04941248612008817,0.6017086792953147,0.04886557616135501,0.06061585375959164,0.0866437958865742,0.08932862659308242,0.008908003115729462,0.08743930128109514,0.04053762906246375,0.4339647657402344,0.046653076782843604,0.4549130744626195,0.05340658612174547,0.1108569913323058,0.1987189048542402,0.06420391454946221,0.27367871525878784,0.041623162465403804,0.0913173900793848,0.8301513117552495,0.16877972787086296,0.12616218366230797,0.05909113508675981,0.41971196075506717,0.052693945872487116,0.030751255406950728,0.03565687200649663,0.06842175044332852,0.06404647077346326,0.11310263676892225,0.07777722534347603,0.2517691708513565,0.030328643166111467,0.039261505825419714,0.3276902169409503,0.0426589767811863,0.0681565819784882,0.04732428445947066,0.025713054574984667,0.18620626791958764,0.05863537678781551,0.028248728020020222,0.09022357016191848,0.1379704668622284,0.03977526972604783,0.20487578514725135,0.04991796350619003,0.17632045608975952,0.10751752597822305,0.33068993519945644,0.1306286149919621,0.03893833175889557,0.12603788594441406,0.15483352392316743,0.06668158239281394,0.12484462785263262,0.09183115398001292,0.06628382969555346,0.31787069722733224,0.06132849400885,0.12251611727075358,0.05532905749183778,0.0426589767811863,0.022448167851638244,0.08800278426888082,0.06753509338901871,0.08285685874807339,0.17052818243590379,0.23328195694327053,0.0622400106067386,0.0698138848837402,0.12312931934569682,0.0651154311473508,0.1391720114685361,0.4536038051674705,0.04651220603589718,0.10695404299043737,0.11330151311755249,0.1277449079368236,0.053033692968063775,0.06060756724506537,0.0805366346807206,0.07555643945043836,0.39710634912743004,0.39072573294220997,0.038896899186264274,0.06999618820331792,0.05319113674406271,0.037513051260378856,0.1495798737135186,0.07761149505295083,0.08399211123817099,0.13545965296077164,0.07707287160874392,0.07769436019821342,0.04356220686454863,0.02976516017832579,0.07970798322809461,0.04704254296557782,0.29221564825403135,0.06940784567195346,0.047548020351679675,0.03550771474502395,0.08407497638343361,0.04861698072556721,0.09357960854505379,0.09851837120270471,0.06678102056712906,0.2616384096521322,0.15906793284608628,0.2555975405624886,0.038706309352160295,0.06285321268168183,0.03267372677704304,0.08554997596910788,0.08854969422761397,0.046445913919687096,0.04791262699083512,0.0398001292696266,0.026740582376240905,0.136777208770447,0.2924808167188717,0.12230895440759708,0.11564659672848407,0.10871078407000447,0.056414590894777836,0.024610948142992094,0.6521901257892905,0.0951706193340957,0.03830027014037356,0.14519630752912713,0.04614759939674174,0.14778170006132021,0.047274565372313095,0.09091135086759808,0.09290840086842674,0.0996204776346973,0.08709955418551849,0.19114503057723858,0.5998856460995377,0.07187722700077893,0.038059961219112017,0.04168945458161388,0.22735709905699464,0.030759541921476986,0.0388720396426855,0.246780689106548,0.02393145395183878,0.0549727373672086,0.029599429887800593,0.9999999999999999,0.04544324566200964,0.11741991083710371,0.06537231309766485,0.4011170221581399,0.17646132683670593,0.03335322096819636,0.041590016407298765,0.04691824524768392,0.3435837518023169,0.1126385919554517,0.03944380914499743,0.033825552296193176,0.12119856146107824,0.0905964633156002,0.035781169724390535,0.05279338404680224,0.0384162813437412,0.02401431909710138,0.12862327847660718,0.05078804753144732,0.03861515769237144,0.05962147201644044,0.32702729577884954,0.14023268532789737,0.07791809609042244,0.06074015147748554,0.04979366578829612,0.04389366744559904,0.047490014749995854,0.7991928934851422,0.1064899981769668,0.04947049172177198,0.07886275874641609,0.13764729279570426,0.09681134921029516,0.0891048907008734,0.0184209217918759,0.06324267886441605
162,0.6880293011153649,0.8373688659076219,0.32328179121297995,0.2900197219045725,0.4275841495550141,0.41156631697575363,0.49748918609854326,0.8849168862593018,0.9077959528663053,0.8451001839606225,0.6360065629195047,0.6804057077512058,0.03420673196440113,0.9358126584795903,0.7661214140108388,0.5367589784384892,0.42702895308175476,0.7354364507200981,0.5438025157858102,0.9530486086942109,0.077329753559058,0.6042360662258242,0.038275410596794776,0.7313677720877045,0.4727290806940785,0.14358872371103268,0.013167271582227084,0.1385919554516979,0.8624438588640845,0.3123601650673694,0.06388074048293807,0.19486567559952933,0.2560450123469067,0.8782462420656623,0.07186894048625267,0.8485805200616516,0.6666003745504565,0.5996370506637498,0.7880972505344801,0.8133959793831518,0.29841396111967383,0.9555179900230365,0.13018114320754406,0.7810868592452642,0.6884684863852567,0.13096836208753873,0.6605097863736555,0.8781136578332421,0.9123783953993271,0.616152074114586,0.20592817249208636,0.8406337526309684,0.893534861366612,0.4474966439616168,0.303742189960059,0.9373125176088433,0.1811929266312004,0.9056580321185302,0.14148394902136266,0.33127827773082086,0.06031753923664628,0.2780539949286531,0.9588574553771192,0.26506902666600374,0.23715175922703394,0.7462752117204461,0.42502361656639986,0.8685178740118332,0.943800858482905,0.14996933989625283,0.5339415634995608,0.4716021147185071,0.6690531828502295,0.8799532640580718,0.8402028538756029,0.3294220984769386,0.5064883408740615,0.6848389930227547,0.2447753525911931,0.16713071148013722,0.7017269096272727,0.9017302242330831,0.1447819818028141,0.7903346094565704,0.32885861548915296,0.07259815376456355,0.6357994000563483,0.3899302275476889,0.7453968411806626,0.39692404580785234,0.7035665158521023,0.7077594922023898,0.6708347834733754,0.927675301214803,0.11735361872089362,0.13920515752664114,0.4819768309053845,0.8914549462205208,0.5454598186910622,0.5377202141235353,0.3277150764845291,0.3402691459918129,0.23354712540811084,0.4910091317390079,0.8934188501632443,0.5125872155653889,0.8625267240093473,0.6284161156134507,0.787931520243955,0.8280548235801057,0.10559505460813073,0.6896700309915642,0.7335305523790583,0.8693216659208803,0.44692487445930495,0.5138136197152754,0.3782462420656624,0.4981769668042228,0.7147201644044483,0.09105222161454449,0.18941314904125028,0.10999519382157477,0.9395167304728285,0.8730091648850662,0.7934171928603391,0.7686322279122956,0.7190540115016821,0.8608528480750426,0.8907754520293675,0.9345033891844413,0.8127247717065247,0.2226254992625002,0.1372081075258125,0.24223967914615754,0.6600706011037638,0.902111403901291,0.9570261356668159,0.7995575001242977,0.10994547473441721,0.4888214919040753,0.7671903743847264,0.28431031339597934,0.8308225194318766,0.31976002253931957,0.49626278194865675,0.6064651386333879,0.5109630587182419,0.6501682162448831,0.4508361093156996,0.17917930360131923,0.052669086328908335,0.8502378229669036,0.7416927691874243,0.7652927625582128,0.10912510979631748,0.5564560234674092,0.509214604153201,0.16437130214289267,0.8854969422761398,0.8965760121977494,0.8773927310694575,0.04544324566200964,1.0,0.8063441555213047,0.5186280846550324,0.07510896766602032,0.1573443378246242,0.8124347436981056,0.7706458509421767,0.9194385057757006,0.11074926664346445,0.6940121646033245,0.6544937768275908,0.008062778634050945,0.5721672550091981,0.8481579078208125,0.8530883839639372,0.7477584978206466,0.7223686173121862,0.6050895772220288,0.2547771756243889,0.8598584663318916,0.7694608793649216,0.7534679063292398,0.1066142958948607,0.32373754951192435,0.6088765143605297,0.8700591657137174,0.7374500737499792,0.5614196456686389,0.9417872354530237,0.12357679113011485,0.43730423109431715,0.84087406155223,0.8219476623742522,0.8555991978653938,0.8902782611577919,0.9067435655214704,0.6991746631531846,0.471726412436401
163,0.5203268201329156,0.8826132352210012,0.4106548003778651,0.3419430219261174,0.5733356535574006,0.3644823414375445,0.42296027444936113,0.8589966688211605,0.7498881320538954,0.9030726395863372,0.49305590082699424,0.5252241502179353,0.07143804173088716,0.7906660700376208,0.6358656921725584,0.6488175143771027,0.5208654435771226,0.5549478778236298,0.6405558593944216,0.7784848936840187,0.14875122226089263,0.6953462934420523,0.08217736455692007,0.8303170420457747,0.6034488473458294,0.22659473972057873,0.036659540264174076,0.20417971792704553,0.8652364142594342,0.3875188518205473,0.10982946353104957,0.3222459768971975,0.31211156963158154,0.7067071048575548,0.1583387195677754,0.9037189877193854,0.7328924907605363,0.6925371650176502,0.6313495417557466,0.6982548600407696,0.3654684366661695,0.850279255539535,0.19925752829844712,0.8077362899617162,0.7889341885016323,0.1942110409519548,0.5151228890104245,0.911259715938282,0.7256749366081638,0.4496594242529707,0.2733555411922637,0.894330366761133,0.7071214305838678,0.598526657717231,0.36741576757984057,0.8413381063657005,0.24104642105437613,0.7842937403669269,0.22455625714711877,0.4086991829496678,0.10799814382074611,0.34525762773662144,0.8333001872752281,0.33412055221332804,0.30514261091499695,0.6024296060590995,0.5565968942143555,0.7396294270703856,0.8532872603125674,0.24194965113773842,0.6247286166492649,0.5833209035615439,0.5310827159880012,0.6873249473806329,0.650259367904672,0.4515984686521156,0.6062082566830739,0.816685725650077,0.36938795803709046,0.26686720031820216,0.8211107244070999,0.8582343094847446,0.2225012015446063,0.6305540363612258,0.42624173420176004,0.1525464459139197,0.6804471403238369,0.5361872089361772,0.8817928702829015,0.4921526707436318,0.5448631896451714,0.5477220371567312,0.7773164951358159,0.8149952766867201,0.18534447040885663,0.19529657435489484,0.3460282735875636,0.758671837451731,0.425984852251446,0.4144334510018396,0.41785578150118496,0.45684383234723813,0.2908483733571985,0.6222592353204395,0.7618207129717098,0.41012446344818443,0.7008982581746466,0.4762591358822652,0.9168116806708762,0.6759889955087092,0.17664363015628365,0.5614445052122176,0.562728914963788,0.6780191915676428,0.39131407547357433,0.38583668937171645,0.4941414342299342,0.6175027759823662,0.5751421137241254,0.17798604550953778,0.2602794212698255,0.1820630106564577,0.827582492252109,0.7563681864134308,0.5997447753525912,0.6231873249473807,0.5927012380052703,0.9065529756873664,0.6981802814100334,0.852384030229205,0.6175027759823662,0.2800096123568505,0.220769320008618,0.305590082699415,0.806037554483833,0.7808299772949502,0.8487048177795457,0.7267521834965778,0.18347171812592186,0.5887568570907705,0.5724904290757221,0.4085085931155637,0.8778899219410332,0.44786953711529853,0.36328908334576315,0.5073832844428976,0.4351745968610683,0.5285553290574918,0.3716336034737069,0.2576028770778435,0.10179983095510367,0.6809774772535176,0.8501135252490096,0.5952949170519896,0.17378478264472397,0.41189777755680407,0.38213261737847826,0.24383897644972571,0.6901755083776662,0.7209350502991432,0.874542170072424,0.11741991083710371,0.8063441555213047,1.0,0.4154941248612009,0.1664512172889839,0.2625830723081258,0.8540827657070882,0.5970267985879779,0.7647541391140059,0.2116873000878371,0.6243142909229521,0.5126700807106516,0.02844760436865046,0.508800278426888,0.6961583718656258,0.8707800924775021,0.8376174613434098,0.5616185220172691,0.44354397653259087,0.30300469016722187,0.8928802267190374,0.8166525795919719,0.5955020799151461,0.17661877061270487,0.40481280763685173,0.4838081506156881,0.8798786854273355,0.591582558544225,0.44177066242397134,0.8500803791909048,0.2057955882596662,0.3814448366727987,0.6623742521420639,0.9269129418783872,0.8603473706889407,0.724630835777855,0.8326372661131276,0.5077976101692105,0.3647060773297536
164,0.761605263594027,0.44544158835910436,0.19510598452079086,0.16210908367722368,0.24761762707370027,0.8334907771093323,0.9401879381494556,0.43845605661346726,0.5509454913074462,0.45656209085334526,0.8402857190208655,0.7766950065463464,0.042973864333184175,0.5055851107906992,0.7111403901291039,0.2789075059248579,0.20485921211819888,0.7007491009131739,0.2697840534314457,0.5159598269775767,0.07795952866305375,0.29143671588856296,0.04848439649314705,0.32707701486600704,0.23682029864598353,0.11006148593778486,0.022199572415850445,0.10965544672599811,0.45797079832280946,0.1578415286961998,0.07225012015446064,0.13744841644707403,0.15667313014799714,0.5676179585342813,0.08229337576028771,0.41260213129153617,0.3206218200500505,0.2841777291635592,0.671746300071264,0.6173287591773149,0.16025290442334147,0.49651966389897084,0.1111055867680936,0.4220073252788412,0.3114072158968495,0.11736190523541987,0.8303999071910372,0.4619483252954143,0.5487329919289349,0.8398299607219212,0.14044813470558015,0.44738063275824924,0.5684134639288023,0.26221017915444406,0.14344785296408624,0.46276040371898775,0.12703226768756526,0.5386068711778451,0.11982300004971909,0.17090936210411178,0.0697310197384776,0.15636652911052554,0.4817448084986493,0.15363197931685976,0.16170304446543696,0.7182336465635824,0.204801206516515,0.5701453454647907,0.4772783771689952,0.14202257246556954,0.2750957092427783,0.26925371650176505,0.7774905119408675,0.6348133048277234,0.647740267488689,0.16456189197699664,0.22789572250120158,0.31748951755912425,0.14783970566300403,0.13383549611362466,0.34343459454084424,0.44791925620245615,0.10953943552263048,0.6557533270355823,0.19730191087024979,0.07984056746051477,0.3215830557350967,0.1979565455178243,0.35250832794709885,0.25245695155703607,0.7354281642055719,0.7283763403437247,0.3179287028290161,0.5303452161951641,0.10090488738626759,0.10850362120684798,0.9007938480916158,0.5252655827905666,0.9309070418800445,0.9144003049437345,0.17788660733522266,0.17397537247882797,0.15523956313495418,0.21520078224697128,0.5158023832015777,0.9263577454051278,0.5891794693316098,0.790989244104145,0.36743234060889307,0.6568968660402061,0.10165067369363098,0.7776396692023402,0.7256086444919537,0.626162183662308,0.8866321947662374,0.8994100001657304,0.18778899219410333,0.2476756326753841,0.735337012545783,0.09694393344271532,0.13087721042774986,0.09906528116143788,0.4610368086975256,0.5328228840385157,0.6850461558859113,0.7080578067253352,0.7413613086063741,0.4243689819188253,0.5546827093587895,0.5225476060259533,0.6650342233049935,0.14869321665920882,0.12121513449013077,0.15489981603937752,0.3328692885198628,0.5188269610036627,0.49874044979200843,0.5387145958666866,0.11195909776429838,0.2334725467773745,0.7413115895192164,0.16960837932348893,0.4138368219559489,0.17244236729146986,0.9350337261141219,0.8145809509604071,0.9106465138633387,0.7611826513531879,0.8968577536916422,0.13204560897595252,0.06251346558610517,0.6343658330433053,0.3462271499361938,0.6746217206118762,0.0810089660087174,0.8665291105255308,0.9510847047514872,0.12549926250020718,0.6039377517028788,0.5977642983808151,0.39205986178093766,0.06537231309766485,0.5186280846550324,0.4154941248612009,1.0,0.08611345895689355,0.11480965876133181,0.40124131987603373,0.7177530287210594,0.5390294834186844,0.1135915411259716,0.727083644077628,0.8290657783523094,0.017335388388935846,0.8421501847892741,0.6012363479673181,0.4530734682377898,0.3472132451648188,0.7495898175309501,0.865833043305325,0.134514990304778,0.4224547970632592,0.40131589850677,0.7059861780937703,0.10334112265698803,0.16945093554749,0.8408492020086511,0.4235486169807256,0.749647823132634,0.9129750244452179,0.4815376456354928,0.11959926415751007,0.8722799516067552,0.6276040371898772,0.4136379456073187,0.4911748620295332,0.5775037703641095,0.5015827242745157,0.6866371666749531,0.9240540943668274
165,0.0284807504267555,0.08754702596993652,0.34494274018462356,0.32120187606688877,0.23745007374997928,0.10190755564394505,0.1125557268101891,0.07638509090306436,0.10601766684896999,0.11607749548384957,0.08540081870763519,0.07027792969721076,0.27351298496826265,0.09205488987222193,0.09648817514377103,0.16694012164603328,0.22086047166840683,0.02768524503223454,0.12634448698188566,0.0769568604053763,0.8806824773363828,0.1254081108404183,0.19717761315235588,0.13338802432920666,0.1933823894993288,0.6004822751454284,0.041838611843086564,0.691062165431976,0.08013059546893386,0.25936790467193693,0.314133479175989,0.4229851339929399,0.35928669682957953,0.09139196871012115,0.9412320389797644,0.0975902815757636,0.07506753509338902,0.12310445980211805,0.10762525066706441,0.09586668655430156,0.29026831734036035,0.1061999701685477,0.7473110260362286,0.08084323571819223,0.0997199158090124,0.8885215200782246,0.06358242595999271,0.11906892722782943,0.08538424567858267,0.051881867448913634,0.47209930559008273,0.09882497224017635,0.05762442201561179,0.22550920631763866,0.3228923250302458,0.10447637514708563,0.6224581116690698,0.10279421269825487,0.46294270703856544,0.27690216940950296,0.20545584116408955,0.3793980675848124,0.0784235734765243,0.3183015959826978,0.41534496759972817,0.10354828552014453,0.22341271814249491,0.13692636603191966,0.11364126021312916,0.8326455526276537,0.16164503886375312,0.23871791047249705,0.0826248363413381,0.07742090521884686,0.04821922802830673,0.2307214239546562,0.1728649795323091,0.15729461873746664,0.33929962379224055,0.5486832728417772,0.1438290326322942,0.11640895606489998,0.36253501052387344,0.10620825668307396,0.296027444936111,0.9311804968594111,0.15107973284277168,0.2687316660866107,0.20403884718009907,0.27150764845290776,0.08991696912444688,0.09741626477071215,0.1620427915610136,0.12747145295745702,0.8475447057458692,0.8488456885264919,0.06339183612588872,0.116218366230796,0.0709077048012065,0.049056165995458985,0.3184838993022755,0.22942872768855965,0.22215316793450338,0.24497422893982335,0.1206267919587663,0.10364772369445963,0.08719070584530736,0.05515504068678632,0.12291386996801405,0.07740433218979433,0.7984222476342001,0.10207328593447025,0.09091135086759808,0.07236613135782827,0.1059513747327599,0.07444604650391952,0.2258738129567941,0.21404067021329493,0.10204842639089146,0.7709938845522797,0.5300634747012712,0.7342349061137905,0.07050995210394603,0.09886640481280763,0.06339183612588872,0.12363479673179867,0.12313760586022307,0.10062314589237475,0.0890220255556108,0.06938298612837468,0.04781318881652,0.33949021362634446,0.6213974378097085,0.4432208024660667,0.186504582442533,0.13913886541043108,0.09576724837998642,0.054724141931420806,0.6828502295364524,0.1985780341072938,0.06383930791030676,0.28184921858168016,0.09519547887767446,0.30340244286448237,0.06502427948756194,0.10841246954705912,0.10507300419297635,0.118928056480883,0.10170039278078855,0.5149488722053731,0.27990188766800905,0.10697890253401615,0.10378859444140606,0.08751387991183149,0.619085500256882,0.052735378445118414,0.06093902782611577,0.7084555594225956,0.0567957705629858,0.08557483551268666,0.07123916538225691,0.4011170221581399,0.07510896766602032,0.1664512172889839,0.08611345895689355,1.0,0.60085516829911,0.06623411060839589,0.07300419297635029,0.09387792306799914,0.7150599115000249,0.14618240275775202,0.05937287658065265,0.020641707684913572,0.14011667412452974,0.13299027163194616,0.08683438572067817,0.11670727058784536,0.06668986890734019,0.04983509836092742,0.3681698404017303,0.10146837037405328,0.08833424484993123,0.09715938282039807,0.8170088997166012,0.2881884021942691,0.09620643364987819,0.1115613450670379,0.0857322792886856,0.06342498218399377,0.0932481479640034,0.7154245181391803,0.11934238220719602,0.08476275708911318,0.14015810669716103,0.16561427932183165,0.1232370440345382,0.13880740482938064,0.030577238601899273,0.08490362783605959
166,0.10989575564725966,0.18889109862609588,0.7507333565355739,0.6783257926051145,0.50828651452626,0.12488606042526393,0.14208057806725333,0.18836904821094153,0.17374335007209268,0.24414557748719734,0.1314904125026931,0.11432075440428247,0.1377218714264406,0.21216791793036016,0.16442930774457648,0.35496113624687187,0.4643679875370822,0.09105222161454449,0.290417474601833,0.15011849715772552,0.5334940917151427,0.3136445748189397,0.08880657617792805,0.27855118580022875,0.43354215349939507,0.9726047829761846,0.011145362037819653,0.8556074843799202,0.20920963224448536,0.5676179585342813,0.2312517608843368,0.8266709756542202,0.7270919305921544,0.1795107641823696,0.5437693697277051,0.23469895092726098,0.243656673130148,0.36877475596214715,0.1591839440494539,0.17094250816221682,0.6617113309799633,0.18333084737897545,0.7921825021959265,0.21485274863686837,0.2695105984520791,0.7789240789539105,0.10484926830076732,0.21235022124993785,0.16771905401150167,0.09711795024776677,0.8914052271333632,0.23165780009612358,0.1460249589817531,0.4057989028654767,0.6619350668721722,0.19535457995657868,0.9490710817216063,0.21378378826298083,0.801065645768077,0.5870084025257297,0.12049420772634614,0.705629857969141,0.20121314572664448,0.7099139859792175,0.8228260329140358,0.1534745355408608,0.4756376472927958,0.18807073368799618,0.231384345116757,0.8023003364324898,0.40052039311224913,0.40181308937834564,0.13115066540711645,0.15596048989873879,0.11132932266030261,0.5442499875702282,0.38806576177928037,0.28676312169575235,0.6546346475745373,0.9339067601385505,0.2861830656789141,0.2183662307960026,0.7608677638011899,0.17409967019672185,0.5483849583188319,0.548070070766834,0.3488705480700708,0.5485921211819884,0.3239944314622384,0.5875801720280416,0.1415088085649414,0.14488970649165547,0.31410033311788393,0.20720429572913043,0.6256898523343112,0.7221531679345035,0.10107890419131907,0.1870017733141086,0.10202356684731269,0.07765292762558212,0.5330631929597772,0.4843964931470525,0.5005220504151544,0.4211455277681102,0.19366413099322163,0.12254097681433238,0.17484545650408523,0.10046570211637579,0.25121397437809706,0.13528563615572017,0.739737151759227,0.14010010109547721,0.15532242828021678,0.14850262682510482,0.1282006662357679,0.11500853510996205,0.527378643994763,0.3761663269195711,0.14526259964533716,0.8378411972356189,0.946286812840783,0.8517542551252093,0.17424054094366825,0.1761795853428131,0.11979814050614031,0.16060093803344438,0.14658844196953877,0.23764895009860953,0.18449924592717812,0.18778070567957703,0.10819702016937637,0.7315003563201247,0.9018628084655034,0.7287906660700376,0.31443179369893437,0.2090687614975389,0.1941696083793235,0.12251611727075357,0.5010689603738876,0.44277333068164865,0.11857173635625382,0.5916737102040139,0.2358756359899899,0.5665324251313413,0.09917300585027926,0.1445582459106051,0.12348563947032598,0.14667959362932764,0.1182651353187822,0.9527502941712658,0.1567891413513648,0.1564991133429457,0.28779064949700855,0.15458492848737965,0.9073899136545187,0.09085334526591426,0.11626808531795356,0.8091781434892856,0.12533353220968196,0.15530585525116425,0.20502494240872404,0.17646132683670593,0.1573443378246242,0.2625830723081258,0.11480965876133181,0.60085516829911,1.0000000000000002,0.20305275195147418,0.13485473740035467,0.19345696813006513,0.8165945739902881,0.16925205919885977,0.10511443676560764,0.007408143986476409,0.15700459072904754,0.20442002684830707,0.2240507797610169,0.27285006380616184,0.12757089113177217,0.09454084423009992,0.7689802615223985,0.24199108371036976,0.2363479673179867,0.1524387212250783,0.7226420722915529,0.5930741311589519,0.11415502411375726,0.237856112961766,0.14694476209416796,0.0996619102073286,0.1913521934403951,0.4495516995641293,0.1305871824193308,0.1570377367871526,0.25810006794941914,0.21101609241121,0.1762955965461807,0.22734052602794214,0.07017020500836937,0.10789870564643099
167,0.5456421220106399,0.946767430683306,0.39370059165713717,0.3727688559638045,0.5653308805250336,0.32263544307993175,0.3815111287890088,0.9284956661529028,0.7320141202207529,0.9157344337824624,0.5131921311258059,0.5477883292729412,0.01894297220703028,0.7971626974262085,0.626767099222725,0.6752763552594508,0.5488572896468288,0.6005071346890072,0.689371716468619,0.8032532856030097,0.06780026185385903,0.773140091814581,0.01890982614892524,0.872942872768856,0.6174696299242612,0.17574040007292133,0.005203931122491257,0.14114420192578597,0.9385306352442035,0.45370324334178563,0.04478861101443511,0.3039493528232155,0.3276570708828453,0.7047763469729362,0.05885082616549827,0.9288436997630057,0.8194119889292165,0.7685079301944016,0.6287392896799748,0.6790301463398466,0.4326886425031903,0.8313860024196622,0.16362551583552926,0.935771225906959,0.875975737085467,0.1306037554483833,0.5342895971096637,0.8769369727705133,0.7349061137904175,0.49969339896252835,0.23304164802200897,0.9432539485241718,0.7338537264455824,0.5840169707817499,0.4073567675964136,0.852831502013623,0.1992409552693946,0.7633620046735943,0.16898689073401946,0.4630504317274069,0.04607302076600541,0.3808067750542766,0.8500140870746947,0.37323290077727506,0.28353966754503723,0.607799267472116,0.5464624869487397,0.7162780291353851,0.8326786986857587,0.16788478430202688,0.6862394139776927,0.604807835728136,0.5437693697277051,0.71006314324069,0.6895457332736705,0.47736124231425786,0.68079517393394,0.8556240574089726,0.3743847262964252,0.19465022622184655,0.8727274233911732,0.8632393642586055,0.17726511874575318,0.6299076882281774,0.4740466365037538,0.056936641309932215,0.7673229586171464,0.5225476060259534,0.8557152090687616,0.5221664263577455,0.5644442234707238,0.5589751238833922,0.8271847395548484,0.7856693017782861,0.1359236977742422,0.1614461625151229,0.3518536932995243,0.7471535822602298,0.4198528315020136,0.4248661727904009,0.4206234773529558,0.4764165796582641,0.2715739405691179,0.6659043073302509,0.7435738079848854,0.3801272808631233,0.7101377218714264,0.5128358110011768,0.9135467939475299,0.6749780407365055,0.138053332007491,0.5430235834203417,0.583768375345962,0.7038151112878901,0.3618969489053514,0.3859444140605578,0.5165067369363099,0.649463862510151,0.5836689371716468,0.12857355938944962,0.22051243805830392,0.1286647110492385,0.8677223686173122,0.7094665141947993,0.6300817050332288,0.5997033427799598,0.5744957655910771,0.9307081655314141,0.7145295745703442,0.8682941381196241,0.6558030461227399,0.2758249225210892,0.15847130380019556,0.2960191584215847,0.8077280034471901,0.7398365899335422,0.817671820878702,0.6601203201909214,0.10058999983426971,0.6230961732875918,0.5971345232768193,0.4301944016307861,0.9575067535093389,0.441538640017236,0.37737615804040503,0.46665506554632985,0.3930708165531414,0.49489550705182384,0.3306485026268251,0.20580387477419249,0.0379605230447969,0.6696912444687515,0.9071910373058885,0.6220686454863356,0.13307313677720878,0.44804355392035006,0.39254876613798706,0.18707635194484495,0.7262632791395283,0.7308788677306551,0.8895241883359022,0.03335322096819636,0.8124347436981056,0.8540827657070882,0.40124131987603373,0.06623411060839589,0.20305275195147418,1.0,0.6049818525331875,0.7728583503206881,0.14051442682179022,0.5630023699431544,0.538664876779529,0.00474817282354696,0.4443726279852168,0.6682411044266561,0.9237226337857769,0.884229105553622,0.5964301695420872,0.4949369396244552,0.32634780158769616,0.9169194053597176,0.9204246010043257,0.6081473010822188,0.13694293906097216,0.4298380815061569,0.4822917184573825,0.9122706707104857,0.5985763768043886,0.4444803526740583,0.848878834584597,0.12400768988548037,0.3231492069805598,0.6783257926051145,0.914607467806891,0.7416596231293193,0.6999370224896004,0.7701900926432325,0.5514343956644956,0.3456719534629344
168,0.8952584563880741,0.6349624620891959,0.2577271747957374,0.2139578050680323,0.2949667710767497,0.5816553141417657,0.7026798587977925,0.6703955982034837,0.8120038449427402,0.6460332454962794,0.8448681615538872,0.8807073368799616,0.02745322262549926,0.7821723926482044,0.9097349972654502,0.3720645022290724,0.2864399476292282,0.9125524122043787,0.3529806592750957,0.7783771689951774,0.07514211372412535,0.44970914334012824,0.028621621173701917,0.5143605296740086,0.32827855947231477,0.12806808200334774,0.005071346890071098,0.1360231359485573,0.6763867482059696,0.21259881668572567,0.05634829877856776,0.15419546230464543,0.21351861979814052,0.8317671820878701,0.07142146870183463,0.6258555826248363,0.4772452311108901,0.42217305556936646,0.9156598551517261,0.8380649331278278,0.21678350652148695,0.7381295679411327,0.1329819851174199,0.6027859261837286,0.5170039278078854,0.11442019257859759,0.8544805184043489,0.6728152604451516,0.825991481463067,0.8455808018031457,0.16616118928056484,0.630305440925438,0.8590132418502129,0.3206549661081556,0.19491539468668687,0.733422827690217,0.16147930857322793,0.8259169028323307,0.13423324881088516,0.23203897976433152,0.0574172591524553,0.20886988514890864,0.746366363380235,0.20999685112448,0.1995889888794975,0.9024842970549728,0.2655993635956844,0.8251213974378098,0.7258075208405841,0.13795389383317586,0.390825171116525,0.35700790533485804,0.8768706806543032,0.8898556489169527,0.9095858400039776,0.222874094698288,0.3472795372810289,0.4907771093322727,0.1737019174994614,0.13634631001508146,0.5110210643199258,0.6895871658463018,0.13577454051276952,0.9126684234077462,0.24667296441770664,0.07131374401299326,0.45428329935862377,0.2519929067435655,0.542617544208555,0.3137937320804124,0.9251147682261889,0.9303932779794164,0.48532458277399365,0.7614063872453969,0.11158620461061669,0.126609655446726,0.6834054260097118,0.8073799698370872,0.7360993718821989,0.7451068131722436,0.2525563897313512,0.23071313744012992,0.19030809261008635,0.32446676279023523,0.7841611561345068,0.7058535938613499,0.8728600076235935,0.8175475231608081,0.5793930956760968,0.9266560599280731,0.10019224713700925,0.8944960970516581,0.9125689852334311,0.898763652032682,0.6339680803460448,0.7172641243640101,0.25220006960672203,0.35583122027212916,0.8843285437279371,0.08442300999353652,0.16100697724523114,0.09052188468486386,0.7263212847412123,0.8013391007474436,0.9606722020583702,0.9324400470674025,0.9161984785959331,0.6450720098112332,0.8427302408061121,0.7321715639967518,0.9243938414624042,0.1751106249689256,0.1171713154013159,0.21425611959097765,0.44919537943950016,0.7693697277051327,0.761505825419712,0.7574122872437395,0.1039874707900363,0.31898937668837735,0.9573907423059712,0.20718772270007788,0.6289464525431313,0.2011054210378031,0.7020417971792704,0.817323787268599,0.7173221299656939,0.8359352988945788,0.6136909793002867,0.15005220504151545,0.048302093173569344,0.895192164271864,0.5334029400553539,0.9136710916654237,0.09553522597325113,0.7749631250103581,0.7118944629509936,0.13985150565968943,0.8691725086594076,0.8585243374931637,0.6738676477899865,0.041590016407298765,0.7706458509421767,0.5970267985879779,0.7177530287210594,0.07300419297635029,0.13485473740035467,0.6049818525331875,1.0,0.80664247004425,0.10538789174497423,0.8719733505692836,0.855060574421187,0.002113061204196291,0.7828021677522001,0.8512322047100549,0.6762375909444969,0.5490064469083015,0.9069010092974693,0.8237955551136081,0.19722733223951341,0.6457929365750179,0.6019324151875238,0.9198776910455925,0.10135235917068562,0.19604236066225822,0.8181938712938565,0.6639569764165797,0.8927559290011435,0.7658893916041035,0.7303485308009745,0.11848058469646498,0.6116359236977742,0.8932862659308243,0.6199390112530867,0.7347238104708398,0.835106647441953,0.7607848986559272,0.8768789671688295,0.6575100681151496
169,0.7216642635774542,0.7983808150615688,0.3516796764944729,0.3278062281443179,0.4416132186479723,0.4099255870995542,0.5254810321682494,0.8442549594789439,0.9457564759111021,0.8199257528298447,0.6592088035930326,0.6924542998723877,0.03403271515934968,0.968602396460001,0.7970135401647359,0.5266411442019258,0.42562024561229056,0.7575448714761597,0.5338835578978769,0.9235486169807255,0.0969936525298729,0.6014103647723694,0.035880607898705646,0.7005170785064385,0.4752481811100615,0.1823696116939293,0.008021346061419646,0.16854770546412767,0.8386284161156135,0.33187490677671155,0.07074197451068132,0.24886060425263926,0.3055237905832049,0.9189164553605461,0.09054674422844264,0.8085483683852898,0.6534496759972821,0.5919720247269593,0.8336896534579624,0.8451333300187274,0.3329438671505991,0.899401713651204,0.16544854903130646,0.7426954374451017,0.6696000928089627,0.1670561328494009,0.6842920830640216,0.8666285486998458,0.9332272659473972,0.6554301529690582,0.2447753525911931,0.8048360098775252,0.9286116773562705,0.46550324002717974,0.333258754702597,0.9102736207096571,0.21646033245496282,0.97093090704188,0.17903014633984654,0.3627338868725037,0.06741908218565107,0.3092941546926532,0.913331344569847,0.3002949999171349,0.27461509140025525,0.775120568786357,0.425123054740715,0.9269046553638609,0.9137953893833175,0.18110177497141153,0.5318947944115746,0.48379157758663555,0.6855764928155919,0.8948607036908136,0.8576791130114851,0.36260958915460983,0.5019224713700924,0.6614378760005966,0.27202141235353583,0.1913604799549214,0.6896368849334593,0.8763817762972539,0.18812873928968,0.8423573476524305,0.35869835429821506,0.09014899153118217,0.6156051641558528,0.40761364954672763,0.7253351895125872,0.41816238253865656,0.7572299839241619,0.7565173436749035,0.6472513631316396,0.909279238966506,0.14500571769502313,0.16605346459172343,0.4917051989592138,0.9457399028820498,0.5542683836324765,0.5567957705629858,0.36399343708049525,0.3751719451764199,0.26601368932199737,0.4841644707403172,0.9426324599347022,0.5182551915013507,0.9194053597175956,0.64554434113923,0.7542965577818659,0.8646812177861748,0.13467243408077692,0.7259898241601617,0.7678615820613534,0.8913886541043106,0.465544672599811,0.5298314522945359,0.4147483385538375,0.4954755630686621,0.7368285851605099,0.11664926498616152,0.22608926233447688,0.1436218697691377,0.9033460945657037,0.911417159714281,0.8205638144483667,0.8009993536518669,0.7494158007258986,0.8298861432904092,0.9195876630371733,0.8658164702762724,0.8468569250401895,0.25373307479408014,0.1710419463365319,0.2770181806128706,0.6380036129203335,0.9170851356502427,0.9457399028820497,0.8130976648602064,0.1296922388504947,0.4668207958368551,0.7825121397437809,0.33997911798339375,0.809990221912859,0.3300933061535657,0.5137473275990653,0.635981703375926,0.5317704966936807,0.6888993851406221,0.44410745952037656,0.21534165299391772,0.056132849400885,0.8831684316942607,0.7265201610898424,0.8090289862278128,0.1484860537960523,0.5822270836440776,0.5197136180579724,0.20059165713717497,0.8824640779595285,0.9051111221597972,0.8519282719302607,0.04691824524768392,0.9194385057757006,0.7647541391140059,0.5390294834186844,0.09387792306799914,0.19345696813006513,0.7728583503206881,0.80664247004425,0.9999999999999999,0.1400255224647409,0.7258158073551103,0.6722103448847346,0.0035300551881867447,0.6005237077180596,0.8929133727771423,0.8436086113458958,0.726569880177,0.7446344818442466,0.6250435042012628,0.27380301297668175,0.834311142047432,0.7632625664992791,0.7877989360115347,0.1359402708032947,0.3297038399708315,0.6252258075208406,0.8435008866570544,0.7577437478247899,0.5801223089544076,0.9164470740317208,0.1429423755779844,0.43496743399791177,0.8778567758829281,0.8051923300021545,0.8489616997298597,0.9193805001740168,0.9447206615953196,0.7299673511327666,0.48012893816602853
170,0.05017484545650409,0.13583254611445333,0.5546164172425795,0.527892407895391,0.40303120701370587,0.13578282702729577,0.14409420109713453,0.12748802598650955,0.14583436914764908,0.16952551417822637,0.11154477203798538,0.09669533800692753,0.2340111702215814,0.13414209715109632,0.14111105586768094,0.32096985366015346,0.3769866918576708,0.053199423258588965,0.30371733041648014,0.11665755150068778,0.6223006678930709,0.25797577023152524,0.18929713783788263,0.19070584530734683,0.35412419827971964,0.8263560881022225,0.06090588176801075,0.890634581282421,0.12218465668970319,0.4239795157360911,0.2790732362153831,0.6680339415634996,0.5621405724324234,0.12452145378610849,0.6525050133412884,0.1540794511012778,0.2113061204196291,0.25314473226271567,0.13286597391405225,0.16063408409154942,0.47111321036145776,0.15222327184739554,0.8738626758812709,0.13791246126054457,0.204577470624306,0.8000629775103996,0.0868260992061519,0.16279686438290328,0.12137257826612971,0.0750923946369678,0.7414938928387942,0.17008071065148578,0.09415137804736573,0.35282321549909673,0.5211720446145942,0.165274532226255,0.8081008966008718,0.13276653573973715,0.772535176254164,0.4430799317191203,0.21168730008783704,0.5194567361076584,0.11652496726826761,0.5121811763536022,0.6676113293226602,0.12860670544755465,0.3776993321069292,0.15756807371683323,0.15722832662125658,0.878237955551136,0.30404050448300435,0.3206466795936293,0.10952286249357795,0.11111387328261987,0.07791809609042244,0.4048210941513781,0.33097996320787554,0.22693448681615538,0.5215780838263808,0.8485225144599678,0.22247634200102756,0.174008518536933,0.7094499411657469,0.13324715358226025,0.4616665838015214,0.6514940585690847,0.2548600407696515,0.42757586304048795,0.2664031555047316,0.4255042344089229,0.11345067037902518,0.12105769071413183,0.2462006330897098,0.1636420888645818,0.6983294386715059,0.8111917665191667,0.08656921725583784,0.14839490213626347,0.09522862493577952,0.06672301496544523,0.4583602645055437,0.36930509289182784,0.3659241949651138,0.37731815243872124,0.15627537745073666,0.12676709922272494,0.12862327847660718,0.07866388239778585,0.1909627272576609,0.11841429258025489,0.8463100150814564,0.12378395399327136,0.11684814133479177,0.10146837037405328,0.13308142329173503,0.09986078655595884,0.38720396426854936,0.29444472066159527,0.12560698718904853,0.9138119624123702,0.7908649463862512,0.8923498897893568,0.12362651021727242,0.13226934486816153,0.08955236248529144,0.15141947993834834,0.14785627869205653,0.16091582558544223,0.12196920731202043,0.10269477452393974,0.07391570957423889,0.4895258456388074,0.9216510051542122,0.5826911284575482,0.2669169194053597,0.18293309468171498,0.13563366976582308,0.07858101725252324,0.5209565952369114,0.3532789737980411,0.09071247451896784,0.4516233281956944,0.15364855234591226,0.458020517409967,0.08223537015860388,0.154054591557699,0.14336498781882365,0.1542203218482242,0.12980825005386237,0.8111834800046405,0.22913869968014053,0.1324847942458443,0.18478098742107096,0.12220951623328197,0.8840882348066755,0.07557301247949089,0.08520194235900497,0.8862924476706608,0.08235138136197152,0.11367440627123421,0.13401779943320238,0.3435837518023169,0.11074926664346445,0.2116873000878371,0.1135915411259716,0.7150599115000249,0.8165945739902881,0.14051442682179022,0.10538789174497423,0.1400255224647409,0.9999999999999999,0.17933674737731817,0.08091781434892856,0.03994928653109929,0.18130065132004175,0.1703210195727473,0.1372909726710751,0.18159896584298713,0.09409337244568189,0.07321964235403304,0.5739488556323438,0.15837186562588046,0.1600374550456587,0.12135600523707718,0.8228508924576144,0.46304214521288056,0.12527552660799812,0.15881105089577222,0.11316064237060608,0.08651121165415403,0.1369595120900247,0.4278576045343807,0.16069208969323323,0.11217454714198113,0.18277565090571604,0.22182170735345297,0.1525630189429722,0.1781683488291155,0.05334858052006165,0.10750095294917053
171,0.8666782677870035,0.6035151394620395,0.2926879795820282,0.2360827988531464,0.37389582193937587,0.6102852218299939,0.7372677704304015,0.5915411259715939,0.7583652364142595,0.640854173917367,0.8761994729776761,0.8926979233994596,0.06770082367954391,0.6924294403288089,0.8807073368799616,0.40482938066590435,0.3196274383068994,0.865451863637117,0.40680985763768046,0.6951888496660534,0.12912046934818278,0.4271283912560699,0.0764182369611694,0.4810818873365485,0.3587066408127414,0.17469629924261257,0.03547456868691891,0.17665191667080993,0.6180496859410994,0.25103167105851937,0.10664744195296574,0.20644193639271452,0.2281111718788843,0.7744079285370988,0.1352442035830889,0.5757884618571736,0.4444969257031108,0.4084920200865112,0.8725865526442268,0.8400868426722352,0.23401117022158135,0.6923962942707038,0.1607003762077595,0.5572929614345614,0.4732096985366015,0.1704867498632725,0.8680455426838363,0.6334791759889955,0.7471701552892822,0.7828601733538839,0.21897114635641957,0.615132832827856,0.7693365816470276,0.3629079036775551,0.2217554152372429,0.6451134423838644,0.19300120983112085,0.7276968461525712,0.1755995293259749,0.27968643829032636,0.10247103863173072,0.22659473972057873,0.6545434959147484,0.22474684698122277,0.22874094698288006,0.9223967914615754,0.3386035565720347,0.7645718357944282,0.656192512305474,0.20686454863355375,0.38064104476375143,0.40540943668274254,0.9020202522415022,0.7975190175508378,0.8038913472215315,0.26988349160576075,0.3532872603125673,0.497099719915809,0.22357016191849385,0.21520078224697126,0.49903876431495386,0.6225161172707536,0.15812327019009265,0.8794643597010225,0.28777407646795605,0.13025572183828038,0.4434693979018545,0.3085152223271847,0.560723578448433,0.33919189910339914,0.8994597192528879,0.870266328576874,0.4633570327648784,0.7127728334907771,0.15291105255307513,0.16060093803344436,0.6916919405359718,0.758257511725418,0.7513299855814648,0.7655082119358956,0.28653109928901704,0.25616931006480054,0.22022241004988485,0.3597424551285239,0.7421733870299476,0.7493743681532674,0.8011319378842872,0.8449261671555711,0.5357314506372329,0.8718241933078108,0.1462984139611197,0.9104393510001823,0.916140472994249,0.7859924758448102,0.70680654303187,0.7326273222956959,0.29781733207378314,0.3861681499527669,0.9336167321301314,0.14571007142975523,0.19658098410646513,0.1468287508908003,0.6355673776496129,0.7497224017633703,0.84406436964484,0.915245529425413,0.9243026898026153,0.5925769402873763,0.7549511924294403,0.6799168033941563,0.8197434495102671,0.21428926564908268,0.17819320837269428,0.25205091234524934,0.4970500008286515,0.7548186081970202,0.6838363247650774,0.6948408160559505,0.15953197765955685,0.3441803808482076,0.8364407762806809,0.2500207162863156,0.5943419678814698,0.26287310031654487,0.7034173585906296,0.859104393510002,0.7662705712723115,0.9087074694641939,0.6554052934254795,0.2007325278841214,0.093969074727788,0.8216990669384643,0.5197053315434463,0.894081771325345,0.12783605959661246,0.7542468386947083,0.7145461475993967,0.18531961086527785,0.7624587745902318,0.7844511841429258,0.5612290558345349,0.1126385919554517,0.6940121646033245,0.6243142909229521,0.727083644077628,0.14618240275775202,0.16925205919885977,0.5630023699431544,0.8719733505692836,0.7258158073551103,0.17933674737731817,1.0,0.8565687200649663,0.030171199390112532,0.861880375876299,0.8193125507549015,0.629543081589022,0.5215780838263809,0.91055536220355,0.7889259019871062,0.20516581315567045,0.5943751139395748,0.5515006877807056,0.9126104178060624,0.1516349293160311,0.24997928371368439,0.8555329057491838,0.5937121927774739,0.9234326057773579,0.7860753409900727,0.6643630156283664,0.17186231127463167,0.6610484098178624,0.8315434461956612,0.6066060093803345,0.7072540148162878,0.7990768822817746,0.7159465685543347,0.8484147897711264,0.6694840816055951
172,0.915146091251098,0.5411922637100384,0.22927957042708697,0.18820331792041634,0.26980891297502446,0.6781352027710104,0.8060872735709906,0.5559008269941497,0.6906395531911367,0.5619665556273721,0.9315865360711977,0.9153366810852018,0.030146339846533754,0.6509388620958252,0.8567261638409652,0.32830341901589355,0.2504516150416811,0.8706226487015032,0.3428711115530586,0.6551815575332703,0.05750841081224415,0.3712938563781302,0.03248313694293906,0.4139942657319478,0.2954722484628516,0.09859294983344105,0.013482159134224962,0.10552876249192064,0.5747277879978124,0.18258506107161207,0.048492683007673315,0.1254163973549446,0.16837368865907623,0.7040222741510465,0.05413579940005635,0.5248346840352012,0.41503008004773034,0.3658164702762724,0.8113574968096919,0.7627985216858086,0.18241933078108685,0.6317638674820596,0.09704337161703046,0.5205422695105985,0.41188120452775157,0.09333929962379224,0.9618488871210992,0.565248015379771,0.6949402542302656,0.900835280664247,0.13374434445383582,0.5730207660054027,0.7348812542468388,0.2922736538557152,0.16297088118795472,0.6014517973450008,0.12622847577851803,0.6937469961384843,0.10286050481446495,0.20173519614179886,0.04889043570493379,0.16616118928056478,0.6165332537827939,0.1735776197815675,0.15997116292944863,0.8634713866653408,0.2486865874475878,0.6929514907439632,0.5979051691277615,0.11746962992426126,0.3439732179850511,0.3301015926680919,0.9035532574288602,0.7617792803990785,0.7971792704552612,0.1915179237309203,0.2920913505361375,0.40956098046039874,0.1449891446659706,0.11080727224514825,0.4298049354480518,0.5743217487860256,0.10446808863255937,0.798770281244303,0.22705049801952304,0.05591740002320224,0.4038432854372794,0.22378561129617663,0.4480269808912975,0.2695934635973417,0.8731500356320125,0.8620792522249292,0.39038598584663314,0.6389814216344322,0.08472132451648189,0.09527834402293707,0.8082251943187656,0.6694012164603325,0.8628333250468188,0.8770281244303022,0.21535822602297022,0.1974593546462487,0.1556456023467409,0.28170834783473375,0.6639486899020534,0.8327284177729164,0.7417010557019507,0.890825171116525,0.4729196705281824,0.8104708397553821,0.07745405127695189,0.8988713767215234,0.8808647806559605,0.7712341934735412,0.7475844810155953,0.8260909196373821,0.22110906710419465,0.31700889971660123,0.8772767198660899,0.07153747990520228,0.13089378345680241,0.07449576559107707,0.601112050249424,0.6683571156300236,0.8437909146654735,0.8370042592684666,0.8662805150897431,0.5461641724257942,0.7076766270571272,0.6455526276537563,0.8161056696332388,0.14028240441505493,0.0934304512835811,0.18788014385389218,0.392068148295464,0.6542949004789604,0.646439284708066,0.6721440527685245,0.08511907721374234,0.2881635426506902,0.872271665092229,0.18166525795919722,0.5293756939955916,0.17621273140091814,0.8234143754454002,0.8722053729760189,0.8323389515901821,0.8362336134175243,0.7274565372313098,0.12177861747791643,0.0417060276106664,0.7703889689918626,0.46764944728948116,0.8358358607202638,0.06323439234988978,0.8767629559654617,0.8284857223354714,0.11232370440345382,0.753857372511974,0.7385024610948143,0.5356320124629179,0.03944380914499743,0.6544937768275908,0.5126700807106516,0.8290657783523094,0.05937287658065265,0.10511443676560764,0.538664876779529,0.855060574421187,0.6722103448847346,0.08091781434892856,0.8565687200649663,1.0,0.00933061535656872,0.853883889358458,0.7299093455310828,0.5752498384129667,0.46470773463265874,0.908483733571985,0.909826148925239,0.1436218697691377,0.5359551865294421,0.5003148875519978,0.8574470906047498,0.0796665506554633,0.1715391372081075,0.8934851422794544,0.5287044863189645,0.8850494704917218,0.9019953926979235,0.6096803062695768,0.09267637846169145,0.7154410911682328,0.7793052586221183,0.5165896020815725,0.6072855035714878,0.7158885629526509,0.6288470143688162,0.8474204080279752,0.7688973963771358
173,0.0020136230298811713,0.012761232370440346,0.007897048343525746,0.0016158703326206929,0.019763337145130015,0.022589038598584663,0.022821061005319946,0.0033311788395565057,0.01871923631482126,0.01147682261887005,0.007474436102686487,0.013374434445383583,0.004797891910704519,0.0033643248976615455,0.015023450836109316,0.012968395233596844,0.0015081456437793135,0.00012429771789389948,0.007275559754056249,0.008999154775518322,0.004980195230282238,0.0014169939839904539,0.009885811829828138,0.0021379207477750708,0.010938199174663155,0.0013009827806228144,0.0561742819735163,0.0033974709557665853,0.00464873464923184,0.0008866570543098162,0.0048227514542832995,0.010963058718241932,0.0008783705397835562,0.011443676560765012,0.015727804570841417,0.007756177596579327,0.0020384825734599513,0.000679494191153317,0.010308424070667396,0.01697078174978041,0.0005800560168381975,0.018114320754404282,0.0022622184656689703,0.006712076766270571,0.006546346475745372,0.006322610583536353,0.010880193572979334,0.005005054773861019,0.0029997182585061073,0.0011103929465188353,0.0029499991713485474,0.011775137141815408,0.002560532988614329,0.013233563698437164,0.0013755614113591542,0.0015412917018843533,0.0010109547722037156,0.0018396062248297123,0.005121065977228658,0.001383847925885414,0.0051624985498599585,0.004383566184391521,0.001905898341039792,0.0027096902500870082,0.005460813072805317,0.01162597988034273,0.025365020964881756,0.0185037869371385,0.007822469712789406,0.02117204461459421,0.0014004209549379342,0.007557301247949087,0.013051260378859444,0.0032731732378726863,0.0008949435688360762,0.0015247186728318334,0.0019390443991448318,0.007830756227315668,0.008394239215101344,0.022970218266792623,0.010383002701403736,0.01609241120999685,0.0006463481330482772,0.007466149588160228,0.008932862659308241,0.012206035897180929,0.003041150831137407,0.005154212035333698,0.012421485274863685,0.0036626394206069044,0.004466431329654121,0.0058585657700657955,0.004275841495550142,0.00704353734732097,0.003637779877028124,0.002759409337244568,0.002693117221034488,0.011004491290873232,0.014675417226006399,0.010242131954457317,0.0021959263494588906,0.0024362352707204297,0.006032582575117254,0.008642834650889143,0.013308142329173503,0.01863637116955866,0.0023865161835628698,0.0022124993785114103,0.01886839357629394,0.004250981951971362,0.007607020335106648,0.012413198760337427,0.0029334261422960277,0.0017484545650408524,0.02555561079898573,0.00466530767828436,0.0029665722004010675,0.01613384378262815,0.012628648138020187,0.01586038880326157,0.00454100996039046,0.017012214322411706,0.005394520956595237,0.008427385273206384,0.001856179253882232,0.017211090671041946,0.022066988183430284,0.0021379207477750708,0.00702696431826845,0.00472331327996818,0.0031737350635575663,0.003322892325030246,0.014426821790218598,0.008245081953628665,0.02356684731268334,0.027478082169078044,0.004209549379340062,0.0011435390046238751,0.010407862244982516,0.014501400420954939,0.003480336101029185,0.01160112033676395,0.0032897462669252055,0.013374434445383583,0.006132020749432374,0.026724009347188386,0.028977941298331093,0.028215581961915183,0.026666003745504565,0.005311655811332637,0.008236795439102405,0.014758282371268997,0.0012429771789389948,0.002560532988614329,0.0012761232370440345,0.0023119375528265302,0.0046321616201793194,0.0050216278029135385,0.0008617975107310363,0.008245081953628663,0.0012844097515702945,0.033825552296193176,0.008062778634050945,0.02844760436865046,0.017335388388935846,0.020641707684913572,0.007408143986476409,0.00474817282354696,0.002113061204196291,0.0035300551881867447,0.03994928653109929,0.030171199390112532,0.00933061535656872,1.0,0.03449675997282023,0.020393112249125774,0.0005717695023119377,0.0026185385902981486,0.004134970748603722,0.0007955053945209567,0.0013672748968328941,0.002916853113243507,0.0018147466812509323,0.007416430501002668,0.005643116392383036,0.01362302988117138,0.025000414325726313,0.011004491290873233,0.004880757055967119,0.009802946684565538,0.0020964881751437707,0.013076119922438222,0.03379240623808814,0.008709126767099224,0.010059828634879597,0.03623692802333482,0.024983841296673793,0.013424153532541143,0.0037206450222907242,0.013987636520326821
174,0.8220968196357248,0.48577205455841166,0.2388670677339697,0.20103084240706673,0.3124264571835795,0.6989592137755017,0.8643414706905981,0.47146124397156064,0.6337940635409933,0.5138219062298017,0.8865493296209748,0.8476607169492367,0.07331079401382191,0.5809261008634548,0.7766701470027677,0.3184258937005917,0.24877773910737666,0.7610500671207676,0.3200914831203699,0.5721589684946717,0.12023732577603208,0.34157012877243575,0.08371036974427817,0.3670428744261589,0.29133727771424783,0.1539717264124364,0.04292414524602661,0.15804040504483002,0.49637879315202443,0.20440345381925454,0.10751752597822303,0.18558477933011816,0.19557831584878768,0.6338520691426772,0.13039659258522682,0.4550705182386185,0.36918079517393393,0.3334990636238585,0.7506670644193639,0.6994066855599198,0.20455261108072723,0.568148295463962,0.15286961998044382,0.4718507101542949,0.3716418899882331,0.15899335421534994,0.8607865559588326,0.5104824408757189,0.6240325494290592,0.8298695702613567,0.1874160990404216,0.4958816022804488,0.6457266444588077,0.29793334327715076,0.1870017733141086,0.5172608097581995,0.16896203119044068,0.6047995492136098,0.16404812807636854,0.220164404448201,0.10904224465105487,0.1970450289199357,0.5399161404729942,0.19347354115911766,0.20219095444074314,0.8005518818674489,0.27683587729329295,0.6421468701834634,0.5412668423407746,0.20428744261588688,0.30882182336465636,0.3197185899666883,0.8589718092775817,0.6863719982101129,0.7032184822419993,0.21051061502510818,0.26161355010855336,0.39711463564195626,0.19674671439699035,0.20230696564411077,0.4102736207096571,0.4990470508294801,0.14564377931354514,0.7374335007209268,0.2598899550870913,0.12475347619284377,0.3701668904025589,0.24677240259202177,0.43543976532590867,0.29824823082914864,0.8083743515802383,0.8134705580138881,0.380500174016805,0.5908699182949668,0.14806344155521303,0.15052453636951227,0.7839208472132453,0.6203036178922422,0.8784616914433452,0.8432025721341089,0.22776313826878142,0.21902086544357713,0.19472480485258292,0.26774557085798567,0.6158454730771143,0.857099056994647,0.6663186330565638,0.8556903495251826,0.429108868227846,0.7213659490545087,0.13932116873000877,0.8573393659159084,0.8086312335305524,0.6879464359701022,0.8148295463961949,0.803170420457747,0.2359336415916737,0.30002983145229456,0.8279553854057906,0.14832861002005338,0.1749863272510317,0.1553804338819006,0.5096786489666716,0.6069374699613848,0.7557964169111189,0.8017119939011252,0.8339713949518555,0.48530800974494104,0.6393874608462188,0.5613699265814813,0.7196755000911517,0.18289994862360992,0.173370456918411,0.19813884883740202,0.4123949684283797,0.631167238436169,0.5656457680770315,0.5803377583320904,0.1569714446709425,0.27830259036444094,0.7859841893302839,0.2223769038267124,0.46435141450802964,0.23712689968345516,0.8044382571802648,0.933318417607186,0.896377135849119,0.873705232105272,0.7892656490826828,0.1785412419827972,0.09898241601617527,0.7155653888861269,0.40224398813371115,0.7540313893170255,0.1185800228707801,0.8150864283465089,0.8441058022174712,0.17376820961567144,0.662473690316379,0.666708099239298,0.4442151842092179,0.12119856146107824,0.5721672550091981,0.508800278426888,0.8421501847892741,0.14011667412452974,0.15700459072904754,0.4443726279852168,0.7828021677522001,0.6005237077180596,0.18130065132004175,0.861880375876299,0.853883889358458,0.03449675997282023,1.0,0.6938712938563782,0.5016407298761996,0.40315550473159983,0.8266544026251679,0.8369876862394141,0.17482059696050647,0.46915759293326037,0.4587497306882779,0.779197533933277,0.14512172889839076,0.20622648701503174,0.860894280647674,0.46460829645834373,0.8223785611296176,0.8719070584530735,0.540927095245198,0.17164686189694892,0.7678284360032482,0.6915842158471304,0.4760768325626875,0.5981951971361806,0.6662026218531961,0.5907456205770728,0.7667677621438871,0.7811282918178956
175,0.7789820845555941,0.7088781716634349,0.3247899368567593,0.2748885463796218,0.4125772717479574,0.49197865393858037,0.6041200550224566,0.7368451581895623,0.9291337277714249,0.7263212847412122,0.7271167901357332,0.755034057574703,0.057458691725086594,0.8647309368733322,0.8801107078340709,0.49273272676047,0.3701751769170852,0.8043968246076335,0.4493362501864465,0.8560466696498119,0.12157974112928621,0.5142196589270621,0.06575349276587282,0.577553489451267,0.4453504366993155,0.17730655131838446,0.026392548766137988,0.1809360446808863,0.7240342067319644,0.2758663550937205,0.09449941165746864,0.2410298480253236,0.27234458642006,0.9173668771441357,0.1282255257793467,0.7012048592121182,0.54570841412685,0.505452526558279,0.9045310661429589,0.9073567675964136,0.2770596131855019,0.8166360065629195,0.18253534198445448,0.6375727141649679,0.5709159913157328,0.17281526044515155,0.7408558312202721,0.7657236613135783,0.8975786804554269,0.7019092129468504,0.227241087853627,0.7087455874310149,0.8740366926863223,0.4111188451913356,0.27239430550721755,0.7850809592469215,0.2171646861896949,0.882762392482474,0.19192396294270703,0.30399907191037306,0.09206317638674821,0.27194683372279954,0.8099653623692802,0.2704221150499677,0.2644226785329555,0.8468569250401896,0.39000480617842526,0.9419198196854439,0.823729262997398,0.20859643016954207,0.4793582923150864,0.4415054939591309,0.7499544241701056,0.8912560698718904,0.8560881022224432,0.2918344685858234,0.43879580370904386,0.5793930956760968,0.25571355176585625,0.2279040090157278,0.5844312965080628,0.7994000563482988,0.17631216957523327,0.9127512885530087,0.34554765574504054,0.12530038615157693,0.5313644574818939,0.34036858416612803,0.6442267853295547,0.3733489119806427,0.7989525845638807,0.8233397968146638,0.5514012496063906,0.8780556522315582,0.16115613450670377,0.1722683504864184,0.5511195081124978,0.8930625300386151,0.6202124662324533,0.6127877492169245,0.34548965014335675,0.2948839059314871,0.2528878503124016,0.4385969273604136,0.9119226371003828,0.6033576956860406,0.9269709474800709,0.6984703094184525,0.6801985448880492,0.8864333184176072,0.15586105172442366,0.7886441604932133,0.8123767380964219,0.8705232105271882,0.5287376323770696,0.5881933741029848,0.33621704038847183,0.4554185518487214,0.8090206997132866,0.14421021230050216,0.22332985299723232,0.15997116292944863,0.7962760403718987,0.9126767099222726,0.8550191418485558,0.8687581829330946,0.835139793500058,0.705058088466829,0.9113840136561759,0.7684416380781915,0.8611677356270404,0.2399940337095411,0.18569250401895956,0.27121762044448866,0.5707088284525763,0.866379953264058,0.8251462569813884,0.8588806576177929,0.1574934950860969,0.4422595667810206,0.832496395366181,0.28958053663468075,0.6982382870117172,0.2961268831104261,0.5671124811481795,0.7262715656540546,0.6060259533634962,0.7963008999154775,0.5228624935779512,0.20992227249374368,0.0870746946419397,0.9011750277598237,0.6234773529557998,0.8734649231840103,0.14226288138683107,0.6293939243275494,0.5713220305275195,0.19889292165929168,0.8474204080279752,0.9032135103332835,0.736928023334825,0.0905964633156002,0.8481579078208125,0.6961583718656258,0.6012363479673181,0.13299027163194616,0.20442002684830707,0.6682411044266561,0.8512322047100549,0.8929133727771423,0.1703210195727473,0.8193125507549015,0.7299093455310828,0.020393112249125774,0.6938712938563782,1.0,0.7240673527900694,0.6252009479772618,0.7951076418236962,0.6757735461310264,0.2526889739637713,0.7265864532060524,0.6395449046222178,0.8513316428843699,0.151344901307612,0.2777473938911815,0.703143903611263,0.7415353254114255,0.8126004739886308,0.6455609141682825,0.8172077760652314,0.17208604716684067,0.5162581415005222,0.9192147698834916,0.7154493776827592,0.8539087489020369,0.9058071893800029,0.8608611345895688,0.7826778700343062,0.5384079948292149
176,0.6006977245231111,0.9324483335819287,0.3992442698752051,0.3542402094830872,0.5190175508377666,0.38243093190142363,0.4574073153350238,0.9157758663550938,0.7913207046851953,0.9470243126336201,0.5526027942126983,0.5832297519017551,0.021868111834800048,0.8483153515968114,0.6839854820265501,0.6414756625068363,0.5042675549810238,0.6444505212217637,0.6490909693564693,0.834087406155223,0.09089477783854555,0.7384941745802882,0.024022605611627636,0.8331178839556506,0.575771888828121,0.19536286647110493,0.0012678367225177744,0.1640066955037372,0.9475132169906695,0.3979101410364772,0.056679759359618165,0.29030974991299163,0.3080594640282404,0.7545368667031274,0.084406436964484,0.9108453902119691,0.7673975372478827,0.7317323787268599,0.6913024743532374,0.7258820994713204,0.37112812608760504,0.8348829115497439,0.16554798720562158,0.8993602810785727,0.8171000513763901,0.14971245794593876,0.5693995591574272,0.9082102785926185,0.7937569399559157,0.5271383350735014,0.24910091317390076,0.9520459404365336,0.7811614378760006,0.5664661330151313,0.3535524287774076,0.9147069059812061,0.21781932083726946,0.83571156300237,0.17980907870531498,0.4087323290077728,0.05408608031289879,0.3318334742040803,0.8701751769170852,0.3248645154874957,0.2873597507416431,0.6546843666616948,0.5100846881784583,0.7644558245910605,0.8571653491108571,0.17925388223205554,0.6507814183198263,0.5775949220238983,0.583834667462172,0.7674223967914616,0.7373257760320854,0.4458724871144699,0.6247783357364225,0.8113077777225344,0.3508841710999519,0.19416960837932348,0.8317257495152388,0.8736389399890618,0.189628598418933,0.6896866040206169,0.39254047962346084,0.08018031455609141,0.7275311158620461,0.5212963423324881,0.8441389482755762,0.4628847014368816,0.6075175259782231,0.6113376091748289,0.7810122806145279,0.8408989210958087,0.1428760834617743,0.15912593844777012,0.4060474983012645,0.7981487926548334,0.4669036609821178,0.45676096720197545,0.3918526989177812,0.43787600059662907,0.28367225177745736,0.6052884535706591,0.7952567990851687,0.4352740350353835,0.7802167752200069,0.5452775153714844,0.8842953976698322,0.7286580818376175,0.13150698553174564,0.6002916853113244,0.634448698188568,0.7589784384892027,0.41008303087555315,0.43896982051409533,0.4648237458360264,0.6052801670561327,0.6225078307562273,0.114337327433335,0.23208869885148908,0.117047017683422,0.8904854240209483,0.7561444505212218,0.6854024760105405,0.6635592237193191,0.6292779131241817,0.9374451018412636,0.7703889689918627,0.9045724987155902,0.7029864598352641,0.28822983476690034,0.16786821127297435,0.2824955667147285,0.7730075075821607,0.7817912129799964,0.8644740549230183,0.7336051310097946,0.12277299922106764,0.5863371948491025,0.6483203235055272,0.35281492898457056,0.9454995939607882,0.4260677173967086,0.42919173337310856,0.5234176900512106,0.4596943933442715,0.5506140307263959,0.38463514476540883,0.22063673577619786,0.04434942574454333,0.7310114519630753,0.8707055138467656,0.6757238270438688,0.15267903014633982,0.4870481777954557,0.4391189777755681,0.1946253666782678,0.7715988001126965,0.7797195843484314,0.8843534032715159,0.035781169724390535,0.8530883839639372,0.8707800924775021,0.4530734682377898,0.08683438572067817,0.2240507797610169,0.9237226337857769,0.6762375909444969,0.8436086113458958,0.1372909726710751,0.629543081589022,0.5752498384129667,0.0005717695023119377,0.5016407298761996,0.7240673527900694,0.9999999999999999,0.8584663318914798,0.6346807205953032,0.5153300518735809,0.3029301115364855,0.904630504317274,0.8911980642702066,0.6540297320141202,0.1322030527519515,0.3840633752630968,0.5127778053994929,0.9071661777623095,0.6441107741261871,0.49785379273769864,0.904216178590961,0.14259434196788148,0.3772104277498798,0.7317903843285437,0.9210046570211636,0.7957871360148495,0.7574951523890022,0.8200583370622648,0.5911516597888595,0.3986227812857356
177,0.4751653159647989,0.8733157659225377,0.45160675516664184,0.411831485440594,0.6046835380102421,0.28156747708778734,0.35385902981487927,0.851240491224581,0.6801819718589966,0.881038797461012,0.43763569167536753,0.4682046437627405,0.03660982117701652,0.7499129915974742,0.5673445035549147,0.724879431213643,0.5825419711960755,0.515363197931686,0.7716568057143804,0.7313429125441258,0.11264687846997795,0.8061701387162532,0.03838313528563616,0.9243689819188252,0.6666500936376141,0.23660484926830078,0.007292132783108769,0.20069938182601632,0.8496080478629079,0.458849168862593,0.07343509173171581,0.3548865576161355,0.3735726478728517,0.6460663915543844,0.1161769336581647,0.8814696962163774,0.8881569134390692,0.7836556787484049,0.5840003977526973,0.6278443461111387,0.44087571885513516,0.7648287177447421,0.21206847975604498,0.8869802283763404,0.904564212201064,0.21307114801372243,0.4609705165813155,0.8206135335355242,0.6889408177132534,0.4060806443593696,0.29698868062115713,0.8744344453835828,0.6705116094068513,0.6727572548434677,0.42252108917946934,0.8015794096687051,0.25954192147698835,0.7242662291386996,0.22526061088185087,0.4811896120253899,0.07047680604584099,0.4151129451929929,0.7676461326836707,0.3994514327383616,0.3530966704784633,0.5437776562422314,0.5710485755481529,0.667661048409818,0.781492898457051,0.22699249241783923,0.7168000795505395,0.7124496594242531,0.46635675102338453,0.6527950413497074,0.6150168216244882,0.546280183629162,0.7489351828833757,0.9163144897993005,0.3924327549346193,0.2621273140091815,0.9193970732030692,0.82844428976284,0.2415601849550042,0.5879033460945657,0.4759442483302673,0.10252075771888827,0.8020434544821756,0.6266593745338835,0.9090140705016655,0.5424103813453984,0.49373539501814745,0.5011435390046238,0.9007607020335107,0.7317655247849649,0.17266610318367887,0.19231342912544125,0.298737135186198,0.7015694658512737,0.3623195611461907,0.34714695304860876,0.4751570294502727,0.5592237193191799,0.3466911947496644,0.7254512007159548,0.697310197384776,0.3301098791826182,0.6714231260047399,0.4250484761099786,0.9276587281857506,0.6107161205853593,0.17236778866073355,0.48677472281608913,0.5200947977261804,0.6393377417590613,0.32159962876414927,0.3265715374799052,0.5626791958766304,0.7342597656573692,0.5081207842357348,0.14856063242678866,0.28768292480816715,0.17742256252175212,0.7962263212847411,0.6698652612738031,0.565886076998293,0.5502328510581879,0.5190838429539768,0.8844777009894098,0.6572117535922042,0.7978836241899933,0.5840501168398549,0.3537761646696167,0.2325195976068546,0.3524586088599413,0.8935182883375594,0.69233828866902,0.7778053994928653,0.6251926614627356,0.14824574487479075,0.7140821027859262,0.5339912825867184,0.43439566449559985,0.912436401001011,0.5041515437776563,0.33295215366512537,0.4191981968544391,0.35569863603970897,0.4365004391852699,0.28832098642668924,0.2811200053033693,0.06069043239032798,0.6217371849052851,0.9428479093123849,0.5612290558345349,0.2125325245695156,0.37315003563201243,0.3477767281526044,0.2391073766552313,0.6462735544175409,0.6725583784948375,0.8320737831253417,0.05279338404680224,0.7477584978206466,0.8376174613434098,0.3472132451648188,0.11670727058784536,0.27285006380616184,0.884229105553622,0.5490064469083015,0.726569880177,0.18159896584298713,0.5215780838263809,0.46470773463265874,0.0026185385902981486,0.40315550473159983,0.6252009479772618,0.8584663318914798,1.0,0.5118248562289729,0.39793500058005604,0.36901506488340874,0.8657501781600623,0.9183861184308655,0.5403221796847809,0.17121596314158338,0.4385803543313611,0.39684118066258967,0.8681201213145726,0.5342978836241901,0.3788345845970268,0.8009330615356569,0.16583801521404068,0.2837716899517725,0.6194169608379323,0.8730423109431711,0.7036991000845225,0.6478645652065829,0.7300667893070818,0.46842009314042327,0.30230033643248977
178,0.9547307711430417,0.6147433666451217,0.2559952932597491,0.2115712888844694,0.30443825718026485,0.6006148593778484,0.7360247932514625,0.6263693465254645,0.7489020368252706,0.6083876100034804,0.9040753078440147,0.9447620941679511,0.030088334244849933,0.7200898258174646,0.9256616781849217,0.3784948375014501,0.2903926150582542,0.9213692636603192,0.37129385637813017,0.7274068181441522,0.0728136031422463,0.42558709955418556,0.03122358673494755,0.47278708629576227,0.33102968229503305,0.11884519133562041,0.008866570543098161,0.1298165365683886,0.639039427236116,0.21587198992359835,0.05634829877856776,0.15023450836109314,0.19716104012330332,0.7778219725219178,0.06261290376042028,0.5867266610318367,0.4644922852549761,0.4278327449908019,0.8832015777523657,0.8404928818840219,0.2102951656474254,0.684109779744444,0.11651668075374136,0.5665904307330251,0.46891728401199884,0.10755895855085434,0.9221979151129451,0.6342829678980427,0.7654667793632643,0.8468154924675583,0.1610069772452311,0.6194832529541424,0.8025406453537514,0.3337808051177513,0.20003646066391556,0.6697906826430667,0.15791610732693614,0.7672980990735677,0.12215979714612438,0.2368700177331411,0.05500588342531364,0.2015943253948524,0.684814133479176,0.19496511377384446,0.1892474187507251,0.9395747360745124,0.2808134042658977,0.7633205721009629,0.6680256550489733,0.13166442930774458,0.3810553704900645,0.36192180844893024,0.9334841478977113,0.8303916206765111,0.8518371202704718,0.22838462685825087,0.34674920035134826,0.4785627869205655,0.17493660816387413,0.12401597640000663,0.48167851638243925,0.6233613417524322,0.12408226851621672,0.8693216659208803,0.26571537479905205,0.06700475645933807,0.4536866703127331,0.26448068413463927,0.502519100415983,0.29062463746498945,0.9138865410431065,0.8883806493312784,0.44385886408458874,0.6991166575515007,0.10383831352856362,0.11640895606489998,0.7387261969870234,0.7341520409685278,0.7922239347685576,0.8018528646480717,0.2611577918096091,0.24293574636636336,0.187333233895159,0.3191799665224813,0.7207361739505129,0.7641575100681152,0.8126336200467359,0.8891761547257993,0.5274532226254993,0.8769535457995657,0.09235320439516731,0.928851986277532,0.9427401846235436,0.8322229403868145,0.6977245231110889,0.7576028770778436,0.2667180430567294,0.36382770678997,0.9434611113873284,0.07841528696199804,0.15750178160062317,0.08395896518006596,0.6609572581580736,0.7583072308125756,0.9012164603324551,0.8855963804504549,0.911988929216593,0.6042940718275078,0.776520989741295,0.7043371617030445,0.8783705397835563,0.1681996718540248,0.11076583967251694,0.20814895838512407,0.45075324417043705,0.7154825237408642,0.7073948855632344,0.7282188965677256,0.09869238800775618,0.32505510532159965,0.8900876713236878,0.21794361855516337,0.5945574172591525,0.20659938016871343,0.7430683305987835,0.8793980675848124,0.7619450106896036,0.8803261572117536,0.65485009695222,0.14713535192827193,0.046644790268317346,0.8393493428793981,0.5094134805018313,0.9191816238253867,0.08631233530552379,0.8097581995061237,0.7650855996950563,0.13294055254478862,0.8161305291768177,0.8084406436964484,0.6108404183032532,0.0384162813437412,0.7223686173121862,0.5616185220172691,0.7495898175309501,0.06668986890734019,0.12757089113177217,0.5964301695420872,0.9069010092974693,0.7446344818442466,0.09409337244568189,0.91055536220355,0.908483733571985,0.004134970748603722,0.8266544026251679,0.7951076418236962,0.6346807205953032,0.5118248562289729,0.9999999999999999,0.8454150715126203,0.17765458492848737,0.5978554500406039,0.5613533535524288,0.9322991763204561,0.09539435522630471,0.21777788826463812,0.8615240557516697,0.5903727274233912,0.9706574520625133,0.8282039808415784,0.6816155388720396,0.11379870398912809,0.6402409718424236,0.8480418966174448,0.5775617759657932,0.6644293077445764,0.7824872802002022,0.7001773314108619,0.9007109829463532,0.6968792986294106
179,0.8605628200666235,0.47112978339051026,0.18873365485009697,0.15596877641326506,0.22348729677323126,0.7228575216692354,0.8325792605114437,0.5050713468900712,0.6352193440395101,0.4853328692885199,0.9199191236182237,0.8646480717280697,0.017990023036510382,0.6047415436119259,0.8029715441091168,0.2572216974096356,0.21487760818044715,0.8281708347834732,0.30326985863206224,0.6019489882165763,0.05181557533270356,0.31381030510946484,0.017310528845357068,0.3525580470342564,0.22584895341321534,0.09548550688609357,0.0015495782164106134,0.09300783904274186,0.5159018213758929,0.1546760801471685,0.04415054939591309,0.11034322743167771,0.156349956081473,0.653640265831386,0.04612273985316296,0.465892706209914,0.3634382406072358,0.31391802979830624,0.7629891115199126,0.7118613168928885,0.1531845075324417,0.5611627637183249,0.09706823116060923,0.4628515553787766,0.35107476093405593,0.08892258738129567,0.8885795256799085,0.5075158686753178,0.6494721490246773,0.9687432672069474,0.12415684714695306,0.5066872172226918,0.6901092162614562,0.25054276670147,0.13822734881254248,0.5622648701503175,0.11826513531878222,0.6528696199804438,0.09563466414756626,0.16983211521569797,0.041382853544142256,0.14024097184242365,0.5646679593629327,0.14334012827524487,0.14529574570344223,0.8031289878851158,0.192495732445019,0.6487429357463663,0.5458161388156912,0.11004491290873233,0.2806559604898987,0.26627885778683774,0.8456553804338818,0.7145130015412917,0.7542302656656558,0.16406470110542104,0.2327019009264323,0.34181872420822357,0.12601302640083528,0.09728368053829199,0.35982532027378644,0.5141119342382208,0.10160095460647342,0.7518768955401979,0.18144980858151444,0.04572498715590248,0.3416447074031721,0.1858913803675898,0.37890916322776313,0.23309136710916656,0.8370208322975191,0.8281211156963159,0.3266709756542203,0.5857654253467907,0.08143157824955666,0.09123452493412221,0.8477187225509206,0.6225326902998061,0.8639188584497589,0.9042576111635923,0.17250037289315368,0.1645453189479441,0.14438422910555365,0.20520724572830176,0.60282735875636,0.8642586055453356,0.700401067303071,0.8534695636321451,0.41080395763933764,0.7646298413961119,0.07160377202141235,0.8747659059646332,0.8374600175674108,0.7236033079765988,0.7618952916024462,0.8733986310678001,0.1854107625250667,0.24590231856676445,0.8228094598849832,0.06340840915494125,0.11670727058784534,0.06547175127197999,0.5547407149604733,0.6280266494307165,0.8088383963937088,0.7880972505344802,0.8289331941198892,0.48491854356220687,0.6591590845058752,0.5838429539766984,0.7693863007341851,0.1328991199721573,0.08665208240110045,0.14266063408409155,0.3248810885165482,0.5889225873812958,0.5820364938099736,0.6204113425810835,0.07807553986642138,0.23223785611296177,0.8214421849881502,0.14145908947778385,0.4732345580801802,0.148220885331212,0.8684101493229918,0.8665871161272145,0.8182933094681715,0.8279139528331593,0.7572216974096355,0.11243142909229521,0.03102471038631731,0.7183330847378975,0.41541954623046456,0.793475198462023,0.06489998176966805,0.9430633586900677,0.8701337443444539,0.10190755564394505,0.7109083677223687,0.6864631498699018,0.5059414309153284,0.02401431909710138,0.6050895772220288,0.44354397653259087,0.865833043305325,0.04983509836092742,0.09454084423009992,0.4949369396244552,0.8237955551136081,0.6250435042012628,0.07321964235403304,0.7889259019871062,0.909826148925239,0.0007955053945209567,0.8369876862394141,0.6757735461310264,0.5153300518735809,0.39793500058005604,0.8454150715126203,0.9999999999999999,0.1300734185187027,0.47309368733323387,0.44259931387659723,0.7996155057259815,0.07508410812244154,0.1486517840865775,0.9160161752763551,0.47277051326670977,0.832430103249971,0.9020368252705546,0.5554782147533105,0.08613003198594607,0.7528464177397703,0.7249622963589054,0.45216195163990125,0.5365849616334378,0.6571620345050464,0.5851853693299525,0.8004773032367127,0.8067833407911964
180,0.143663302341769,0.3218150781418319,0.9170437030776115,0.9444140605578482,0.6708596430169541,0.13597341686139977,0.1657717230978306,0.3032698586320622,0.2400934718838562,0.3233232237856113,0.16048492683007673,0.15001077246888414,0.06785826745554285,0.28680455426838364,0.21091665423689487,0.534811647524818,0.7090024693813288,0.15375627703475364,0.46329074064866843,0.24194965113773848,0.35931984288768465,0.4989558991696912,0.05909942160128606,0.4225708082666269,0.5990321351033328,0.7428445947065746,0.005087919919123618,0.6449642851223918,0.2938480916157046,0.8230912013788759,0.16544026251678018,0.9021776960175012,0.9587000116011204,0.2257246556953214,0.35395018147466817,0.32327350469845373,0.42716982382870117,0.4946800576741411,0.2015611793367474,0.2346740913836822,0.8907671655148411,0.2550340575747029,0.5601932415187524,0.32799681797842195,0.43795057922736536,0.46210576907141315,0.14056414590894778,0.3105702779296972,0.24776678433517296,0.1333383052420491,0.8163128324963953,0.3427716733787435,0.24395498765309334,0.6147350801305955,0.8827872520260527,0.3092030030328643,0.74728616649265,0.2732892490760536,0.5817298927725021,0.8411558030461228,0.09590811912693284,0.928885132335637,0.2739936028107858,0.9352077429191733,0.8555494787782363,0.19460050713468902,0.6558776247534762,0.25968279222393476,0.3008501963903943,0.5309418452410547,0.5607152919339068,0.6075921046089594,0.1720197550506306,0.216021147185071,0.17556638326786989,0.7684167785346128,0.5741477319809741,0.43848920267157226,0.8968660402061684,0.7613649546727657,0.41898274747675635,0.33640763022257575,0.7224929150300801,0.22010639884651717,0.7416264770712144,0.3520194235900496,0.49873216327748227,0.6912113226934486,0.42145212880558175,0.7744659341387826,0.1781020567129054,0.1792207361739505,0.46242065662341103,0.2812443030212632,0.4430799317191203,0.4923681201213146,0.12801836291619018,0.2721622831004823,0.12502693117221034,0.0926017998309551,0.7453968411806626,0.7110906710419463,0.677704304015645,0.5736836871675036,0.2733223951341587,0.14121049404199607,0.25299557500124303,0.13703409072076103,0.3428048194368485,0.19916637663865827,0.5014418535275693,0.17975107310363114,0.21127297436152404,0.20871244137290973,0.13574968096919074,0.1402078257843186,0.7585972588209948,0.580387477419248,0.18338885298065927,0.5704602330167885,0.7606688874525597,0.5924857886275874,0.3110343227431677,0.22874094698288006,0.16416413927973617,0.19676328742604285,0.17681764696133512,0.32511311092328343,0.2532358839225045,0.250128440975157,0.17951076418236964,0.829049205323257,0.6318633056563748,0.9665390543429622,0.43046785661015263,0.2600639718921427,0.2738361590347868,0.18178126916256485,0.2992757586304049,0.5792770844727291,0.156349956081473,0.8067501947330914,0.33299358623775666,0.7858433185833376,0.12534181872420824,0.1761381527701818,0.14740052039311224,0.1674621720611876,0.1307114801372247,0.7728334907771093,0.10092146041532012,0.20006960672202057,0.3791080395763934,0.2148858946949734,0.6407464492285255,0.1154560068943801,0.13294883905931487,0.5860885994133147,0.1878138517376821,0.2048840716617776,0.28777407646795605,0.12862327847660718,0.2547771756243889,0.30300469016722187,0.134514990304778,0.3681698404017303,0.7689802615223985,0.32634780158769616,0.19722733223951341,0.27380301297668175,0.5739488556323438,0.20516581315567045,0.1436218697691377,0.0013672748968328941,0.17482059696050647,0.2526889739637713,0.3029301115364855,0.36901506488340874,0.17765458492848737,0.1300734185187027,1.0,0.3277979416297917,0.35725650077064586,0.1959263494588906,0.4735660186612307,0.8199423258588973,0.13545965296077164,0.32310777440792854,0.20307761149505293,0.13125010358143158,0.2946601700392781,0.2717645304032218,0.1399426573194783,0.20991398597921743,0.3293309468171498,0.26519332438389764,0.21532507996486522,0.2833076451383019,0.12791892474187508,0.1286978571073435
181,0.5602346740913837,0.8842125325245694,0.4195793765226471,0.37595087754188833,0.5315467608014717,0.34514990304778004,0.41407713087721043,0.9435356900180646,0.789903710701205,0.9147814846119425,0.5208405840335438,0.549371053547457,0.036584961633437746,0.854961136246872,0.6522895639636056,0.642039145494622,0.5166807537413614,0.6033908417441456,0.6393543147881139,0.839183612588873,0.10609224547970633,0.7136097714579293,0.03921178673826215,0.8419181623825387,0.579335090074413,0.21134755299226038,0.007665025936790466,0.18225360049056166,0.9104144914566035,0.40729876199472975,0.07142975521636089,0.3130396592585227,0.3309385306352442,0.757362568156582,0.09967019672185484,0.9554185518487214,0.7595336349624621,0.7085964301695421,0.6713816934321086,0.7029035946900015,0.39695719186595735,0.8866073352226587,0.1865708745587431,0.8407166177762311,0.7913207046851953,0.16906975587928205,0.5341652993917699,0.9271201047415435,0.7939972488771772,0.4852168580851522,0.27347983891015765,0.9380500174016805,0.7730489401547921,0.583577785511858,0.37917433169260345,0.9179800792190789,0.23542816420557186,0.8195777192197418,0.19846202290392614,0.43103133959793827,0.06860405376290624,0.365675599529326,0.8985896352276306,0.3566515852102289,0.31226072689305423,0.6253418187242084,0.5137970466862228,0.7706044183695454,0.8936674455990321,0.2013291569300121,0.6405641459089477,0.5767082649695885,0.5597457697343344,0.7609837750045576,0.7167006413762244,0.4572001524718673,0.6145859228691228,0.8027560947314342,0.3616069208969323,0.21952634282967898,0.8157244899650309,0.940138219062298,0.20851356502427948,0.6799333764232088,0.4207146290127447,0.0950877541888331,0.7098725534065862,0.5219841230381677,0.8694708231823529,0.49505295082782286,0.58319660584365,0.6032416844826729,0.7746316644293078,0.8550357148776081,0.16210908367722368,0.17637846169144336,0.37101211488423735,0.8011567974278659,0.4281310595137473,0.4173751636586619,0.42220620162747147,0.44170437030776116,0.30651817232635614,0.596264439251562,0.8023583420341736,0.40725732942209847,0.7679693067501947,0.5052039311224913,0.8909991879215765,0.7052569648154594,0.15085599695056268,0.5691923962942708,0.6181822701735197,0.7448913637945606,0.3701337443444539,0.407083312617047,0.4899235983360679,0.5987918261820713,0.6020815724489965,0.13077777225343476,0.2603208538424568,0.1329654120883674,0.9055668804587416,0.7807056795770564,0.665912593844777,0.6469530486086943,0.6075755315799068,0.9643099819353984,0.7665440262516781,0.8720893617726512,0.6800991067137341,0.31792041631448975,0.19284376605512188,0.31055370490064466,0.7727589121463729,0.8037504764745852,0.8900213792074778,0.7260395432473193,0.1377218714264406,0.5771971693266378,0.6372329670693913,0.3781302308622947,0.9298546545352094,0.424518139180298,0.3902699746432655,0.4951938215747692,0.42359004955335683,0.5260279421269826,0.34907771093322726,0.24107956711248113,0.05941430915328394,0.7291138401365618,0.8734649231840104,0.6600623145892375,0.17603871459586667,0.44429804935448053,0.40119160078887617,0.21548252374086413,0.7557218382803824,0.7698089129750244,0.9269875205091234,0.05078804753144732,0.8598584663318916,0.8928802267190374,0.4224547970632592,0.10146837037405328,0.24199108371036976,0.9169194053597176,0.6457929365750179,0.834311142047432,0.15837186562588046,0.5943751139395748,0.5359551865294421,0.002916853113243507,0.46915759293326037,0.7265864532060524,0.904630504317274,0.8657501781600623,0.5978554500406039,0.47309368733323387,0.3277979416297917,1.0,0.8584663318914798,0.6346144284790931,0.1509140025522465,0.3919024180049388,0.4903462105769072,0.9521288055817961,0.6110973002535673,0.46475745371981636,0.914317439798472,0.15726975919388786,0.3420590331294851,0.7126319627438307,0.954100996039046,0.8493843119706989,0.7675881270819868,0.8412966737930692,0.5704933790748935,0.3619632410215615
182,0.5299474634979034,0.8989128092941546,0.42958119955584284,0.4227282520426258,0.6242645718357944,0.34129667379306916,0.40260030825834037,0.8683272841777291,0.7108255025771061,0.8915709574238884,0.47094748007093257,0.5206499941994398,0.026632857687399526,0.7641906561262202,0.6261787566913604,0.7402260561162763,0.6062248297121264,0.5696398680786887,0.7530784401465056,0.7504516150416811,0.09519547887767447,0.834568023997746,0.02821558196191518,0.8904771375064221,0.6833971394951854,0.21379207477750706,0.004474717844180381,0.1777125905301712,0.8846848638525662,0.46233779147814846,0.0595054608130728,0.33963937088781715,0.37853627007408147,0.6794610450952121,0.08583171746300072,0.8718159067932845,0.8707718059629759,0.8322809459884983,0.6088019357297932,0.6637829596115281,0.4348928553671755,0.7582492252108919,0.19154278327449908,0.957573045625549,0.9006612638591955,0.16899517724854574,0.5153880574752647,0.8244667627902351,0.707544042824707,0.451963075291271,0.2785760453438075,0.9042493246490662,0.7004342133611761,0.6494887220537298,0.41193092361490913,0.8279802449493694,0.24001889325311987,0.751114536203782,0.1921559853494423,0.4741626477071214,0.05856079815707917,0.4065695487164189,0.7937237938978107,0.3944960970516581,0.3260992061519084,0.5833871956777539,0.5914334012827525,0.6880873067170487,0.7805813818591625,0.20596960506471768,0.7531778783208207,0.6835794428147633,0.5080379190904722,0.6757404000729214,0.6461326836705945,0.5426092576940287,0.7302242330830806,0.8919438505775701,0.41440030494373453,0.2354447372346244,0.9083842953976697,0.8218730837435158,0.20759376191186463,0.6040951954788776,0.49129087323290077,0.08264140937039063,0.8325212549097598,0.6068960373887535,0.8570659109365419,0.5514841147516532,0.5356734450355491,0.5428661396443427,0.8830441339763668,0.743780970848042,0.16066723014965445,0.17122424965610963,0.36841843583751804,0.7251445996784832,0.42358176303883055,0.4046719368899053,0.48549859957904506,0.5527188054160659,0.31368600739157093,0.7184905285138965,0.7152339283050764,0.38334244849931215,0.6929349177149108,0.4818028141003331,0.8862427285835033,0.6384013656175939,0.15007706458509423,0.5490147334228277,0.5531165581133264,0.6727572548434677,0.36347967317986707,0.3764977875006215,0.5667727340526028,0.7106431992575284,0.5456421220106399,0.12149687598402359,0.28115315136147434,0.12293044299706656,0.8148875519978787,0.6813337973781468,0.5974245512852384,0.5843318583337477,0.5406784998094102,0.8820000331460581,0.6775717197832247,0.8123270190092644,0.6200633089709806,0.33241353022091846,0.2071711496710254,0.3392416181905567,0.877823629824823,0.6981968544390857,0.7849483750145014,0.6303385869835431,0.12422313926316313,0.6911533170917649,0.56451880210146,0.4551948159565124,0.9204577470624306,0.4900644690830143,0.39325311987271916,0.4722816089096604,0.3948524171762873,0.47720379853825884,0.34674091383682193,0.24182535341984457,0.048094930310412835,0.6437130214289265,0.917250865940768,0.5915411259715938,0.1974096355590911,0.4094946883441887,0.40124131987603373,0.21636918079517392,0.679171017086793,0.6922554235237574,0.8222874094698288,0.03861515769237144,0.7694608793649216,0.8166525795919719,0.40131589850677,0.08833424484993123,0.2363479673179867,0.9204246010043257,0.6019324151875238,0.7632625664992791,0.1600374550456587,0.5515006877807056,0.5003148875519978,0.0018147466812509323,0.4587497306882779,0.6395449046222178,0.8911980642702066,0.9183861184308655,0.5613533535524288,0.44259931387659723,0.35725650077064586,0.8584663318914798,0.9999999999999999,0.5905384577139163,0.14841147516531597,0.4901887668009082,0.43720479292000203,0.8544142262881387,0.5835363529392268,0.42833822237690383,0.8188070733687995,0.14375445400155787,0.33960622482971214,0.6515686371998209,0.8626758812708197,0.7122922156482541,0.6695503737218051,0.7396460000994382,0.50516249854986,0.3616069208969323
183,0.8814614097018512,0.6308192048260661,0.27648784368319,0.2348646812177862,0.3423076285652729,0.5778435174596861,0.6970533154344619,0.6524552942541308,0.8075374136130861,0.6439699033792406,0.8611925951706194,0.9038847180099105,0.04583271184474387,0.7709938845522796,0.965412088367391,0.41227067071048573,0.3102802499212781,0.9248827458194533,0.4029483418684433,0.753153018777242,0.09285039526674291,0.4455575995624721,0.05010026682576774,0.49700856825602013,0.35283150201362307,0.13967748885463796,0.014368816188534778,0.15300220421286398,0.6567559952932598,0.2297684747841363,0.07783523094515984,0.1778203152190126,0.21785246689537446,0.8332504681880707,0.09252722120021876,0.624156847146953,0.4783970566300403,0.4342630802631797,0.944472066159532,0.9049619648983245,0.2259401050730042,0.7359419281061998,0.13866653408243423,0.5775369164222144,0.4986161520741146,0.13522763055403636,0.8656175939276421,0.6828336565073998,0.8103299690084358,0.8143323555246194,0.18401034157012877,0.6440279089809245,0.8343608611345896,0.35559919786539385,0.21912030361789225,0.7170238154427485,0.17673478181607252,0.8112414856063241,0.14735080130595465,0.25586270902732894,0.07661711330979963,0.22209516233281956,0.7258075208405841,0.2151179171017087,0.21203533369793998,0.9643016954208722,0.30627786340509455,0.8246822121679179,0.7226420722915528,0.15906793284608628,0.40236828585160517,0.38789174497422896,0.8926150582541972,0.8728434345945408,0.8760917482888346,0.251976333714513,0.3702580420623477,0.4952021080892955,0.20069938182601632,0.16178590961069955,0.516158703326207,0.6875735428164205,0.14058900545252653,0.9359783887701155,0.2953148046868526,0.08857455377119276,0.4799714943900297,0.28914135136478897,0.552818243590381,0.313147383947364,0.9462950993553091,0.9146074678068911,0.47315169293491777,0.7607186065397173,0.12633620046735944,0.14304181375229952,0.6741825353419845,0.8064684532391986,0.7227249374368154,0.7365634166956695,0.2844428976283995,0.2526392548766138,0.20581216128871876,0.35290608064435935,0.780249921278112,0.7160045741560186,0.8618555163327201,0.8333001872752281,0.5896766602031853,0.9245264256948243,0.11893634299540928,0.9169525514178227,0.9437262798521685,0.8631067800261853,0.6371003828369711,0.7158471303800196,0.28309219576061917,0.3902948341868444,0.9448118132551085,0.11515769237143472,0.1768839390775452,0.11916836540214455,0.7012214322411707,0.8079683123684516,0.9197451068131721,0.9186098543230746,0.9439665887734301,0.6271731384345116,0.8308722385190341,0.7169078042393808,0.8761414673759923,0.18983576128208954,0.13756442765044166,0.23329852997232303,0.47298596264439247,0.7676129866255654,0.7471121496875983,0.7351878552843103,0.12549926250020715,0.35158852483468406,0.8797129551368104,0.24467591441687797,0.6336697658230994,0.23303336150748272,0.6919736820298646,0.8352723777324782,0.7231061171050233,0.8849914648900379,0.6024710386317307,0.16898689073401946,0.06963158156416248,0.8940071926946088,0.5373887535424848,0.9701188286183065,0.10623311622665274,0.760776612141401,0.703301347387262,0.1572200401067303,0.8433102968229504,0.8536601534662489,0.6525713054574985,0.05962147201644044,0.7534679063292398,0.5955020799151461,0.7059861780937703,0.09715938282039807,0.1524387212250783,0.6081473010822188,0.9198776910455925,0.7877989360115347,0.12135600523707718,0.9126104178060624,0.8574470906047498,0.007416430501002668,0.779197533933277,0.8513316428843699,0.6540297320141202,0.5403221796847809,0.9322991763204561,0.7996155057259815,0.1959263494588906,0.6346144284790931,0.5905384577139163,1.0,0.1207510896766602,0.22249291503008006,0.8362501864465769,0.6436467293127165,0.9380500174016805,0.7633039990719104,0.7203798538258838,0.13593198428876846,0.5962892987951408,0.8955816304545982,0.6309186430003811,0.6965064054757288,0.8337808051177514,0.7631962743830689,0.8949352823215498,0.6389317025472745
184,0.050373721805134324,0.12360993718821987,0.4664644757122259,0.43502543959959555,0.3210858648635211,0.11567145627206285,0.1252506670644194,0.11881204527751539,0.1296508062778634,0.15668970317704967,0.11198395730787716,0.09082848572233548,0.23372942872768854,0.13041316561427932,0.1159531977659557,0.2562190291519581,0.3065596048989874,0.054384394835844146,0.215830557350967,0.10823845274200766,0.7471867283183349,0.22633785777026466,0.15619251230547407,0.1722932100299972,0.2875420540612208,0.729751901755084,0.014924012661794196,0.8657004590729047,0.1165912593844777,0.3395565057425546,0.26052801670561326,0.5732693614411907,0.46897528961368273,0.11795853428131059,0.7591607418087803,0.14482341437544544,0.1440610550390295,0.21750443328527153,0.12849069424418702,0.1282420988083992,0.38112166260627456,0.13340459735825916,0.9087571885513516,0.12351878552843104,0.18443295381096803,0.9402459437511396,0.0833126170470177,0.15915908450587515,0.11985614610782412,0.07716402326853278,0.6335288950761531,0.162979167702481,0.09153283945706756,0.2861499196208091,0.48378329107210927,0.1391305788959048,0.7178856129534795,0.13171414839490214,0.7478496494804356,0.3582674555428496,0.1858830938530635,0.4272195429158588,0.11321864797228991,0.4219327466481049,0.5539534960804786,0.12309617328759177,0.28791494721490246,0.14704420026848308,0.15175094051939872,0.9116989012081738,0.24934122209516232,0.28171663434926,0.10351513946203948,0.11727075357563102,0.07873846102852218,0.3257511725418054,0.2662208521851539,0.21319544573161636,0.45859228691227893,0.6929183446858582,0.2015777523657999,0.1562753774507367,0.6825850610716122,0.13153184507532442,0.38468486385256634,0.7633702911881205,0.23030709822834317,0.3523757437146788,0.2458443129650806,0.3519779910174182,0.11453620378196523,0.12187805565223156,0.23092858681781267,0.1600374550456587,0.8643000381179669,0.9519713618057972,0.08915460978803096,0.14144251644873135,0.08825966621919487,0.06529773446692852,0.45051293524917546,0.29769303435588923,0.29525679908516883,0.33131971030345214,0.1454449029649149,0.11456106332554401,0.12623676229304429,0.08084323571819221,0.15659855151726082,0.11029350834452015,0.9715275360877709,0.1227398531629626,0.11693100648005436,0.10086345481363629,0.11161106415419547,0.10230530834120552,0.31245131672715826,0.24741046421054375,0.11884519133562041,0.8718573393659159,0.7123833673080429,0.8834916057607849,0.12571471187788993,0.1289050199705,0.0906130363446527,0.13792074777507085,0.12971709839407347,0.14112762889673344,0.11889491042277797,0.10204842639089146,0.07479408011402244,0.40881519415303536,0.7888098907837384,0.5117171315401317,0.20348365070683969,0.15228127744907938,0.1323604965279504,0.07900362949336251,0.6284326886425031,0.2810702862162118,0.0923946369677986,0.3684101493229918,0.14564377931354514,0.4096355590911351,0.08743930128109514,0.12370937536253501,0.11471850710154295,0.12984139611196738,0.10814730108221882,0.6878635708248397,0.20417143141251926,0.12285586436633023,0.17158885629526507,0.11694757950910688,0.798579691410199,0.07804239380831633,0.08776247534761929,0.8799118314854406,0.0826248363413381,0.11226569880177,0.11289547390576575,0.32702729577884954,0.1066142958948607,0.17661877061270487,0.10334112265698803,0.8170088997166012,0.7226420722915529,0.13694293906097216,0.10135235917068562,0.1359402708032947,0.8228508924576144,0.1516349293160311,0.0796665506554633,0.005643116392383036,0.14512172889839076,0.151344901307612,0.1322030527519515,0.17121596314158338,0.09539435522630471,0.07508410812244154,0.4735660186612307,0.1509140025522465,0.14841147516531597,0.1207510896766602,0.9999999999999999,0.378776578995343,0.10573592535507714,0.14642271167901358,0.11328494008849997,0.08519365584447869,0.13309799632078756,0.4744609622300668,0.125142942375578,0.10925769402873764,0.17159714280979135,0.17200318202157808,0.12810951457597908,0.16602860504814462,0.05670461890319694,0.10168381975173603
185,0.15732776479557167,0.42047432009148317,0.7824955667147285,0.8329272941215466,0.8185999105056432,0.162597988034273,0.19229685609638872,0.3710949800295,0.30339415634995603,0.4029234823248645,0.18198014551119507,0.18459868410149324,0.06901837948921924,0.31167238436168976,0.24414557748719734,0.701262864813802,0.856527287492335,0.17498632725103166,0.6493975703939409,0.2906992160957258,0.30351845406785,0.6312666766104841,0.06813172243490942,0.530535806029268,0.7417424882745819,0.5846053133131142,0.017666848969986243,0.5347702149521868,0.38495003231740665,0.9012993254777175,0.12425628532126815,0.7457697343343443,0.7831253418187242,0.25670793350900745,0.26491986940453105,0.4126518503786938,0.5914582608263312,0.5994961799168034,0.23081257561444504,0.3191882530370076,0.8992276968461526,0.3433268698520029,0.47639172011468534,0.44963456470939195,0.5156697989691575,0.3892921659291669,0.1699066938464343,0.34651717794461295,0.26986691857670825,0.15180065960655628,0.6328079683123685,0.41674538855466614,0.27710933227265955,0.7775153714844463,0.9175326074346608,0.3530635244203584,0.6346475745371982,0.3167437312517609,0.5008866570543099,0.8903362667594756,0.09958733157659225,0.8862758746416082,0.3148626924542999,0.8777076186214554,0.6931752266361723,0.22481313909743283,0.831982631465553,0.2896882613235221,0.33369793997248876,0.44471237508079353,0.6909793002867134,0.7475181888993853,0.1985366015346625,0.23557732146704455,0.22463912229238137,0.8988299441488923,0.7103531712491092,0.5197467641160775,0.8721722269179137,0.5972256749366082,0.5246358076865709,0.37523823729263,0.5288122110078058,0.24614262748802604,0.9320920134572996,0.25993138765972257,0.6249937851141053,0.8308639520045079,0.4993122192943204,0.8925984852251445,0.20192578597590283,0.20433716170304447,0.5603672583238037,0.30796831236845157,0.3448101559522034,0.42818906511543114,0.1342249622963589,0.3312036991000845,0.15567874840484594,0.12635277349641194,0.9174000232022408,0.8862178690399243,0.5883591043935099,0.7159548550688609,0.30456255489815875,0.16147930857322793,0.2880309584182701,0.15631681002336797,0.4780987421070949,0.22573294220984766,0.3889524188335902,0.18681946999453092,0.2197915112945193,0.22594010507300422,0.1641309932216311,0.15017650275940936,0.8973715175922704,0.7137174961467708,0.21500190589834106,0.47629228194037027,0.6098791826182072,0.399782893319412,0.3721225078307562,0.2793715507383284,0.1824939094118232,0.24704585757138833,0.20930907041880045,0.43688161885347787,0.2696183231409205,0.3102885364358044,0.19935696647276227,0.7330913671091666,0.4800626460498185,0.8502378229669036,0.5598037753360182,0.29147814846119424,0.3627090273289249,0.19889292165929168,0.2815840501168399,0.7529707154576641,0.17550837766618604,0.9386963655347287,0.424775021130612,0.9522282437561114,0.13286597391405228,0.20345050464873463,0.16049321334460298,0.19055668804587417,0.15913422496229634,0.5822022241004989,0.1081473010822188,0.2410298480253236,0.46987851969704497,0.25276355259450767,0.4695470591159946,0.132633951507317,0.14106133678052338,0.5211803311291204,0.20443659987735957,0.235337012545783,0.4027411790052868,0.14023268532789737,0.32373754951192435,0.40481280763685173,0.16945093554749,0.2881884021942691,0.5930741311589519,0.4298380815061569,0.19604236066225822,0.3297038399708315,0.46304214521288056,0.24997928371368439,0.1715391372081075,0.01362302988117138,0.20622648701503174,0.2777473938911815,0.3840633752630968,0.4385803543313611,0.21777788826463812,0.1486517840865775,0.8199423258588973,0.3919024180049388,0.4901887668009082,0.22249291503008006,0.378776578995343,0.9999999999999999,0.15552130462884703,0.4122043785942756,0.23880906213228592,0.15689686604020614,0.35573178209781403,0.2635691675367507,0.1612307131374401,0.2419413646232122,0.41660451780771973,0.31758066921891315,0.2618952916024462,0.3371699895589917,0.13206218200500505,0.14866835711563003
186,0.8408077694360199,0.48299607219211455,0.20149488722053732,0.1531845075324417,0.256948242430269,0.7108586486352111,0.8224282802167753,0.511567974278659,0.6578581017252523,0.5067369363098493,0.928437660551219,0.8906014352243159,0.04790434047630886,0.6088185087588458,0.8220222410049884,0.2901108735643613,0.21413182187308374,0.8293226603026235,0.3105702779296972,0.5995707585475397,0.0824591060508129,0.31378544556588606,0.055345630520890296,0.35516829911002834,0.26884767728997827,0.10412005502245646,0.028820497522332154,0.10995376124894346,0.5201942359004955,0.14806344155521306,0.07558958550854339,0.1388405508874857,0.15576990006463481,0.6857505096206434,0.09134224962296358,0.4769883491605761,0.351779114668788,0.30612041962909564,0.7872271665092228,0.7597407978256185,0.14895009860952288,0.5868178126916257,0.1133843782628151,0.45671124811481795,0.34763585740565806,0.12027047183413712,0.88664876779529,0.5279089809244435,0.6478479921775302,0.9113840136561759,0.14343956644956002,0.522025555610799,0.6798836573360514,0.26913770529839737,0.14098675814978703,0.5591740002320225,0.12566499279073234,0.6507731318053,0.12205207245728303,0.16987354778832928,0.07565587762475348,0.15086428346508893,0.576849135716535,0.14962130628614992,0.1606755166641807,0.8497323455808019,0.228707800924775,0.6760718606539717,0.5679328460862791,0.14758282371268996,0.2963506190026351,0.2845091897446096,0.890062811780109,0.7093836490495368,0.748056812343592,0.15640796168315682,0.25224150217935337,0.35603838313528563,0.14854405939773613,0.13535192827193027,0.37573542816420563,0.535474568686919,0.10542103780307926,0.7715988001126965,0.20391454946220522,0.08825137970466862,0.34233248810885164,0.19586005734268053,0.4074396327416762,0.24402127976930343,0.8620212466232453,0.8412220951623328,0.3384212532524569,0.6078987056464309,0.10813901456769254,0.10866106498284692,0.809219576061917,0.6456934984007028,0.850950463216162,0.8691393626013024,0.18430865609307412,0.16381610566963323,0.15981371915344966,0.2525149571587199,0.6268085317953562,0.856402989774441,0.6997050000828652,0.8539501814746682,0.43824889375031073,0.7705795588259666,0.10368086975256467,0.9055585939442152,0.8508095924692155,0.7307711430418138,0.7816006231458924,0.844959313213676,0.18854306501599297,0.27540231028025,0.8693879580370905,0.1022473027395217,0.13228591789721406,0.10445980211803313,0.5422529375693995,0.6461741162432257,0.7971544109116824,0.8234226619599264,0.8668274250484761,0.4860206499941994,0.6738676477899865,0.5777689388289498,0.7555229619317523,0.1472596496461658,0.12583072308125756,0.15978057309534463,0.3634382406072358,0.6264356386416745,0.5856742736870018,0.6044266560599281,0.1138567095908119,0.2617958534281311,0.8335404961964898,0.1637581000679494,0.4693233232237856,0.17477087787334894,0.8217736455692007,0.9015810669716103,0.8642834650889143,0.8946121082550258,0.7580420623477353,0.1311009463199589,0.06857919421932746,0.7451565322594011,0.410174182535342,0.812351878552843,0.08071893800029831,0.8901539634398979,0.8324715358226024,0.12211836457349311,0.7055469928238784,0.7023235386731632,0.49511095642950653,0.07791809609042244,0.6088765143605297,0.4838081506156881,0.8408492020086511,0.09620643364987819,0.11415502411375726,0.4822917184573825,0.8181938712938565,0.6252258075208406,0.12527552660799812,0.8555329057491838,0.8934851422794544,0.025000414325726313,0.860894280647674,0.703143903611263,0.5127778053994929,0.39684118066258967,0.8615240557516697,0.9160161752763551,0.13545965296077164,0.4903462105769072,0.43720479292000203,0.8362501864465769,0.10573592535507714,0.15552130462884703,0.9999999999999999,0.5139130578895904,0.851207345166476,0.8891844412403255,0.5695404299043736,0.12354364507200982,0.7471204362021246,0.7404083594358541,0.4815293591209665,0.5772054558411641,0.6947496643961617,0.6102023566847312,0.8208538424567857,0.7850809592469217
187,0.5583287757503439,0.914060557848158,0.4253799366910291,0.3638028472463912,0.5579641691111884,0.34654203748819173,0.4094283962279786,0.9499991713485474,0.8096836208753874,0.9239878022506174,0.5159432539485242,0.5566134672434081,0.04151543777656242,0.8640348696531265,0.6523558560798157,0.651949816868029,0.5343061701387162,0.6055453355209732,0.6403072639586337,0.8530469513913058,0.1084787616632692,0.7168249390941183,0.049453918692719465,0.8356701304297387,0.5953280631100946,0.20766834054260097,0.015992973035681732,0.17544208554997595,0.9196456686388571,0.4096272725766088,0.07486865874475879,0.33212350221249937,0.33538010242131955,0.7703641094482839,0.10181640398415619,0.9585840003977526,0.7793466911947496,0.7161785909610698,0.6903246656391389,0.7048426390891462,0.3864996105338173,0.8683355706922555,0.1743814116906147,0.8472463912229238,0.8171166244054426,0.16510051542120352,0.5316379124612606,0.9202588707138003,0.7973698602893652,0.4854405939773613,0.2789903710701205,0.9349260014252804,0.7730157940966871,0.5927095245197965,0.3764729279570427,0.9162399111685644,0.22456454366164502,0.8075042675549811,0.18838562123999403,0.42692122839291335,0.07296276040371899,0.36335537546197316,0.8947198329438671,0.35324582773993607,0.3067750542766702,0.6354596529607717,0.5315799068595767,0.7910638227348812,0.9093538175972422,0.20160261190937867,0.6428429374036693,0.5954606473425148,0.5448797626742239,0.7600473988630903,0.7127314009181458,0.4666053464591723,0.6223338139511758,0.820033477518686,0.38018528646480715,0.24470906047498303,0.8386947082318236,0.9346276869023351,0.1963655347287824,0.6985946071363462,0.42687150930575585,0.09955418551848721,0.7102868791328991,0.5225227464823746,0.8791826182071296,0.49438174315119576,0.5908616317804405,0.611818227017352,0.7856610152637599,0.8597507416430501,0.15551301811432078,0.16778534612771176,0.3528563615572018,0.8216493478513068,0.42766701470027674,0.4121297999635393,0.42247965660683806,0.47204958650292517,0.31711662440544264,0.6174613434097349,0.8181772982648039,0.3967831750609059,0.7687648121447157,0.4974560400404382,0.9210875221664262,0.6962826695835199,0.14872636271731385,0.5681731550075407,0.6285238403022921,0.7444024594375114,0.37506422048757854,0.3874194136462321,0.5038946618273421,0.6165663998408989,0.5930161255572681,0.13177215399658593,0.26424866172790407,0.13468900710982945,0.9148643497572052,0.7860421949319677,0.6687880143853893,0.6610069772452312,0.6098791826182073,0.9455575995624721,0.7721125640133246,0.8594358540910522,0.695172276637001,0.3179121297999635,0.19335752995575,0.3152604451515604,0.7961103100813736,0.8146638161056696,0.878934022771342,0.6945922206201628,0.1423788925901987,0.5928338222376903,0.6448814199771292,0.40724904290757213,0.9290591491406883,0.4466762790235171,0.38185087588458544,0.49580702364971246,0.43157824955667146,0.5329388952418834,0.3470723744178724,0.2425628532126817,0.06609323986144948,0.7273405260279422,0.8560881022224431,0.6697409635559092,0.17271582227083643,0.4256533916703956,0.3913969406188369,0.2130214289265649,0.7567742256252177,0.7867714082102786,0.9428479093123848,0.06074015147748554,0.8700591657137174,0.8798786854273355,0.4235486169807256,0.1115613450670379,0.237856112961766,0.9122706707104857,0.6639569764165797,0.8435008866570544,0.15881105089577222,0.5937121927774739,0.5287044863189645,0.011004491290873233,0.46460829645834373,0.7415353254114255,0.9071661777623095,0.8681201213145726,0.5903727274233912,0.47277051326670977,0.32310777440792854,0.9521288055817961,0.8544142262881387,0.6436467293127165,0.14642271167901358,0.4122043785942756,0.5139130578895904,1.0,0.601045758133214,0.4464359701022556,0.9081025539037769,0.1627057127231144,0.3406337526309684,0.7361656639984091,0.9328875188518205,0.8208869885148908,0.7703475364192314,0.8413463928802267,0.5771640232685328,0.362965909279239
188,0.9312633620046737,0.6298745421700724,0.2800096123568504,0.2356021810106233,0.3429042576111636,0.589792671406553,0.7400686123402773,0.6383185004723313,0.7664611611064154,0.6395449046222179,0.8968577536916422,0.9185269891778121,0.038615157692371435,0.7345332206367359,0.9302441207179436,0.4001309269295149,0.3332753277316495,0.9120717943618555,0.4151875238237292,0.7331493727108503,0.08829281227729993,0.44845787964666306,0.04356220686454863,0.49637050663749815,0.35246689537446757,0.14909925587099554,0.010581879050033976,0.14695304860869424,0.6440361954954508,0.2556638326786987,0.07208438986393542,0.17521834965776695,0.21942690465536385,0.7947844677571719,0.07997315169293492,0.5983277813686007,0.48732163277482227,0.45014004209549385,0.8934685692504019,0.8574636636338024,0.23437577686073688,0.7132865973914051,0.1379290342895971,0.586701801488258,0.48379986410116177,0.13934602827358755,0.8981421634432125,0.654245181391803,0.7777639669202341,0.8310213957805068,0.1898854803692471,0.6427352127148278,0.7955468270935879,0.3713270024362353,0.22753940237657236,0.6715639967516863,0.1817315500754073,0.7804239380831635,0.14319925752829843,0.2796284326886425,0.06765110459238635,0.2233961451134424,0.691857670826497,0.22217802747808219,0.21492732726760472,0.946386251015098,0.30559008269941496,0.7787749216924377,0.6781932083726943,0.1512786091914019,0.4046056447736953,0.39044399144831704,0.9296557781865791,0.83666451217289,0.8562455459984422,0.27039725550638893,0.36326422380218437,0.49113342945690186,0.20620162747145296,0.16564742537993668,0.515777523657999,0.6613467243408078,0.13927144964285124,0.8840468022340443,0.2931520243954988,0.07897876994978371,0.4776098377500455,0.3010573592535508,0.536783837982068,0.3329272941215466,0.9116326090919638,0.8936923051426109,0.4808581514443396,0.7247799930393277,0.11982300004971909,0.13487959694393342,0.7144052768524503,0.7504267554981023,0.7839954258439815,0.7845009032300834,0.28762491920648336,0.26150582541971196,0.20884502560532986,0.34291254412568983,0.7336134175243209,0.7582326521818392,0.82430103249971,0.8796135169624952,0.5374881917168001,0.88243921841595,0.11812426457183578,0.9147234790102587,0.9399393427136679,0.8344685858234309,0.6829496677107676,0.7479573741692769,0.29768474784136295,0.39383317588955735,0.9436351281923797,0.0998276404978538,0.18381146522149855,0.10523873448350154,0.6714977046354762,0.7755183214836174,0.8833921675864698,0.8985813487131042,0.9202588707138003,0.6274631664429307,0.7986625565554616,0.7100631432406901,0.8643663302341769,0.20871244137290973,0.13417524320920132,0.23061369926581482,0.4783721970864615,0.7362733886872502,0.7196009214604153,0.7284923515470922,0.1212482805482358,0.3433765889391604,0.8844942740184623,0.22681847561278773,0.6057773579277084,0.23530386648767795,0.7303153847428695,0.8742852881221101,0.7543711364126021,0.8820497522332157,0.646024958981753,0.17892242165100516,0.05809675334360861,0.8515305192330002,0.5226387576857422,0.9278078854472231,0.10574421186960341,0.7868211272974361,0.7577934669119475,0.15569532143389847,0.8104791262699083,0.8197765955683719,0.6155720180977478,0.04979366578829612,0.7374500737499792,0.591582558544225,0.749647823132634,0.0857322792886856,0.14694476209416796,0.5985763768043886,0.8927559290011435,0.7577437478247899,0.11316064237060608,0.9234326057773579,0.8850494704917218,0.004880757055967119,0.8223785611296176,0.8126004739886308,0.6441107741261871,0.5342978836241901,0.9706574520625133,0.832430103249971,0.20307761149505293,0.6110973002535673,0.5835363529392268,0.9380500174016805,0.11328494008849997,0.23880906213228592,0.851207345166476,0.601045758133214,0.9999999999999999,0.8095593231574935,0.7011468536104344,0.12699912162946023,0.6278277730820863,0.8583668937171647,0.5956926697492501,0.6717545865857903,0.7946353104956994,0.70483435257462,0.8895904804521123,0.6888496660534645
189,0.836192180844893,0.46744228442632463,0.19609207974941578,0.15364026583138599,0.23404431627968642,0.7541474005203932,0.8865659026500272,0.4765988829778418,0.5986012363479674,0.4793914383731915,0.9043901953960126,0.8547622598982416,0.03246656391388654,0.5530916985697476,0.7611992243822404,0.2631051227232802,0.20882845257627736,0.7763552594507699,0.29775103995757307,0.5623643083246325,0.06336697658230996,0.31001508145643775,0.03506852947513217,0.3438157742090522,0.23960456752680687,0.09638045045492964,0.014617411624322577,0.09502974858714927,0.5003646066391554,0.1539717264124364,0.05452526558279057,0.11783423656341668,0.15103001375561412,0.6237010888480087,0.060441836954540175,0.4502974858714927,0.35486169807255674,0.30366761132932263,0.723064684532392,0.675856411276289,0.15567874840484597,0.5377616466961668,0.09547722037156732,0.460440179651635,0.33743515802383206,0.09856809028986228,0.8946618273421834,0.4900313230249093,0.5951126137324119,0.8844196953877259,0.12578929050862625,0.48290492053232564,0.6317555809675335,0.2605280167056133,0.13638774258771275,0.509115165978886,0.11544772037985383,0.595212051906727,0.10221415668141667,0.16761961583718654,0.054210378030792684,0.15599363595684382,0.5241054707568902,0.14936442433583585,0.1487760818044714,0.778368882480651,0.1957606191683654,0.6026119093786771,0.5110790699216096,0.11831485440593978,0.28904191319047384,0.2721871426440611,0.8411558030461227,0.6769750907373341,0.7038814034041001,0.1609241120999685,0.2305308341205522,0.34661661611892813,0.13163128324963955,0.10938199174663152,0.3595518652944199,0.4831452294535873,0.10054856726163841,0.7043040156449394,0.18998491854356223,0.05970433716170304,0.3374102984802532,0.19087157559787202,0.37545368667031276,0.24774192479159418,0.7984968262649363,0.7805316627720047,0.3288420424601004,0.565281161437876,0.08181275791776463,0.09275095709242778,0.8790500339747096,0.5771640232685327,0.95531082715988,0.9517559124281145,0.17424882745819453,0.16919405359717596,0.14361358325461143,0.22546777374500737,0.5598037753360181,0.9051939873050597,0.6451465884419696,0.8699680140539287,0.39076716551484114,0.7145710071429756,0.08281542617544208,0.8318169011750278,0.7911301148510913,0.6827342183330848,0.8475944248330267,0.8869056497456039,0.18542733555411922,0.25006214885894695,0.8038747741924792,0.0735179568769784,0.11600291685311326,0.07545700127612323,0.5075738742770016,0.5783158487876829,0.750062148858947,0.7538573725119739,0.790931238502461,0.47285337841197234,0.6087107840700045,0.5631598137191535,0.7197252191783092,0.13421667578183266,0.09768143323555245,0.15083942392151012,0.3337559455741726,0.5610301794859046,0.5530171199390113,0.5880193572979333,0.09037272742339117,0.23887535424849604,0.7906412104940419,0.16054293243176054,0.4509189744609623,0.15573675400652978,0.8893667445599032,0.8660650657120602,0.9013904771375065,0.8119375528265301,0.8192876912113227,0.11636752349226868,0.0471088350817879,0.6755912428114487,0.38718739123949686,0.7485622897296939,0.06581149836755665,0.8823729262997397,0.9306667329587828,0.10834617743084904,0.6610732693614412,0.6459752398945955,0.44292248794312133,0.04389366744559904,0.5614196456686389,0.44177066242397134,0.9129750244452179,0.06342498218399377,0.0996619102073286,0.4444803526740583,0.7658893916041035,0.5801223089544076,0.08651121165415403,0.7860753409900727,0.9019953926979235,0.009802946684565538,0.8719070584530735,0.6455609141682825,0.49785379273769864,0.3788345845970268,0.8282039808415784,0.9020368252705546,0.13125010358143158,0.46475745371981636,0.42833822237690383,0.7633039990719104,0.08519365584447869,0.15689686604020614,0.8891844412403255,0.4464359701022556,0.8095593231574935,0.9999999999999999,0.5197716236596562,0.09769800626460498,0.7951242148527486,0.6866868857621107,0.4328958053663468,0.5216775220006962,0.6200715954855069,0.5381013937917433,0.7776976748040239,0.8613583254611445
190,0.6445582459106051,0.8726031256732794,0.3666699812724772,0.34249821839937683,0.4743698105702779,0.38102222443195943,0.46769087986211244,0.9226205273537844,0.8791494721490247,0.8898390758879,0.5989326969290176,0.6312915361540629,0.0342150184789274,0.9390278261157792,0.729088980592983,0.5870249755547822,0.47867879812393316,0.6860156780854836,0.5956512371766187,0.9180215117917102,0.10413662805150899,0.6593496743399792,0.036676113293226606,0.7818823646397852,0.5350851025041847,0.18354629675665823,0.006347470127115133,0.16617776230961734,0.9069755879282057,0.35133992939889624,0.07117287326604683,0.23061369926581482,0.3001126965975571,0.8370788378992028,0.08708298115646596,0.8847262964251976,0.7116624405442582,0.6537148444621222,0.7637597573708546,0.7793135451366446,0.337368865907622,0.9551699564129337,0.1641558527652099,0.8095344636139148,0.7354944563217819,0.1636006562919505,0.6131689288851324,0.9367738941646366,0.8709458227680273,0.5688443626841678,0.2383201577752366,0.8776744725633504,0.8527072042957291,0.49285702447836394,0.34452841445831056,0.9701519746764117,0.2149024677240259,0.8984321914516316,0.18309053845771395,0.3752548103216825,0.06622582409386964,0.3183596015843816,0.9662324533054907,0.3086146605014998,0.2748056812343592,0.709010755895855,0.46769916637663866,0.8470309418452411,0.9568604053762907,0.1778368882480651,0.5965378942309286,0.5205919885977561,0.6250269311722103,0.8478015876961832,0.7954142428611677,0.3799615505725982,0.5636072855035714,0.7361076583967252,0.28084655032400274,0.20262185319610865,0.7535176254163973,0.937486534413895,0.17991680339415636,0.7561113044631167,0.3693630984935117,0.09278410315053282,0.6895043007010391,0.43539833275327733,0.7969058154758945,0.4257776893882894,0.6687714413563368,0.6853859029814879,0.7238270438688079,0.9092295198793482,0.14948872205372976,0.16529110525530752,0.4483252954142429,0.8831269991216295,0.5005800560168383,0.49267472115878624,0.3726528447604369,0.4182286746548667,0.2657568073716833,0.5430567294784467,0.8901125308672666,0.47955716866371667,0.8429125441256899,0.5885414077130876,0.8306236430832463,0.7862907903677555,0.1319710303452162,0.6486434975720512,0.7004259268466497,0.8296955534563052,0.4092046603357695,0.4805101178342366,0.4286862559870067,0.5475397338371535,0.6687051492401267,0.11403072639586337,0.22342929117154742,0.1401083876100035,0.960249589817531,0.8496660534645918,0.7504184689835762,0.7366131357828272,0.68398548202655,0.910878536270074,0.8533618389433038,0.9158835910439351,0.7691874243855549,0.2669417789489385,0.1675533237209765,0.27546031588193376,0.7094913737383782,0.8864913240192909,0.9632824541341422,0.7650938862095825,0.12850726727323952,0.5417391736687714,0.7167006413762244,0.32536999287359747,0.8848174480849864,0.36776380118994345,0.451772485457167,0.5733439400719269,0.47127894065198295,0.609556008551683,0.4185932812940221,0.21037803079268796,0.05689520873730092,0.8101228061452792,0.7968643829032633,0.731956114619069,0.14685361043437908,0.5187109498002951,0.4741212151344901,0.19174165962312933,0.8409154941248611,0.8551848721390809,0.9051276951888496,0.047490014749995854,0.9417872354530237,0.8500803791909048,0.4815376456354928,0.0932481479640034,0.1913521934403951,0.848878834584597,0.7303485308009745,0.9164470740317208,0.1369595120900247,0.6643630156283664,0.6096803062695768,0.0020964881751437707,0.540927095245198,0.8172077760652314,0.904216178590961,0.8009330615356569,0.6816155388720396,0.5554782147533105,0.2946601700392781,0.914317439798472,0.8188070733687995,0.7203798538258838,0.13309799632078756,0.35573178209781403,0.5695404299043736,0.9081025539037769,0.7011468536104344,0.5197716236596562,1.0,0.14198113989293823,0.40623808813536844,0.7996320787550341,0.8734732096985366,0.8574719501483287,0.8444869818856791,0.9143174397984719,0.6511874575316131,0.43013639602910225
191,0.06421220106398848,0.13415867018014882,0.28116972439052684,0.250957092427783,0.2573459951275295,0.13394322080246607,0.14501400420954938,0.11862974195793766,0.14853577288320985,0.1728566930177829,0.1269825486004077,0.10572763884055089,0.4505129352491755,0.1514029069092958,0.1336200467359419,0.20154460630769488,0.23292563681864134,0.06679759359618158,0.1903660982117702,0.11673213013142412,0.7667926216874659,0.16621919488224862,0.37354778832927293,0.16326919571090007,0.24091383682195594,0.45850942176701637,0.06048326952717148,0.5978885960987089,0.14155852765209898,0.21384179386466462,0.4872221946005071,0.3489036941281758,0.2874591889159582,0.1377881635426507,0.7436401001010954,0.15545501251263694,0.13022257578017535,0.16105669633238867,0.14744195296574356,0.14623212184490958,0.25477717562438884,0.15029251396277699,0.4330698221713983,0.1283249639536618,0.1460498185253319,0.6082881718291652,0.09704337161703044,0.16717214405276853,0.1329405525447886,0.08789505958003944,0.34219161736190523,0.1545932150019059,0.10320853842456786,0.21982465735262433,0.27781368600739154,0.1387576857422231,0.3473209698536602,0.1446411110558677,0.3635791113541822,0.2310694575647591,0.30161255572681017,0.27457365882762397,0.1363794560731865,0.26929514907439633,0.3422247634200103,0.14174911748620295,0.24114585922869122,0.1687714413563367,0.17177944612936907,0.44572332985299723,0.19155106978902536,0.24826397520674853,0.12003844942740186,0.124538026815161,0.09647988862924477,0.2119441820381511,0.2044780324499909,0.2042128639851506,0.30346044846616615,0.4820182634780159,0.18894081771325344,0.16429672351215632,0.2710601766684897,0.14988647475099026,0.3035350270969025,0.7400520393112249,0.1733870299474635,0.2508659407679942,0.2317738112994912,0.253409900727556,0.12730572266693185,0.13504532723445864,0.19730191087024976,0.17124082268516216,0.8159979449443975,0.7021495218681117,0.09831949485407449,0.15857902848903693,0.10244617908815193,0.0817796118596596,0.3077280034471901,0.23450007457863073,0.21352690631266677,0.2741179005286796,0.16379124612605445,0.1321201876066889,0.13626344486981884,0.0916488506604352,0.1701138567095908,0.1193009496345647,0.46414425164487316,0.14179055005883423,0.13199588988879496,0.11736190523541987,0.1319295977725849,0.11226569880177001,0.22042957291304133,0.21689123121032833,0.13783788262980826,0.5905467442284427,0.3758265798239945,0.44314622383533037,0.11833971394951856,0.14646414425164486,0.10353999900561826,0.1598054326389234,0.15168464840318865,0.15124546313329687,0.13978521354347934,0.12007988200003314,0.09503803510167554,0.2811945839341056,0.5158769618323141,0.27970301131937886,0.21941033162631135,0.1801985448880492,0.1456106332554401,0.09295811995558428,0.9170354165630853,0.2207858930376705,0.11203367639503471,0.2988448598750394,0.15180894612108253,0.303551600125955,0.0974659838578697,0.14811316064237062,0.13465586105172445,0.149306418734152,0.1294436434147069,0.4163642088864581,0.38778402028538755,0.14415220669881834,0.15499925421369265,0.1254163973549446,0.38728682941381193,0.08758017202804157,0.10291851041614876,0.41411856344984177,0.0976565736919737,0.1329156930012098,0.1310760867763801,0.7991928934851422,0.12357679113011485,0.2057955882596662,0.11959926415751007,0.7154245181391803,0.4495516995641293,0.12400768988548037,0.11848058469646498,0.1429423755779844,0.4278576045343807,0.17186231127463167,0.09267637846169145,0.013076119922438222,0.17164686189694892,0.17208604716684067,0.14259434196788148,0.16583801521404068,0.11379870398912809,0.08613003198594607,0.2717645304032218,0.15726975919388786,0.14375445400155787,0.13593198428876846,0.4744609622300668,0.2635691675367507,0.12354364507200982,0.1627057127231144,0.12699912162946023,0.09769800626460498,0.14198113989293823,1.0000000000000002,0.1471022058701669,0.12868957059281727,0.186504582442533,0.2008982581746466,0.15435290608064436,0.18180612870614363,0.06452708861598634,0.11832314092046606
192,0.6509554351248777,0.3663716667495318,0.19262831667743913,0.16040206168481413,0.2573791411856345,0.9009512918676147,0.8741112713170587,0.3461525713054575,0.46312501035814313,0.3909743283779976,0.7347403834998922,0.6560350685294751,0.06325096537894231,0.4231757238270438,0.6101443510830474,0.24432788080677506,0.1945010689603739,0.5852268019025837,0.22140738162714,0.40940353668439977,0.10150980294668457,0.24992956462652682,0.07171149671025373,0.2744990801968876,0.22771341918162383,0.12014617411624323,0.038308556654899815,0.12744659341387826,0.371542451813918,0.15564560234674094,0.0947562936077827,0.15683886043852235,0.1609489716435473,0.4538358275742058,0.11291204693481827,0.32367954391024045,0.24134473557732147,0.24073153350237825,0.5666318633056564,0.5096703624521454,0.15724489965030908,0.40710817216062584,0.13025572183828038,0.3564692818906512,0.2705629857969141,0.13995094383400453,0.7041797179270455,0.3793234889540762,0.466182734218333,0.7304728285188684,0.157783523094516,0.36886590762193605,0.46953877260146837,0.23875934304512833,0.15277846832065498,0.37900860140207826,0.14022439881337112,0.44075142113724125,0.13923830358474618,0.17164686189694892,0.09559323157493496,0.15654883243010326,0.4039344370970682,0.15506554632990274,0.16773562704055422,0.6172790400901573,0.2208936177265119,0.49777921410696235,0.4051194086743234,0.16980725567211918,0.24623377914781483,0.2601799830955104,0.657369197368203,0.5285553290574918,0.5395432473193126,0.16436301562836642,0.2000696067220206,0.27491340592320057,0.16591259384477702,0.16067551666418073,0.29242281111718793,0.36739919455078807,0.11813255108636204,0.553199423258589,0.20585359386135005,0.10901738510747609,0.280059331444008,0.1997132865973914,0.30799317191203035,0.25248181110061485,0.6269576890568289,0.6330648502626826,0.2597407978256186,0.4593132136760636,0.12674223967914616,0.12641077909809578,0.8412220951623327,0.43794229271283913,0.810437693697277,0.8073053912063508,0.18341371252423805,0.171746300071264,0.164255290939525,0.20595303203566517,0.4454830209317357,0.8587066408127413,0.48379157758663555,0.6744559903213511,0.3211190109216261,0.5555279338404681,0.1215631681002337,0.6789389946800577,0.6237673809642188,0.5337924062380882,0.9224630835777855,0.8240855831220273,0.18546048161222428,0.23158322146538723,0.6362800178988715,0.12545782992757584,0.14750824508195365,0.12796864382903264,0.3913140754735743,0.4477618124264572,0.5769817199489552,0.623966257312849,0.6528613334659175,0.3338388107194352,0.45889888794975053,0.43720479292000203,0.5552876249192064,0.1534745355408608,0.1486517840865775,0.15785810172525233,0.2910638227348813,0.4521122325527437,0.40495367838379825,0.43341785578150127,0.1341835297237276,0.21979979780904557,0.6340260859477287,0.1759972820232354,0.34089063458128244,0.19320837269427732,0.8404514493113907,0.7223603307976598,0.8481081887336549,0.672351215631681,0.9320837269427733,0.15021793533204064,0.08857455377119275,0.5473740035466282,0.2841860156780855,0.5718440809426739,0.09715938282039809,0.7710933227265947,0.8342697094748007,0.14184026914599182,0.5091648850660435,0.4887883458459703,0.298513399293989,0.1064899981769668,0.43730423109431715,0.3814448366727987,0.8722799516067552,0.11934238220719602,0.1305871824193308,0.3231492069805598,0.6116359236977742,0.43496743399791177,0.16069208969323323,0.6610484098178624,0.7154410911682328,0.03379240623808814,0.7678284360032482,0.5162581415005222,0.3772104277498798,0.2837716899517725,0.6402409718424236,0.7528464177397703,0.1399426573194783,0.3420590331294851,0.33960622482971214,0.5962892987951408,0.125142942375578,0.1612307131374401,0.7471204362021246,0.3406337526309684,0.6278277730820863,0.7951242148527486,0.40623808813536844,0.1471022058701669,1.0,0.5106233116226653,0.3491274300203848,0.4477203798538259,0.49993370788378994,0.4221647690548401,0.5795753989956745,0.8753128159233663
193,0.8086229470160262,0.711554715855417,0.28585989161239,0.24268715093057558,0.3562952650855997,0.4939011253086727,0.6150085351099621,0.7379141185634499,0.8988133711198396,0.7108089295480534,0.7655993635956843,0.8195942922487942,0.035789456238916786,0.8582923150864283,0.9038101393791742,0.43766883773347254,0.33833838810719435,0.8671920316876316,0.4272029698868062,0.8586072026384262,0.07965826414093705,0.5023450836109316,0.04066192678035764,0.579086494638625,0.390825171116525,0.1374981355342316,0.013415867018014883,0.1419479938348332,0.7416099040421619,0.2583072308125756,0.06904323903279802,0.1778368882480651,0.22733223951341588,0.9315036709259352,0.08177132534513333,0.697823961285404,0.5474817282354696,0.484413066176105,0.939914483170089,0.9296392051575266,0.2431843418021512,0.817671820878702,0.1298828286845987,0.6461326836705945,0.5777855118580022,0.12517608843368302,0.7817829264654701,0.7461011949153947,0.8877508742272825,0.749747261306949,0.18380317870697227,0.7093670760204842,0.9203251628300104,0.3896982051409536,0.2433252125490976,0.7872520260528018,0.1819635724821426,0.8945043835661843,0.13876597225674936,0.27494655198130563,0.0634166956694675,0.24238883640763023,0.8094515984686521,0.2265615936624737,0.21563996751686304,0.8849251727738279,0.3433020103084241,0.9144831700889972,0.7953810968030627,0.15005220504151545,0.43626013026400834,0.4031057856444422,0.7998475281327169,0.9313876597225675,0.8979764331526874,0.2683670594474552,0.416264770712143,0.5678168348829116,0.22656988017699997,0.14957158719899238,0.5832711844743864,0.7656905152554733,0.1379953264058072,0.9394587248711446,0.29685609638873695,0.07640995044664313,0.5191998541573444,0.3357861416331063,0.6234193473541159,0.32608263312285585,0.8617726511874576,0.8613500389466182,0.5391620676511046,0.8217322129965694,0.1175856411276289,0.13471386665340823,0.5957506753509338,0.8928470806609324,0.644268217902186,0.6553390013092693,0.30049387626576507,0.28125258953578947,0.20822353701586038,0.3754288271267339,0.876605512189463,0.6230878867730655,0.9425578813039659,0.7495732445018977,0.6366611975670793,0.9510266991498035,0.1079401382190623,0.8351066474419531,0.8664296723512157,0.9068430036957854,0.5735096703624522,0.6350370407199324,0.30413165614279325,0.41218780556522316,0.8493014468254363,0.09472314754967766,0.1829496677107675,0.10417806062414028,0.7977344669285205,0.8963191302474354,0.9021694095029749,0.8793400619831286,0.8595104327217886,0.7088035930326986,0.9237640663584084,0.7894479524022605,0.9138616814995276,0.1926614627355442,0.13100150814564376,0.2302076600540281,0.5350933890187111,0.8516299574073153,0.8297286995144102,0.8121695752332654,0.11533999569101244,0.3833921675864698,0.846202290392615,0.24867001441853526,0.6984205903312949,0.24990470508294801,0.6240656954871642,0.7380964218830276,0.6282752448665042,0.8077528629907689,0.5201030842407066,0.16656722849235156,0.057806725335189504,0.9412154659507119,0.6240822685162167,0.9142842937403669,0.10185783655678748,0.6796350619002636,0.6180579724556258,0.15205754155687035,0.8807819155106977,0.928379654949535,0.7490511940867433,0.04947049172177198,0.84087406155223,0.6623742521420639,0.6276040371898772,0.08476275708911318,0.1570377367871526,0.6783257926051145,0.8932862659308243,0.8778567758829281,0.11217454714198113,0.8315434461956612,0.7793052586221183,0.008709126767099224,0.6915842158471304,0.9192147698834916,0.7317903843285437,0.6194169608379323,0.8480418966174448,0.7249622963589054,0.20991398597921743,0.7126319627438307,0.6515686371998209,0.8955816304545982,0.10925769402873764,0.2419413646232122,0.7404083594358541,0.7361656639984091,0.8583668937171647,0.6866868857621107,0.7996320787550341,0.12868957059281727,0.5106233116226653,1.0,0.6976996635675103,0.7728749233497406,0.914193142080578,0.8413049603075955,0.8428628250385324,0.5543761083213179
194,0.5394355226304711,0.9230597126236761,0.433890187109498,0.36981885679245596,0.5684880425595387,0.3502212499378512,0.4188915958169675,0.9159581696746715,0.7628896733455974,0.9520707999801123,0.5033974709557666,0.5378445118414292,0.05664661330151312,0.8150118497157726,0.6419397073203069,0.6705198959213775,0.5328891761547259,0.5837435158023832,0.6760387145958667,0.8080428909991879,0.1373738378163377,0.7356187540396759,0.06542203218482243,0.8617063590712475,0.6150251081390146,0.2335056928354796,0.018976118265135317,0.19920780921128955,0.9208720727887436,0.4300369578547871,0.09415137804736572,0.33951507316992324,0.334468585823431,0.7305142610914996,0.13742355690349528,0.9607467806891066,0.7656159366247369,0.7234127181424949,0.6721771988266296,0.6958351977991016,0.40202853875602845,0.8379572084389864,0.19735991647193357,0.8521437213079435,0.828477435820945,0.18988548036924707,0.518172326356088,0.9397984719667214,0.7541888330930243,0.46485689189413143,0.2844097515702946,0.9414889209300784,0.7345083610931569,0.6143787600059664,0.386748205969605,0.8861432904091883,0.24374782478993684,0.7987619947297768,0.22367788660733523,0.444472066159532,0.09186430003811796,0.3756277034753642,0.8456802399774606,0.3639851505659689,0.32406901009297473,0.6213145726644458,0.5492881884021943,0.759691078738461,0.8693713850080379,0.22449825154543496,0.6551981305623229,0.6100283398796799,0.5304529408840054,0.7232469878519697,0.6839026168812874,0.45691012446344825,0.6502096488175143,0.8523508841710999,0.3916703955982035,0.2526226818475613,0.8572482142561197,0.9069175823265218,0.23088715424518141,0.6719451764198942,0.44409088649132406,0.13502046769087986,0.7248794312136428,0.5673610765839673,0.900329803278145,0.5258207792638261,0.572067816834883,0.593844777009894,0.8051343244004707,0.8326289795986012,0.1765939110691261,0.19070584530734686,0.35081787898374184,0.7916273057226669,0.4159996022473027,0.40083528066424695,0.4343708049520211,0.4607219211455278,0.31079401382190625,0.6530187772419166,0.7890916322776315,0.40105901655645604,0.7337957208438985,0.48127247717065247,0.9389781070286216,0.6852450322345416,0.1732212996569383,0.5654883243010325,0.5889391604103482,0.7103448847345828,0.38399708314688685,0.37952236530270633,0.505833706226487,0.6408624604318931,0.584754470574587,0.15776695006546348,0.2722617212747974,0.1602860504814465,0.869437677124248,0.7597739438837237,0.6327665357397372,0.6486269245429988,0.6048907008733986,0.96162515122889,0.7314340642039144,0.8730008783705399,0.6492484131324683,0.32906577835230943,0.2148196025787633,0.32359667876497783,0.8103962611246458,0.7890253401614213,0.8472049586502926,0.6619516399012249,0.1721440527685245,0.6115779180960904,0.6034819934039345,0.4416795107641824,0.9467591441687797,0.4630007126402493,0.37854455658860775,0.49140688443626845,0.42949004789605394,0.5240888977278377,0.35142279454415887,0.26661031836788807,0.08487876829248082,0.7155488158570742,0.8812956794113259,0.6256732793052586,0.18337227995160676,0.41014103647723693,0.3897810702862162,0.24409585840003978,0.719526342829679,0.753095013175558,0.9165630852350883,0.07886275874641609,0.8219476623742522,0.9269129418783872,0.4136379456073187,0.14015810669716103,0.25810006794941914,0.914607467806891,0.6199390112530867,0.8051923300021545,0.18277565090571604,0.6066060093803345,0.5165896020815725,0.010059828634879597,0.4760768325626875,0.7154493776827592,0.9210046570211636,0.8730423109431711,0.5775617759657932,0.45216195163990125,0.3293309468171498,0.954100996039046,0.8626758812708197,0.6309186430003811,0.17159714280979135,0.41660451780771973,0.4815293591209665,0.9328875188518205,0.5956926697492501,0.4328958053663468,0.8734732096985366,0.186504582442533,0.3491274300203848,0.6976996635675103,1.0000000000000002,0.8272758912146373,0.7427865891048907,0.8426970947480071,0.5464542004342133,0.3673411889491042
195,0.6131026367689223,0.7691791378710288,0.33725285470425426,0.29166873829529827,0.4759193887866885,0.4175243209201346,0.49567443941729233,0.8120121314572664,0.8987553655181557,0.8044299706657385,0.5897429523193954,0.6240408359435854,0.0794593877923068,0.8567344503554915,0.7290475480203517,0.5223072971046918,0.40262516780191915,0.6911450305772386,0.568405177414276,0.8822486285818459,0.14611611064154195,0.563623858532624,0.08925404796234608,0.7037073865990486,0.4842059033129485,0.1947248048525829,0.043313611428760834,0.20156946585127364,0.8014716849798638,0.3158736472265036,0.12694940254230266,0.2645801223089544,0.29694724804852585,0.8237624090555031,0.15277846832065495,0.8161305291768176,0.6220272129137042,0.5670876216046007,0.7392565339167041,0.771615373141749,0.319329123783954,0.8935100018230333,0.19421932746648105,0.6818061287061437,0.6450637232967069,0.19554516979068265,0.6082964583436915,0.8660402061684813,0.8459951275294586,0.5447720379853827,0.2453139760354,0.7759326472099306,0.8170171862311275,0.4640613864996105,0.3186993486799583,0.8543562206864548,0.23294220984769387,0.8282702729577884,0.20363280796831237,0.344511841429258,0.11685642784931803,0.30198544888049195,0.8676726495301545,0.2904837667180431,0.27166509222890667,0.7037985382588375,0.451325013672749,0.9054508692553739,0.893186827756509,0.23683687167503603,0.5057176950231194,0.4818276736439119,0.6254081108404184,0.8274747675632675,0.7692951490743964,0.35965958998326125,0.47292795704270874,0.6677604865841329,0.3071810934884569,0.24335007209267637,0.6729478446775716,0.848878834584597,0.19466679925089908,0.742894313793732,0.3849831783755117,0.14597523989459554,0.5945076981719949,0.40827657070882845,0.7538490859974478,0.40783738543893666,0.644491953794395,0.6526127380301299,0.6383599330449626,0.9246341503836657,0.18277565090571604,0.19652297850478131,0.4312219294320423,0.8785196970450289,0.5049884817448085,0.5003397470955767,0.3625598700674523,0.3527320638393079,0.25778518039742127,0.4862443858864085,0.8647723694459637,0.5022953645237741,0.8026483700425928,0.5710485755481529,0.7806476739753725,0.758257511725418,0.17165514841147517,0.6384510847047515,0.6686305706093902,0.7911135418220389,0.4433285271549081,0.472778799781236,0.39628598418933025,0.49781236016506736,0.6725500919803113,0.17602214156681414,0.23061369926581482,0.18831104260925768,0.8765226470442002,0.8363579111354181,0.716849798637697,0.7586304048790997,0.6977742421982467,0.8311788395565057,0.7998641011617693,0.8347171812592187,0.7509073733406255,0.24795737416927693,0.21327831087687898,0.2827607351795688,0.681466381610567,0.9420772634614429,0.8959379505792273,0.8160228044879763,0.17817663534364175,0.46447571222592354,0.7064170768491357,0.36167321301314237,0.787326604683538,0.34736240242629146,0.4460547904340476,0.5976317141483949,0.5135318782213826,0.6322527718391091,0.4470491721771988,0.23640597291967053,0.1095974411243143,0.7901191600788876,0.6834468585823431,0.699796151742654,0.1585707419745107,0.4995276686720032,0.4632161620179319,0.2222940386814498,0.8091781434892855,0.8216327748222543,0.819362269842059,0.13764729279570426,0.8555991978653938,0.8603473706889407,0.4911748620295332,0.16561427932183165,0.21101609241121,0.7416596231293193,0.7347238104708398,0.8489616997298597,0.22182170735345297,0.7072540148162878,0.6072855035714878,0.03623692802333482,0.5981951971361806,0.8539087489020369,0.7957871360148495,0.7036991000845225,0.6644293077445764,0.5365849616334378,0.26519332438389764,0.8493843119706989,0.7122922156482541,0.6965064054757288,0.17200318202157808,0.31758066921891315,0.5772054558411641,0.8208869885148908,0.6717545865857903,0.5216775220006962,0.8574719501483287,0.2008982581746466,0.4477203798538259,0.7728749233497406,0.8272758912146373,0.9999999999999999,0.8679875370821526,0.896410281907224,0.6127877492169244,0.4296226321284742
196,0.754172260063972,0.7283100482275146,0.29912660136893215,0.2486120088168515,0.43401448482739197,0.47529790019721907,0.5783075622731567,0.7710518901539635,0.9555759956247203,0.7637017517691709,0.7078755034057574,0.7451565322594009,0.05599197865393858,0.9020699713286597,0.8542982150847711,0.4770546412767862,0.3734400636404315,0.7916438787517194,0.4506620925106482,0.8931868277565091,0.109556008551683,0.5147085632841115,0.0645768077031439,0.624794908765475,0.43540661926780366,0.15946568554334678,0.031099289017053645,0.15752664114420192,0.7604865841329821,0.2666517509405194,0.08488705480700708,0.21601286067054476,0.23313279968179784,0.9399061966555626,0.11137904174746019,0.739704005701122,0.5678416944264904,0.5328228840385157,0.8792986294104974,0.8717744742206532,0.258605545335521,0.8805830391620676,0.14401133595187193,0.6643961616864715,0.5850610716120586,0.14477369528828785,0.7209019042410382,0.8015296905815477,0.9340393443709707,0.66958351977991,0.20961567145627208,0.7376986691857672,0.9134722153167936,0.4420938364904954,0.26711579575398997,0.8157990685957672,0.19065612622018926,0.9098924410414492,0.15733605131009798,0.2925636818641343,0.08868227846003414,0.24582773993602808,0.8543810802300337,0.23678715258787847,0.23375428827126735,0.8262317903843285,0.4066524138616815,0.9472066159531978,0.8534778501466713,0.1862394139776927,0.4651220603589718,0.45597374832198084,0.7405492301828005,0.9100747443610269,0.8755282653010491,0.29601915842158477,0.42108752216642636,0.5960158438157742,0.2279868741609904,0.18333913389350173,0.6106332554400968,0.8215913422496228,0.1539965859560152,0.8766800908201992,0.3085732279288686,0.10675516664180712,0.5310329969008436,0.3790997530618671,0.6704536038051675,0.3439400719269461,0.7749548384958319,0.7947016026119093,0.5633918361258887,0.8895739074230598,0.13381063657004594,0.14185684217504435,0.5359800460730209,0.9190573261074926,0.599454747344172,0.5951374732759906,0.3169260345713386,0.319329123783954,0.22664445880773632,0.41698569747592773,0.9272361159449112,0.5972008153930294,0.9138533949850014,0.6868443295381097,0.6944927824458476,0.8998574719501484,0.12599645337178278,0.7712507665025937,0.7901274465934138,0.9080859808747244,0.5171696580984106,0.5790450620659938,0.35289779412983313,0.4500074578630736,0.7926134009512917,0.13341288387278544,0.18685261605263592,0.13395979383151857,0.826281509471486,0.9234243192628316,0.8553340294005536,0.8523840302292051,0.8213344602993089,0.7535922040471337,0.9278741775634333,0.8318997663202903,0.8791826182071297,0.2115795753989957,0.15808183761746133,0.24188335902152838,0.5934138782545286,0.929713783788263,0.8755365518155753,0.8564361358325461,0.14032383698768625,0.42419496511377386,0.8064601667246722,0.2701735196141799,0.7320804123369629,0.2946104509521205,0.5509952103946039,0.716916090753907,0.5962727257660884,0.764281807786009,0.5079219078871047,0.19680471999867413,0.08138185916239912,0.9394421518420922,0.6573609108536766,0.8328775750343891,0.11158620461061668,0.615041681168067,0.5604832695271715,0.17984222476342002,0.8942806476739753,0.9205571852367457,0.7789406519829629,0.09681134921029516,0.8902782611577919,0.724630835777855,0.5775037703641095,0.1232370440345382,0.1762955965461807,0.6999370224896004,0.835106647441953,0.9193805001740168,0.1525630189429722,0.7990768822817746,0.7158885629526509,0.024983841296673793,0.6662026218531961,0.9058071893800029,0.7574951523890022,0.6478645652065829,0.7824872802002022,0.6571620345050464,0.21532507996486522,0.7675881270819868,0.6695503737218051,0.8337808051177514,0.12810951457597908,0.2618952916024462,0.6947496643961617,0.7703475364192314,0.7946353104956994,0.6200715954855069,0.8444869818856791,0.15435290608064436,0.49993370788378994,0.914193142080578,0.7427865891048907,0.8679875370821526,1.0,0.9044564875122225,0.7502361656639984,0.5129352491754917
197,0.680065960655629,0.7948093273007507,0.3654518636371169,0.3177878320820696,0.4936193838147798,0.41236182237027463,0.4986410116176933,0.8468817845837684,0.9346691194749664,0.8321566482706042,0.6232038979764332,0.6736936309849351,0.06055784815790782,0.9547059115994629,0.7688476772899783,0.5521718954573327,0.4364341470690598,0.7145875801720281,0.53946038217405,0.9158670180148826,0.13242678864416052,0.5934967433997911,0.07052652513299856,0.7079086494638624,0.5059414309153284,0.20693084074976387,0.023517128225525777,0.1942276139810073,0.8232900777275063,0.34190158935348614,0.10209814547804902,0.301256235602181,0.29834766900346377,0.8955236248529144,0.13094350254395998,0.8200666235767912,0.6523392830507632,0.6074926664346443,0.8092692951490744,0.8190308092610087,0.33563698437163364,0.9378677140821028,0.18892424468420094,0.7123833673080429,0.6701055701950646,0.1932332322378561,0.6254246838694708,0.8920184292083064,0.9209217918759012,0.6105586768093605,0.2666434644259932,0.8059049702514128,0.8783622532690301,0.4954258439815045,0.34720495865029255,0.9023019937353951,0.23353883889358462,0.9186595734102321,0.20096455029085666,0.3682029864598353,0.09622300667893072,0.3189893766883773,0.9063292397951574,0.3088881154808665,0.2977344669285205,0.7555063889026997,0.45929664064701103,0.9254213692636603,0.9327549346194004,0.21803477021495218,0.53531712491092,0.502452808299773,0.6696415253815939,0.8641591673710203,0.8130728053166277,0.39449609705165817,0.49943651701221436,0.6916173619052355,0.31618024826397517,0.22500372893153683,0.6982714330698221,0.8980758713270025,0.20207494323737552,0.811514940585691,0.38988050846053135,0.12767861582061352,0.6276206102189297,0.4320257213410895,0.7668257677455708,0.422893982333151,0.7114552776811018,0.7221697409635559,0.6603523425976565,0.9231425777689388,0.17536750691923964,0.18517874011833144,0.44878105371318716,0.9443394819271118,0.5121646033245497,0.5160012595502079,0.3816271399923764,0.394363512819238,0.2890667727340526,0.5011021064319926,0.9536203781965231,0.5074412900445815,0.8786771408210279,0.6021478645652065,0.7655579310230531,0.8243341785578151,0.1666583801521404,0.6913853394985001,0.7308788677306551,0.8418684432953811,0.44315451034985665,0.4911500024859543,0.42976350287542053,0.527378643994763,0.7184076633686339,0.1682742504847611,0.24272029698868064,0.17816834882911553,0.9001392134440412,0.9095526939458725,0.7833905102835645,0.780407365054111,0.7367457200152472,0.8306402161122988,0.8830524204908932,0.8500969522199573,0.805656374815625,0.27135849119143507,0.20880359303269858,0.29611859659589984,0.6851704536038052,0.9418949601418651,0.9342962263212846,0.7813520277101046,0.16927691874243855,0.49286531099289016,0.7379224050779761,0.3542402094830872,0.8124347436981056,0.3578199837584315,0.47072374417872354,0.6164669616665839,0.5034223304993453,0.6769585177082815,0.4383980510117834,0.24456818972803657,0.08913803675897844,0.8610434379091466,0.7158388438654933,0.7673726777043041,0.16388239778584335,0.5425098195197136,0.4902550589171183,0.22743167768773098,0.8512902103117387,0.8750227879149473,0.8560052370771806,0.0891048907008734,0.9067435655214704,0.8326372661131276,0.5015827242745157,0.13880740482938064,0.22734052602794214,0.7701900926432325,0.7607848986559272,0.9447206615953196,0.1781683488291155,0.7159465685543347,0.6288470143688162,0.013424153532541143,0.5907456205770728,0.8608611345895688,0.8200583370622648,0.7300667893070818,0.7001773314108619,0.5851853693299525,0.2833076451383019,0.8412966737930692,0.7396460000994382,0.7631962743830689,0.16602860504814462,0.3371699895589917,0.6102023566847312,0.8413463928802267,0.70483435257462,0.5381013937917433,0.9143174397984719,0.18180612870614363,0.4221647690548401,0.8413049603075955,0.8426970947480071,0.896410281907224,0.9044564875122225,0.9999999999999999,0.6823116060922454,0.4419198196854439
198,0.9100830308755532,0.5550556025124712,0.19256202456122906,0.15286961998044382,0.2335968444952684,0.5329140356983046,0.67569896750029,0.6011534828220554,0.7400934718838562,0.5603175392366464,0.8297452725434628,0.9020948308722385,0.01418651286895706,0.7103614577636355,0.8803593032698587,0.3199091798007922,0.22298181938712938,0.9088649132401929,0.3082749134059232,0.7121099123286763,0.03173735063557566,0.37695354579956575,0.015280332786423375,0.42786589104890704,0.26615456006894384,0.064228774093041,0.005303369296806377,0.07158719899235982,0.5912510979631747,0.15245529425413085,0.027436649596446743,0.0879033460945657,0.14605810503985814,0.785445565886077,0.02948341868443296,0.5471834137125242,0.41754918046371337,0.37423556903495253,0.8758845854256783,0.8389598766966637,0.15030080047730324,0.6487843683189977,0.07056795770562986,0.5196721854853411,0.43472712507665023,0.0693581265847959,0.8645072009811234,0.5942839622797859,0.7507499295646265,0.8145146588441969,0.1011286232784766,0.5621239994033709,0.7988282868459868,0.2549429059149141,0.13139097432837799,0.6480883010987919,0.0946734284625201,0.7412784434611114,0.07288818177298265,0.16975753658496165,0.03053580602926797,0.14088731997547194,0.6703541656308524,0.1411027693531547,0.12499378511410529,0.898539916140473,0.2041051392963092,0.7618124264571836,0.6528364739223388,0.08897230646845325,0.3270935878950596,0.2930774457647624,0.8976366860571107,0.8201577752365801,0.8318169011750278,0.16346807205953034,0.2938729511592834,0.40774623377914787,0.10794842473358854,0.069010092974693,0.42675549810238816,0.5986426689205986,0.07191037305888398,0.8665125374964783,0.19489053514310814,0.029400553539170357,0.3978687084638459,0.19058154758945292,0.45820282072954477,0.2312600473988631,0.8891844412403256,0.8850826165498269,0.3890021379207478,0.6899683455145098,0.05890054525265583,0.06541374567029616,0.6729892772502031,0.7403254942905915,0.7525149571587199,0.7640249258356949,0.19063955319113676,0.16520824011004492,0.12264041498864749,0.27729992210676346,0.7169326637829596,0.7035913753956811,0.80575581298994,0.8652198412303818,0.5161918493843121,0.8553671754586586,0.05232105271880541,0.8823729262997397,0.9100996039046056,0.8050100266825768,0.6387991183148544,0.695619748421419,0.1904158172989277,0.2940552544788611,0.907911964069673,0.03894661827342183,0.09116823281791214,0.040728218896567726,0.6638078191551069,0.7491589187755846,0.8837816337692039,0.8798041067965993,0.880210146008386,0.5591077081158123,0.7859676163012314,0.6531762210179155,0.867556638326787,0.10794842473358857,0.06373986973599165,0.15610136064568522,0.38301927443278805,0.6840269145991813,0.6693349243441223,0.6861979814050614,0.05817133197434496,0.2564676245877459,0.8769535457995659,0.13991779777589952,0.5450537794792754,0.13750642204875785,0.6892225592071464,0.8297369860289364,0.7226503588060789,0.8842291055536221,0.6057690714131823,0.08621289713120867,0.02414690332952154,0.8081091831153979,0.4676743068330599,0.8994928653109928,0.03897147781700061,0.757586304048791,0.7187142644061055,0.07589618654601502,0.7973035681731551,0.7859344702431263,0.6078738461028522,0.0184209217918759,0.6991746631531846,0.5077976101692105,0.6866371666749531,0.030577238601899273,0.07017020500836937,0.5514343956644956,0.8768789671688295,0.7299673511327666,0.05334858052006165,0.8484147897711264,0.8474204080279752,0.0037206450222907242,0.7667677621438871,0.7826778700343062,0.5911516597888595,0.46842009314042327,0.9007109829463532,0.8004773032367127,0.12791892474187508,0.5704933790748935,0.50516249854986,0.8949352823215498,0.05670461890319694,0.13206218200500505,0.8208538424567857,0.5771640232685328,0.8895904804521123,0.7776976748040239,0.6511874575316131,0.06452708861598634,0.5795753989956745,0.8428628250385324,0.5464542004342133,0.6127877492169244,0.7502361656639984,0.6823116060922454,1.0000000000000002,0.638691393626013
199,0.7035085102504184,0.39048542402094827,0.17594756293607783,0.14189827474767563,0.23192296856096387,0.8857206781683489,0.9144665970599448,0.37061436218697685,0.4887551997878652,0.4090886491324019,0.7819486567559953,0.7212085052785097,0.04555925686537728,0.4554931304794577,0.645229453587232,0.23030709822834322,0.1880375876298911,0.6383102139578051,0.22233547125408112,0.4588325958335404,0.08040405044830044,0.25618588309385304,0.050920631763867484,0.29522365302706377,0.21075921046089593,0.09954589900396095,0.022473027395217022,0.10300137556141135,0.39613682692785757,0.13506190026351117,0.0720926763784617,0.1319876033742687,0.1443510830474486,0.49425744543330186,0.08210278592618374,0.346774059894927,0.26529276255821277,0.2489931884850594,0.6040537629062463,0.5560748437992011,0.13702580420623478,0.4300535308838396,0.10712805979548884,0.3716087439301281,0.2741510465867847,0.11386499610533818,0.7666517509405194,0.3953330350188104,0.49695884916886257,0.784873796383765,0.13283282785594724,0.39120635078473287,0.5121231707519183,0.22803659324814798,0.13202903594690002,0.4039344370970682,0.11968212930277267,0.47599396741742483,0.11738676477899865,0.15464293408906346,0.07127231144036196,0.14020782578431862,0.43414706905981204,0.1382604948706475,0.15132832827855947,0.6603606291121827,0.1832148361756078,0.5103084240706675,0.42317572382704394,0.1309352160294337,0.23804670279586998,0.24587745902318567,0.7192446013357862,0.5739239960887652,0.5834866338520691,0.1455857737118613,0.194600507134689,0.2795207079998011,0.1409701851207345,0.12155488158570742,0.313495417557467,0.38414624040835943,0.10278592618372859,0.5901572780457084,0.18415949883160146,0.08209449941165747,0.2923730920300303,0.18477270090654468,0.32480650988581183,0.23179867084307,0.6684814133479176,0.668141666252341,0.26519332438389764,0.47546363048774426,0.09903213510333284,0.10364772369445965,0.9416215051624985,0.464840318865079,0.8702166094897164,0.868957059281725,0.16283829695553456,0.1512786091914019,0.14658844196953877,0.1910870249755548,0.4680389134722153,0.919032466563914,0.5231773811299492,0.7303402442864483,0.3173486468121779,0.5944248330267323,0.09760685460481612,0.7198495168962031,0.6674207394885563,0.5720180977477254,0.8812542468386946,0.9172094333681367,0.17494489467840038,0.21780274780821687,0.6793781799499495,0.09449112514294236,0.12164603324549629,0.09594126518503787,0.41169890120817376,0.4711546429340891,0.6222012297187557,0.6479391438373191,0.6774391355508046,0.3637448416447074,0.49137373837816345,0.4647077346326589,0.6062248297121264,0.13539336084456155,0.11926780357645968,0.1403321235022125,0.28174978040736504,0.45417557466978237,0.4361689786042195,0.4763834336001591,0.10926598054326389,0.20647508245081955,0.6776628714430136,0.15017650275940933,0.36320621820050053,0.16365037537910804,0.9472314754967766,0.7535590579890286,0.8591043935100018,0.6992658148129733,0.8920598617809377,0.12244153864001722,0.06487512222608927,0.5726312998226686,0.2963008999154776,0.6174033378080511,0.07747891082053067,0.8548616980725567,0.9041084539021197,0.11540628780722252,0.549951109564295,0.5352922653673411,0.3316511708845026,0.06324267886441605,0.471726412436401,0.3647060773297536,0.9240540943668274,0.08490362783605959,0.10789870564643099,0.3456719534629344,0.6575100681151496,0.48012893816602853,0.10750095294917053,0.6694840816055951,0.7688973963771358,0.013987636520326821,0.7811282918178956,0.5384079948292149,0.3986227812857356,0.30230033643248977,0.6968792986294106,0.8067833407911964,0.1286978571073435,0.3619632410215615,0.3616069208969323,0.6389317025472745,0.10168381975173603,0.14866835711563003,0.7850809592469217,0.362965909279239,0.6888496660534645,0.8613583254611445,0.43013639602910225,0.11832314092046606,0.8753128159233663,0.5543761083213179,0.3673411889491042,0.4296226321284742,0.5129352491754917,0.4419198196854439,0.638691393626013,0.9999999999999999
