,0,1,2,3,4,5,6,7,8,9,10,11,12,13,14,15,16,17,18,19,20,21,22,23,24,25,26,27,28,29,30,31,32,33,34,35,36,37,38,39,40,41,42,43,44,45,46,47,48,49,50,51,52,53,54,55,56,57,58,59,60,61,62,63,64,65,66,67,68,69,70,71,72,73,74,75,76,77,78,79,80,81,82,83,84,85,86,87,88,89,90,91,92,93,94,95,96,97,98,99,100,101,102,103,104,105,106,107,108,109,110,111,112,113,114,115,116,117,118,119,120,121,122,123,124,125,126,127,128,129,130,131,132,133,134,135,136,137,138,139,140,141,142,143,144,145,146,147,148,149,150,151,152,153,154,155,156,157,158,159,160,161,162,163,164,165,166,167,168,169,170,171,172,173,174,175,176,177,178,179,180,181,182,183,184,185,186,187,188,189,190,191,192,193,194,195,196,197,198,199
0,0.0,0.4423424319262832,0.7903263229420441,0.825991481463067,0.7216145444902965,0.3888529806592751,0.2636768922255921,0.40246772402592024,0.26283995425843987,0.43068330598783544,0.10844561560516419,0.0635078473292564,0.9935365186695173,0.29804106796599217,0.11014435108304743,0.6297916770248098,0.7345663666948408,0.07311191766519165,0.6375644276504417,0.29398896236265093,0.9699945309004127,0.5852185153880576,0.9918129236480552,0.5597872023069657,0.6795521967550009,0.8999071910373059,0.997671489418121,0.9280481943684848,0.4034123866819139,0.8185087588458543,0.9720827325610302,0.8650458244253302,0.8301761712988283,0.2584646745885745,0.9725467773745008,0.4574404613931289,0.5599115000248596,0.5865112116541541,0.15456006894380092,0.19832115215697965,0.8242430268980262,0.34756956528944793,0.9244684200931405,0.4526757155405293,0.5605495616433815,0.9361689786042195,0.06105503902948317,0.4078871045260941,0.24593546462486948,0.1377715905135981,0.852574620063309,0.44602993089046894,0.21045260942342425,0.6981139892938233,0.8429788362419,0.3609688592784104,0.8726279852168581,0.25511692271996556,0.917184573824558,0.8002204212863986,0.9710717777888265,0.8413795389383318,0.34313628001789886,0.8406917582326522,0.8379157758663551,0.1049238469315037,0.743623527072043,0.26878138517376815,0.3635459652960773,0.9111768507930195,0.6107078340708332,0.6788229834766901,0.08116640978471645,0.19116989012081742,0.15923366313661136,0.8003281459752399,0.6428097913455642,0.5724324234740383,0.8567924559571753,0.8768458211107244,0.5475397338371534,0.39986575846467454,0.9024677240259203,0.16290458907174465,0.7967069391272643,0.9725467773745008,0.556547175127198,0.7679278741775635,0.5355242877740765,0.7488357447090606,0.11391471519249574,0.1129203334493446,0.5879364921526709,0.3370871244137291,0.94274847113807,0.9266146273554418,0.2604865841329821,0.28611677356270404,0.20021876398349336,0.17995823596678773,0.8025820779263826,0.80440511112216,0.8412635277349643,0.657750377036411,0.2861333465917565,0.23523757437146797,0.21297170983940727,0.09303269858632057,0.5247766784335173,0.14654700939690746,0.9536618107691543,0.08811050895772199,0.0888480087505592,0.19109531149008108,0.3169757536584963,0.25232436732461594,0.7699497837219709,0.6501599297303569,0.0932232884204246,0.9663981835960159,0.8615903478678798,0.9664479026831735,0.3576045343807488,0.29080694078456726,0.12438886955368833,0.14819602578763313,0.11715474237226342,0.43855549478778233,0.24475049304761431,0.34327715076484533,0.125209234491788,0.8520359966191021,0.9305010026682577,0.8518536932995244,0.6010043255605827,0.3178126916256485,0.3282039808415784,0.29978123601650664,0.9443809144997432,0.6808366065065713,0.11524055751669726,0.8401945673610766,0.4514990304778005,0.8334659175657535,0.25177745736588275,0.11712988282868464,0.23688659076219376,0.15139462039476947,0.33547125408110845,0.8712109912328677,0.9812559041416,0.18930542435240882,0.5262019589320339,0.1208919604236065,0.9540678499809411,0.18933857041051394,0.22913041316561433,0.8941977825287128,0.19955584282139238,0.2190125789290509,0.4087986211239828,0.9886806211571288,0.31197069888463513,0.47967317986708435,0.23839473640597297,0.9715192495732445,0.8901042443527404,0.4543578779893601,0.10474154361192589,0.27833573642254583,0.949825154543496,0.13332173221299648,0.08485390874890197,0.9979863769701189,0.17790318036427522,0.22101791544440585,0.3993022754768889,0.5248346840352012,0.04526922885695839,0.13943717993337645,0.856336697658231,0.4397653259086163,0.47005253650209655,0.11853859029814884,0.9496262781948657,0.8426722352044285,0.15919223056398013,0.4416712242496561,0.06873663799532637,0.163807819155107,0.35544175408939493,0.9357877989360116,0.34904456487512225,0.19137705298397378,0.4605644773695289,0.3868973632310777,0.24582773993602802,0.31993403934437104,0.0899169691244468,0.2964914897495816
1,0.4423424319262832,0.0,0.5965213212018761,0.6538805747526476,0.4490793682361325,0.6476242562853213,0.5596214720164405,0.07746233779147804,0.23145892374749333,0.066938464343128,0.4752730406536403,0.44235071844080953,0.9667545037206451,0.17801090505311656,0.34138782545285806,0.33915046653076786,0.46876812675052626,0.40372727423391175,0.2941546926531762,0.18514559406022646,0.9161653325378281,0.25273040653640266,0.9616665838015214,0.15330880525033552,0.40302292049917965,0.8163045459818691,0.9848771109895756,0.8470060823016623,0.04124198279719582,0.5741394454664479,0.935928669682958,0.761315235585608,0.6953794395001576,0.2614146737599231,0.916612804322246,0.08555826248363418,0.2150930575581299,0.26690863289083344,0.33933276985034555,0.27741593331013115,0.6280763685178741,0.13364490627952064,0.8496660534645918,0.0970516581315568,0.15280332786423378,0.8435174596861069,0.45353751305126033,0.09168199671854038,0.23798041067965992,0.5193987305059746,0.7579343376588941,0.03668439980775284,0.2420822353701586,0.4214189827474768,0.6500936376141468,0.13889026997464327,0.7979499163062033,0.20486749863272502,0.8122772999221068,0.5732362153830857,0.9388952418833592,0.6462652679030148,0.15152720462718972,0.65478380483601,0.7188799946966307,0.37655579310230536,0.4677074528911649,0.25115596877641333,0.16137987039891266,0.8213924659009928,0.3430451283581101,0.403097499129916,0.44704917217719886,0.2654833523923167,0.3002618538590298,0.5500836937967152,0.3309882497224018,0.1600706011037637,0.6983460117005584,0.7916107326936144,0.1417491174862029,0.11925951706193338,0.8311456934984007,0.3334079119640696,0.5886822784600341,0.9183944049453919,0.2726843335156367,0.5009943817431513,0.14246175773546133,0.4938762657650939,0.4271118182270175,0.42018429208306407,0.18309053845771395,0.1902500870084025,0.865228127744908,0.8424319262831668,0.6035234259765657,0.21712325361706364,0.54570841412685,0.5688195031405892,0.6013192131125806,0.5474817282354696,0.7296110310081374,0.3490528513896486,0.22205372976018833,0.5825005386234442,0.26219360612539155,0.49560814730108227,0.09615671456272079,0.3113823563532706,0.8733654850096952,0.4339150466530768,0.4012413198760336,0.27089444637796445,0.6207179436185553,0.5885994133147715,0.505353088383964,0.3705646430998193,0.41071280597954885,0.8815525613616401,0.7520674853743019,0.8553008833424485,0.12685825088251368,0.25781003994100005,0.34147897711264685,0.3754039675831551,0.4006529773446693,0.08907174464276835,0.24457647624256285,0.12593016125557255,0.3292315086428347,0.7025224150217935,0.8405840335438108,0.7123750807935167,0.17335388388935846,0.2255340658612175,0.15934967433997915,0.3152687316660866,0.879986410116177,0.3969654783804837,0.380914499743118,0.6295347950744958,0.056207428031621376,0.561013606456852,0.5882348066756161,0.4668788014385389,0.5687200649662739,0.47792472530204344,0.6257395714214686,0.784492616715557,0.9447952402260562,0.28611677356270404,0.12800178988713773,0.3595352922653674,0.85642784931802,0.5690763850909031,0.5815807355110294,0.8151692934917715,0.271706524801538,0.23978687084638461,0.10680488572896474,0.9458393410563649,0.16263113409237806,0.11738676477899879,0.5545584116408957,0.9124529740300635,0.8111089013739042,0.053232569316693956,0.36503753791080407,0.20161918493843123,0.8641674538855467,0.3964848605379605,0.45880773628996163,0.9872387676295598,0.5142279454415883,0.2911218283365651,0.0675516664180712,0.12668423407746232,0.38525663335487825,0.5288702166094899,0.6781849218581681,0.11578746747543056,0.10108719070584538,0.3691807951739339,0.8763900628117802,0.5795256799085169,0.5170039278078855,0.08593944215184202,0.37012545782992756,0.5325577155736754,0.12739687432672064,0.8658413298198512,0.6336283332504682,0.28844528414458304,0.07694028737632397,0.23082086212897124,0.27168995177248545,0.2051906726992493,0.4449443974875288,0.6095145759790518
2,0.7903263229420441,0.5965213212018761,-2.220446049250313e-16,0.06497456040040439,0.33470060823016623,0.8096670478463349,0.7803742189960059,0.6017003927807886,0.6815492467558296,0.5808680952617711,0.7722700077893236,0.7619035781169724,0.928023334824906,0.6514609125109796,0.7069059812061851,0.43210029997182586,0.30456255489815875,0.7758746416082467,0.4757702315252159,0.6961998044382571,0.6310512272328013,0.478579359949618,0.918270107227498,0.5170702199240955,0.40747277879978117,0.28078025820779273,0.9884071661777624,0.359145826082633,0.6049321334460299,0.1917748056812344,0.8317008899716601,0.1075009529491705,0.07317820978140177,0.7028290160592652,0.6706441936392714,0.5771888828121117,0.5581879050033975,0.48408989210958087,0.7168663716667495,0.6846152571305457,0.1266179419612522,0.6591093654187177,0.4567195346293442,0.5928421087522167,0.5293674074810653,0.5573923996088765,0.7724108785362701,0.6176187871857339,0.6864465768408492,0.8064933127827774,0.173304164802201,0.5796499776264108,0.6952800013258424,0.3622118364573492,0.15238900213792084,0.6259301612555728,0.2575780175342648,0.6505079633404598,0.43819088814862694,0.17086792953148056,0.888562952650856,0.0905964633156,0.6585624554599845,0.10711977328096256,0.09593297867051165,0.7230978305904971,0.3491854356220686,0.6650756558776247,0.6324019291005818,0.4809410165896021,0.4347188385621239,0.39631084373290903,0.7460183297701322,0.7157559787202308,0.7560035797742755,0.26219360612539155,0.4034621057690714,0.5131009794660171,0.1738593612754603,0.245695155703608,0.5162001358988382,0.5898838230663418,0.23599164719335752,0.709193059215433,0.23664628184093206,0.673817928702829,0.48071728069739306,0.29122955302540643,0.4902219128590133,0.23335653557400682,0.7375826579823995,0.735627040554202,0.4902219128590133,0.6504416712242497,0.5847710436036394,0.526773728434346,0.8319329123783954,0.6596231293193457,0.810338255522962,0.842373920681483,0.27392731069457577,0.30033643248976616,0.25959164056414585,0.38758514393675736,0.6571206019324152,0.8117635360214787,0.6774225625217523,0.7879563797875337,0.574305175756973,0.7223437577686074,0.5256799085168796,0.7671323687830425,0.7202638426225162,0.722907240756393,0.8076037057292962,0.8178126916256485,0.23743350072092684,0.41282586718374514,0.7316578000961236,0.4530403221796846,0.25877127562604607,0.4389449609705166,0.6379041747460183,0.6911947496643962,0.7568902368285852,0.716145444902965,0.7336962826695834,0.5807603705729296,0.6837534596198147,0.6658545882430932,0.7538490859974478,0.1354679394752979,0.3432440047067403,0.08092610086345475,0.49683455145096866,0.6720031820215782,0.6433898473624025,0.7495566714728451,0.6359899898904523,0.3864664644757122,0.7605611627637183,0.2163443212515952,0.5747940801140223,0.23951341586701802,0.8341951308440644,0.7728334907771094,0.801604269212284,0.7651270322676876,0.816329405525448,0.22285752166923545,0.8918361258887287,0.7180099106713733,0.5464790599777921,0.7173304164802201,0.36294933625018644,0.833573642254595,0.8130479457730491,0.4343127993503373,0.7467392565339167,0.7240176337029118,0.6183977195512024,0.8855632343923499,0.67671820878702,0.5893451996221348,0.8048940154792092,0.6550572598153765,0.24926664346442606,0.6062994083428629,0.7422728252042625,0.648320323505527,0.4453835827574205,0.7073120204179718,0.7707204295729131,0.9921029516564743,0.7611329322660303,0.6752100631432407,0.6007557301247949,0.5483932448333582,0.7440047067402509,0.8112663451499031,0.08295629692238837,0.5804206234773529,0.5704188004441573,0.72351215631681,0.5335355242877742,0.21750443328527147,0.7985051127794627,0.5746200633089709,0.7199903876431496,0.8039079202505843,0.6333300187275228,0.7188302756094732,0.8073716833225609,0.71414010838761,0.566109812890502,0.6627471452957459,0.7008733986310679,0.6345481363628831,0.807437975438771,0.8240524370639222
3,0.825991481463067,0.6538805747526476,0.06497456040040439,0.0,0.3213924659009927,0.8387029947463498,0.8182684499245928,0.6532590861631782,0.7237193191799665,0.6309849351165913,0.8180364275178575,0.8193208372694278,0.9458642005999437,0.693514973731749,0.766477734135468,0.4227696846152572,0.2791478148461195,0.8044051111221597,0.48862261555544506,0.7139080859808749,0.6811846401166741,0.4652629311059182,0.9439831618024827,0.5326488672334643,0.3950181474668125,0.2949584845622234,0.9959644674257114,0.38475944248330274,0.647839705663004,0.15145262599645326,0.8699348679958236,0.15947397205787306,0.04254296557781878,0.7469878519697045,0.6838694708231824,0.6166824110442666,0.5265748520857156,0.45360380516747045,0.759657932680356,0.724846285155538,0.0934055917400024,0.681085201942359,0.44351911698901214,0.6272974361524055,0.5167221863139926,0.5384245678582675,0.8301927443278809,0.6594739720578731,0.7273488125424684,0.8395979383151859,0.2030527519514742,0.6135003894661828,0.7184076633686338,0.34203417358590626,0.11444505212217637,0.66524138616815,0.287517194517642,0.6875984023599995,0.4357297933343277,0.13303170420457744,0.9092129468502959,0.0675185203599662,0.6978653938580355,0.06910124463448197,0.17372677704304018,0.7670826496958849,0.3354049619648982,0.7150267654419199,0.6790964384560566,0.5059248578862758,0.41206350784732926,0.3528895076153069,0.7990023036510383,0.753948524171763,0.791851041614876,0.2223769038267125,0.38307728003447195,0.551127794627024,0.09906528116143798,0.3005270223238702,0.531049569929896,0.6459420938364905,0.3466000430898757,0.7598733820580388,0.22326356088102228,0.7264290094300535,0.48729677323124343,0.2594839158753046,0.5334609456570377,0.20611876232619042,0.7857521669235485,0.7879398067584813,0.49780407365054113,0.6860488241435887,0.6315318450753244,0.5496693680704023,0.8580271466215881,0.701163426639487,0.8544059397736126,0.8817431511957441,0.23014965445234425,0.2369363098493511,0.2917350304115084,0.3864001723595022,0.6959594955169957,0.8486053796052305,0.7163443212515952,0.8286928851986278,0.6167901357331079,0.7628233812293873,0.5425429655778187,0.8105371318715922,0.7658562455459985,0.7569979615174266,0.8383052420490894,0.8472298181938713,0.21876398349326298,0.3786522812774491,0.7743582094499412,0.4762591358822652,0.28189065115431156,0.5072175541523725,0.6789721407381627,0.7308954407597077,0.7897876994978372,0.775816636006563,0.7872685990818542,0.6296176602197584,0.7172889839075888,0.7117204461459421,0.7957208438986394,0.176337029118812,0.3887038233978025,0.06362385853262398,0.5327234458642006,0.7171066805880111,0.6772236861731219,0.7831750609058818,0.7296690366098212,0.35633669765823106,0.8134374119557832,0.18838562123999414,0.6019241286729976,0.19760851190772144,0.861814083760089,0.8168183098824973,0.8400868426722352,0.8098824972240177,0.844926167155571,0.2790898092444356,0.9093040985100846,0.7713750642204876,0.5646016672467227,0.7500372893153682,0.3872039642685494,0.85968444952684,0.8399956910124464,0.4169691244468753,0.7802830673362171,0.7722617212747974,0.666517509405194,0.8831104260925771,0.7099802780954275,0.6580569780738825,0.8378909163227763,0.6787981239331113,0.3216742073948855,0.6272311440361955,0.7860421949319677,0.6721937718556821,0.47210759210460895,0.7639172011468536,0.8117966820795837,0.9983841296673794,0.7989691575929333,0.7251114536203782,0.6457597905169128,0.588168514559406,0.7884287111155306,0.844031223586735,0.055585939442151844,0.6240491224581117,0.5772717479573741,0.7651353187822139,0.5649745604004045,0.16707270587845335,0.8468154924675583,0.6361971527536088,0.7643978189893768,0.8463597341686141,0.6575017816006232,0.7490429075722169,0.8395979383151859,0.7573128490694245,0.6301811432075441,0.7083312617047017,0.7513879911831485,0.6822121679179304,0.8471303800195562,0.8581017252523244
4,0.7216145444902965,0.4490793682361325,0.33470060823016623,0.3213924659009927,0.0,0.7530535806029269,0.7218548534115581,0.47268764812144715,0.5639387460846219,0.4531894794411574,0.7268847677289979,0.7161040123303336,0.9187424385554948,0.5465204925504235,0.620585359386135,0.1441356336697659,0.07834070833126161,0.7118944629509936,0.24819768309053836,0.5749183778319165,0.7437146787318318,0.22052901108735645,0.9150797991348879,0.3183264555262766,0.11122988448598747,0.5586270902732893,0.9709060474983013,0.5989989890452279,0.48215913422496226,0.22897296938961542,0.8631150665407117,0.38571239165382254,0.35583950678665544,0.6140555859394421,0.7724274515653227,0.4499991713485474,0.26405807189379993,0.24347436981057036,0.6409038930045245,0.596455029085666,0.2584398150449958,0.5343061701387163,0.6540794511012777,0.3887701155140125,0.32763221133926645,0.6760801471684981,0.716145444902965,0.493561378213096,0.5870664081274134,0.7715573675400653,0.4903296375478545,0.44901307611992236,0.6089759525348448,0.07351795687697837,0.26278194865675597,0.485051127794627,0.5122474684698123,0.5332537827938812,0.6054956164338157,0.22342929117154742,0.8821409038930046,0.29770132087041545,0.5452609423424319,0.2966075009529492,0.4247253020434545,0.6562588044216842,0.08090124131987597,0.5630852350884171,0.5203599661910208,0.6029765160178326,0.15046653076782857,0.0863371948491024,0.7105769071413182,0.6330068446609987,0.681118348000464,0.13082749134059246,0.17130711480137217,0.3222294038681449,0.28982913207046845,0.4963456470939194,0.32688642503190324,0.4632658811050896,0.5972422479656607,0.6343409734997265,0.13991779777589952,0.7705878453404928,0.22583238038416276,0.07354281642055716,0.3458708298115647,0.13404265897678114,0.7032101957274731,0.7017932017434827,0.2856775882928124,0.5490644525099853,0.7030278924078954,0.6443262235038698,0.7907737947264621,0.5602263875768574,0.7584232420159434,0.7890004806178426,0.15680571438041746,0.1484943403105785,0.46368020683140254,0.16127214571007153,0.5560168381975175,0.7518686090256717,0.5923946369677986,0.757362568156582,0.3523425976565737,0.6707353452990603,0.6785743880409022,0.7070882845257628,0.6839026168812874,0.6262699083511494,0.7526972604782975,0.7795952866305376,0.12152173552760248,0.13103465420374882,0.6751437710270306,0.6327831087687896,0.5187938149455575,0.6768922255920715,0.523939740466365,0.5827325610301795,0.6879464359701023,0.6594491125142943,0.6744974228939823,0.4340724904290758,0.6021478645652067,0.5472331327996819,0.6578995342978836,0.4174994613765558,0.6048161222426625,0.33207378312534186,0.2650275940933724,0.5496279354977709,0.537869371385008,0.6622085218515389,0.7500124297717894,0.11958269112845754,0.700881685145594,0.1904903959296641,0.4266063408409154,0.16226652745322256,0.7970964053099985,0.7065496610815558,0.7291635592237193,0.6900429241452462,0.7565504897330086,0.5373390344553275,0.878105371318716,0.5976400006629212,0.3843534032715159,0.6644044482009976,0.6303800195561743,0.7846749200351348,0.7744907936823614,0.5811415502411377,0.649049536783838,0.623386201296011,0.48663385206914267,0.8630073418518703,0.5724158504449859,0.42666434644259943,0.7523823729262998,0.7625499262500208,0.49171348547374005,0.43466911947496645,0.7050332289232504,0.5583867813520277,0.5969687929862941,0.6261041780606242,0.7301910870249756,0.98023666285487,0.6875735428164205,0.5874227282520426,0.4809824491622334,0.3953164619897579,0.6955617428197352,0.7765127032267688,0.3291403569830459,0.4684532391985283,0.3757354281642056,0.6576923714347271,0.6789141351364789,0.18140008949435682,0.7430517575697311,0.4420358308888116,0.6570957423888364,0.7659556837203136,0.5256301894297222,0.7426540048724706,0.7426208588143655,0.6437047349144003,0.43151195744046134,0.5240806112133115,0.5659855151726081,0.5063806161852202,0.7664031555047316,0.7680770314390362
5,0.3888529806592751,0.6476242562853213,0.8096670478463349,0.8387029947463498,0.7530535806029269,0.0,0.16917748056812343,0.6577835230945162,0.5598783539667544,0.6065065712060194,0.3070816553141418,0.3843865493296209,0.9484744526757156,0.6028107857273074,0.41637249540098453,0.7543545633835497,0.8065761779280399,0.43978189893766884,0.7810039941000018,0.6112878900876715,0.9098012893816603,0.7557964169111189,0.9420192578597592,0.7303899633736057,0.7755017484545651,0.8821740499511096,0.9727207941795522,0.8802930111536486,0.6296176602197584,0.8478264472397621,0.9174580288039245,0.8510416148759509,0.8414209715109631,0.5641624819768309,0.903511824856229,0.6617196174944895,0.7597159382820399,0.7658645320605247,0.4538109680306269,0.5114436765607651,0.8423242015943254,0.6093737052321053,0.876862394139777,0.64357215068198,0.7334808332919007,0.8695619748421419,0.33292729412154665,0.6314324069010093,0.5606821458758017,0.2858847511559688,0.8507847329256368,0.6323107774407929,0.5509454913074462,0.7631051227232802,0.8524088897727838,0.6250849367738942,0.8650789704834353,0.5754901473342282,0.8682775650905716,0.8342199903876432,0.9189164553605463,0.8446941447488359,0.6229304429970666,0.8462437229652464,0.837526309683621,0.4210792356519001,0.7946684565538044,0.5395929664064703,0.6205107807553987,0.8420673196440114,0.7518768955401979,0.7422396791461575,0.3846517177944613,0.4891778120287045,0.47957374169276923,0.8409486401829663,0.7948176138152769,0.7307048509256038,0.8420507466149589,0.8520359966191021,0.711206682245314,0.6300899915477551,0.8828203980841579,0.4653872288238121,0.8003944380914501,0.9062049420772635,0.7253351895125872,0.804123369628267,0.7008733986310678,0.7497472613069491,0.39386632194766236,0.3877260146837037,0.7469629924261256,0.5662589701519747,0.8847760155123552,0.8799449775435457,0.1411027693531547,0.5882845257627736,0.227464823745836,0.23483153515968114,0.8217736455692007,0.8315848787682925,0.8399542584398151,0.7984636802068314,0.5853593861350039,0.17386764778998653,0.5357728832098643,0.35942756757652594,0.6821210162581416,0.4648651784086577,0.889167868211273,0.34101493229917634,0.415751006811515,0.4882911549743947,0.14747509902384848,0.16013689321997393,0.8190142362319561,0.7707867216891231,0.41015760950628954,0.8875354248495998,0.8611180165398831,0.8852069142677208,0.6287641492235536,0.5710237160045741,0.4401133595187192,0.40284061717960196,0.38068247733638283,0.671298828286846,0.5634747012711514,0.5805863537678781,0.4666053464591725,0.8530718109348846,0.8641011617693366,0.8448764480684134,0.7218299938679793,0.5821607915278675,0.6116773562704054,0.5871409867581499,0.8735395018147467,0.7798190225227465,0.38506604352077434,0.8281211156963157,0.6547506587779048,0.8176055287624919,0.15279504134970745,0.32885861548915296,0.21204362021246626,0.3815028422744825,0.10298480253235875,0.8587729329289514,0.925984852251446,0.4685029582856859,0.716626062745488,0.45495450703525087,0.9087157559787203,0.22401763370291194,0.19751736024793254,0.8629741957937653,0.5130429738643332,0.5258704983509837,0.7051740996701967,0.9160824673925654,0.5884336830242465,0.6355176585624556,0.16650922289066772,0.898092444356055,0.875113939574736,0.6773645569200684,0.41834468585823426,0.5900744129004458,0.8642171729727043,0.3897147781700061,0.32186479722898964,0.9774109614014154,0.30104078622449826,0.5080213460614197,0.6175690680985764,0.7184325229122127,0.3993851406221516,0.27714247833076455,0.8640265831386003,0.65485009695222,0.6587033262069308,0.4221564825403139,0.8843285437279372,0.8374020119657271,0.2891413513647889,0.6534579625118083,0.410207328593447,0.2458525994796068,0.6189777755680406,0.866056779197534,0.0990487081323852,0.5060988746913273,0.6497787500621488,0.5824756790798654,0.5247020998027809,0.5876381776297255,0.46708596430169536,0.11427932183165113
6,0.2636768922255921,0.5596214720164405,0.7803742189960059,0.8182684499245928,0.7218548534115581,0.16917748056812343,0.0,0.5844893021097466,0.45543512487777393,0.5353917035416563,0.1710668058801107,0.24053265715374805,0.9465685543346758,0.5055851107906992,0.3040487909975307,0.7205538706309351,0.7738693050928919,0.3224448532458277,0.7276056944927825,0.5007126402492585,0.9002883707055139,0.7069225542352375,0.9374202422976848,0.6618356286978571,0.7357761978156748,0.8675732113558395,0.9720081539302939,0.8607285503571488,0.5551799002303651,0.8216742073948856,0.9143422993420508,0.8324135302209185,0.8168597424551286,0.44042824707071704,0.8926067717396708,0.5942176701635757,0.6964235403304662,0.716021147185071,0.3305822105106151,0.39371716468618967,0.8173237872685991,0.5124712043620212,0.8625267240093473,0.589568935514344,0.6842506504913903,0.8595684383234724,0.1981802814100333,0.5501334128838729,0.4634564709391935,0.19459222062016268,0.8289414806344156,0.5695238568753211,0.44804355392035,0.7228823812128142,0.8281625482689471,0.5491058850826166,0.8452244816785164,0.4740797825618588,0.8539501814746682,0.8062612903760421,0.9148229171845739,0.8187159217090108,0.5355242877740765,0.8203069324980528,0.8091698569747593,0.28596761630123135,0.7617709938845523,0.43001209831120835,0.5323091201378876,0.8223122690134076,0.7096571040289035,0.7076269079699697,0.2293624355723496,0.37735129849682625,0.3711529856311837,0.8148792654833524,0.7618621455443412,0.6692852052569648,0.8213510333283616,0.8376340343724623,0.6424534712209351,0.562538325129684,0.8691890816884602,0.35337012545782986,0.7733969737648951,0.8954324731931256,0.6643298695702614,0.7741096140141535,0.6210162581415005,0.721912859013242,0.26969290177165695,0.2752365799897246,0.6837368865907623,0.47743582094499404,0.8705646430998194,0.8644574818939658,0.12397454382737527,0.4754056248860604,0.09229519879348358,0.12733886872503697,0.7936989343542319,0.8046205604998427,0.8169591806294437,0.7579757702315252,0.4869238800775617,0.08797792472530197,0.42586884104807843,0.2131954457316163,0.628424402127977,0.3589469497340029,0.875652563018943,0.23048940154792086,0.28179949949452265,0.3893667445599033,0.0848621952634282,0.13361176022141563,0.7893236546843667,0.7313014799714944,0.26626228475778513,0.8736389399890618,0.8401697078174978,0.8706309352160295,0.551475828237127,0.4752150350519565,0.33100482275145426,0.2820646679593628,0.2538490859974477,0.5865526442267853,0.46117767944447197,0.4965445234425496,0.3572647872851721,0.8241684482672897,0.8516879630089992,0.8177463995094384,0.6602694774523941,0.47700492218962864,0.5123469066441274,0.4841313246822121,0.8653524254628019,0.7440544258274084,0.2815923366313662,0.8014882580089163,0.5805780672533519,0.7947181756409619,0.11484280481943687,0.16921062662622843,0.08006430335272396,0.22280780258207789,0.09123452493412221,0.837244568189728,0.9213361176022142,0.37305888397222364,0.6602114718507102,0.33375594557417254,0.89602081572449,0.1773479838910157,0.08221879712955138,0.8475861383185005,0.4113757271416496,0.4139776927028953,0.623899965196639,0.9149969339896253,0.5025108139014568,0.577039725550639,0.05981206185054444,0.8874442731898109,0.8579194219327467,0.6184888712109913,0.2973201412022075,0.4745189678317506,0.8559057989028656,0.2627322295695985,0.19391272642900936,0.9771789389946801,0.13565852930940192,0.3958799449775434,0.5425926846649762,0.6461409701851208,0.26397520674853747,0.1674207394885563,0.8342282769021694,0.5859228691227896,0.5973996917416597,0.3029466845655381,0.8747493329355807,0.8077031439036113,0.17757171978322472,0.5905716037720214,0.2599313876597227,0.11343409734997278,0.5323091201378876,0.8549859957904506,0.12588872868294132,0.3849914648900379,0.5811084041830326,0.5043255605827077,0.4216924377268433,0.5013589883823066,0.32430103249971,0.08553340294005518
7,0.40246772402592024,0.07746233779147804,0.6017003927807886,0.6532590861631782,0.47268764812144715,0.6577835230945162,0.5844893021097466,0.0,0.18885795256799076,0.09692736041366279,0.4644011335951872,0.4233746001756741,0.9783639105719353,0.13863338802432934,0.3317588955733439,0.3642503190308093,0.49076053630322014,0.35882265201610897,0.3302258903859858,0.13016457017849148,0.9298297949916307,0.28391256069871884,0.9781898937668838,0.16832396957191875,0.4351165912593844,0.8148709789688262,0.9943734566366695,0.8508013059546894,0.06737764961301962,0.6077909809575897,0.9545484678234641,0.7331327996817979,0.6875403967583156,0.2314837832910721,0.9288354132484795,0.056472596496461636,0.22763884055088757,0.2899037107012048,0.3160642370606076,0.278750062148859,0.6145362037819653,0.10601766684896996,0.8427385273206384,0.129095609804604,0.20310247103863177,0.8342531364457482,0.4362104111768508,0.07769436019821341,0.19580205174099663,0.4806924211538143,0.7583320903561543,0.07125573841130939,0.19644839987404494,0.4628681284078291,0.6448317008899718,0.07193523260246282,0.7949667710767497,0.16201793201743486,0.8319660584365005,0.5942922487943122,0.9536038051674705,0.6601451797345002,0.09426738925073319,0.6590513598170338,0.7067816834882912,0.36007391570957425,0.5030411508311374,0.22430766171133087,0.11053381726578171,0.8279139528331594,0.366189363429954,0.43500058005601683,0.42417010557019497,0.22193771855682054,0.2551997878652281,0.5586022307297105,0.39719750078721894,0.2098808399211124,0.6610649828469148,0.7905832048923582,0.19057326107492667,0.08109183115398,0.8087803907920251,0.30627786340509444,0.6021064319925753,0.9376605512189463,0.25621902915195816,0.5131092659805433,0.1617196174944895,0.5346376307197667,0.401697078174978,0.3917118281708347,0.23827043868807896,0.16940121646033235,0.8767629559654618,0.8572233547125407,0.6065480037786506,0.1869106216543197,0.5546578498152107,0.5599280730539121,0.6008054492119526,0.5672450653805996,0.7167503604633819,0.41123485639470314,0.18634713866653407,0.5828154261754421,0.22551749283216505,0.4609788030958417,0.12264870150317375,0.2767861582061354,0.8808067750542767,0.4147814846119424,0.3694293906097217,0.23626510217272412,0.6425943419678815,0.5720015247186728,0.5261025207577189,0.4140605578481579,0.38783373937254506,0.9023019937353951,0.7738361590347869,0.8649795323091201,0.06521486932166598,0.21726412436401,0.30314556091416833,0.33617560781584044,0.3799781236016506,0.041938050017401585,0.21651005154212033,0.10756724506538062,0.27883292729412157,0.7047432009148312,0.8289911997215732,0.7135849119143506,0.2427534430467856,0.19145163161471035,0.10432721788561294,0.2696183231409204,0.8948275576327086,0.4345945408442301,0.3406420391454945,0.6408127413447358,0.06623411060839601,0.5875801720280416,0.5974494108288172,0.48819171680007956,0.5808100896600872,0.4579459387792306,0.6441936392714496,0.7816586287475763,0.9615091400255225,0.256691360479955,0.13875768574222314,0.3317423225442915,0.8501715308506936,0.5342730240806113,0.580834949203666,0.8118298281376888,0.21489418120949955,0.21026201958932034,0.05846135998276403,0.9719998674157676,0.11508311374069824,0.14100333117883945,0.5615439433865328,0.9236149090969357,0.8116309517890585,0.0715043338470972,0.3296044017965163,0.1557450405210561,0.8725119740134906,0.4084588740284061,0.44409917300585033,0.9966688211604435,0.5285387560284394,0.2631548418104377,0.08422413364490622,0.148759508775419,0.3736306534745355,0.49492865310992884,0.6967301413679379,0.05646430998193541,0.1316727158222709,0.34754470574586915,0.8811879547224847,0.6289050199705,0.48843202572134103,0.05000082865145261,0.3616814995276687,0.5234011170221582,0.07737947264621559,0.8813702580420624,0.6538474286945425,0.2620858814365501,0.08404183032532841,0.18798786854273364,0.22894810984603653,0.1531182154162316,0.3988465171779446,0.6293856378130231
8,0.26283995425843987,0.23145892374749333,0.6815492467558296,0.7237193191799665,0.5639387460846219,0.5598783539667544,0.45543512487777393,0.18885795256799076,0.0,0.2107674969754223,0.32281774639950944,0.27046354762259905,0.9556174281973517,0.06498284691493084,0.1720197550506306,0.4973068827789656,0.619756707933509,0.2340526027942128,0.5114105305026599,0.0730953446361392,0.90226884767729,0.43838147798273097,0.9495185535060243,0.3425976565736919,0.5476225989824159,0.8420093140423276,0.9780655960489899,0.8399542584398151,0.2003513482159135,0.709615671456272,0.9234574653209366,0.7874923349740632,0.7340691758232654,0.05138467657733803,0.8984819105387892,0.22817746399509442,0.3938166028605048,0.4634813304827724,0.14417706624239712,0.1235519315865361,0.6985034554765575,0.09779744443892002,0.846997795787136,0.29843882066325267,0.3740035466282172,0.849417458028804,0.3039742123667942,0.16563085235088415,0.052387344835015615,0.3512570642536337,0.7887684582111073,0.2269842059033128,0.07817497804073659,0.5626377633039992,0.7095328063110096,0.13057889590480465,0.8011070783407084,0.061809111851373055,0.8352475181888994,0.6846152571305457,0.9236149090969357,0.7199158090124134,0.11719617494489465,0.7307711430418138,0.7567659391106913,0.1976333714513001,0.5851936558444787,0.04252639254876622,0.11703044465436951,0.8160559505460814,0.5073004192976351,0.5486666998127248,0.2904423341454119,0.10736836871675037,0.14498914466597068,0.6837451731052885,0.5339664230431396,0.37300087837053975,0.7558544225128027,0.8144235071844081,0.3534364175740401,0.14062215151063162,0.829687266941779,0.1374649894761265,0.6673875934304513,0.9006364043156168,0.4304015644939425,0.6401415336681084,0.30400735842489923,0.6030676676776214,0.24638293640928755,0.22485457167006417,0.38791660451780774,0.10479126269908356,0.8571239165382257,0.8407331908052835,0.4863935431478812,0.043901953960125195,0.42823878420258876,0.42783274499080204,0.6679510764182369,0.6802648370042592,0.7533933276985035,0.5353254114254462,0.04112597159382836,0.44391686968627264,0.085077644641111,0.34080776943601987,0.25039360943999733,0.12878900876713228,0.8704983509836093,0.24223967914615763,0.2257495152389002,0.1061171050232852,0.5145594060226387,0.45108470475148743,0.6334377434163643,0.5297403006347471,0.2395714214687017,0.8804753144732262,0.8015296905815477,0.8653192794046968,0.13692636603191954,0.07026964318268436,0.16874658181275803,0.18247733638277064,0.21956777540231032,0.2140489567278212,0.06135335355242877,0.16691526210245455,0.14467425711397275,0.7761149505295083,0.8390427418419265,0.7452145378610848,0.39050199705000077,0.05809675334360842,0.09270952451979642,0.2024726959346359,0.8656258804421685,0.5527022323870133,0.2096073849417459,0.6913439069258689,0.24032549429059158,0.6971941861814084,0.47640000662921156,0.336159034786788,0.4369313379406353,0.27028124430302125,0.5294419861118017,0.8083163459785545,0.9312136429175161,0.09280896269411165,0.32490594806012685,0.17458028803924497,0.8770281244303022,0.41203036178922425,0.47115464293408915,0.8134788445284145,0.11918493843119704,0.09631415833871959,0.17742256252175204,0.928752548103217,0.09220404713369479,0.2501118679461046,0.4490545086925538,0.8939823331510302,0.8262566499279074,0.26798587977924715,0.18799615505725975,0.05424352408889799,0.854165630852351,0.24163476358574054,0.3093604468088633,0.9812807636851788,0.3662059364590067,0.07086627222857522,0.20867929531480467,0.31981802814100335,0.25109796317472943,0.3647806559604899,0.7599065281161438,0.21009628929879498,0.2891744974228939,0.19246258638691394,0.8703491937221366,0.696605843650044,0.3421418982747477,0.19031637912461263,0.23353883889358462,0.40139876365203264,0.12085052785097528,0.8514642271167903,0.536874989641857,0.10118662888016039,0.23711032665440257,0.10124463448184429,0.0444240043752796,0.06533088052503355,0.2599065281161438,0.5112448002121348
9,0.43068330598783544,0.066938464343128,0.5808680952617711,0.6309849351165913,0.4531894794411574,0.6065065712060194,0.5353917035416563,0.09692736041366279,0.2107674969754223,0.0,0.4594292248794313,0.4300618173983659,0.9520956595236912,0.16174447703806827,0.32150019058983414,0.3227431677687731,0.48778567758829283,0.3924493279636718,0.3355209731682658,0.18376174613434093,0.8867067733969738,0.26609655446726,0.9451847064087904,0.15260445151560353,0.3981587364722651,0.7840617179601916,0.9797063259251894,0.8155919057326109,0.07285503571487761,0.5952286249357797,0.9176154725799235,0.6770165233099654,0.673213013142412,0.25530751255406947,0.8846351447654088,0.07722202887021656,0.23669600092808962,0.2737864399476293,0.31975173602479323,0.2693780142196589,0.6030262351049902,0.1594905450869255,0.8153350237822967,0.1123071313744014,0.18475612787749218,0.8246242065662341,0.4388869553688327,0.08916289630255725,0.2135600523707717,0.5069192396294271,0.732113558395068,0.03131473839473642,0.23635625383251302,0.39839075887900033,0.6250186446576841,0.10450952120519064,0.7687648121447157,0.18348829115497445,0.7943867150599115,0.5696730141367938,0.9191070451946503,0.6411856344984173,0.14663816105669636,0.639263163128325,0.6878304247667346,0.3511161935066872,0.45173933939906197,0.23579277084472727,0.13618057972455622,0.7879729528165863,0.347412121513449,0.4066607003762077,0.4307578846185718,0.2515702945027263,0.2925388223205554,0.5497605197301911,0.36743234060889307,0.16645950380351016,0.6259218747410464,0.7697177613152357,0.15349939508443966,0.09904042161785898,0.7852715490810256,0.31831816901175025,0.5735925355077147,0.8911897777556804,0.2698089129750244,0.44971742985465446,0.11456106332554405,0.5136644624538027,0.4075970765176752,0.40250087008402524,0.20190092643232405,0.15975571355176577,0.8341868443295382,0.8235883922504517,0.6068794643597011,0.20377367871525887,0.5328145975239895,0.5515504068678632,0.5826248363413381,0.5612870614362186,0.6919405359717596,0.36515354911417164,0.19568604053762906,0.5568703491937221,0.24056580321185317,0.4819934039344371,0.09314042327516203,0.2806808200334774,0.8417772916355923,0.39336913107608673,0.38785859891612384,0.2636768922255921,0.5744377599893933,0.575415568703492,0.5149903047780042,0.3666782677870034,0.381105089577222,0.8558975123883393,0.7404912245811167,0.8535358557483552,0.1255158355292596,0.23891678682112727,0.3364656358242596,0.3397139495185534,0.36760635741394454,0.05976234276338677,0.24373125176088428,0.1061833971394952,0.327748222542634,0.6865294419861119,0.7964086246043189,0.6864962959280068,0.20548898722219455,0.21149671025373307,0.14413563366976578,0.3034687349806924,0.849168862593016,0.38700508791991917,0.3663468072059529,0.611884519133562,0.05160841246954695,0.5525779346691194,0.5749598104045477,0.468602396460001,0.5410679659921445,0.45304860869421093,0.6033825552296193,0.7561113044631168,0.9260262848240775,0.2626327913952833,0.13083577785511857,0.3512073451664761,0.82742504847611,0.5354745686869189,0.5703276487843685,0.7736207096571042,0.2527469795654551,0.227464823745836,0.1171796019158422,0.9313876597225675,0.15489981603937752,0.09692736041366279,0.5434379091466548,0.8839225045161505,0.7558544225128027,0.08426556621753756,0.3539667545037206,0.1800742471701553,0.8304744858217736,0.359145826082633,0.4380334443726279,0.98852317738113,0.48617809377019827,0.27367871525878784,0.05297568736638003,0.11896120253898801,0.3916123899965196,0.5146671307114801,0.6766767762143887,0.08521851538805758,0.10842904257611163,0.35603009662075935,0.8433102968229504,0.5970765176751355,0.4932630636901507,0.07601219774938262,0.3604550953777821,0.5206085616268086,0.11016092411209999,0.8271433069822172,0.6090256716220024,0.2891910704519466,0.04792920001988765,0.19557002933426149,0.23629824823082912,0.1678433517293958,0.4396824607633536,0.590911350867598
10,0.10844561560516419,0.4752730406536403,0.7722700077893236,0.8180364275178575,0.7268847677289979,0.3070816553141418,0.1710668058801107,0.4644011335951872,0.32281774639950944,0.4594292248794313,0.0,0.0860223072971048,0.9566781020567129,0.3602147864565206,0.15538872039642682,0.6927857604534381,0.7494655198130562,0.1628217239264821,0.6775302872105935,0.35951871923631484,0.911193423822072,0.6562007988200003,0.9529740300634748,0.6117767944447208,0.7306882778965512,0.8783788262980825,0.9852831502013624,0.8696696995309833,0.44521785246689527,0.8190059497174299,0.9257859759028157,0.841578415286962,0.8190888148626925,0.29457730489401546,0.9183032532856031,0.4890866603689157,0.6191269328295133,0.6504748172823548,0.18968660402061688,0.23288420424600997,0.8198180281410035,0.3923498897893568,0.8724042493246491,0.5170785064386219,0.6166409784716353,0.8682527055469929,0.06467624587745902,0.44444720661595316,0.3189728036593248,0.08624604318931384,0.8394902136263445,0.45319776595568373,0.2972289895424187,0.7078009247750211,0.8310462553240856,0.4204660335769568,0.8519862775319444,0.31469696216377474,0.8624770049221897,0.7955468270935879,0.9290177165680572,0.8241601617527636,0.40084356717877323,0.8197931685974246,0.8123187324947381,0.13039659258522673,0.7704635476225989,0.31066142958948606,0.40186280846550326,0.8516962495235255,0.6895374467591442,0.687780705679577,0.09318185584779315,0.2540893949187093,0.2296441770662424,0.8060375544838331,0.7315335023782297,0.5889723064684533,0.8186330565637482,0.8655264422678532,0.5913339631084373,0.4492616715557103,0.8733489119806427,0.2052238187573543,0.7748968328941481,0.9148229171845739,0.6248529143671591,0.7538573725119742,0.5675185203599662,0.7315500754072821,0.1187374666467792,0.1270737002601965,0.6296839523359685,0.37380467027958697,0.8855715209068762,0.8776993321069292,0.18734980692421144,0.339316196821293,0.12233381395117582,0.12807636851787396,0.7908815194153036,0.8051591839440495,0.8202240673527901,0.7351878552843103,0.3420093140423275,0.15163492931603106,0.27199655280995705,0.09611528199008923,0.5559174000232022,0.2028041565156864,0.8900130926929515,0.07403172077760678,0.11334294569018388,0.25060905881768014,0.21247451896783176,0.15742720296988677,0.7693614411906065,0.7044946054790434,0.11125474402956625,0.9028654767231807,0.850022373589221,0.9013241850212964,0.4251313412552412,0.3171663434926001,0.1749863272510317,0.16786821127297447,0.12845754818608202,0.4811316064237061,0.3042393808316346,0.38258837567742243,0.21440527685245037,0.8329852997232305,0.86892391322362,0.8162465403801853,0.6063657004590729,0.352035996619102,0.3758680123966257,0.3637365551301812,0.88250551053216,0.7359667876497789,0.14780655960489897,0.8153598833258755,0.49018876680090817,0.810180811746963,0.17626245048807565,0.08197020169376357,0.148121447156897,0.10548732991928944,0.25737914118563454,0.8477352955799732,0.9349508609688593,0.23440892291884197,0.5734268052171896,0.16535739737151756,0.9064286779694725,0.11973184838993034,0.1535739737151759,0.8581100117668508,0.2731815243872122,0.2698669185767083,0.47847992177530296,0.9443892010142694,0.36399343708049525,0.5069440991730059,0.15971428097913454,0.9145991812923648,0.8685095874973069,0.48680786887419414,0.15513183844611278,0.3407911964069674,0.8884552279620147,0.12380052702232391,0.06841346392880243,0.9925255638973136,0.11345067037902523,0.27288320986426684,0.4473972057873017,0.5623643083246326,0.0959246921559852,0.08008087638177641,0.8395150731699232,0.47915941596645617,0.5290525199290674,0.1388074048293806,0.8880160426921229,0.818019854488805,0.07156233944878099,0.48405674605147575,0.10314224630835778,0.09560980460398738,0.4010673030709824,0.8730174513995923,0.26525961650010776,0.23440063640431574,0.4966025290442334,0.41025704768060456,0.29212449659424256,0.37679610202356684,0.17025472745653725,0.21805134324400466
11,0.0635078473292564,0.44235071844080953,0.7619035781169724,0.8193208372694278,0.7161040123303336,0.3843865493296209,0.24053265715374805,0.4233746001756741,0.27046354762259905,0.4300618173983659,0.0860223072971048,0.0,0.9663401779943321,0.3124844627852633,0.10901738510747605,0.6711330979963208,0.7464658015545501,0.10765839672516953,0.6564908268284194,0.328187407812526,0.9339564792257081,0.6199307247385605,0.9620643364987819,0.5746614958816023,0.717802747808217,0.8910654800377865,0.9839490213626345,0.8869387958037092,0.41212151344901304,0.804728285188684,0.9409254379422928,0.8642834650889144,0.8298032781451465,0.24408757188551355,0.9339233331676031,0.46252009479772627,0.5857985714048957,0.626990835114934,0.14375445400155795,0.1794030394935282,0.8139346028273589,0.3503786937138501,0.8954490462221781,0.48007093256434474,0.5759541921476989,0.8951838777573378,0.05605827077014858,0.4139528331593165,0.2675301214803031,0.12825867183745188,0.8538010242131955,0.42175044332852707,0.2362319561146191,0.7029864598352641,0.8355872652844761,0.3724291088682278,0.866537397040057,0.27573377086130035,0.8883475032731734,0.7859178972140739,0.9426573194782811,0.8249722401763371,0.3596595899832613,0.8317174630007127,0.832778136860074,0.08574056580321199,0.7564924841313247,0.27116790135733115,0.3712109912328677,0.8666368352143722,0.6705116094068513,0.6656142793218317,0.03346094565703783,0.2187639834932631,0.19139362601302645,0.7915195810338256,0.7157808382638096,0.5705762442201561,0.847760155123552,0.871733041648022,0.5423523757437148,0.3976366860571108,0.8903362667594757,0.1583552925968279,0.7719468337227995,0.9355226304711713,0.586734947546363,0.77540231028025,0.53423159150798,0.7298264803858201,0.08163045459818696,0.10870249755547823,0.6034239878022507,0.343202572134109,0.9087737615804041,0.895159018213759,0.24915063226105838,0.29102239016224996,0.17044531729064105,0.1701801488258009,0.7856444422347073,0.7830341901589354,0.8364076302225758,0.7348978272758913,0.30520061651668073,0.21038631730721424,0.21976665175094057,0.08629576227647118,0.5036129203334494,0.15741062994083432,0.9108868227846004,0.05983692139412322,0.07997315169293495,0.21474502394802708,0.2862907903677554,0.23459122623841966,0.7687565256301895,0.6681002336797097,0.0670876216046008,0.9149969339896253,0.8633636619764995,0.9121960920797495,0.38598584663318913,0.28293475198462026,0.133015131175525,0.1318218730837435,0.08839225045161503,0.4435356900180647,0.2524983841296674,0.3510747609340559,0.17181259218747402,0.8510499013904772,0.8926896368849335,0.8112912046934818,0.5998939326140639,0.3233812293872951,0.3408243424650723,0.32021578083826374,0.900478960539618,0.7219542915858732,0.11961583718656266,0.8178044051111222,0.4614842804819437,0.8184756127877493,0.23391173204726623,0.08684267223520437,0.20272129137042383,0.09555179900230382,0.3167354447372347,0.8634050945491308,0.9506372329670694,0.19561146190689271,0.5317622101791545,0.12007159548550694,0.9255953860687118,0.1822784600341404,0.2059613185501914,0.8745504565869504,0.23078771607086623,0.2313263395150732,0.4265980543263892,0.9505875138799119,0.3195942922487942,0.47477584978206466,0.22330499345365362,0.9297220703027893,0.8856792455957176,0.4522116707270588,0.11929266312003839,0.3075457001276123,0.9033046619930725,0.10730207660054036,0.08466331891479817,0.9866255655546164,0.15233928305076327,0.244965942425297,0.4167702480982449,0.5317953562372595,0.055237905832048795,0.13535192827193032,0.8499892275311158,0.45062894645254303,0.4793500058005602,0.09611528199008956,0.9091715142776646,0.8154013158985068,0.1093985647756841,0.4433865327565919,0.08147301082218805,0.14523774010175838,0.36870846384593714,0.8942723611594492,0.34396493147052487,0.1804057077512058,0.46215548815857077,0.3759591640564146,0.2548434677405991,0.32630636901506493,0.0979051691277616,0.27879149472149034
12,0.9935365186695173,0.9667545037206451,0.928023334824906,0.9458642005999437,0.9187424385554948,0.9484744526757156,0.9465685543346758,0.9783639105719353,0.9556174281973517,0.9520956595236912,0.9566781020567129,0.9663401779943321,0.0,0.9633818923084573,0.9603407414773198,0.9426738925073336,0.9568106862891331,0.9960224730273953,0.9583354049619649,0.9709226205273538,0.7234210046570212,0.973350569283548,0.27848489368401863,0.9673428462520095,0.9240126617941962,0.837973781468039,0.9613599827640498,0.8396227978587647,0.9678151775800063,0.9636719203168764,0.096836208753874,0.9046387908318004,0.9311970698884636,0.9577884950032318,0.7260892623344769,0.9617411624322578,0.9812973367142312,0.9823994431462238,0.9496925703110758,0.9558245910605082,0.9510101261207511,0.9562306302722949,0.7877077843517459,0.9780158769618325,0.977079500820365,0.7542136926366032,0.9696299242612573,0.9486318964517145,0.964392847080661,0.980427252688974,0.8610434379091467,0.9625035217686737,0.9770629277913125,0.9457067568239448,0.9264654700939691,0.9732428445947066,0.8543810802300337,0.9716435472911384,0.8766469447620941,0.9468254362849899,0.516034405608313,0.9317605528762491,0.9711132103614578,0.9364424335835861,0.8983824723644741,0.9518802101460084,0.924708729014402,0.943229088980593,0.9517890584862196,0.75774374782479,0.9645337178276074,0.9265731947828105,0.9613765557931024,0.9681300651320042,0.9830872238519035,0.9664727622267522,0.9617411624322578,0.9422678532955469,0.9005038200831967,0.833068164868493,0.9589071744642769,0.9551036642967236,0.9343542319229686,0.9503554914731766,0.906378958882315,0.7180844893021098,0.9711049238469316,0.926399177977759,0.9222393476855765,0.9234988978935681,0.9587994497754355,0.9527751537148446,0.9441488920930079,0.943610268648801,0.6646696166658381,0.7696929017716568,0.9694807669997846,0.9493942557881304,0.9640945325577156,0.9728285188683936,0.8977609837750046,0.9607053481164753,0.9472729080694079,0.9113260080544922,0.9453835827574206,0.9467922902268848,0.9687681267505261,0.977079500820365,0.9434362518437495,0.9633073136777209,0.7747228160890967,0.9491456603523426,0.9643514145080297,0.973383715341653,0.949924592717811,0.9614179883657337,0.9479606887750875,0.9402708032947182,0.9520045078639023,0.7695188849666054,0.8883309302441208,0.7817746399509439,0.9778335736422546,0.954034703922836,0.9753227597407979,0.9406519829629262,0.9410083030875553,0.9692901771656806,0.9646000099438174,0.968602396460001,0.978355624057409,0.925537380467028,0.7695603175392367,0.9109614014153367,0.9309733339962545,0.9327963671920317,0.9643514145080297,0.981065314307496,0.700591657137175,0.9437677124247998,0.9697293624355724,0.9130496030759542,0.9681714977046355,0.9099421601286068,0.9674091383682196,0.9463779645005718,0.9471071777788826,0.9417872354530238,0.9479524022605612,0.8536767264953016,0.10605081290707508,0.9490047896053962,0.9765988829778419,0.9703425645105156,0.8003115729461874,0.9752647541391141,0.9685609638873697,0.7837799764662988,0.982532027378644,0.9587082981156466,0.979184275510035,0.3982913207046853,0.965793268035599,0.9285619582691129,0.9570261356668159,0.7264870150317374,0.8622781285735595,0.9810570277929698,0.9725467773745008,0.9659672848406504,0.7659888297784185,0.9322991763204561,0.9698536601534663,0.9952021080892955,0.9266892059861781,0.9425413082749134,0.9781318881652,0.9633901788229835,0.9699116657551501,0.9820099769634897,0.9321417325444572,0.9634150383665623,0.9733671423126005,0.9541672881552562,0.7662705712723115,0.9309816205107808,0.9520956595236912,0.9584845622234376,0.9613848423076286,0.9675334360861135,0.9657849815210726,0.5494870647508245,0.9367490346210577,0.9642105437610833,0.9433533866984869,0.9205406122076932,0.9440080213460615,0.9394421518420922,0.985813487131043,0.9544407431346228
13,0.29804106796599217,0.17801090505311656,0.6514609125109796,0.693514973731749,0.5465204925504235,0.6028107857273074,0.5055851107906992,0.13863338802432934,0.06498284691493084,0.16174447703806827,0.3602147864565206,0.3124844627852633,0.9633818923084573,0.0,0.21118182270173524,0.4648651784086578,0.5592651518918113,0.2623013308142329,0.46756658214421853,0.05407779379837241,0.90641210494042,0.3955650574255456,0.961525713054575,0.28082169078042407,0.5166890402558876,0.8225608644491954,0.9916720529011088,0.8370705513846766,0.15096372163940397,0.6734450355491473,0.9307744576476243,0.7569896750029003,0.7064170768491357,0.09797974775849783,0.9073650541109399,0.16964981189612027,0.3241601617527635,0.3915460978803096,0.19173337310860306,0.17371849052851396,0.6838694708231824,0.06341669566946717,0.8403437246225494,0.23936425860554533,0.31987603374268714,0.8532126816818311,0.33727771424783315,0.12364308324632489,0.06294436434147077,0.38357447090604746,0.7719468337227995,0.17034587911632615,0.09290840086842678,0.5224813139097433,0.6639901224746847,0.07287160874392995,0.7899037107012049,0.054641276786158155,0.819934039344371,0.6488009413480502,0.9326803559886641,0.6917830921957606,0.05809675334360864,0.7054889872221946,0.7196423540330465,0.24409585840003978,0.5832794709889126,0.08872371103266541,0.06349127430020385,0.8256931669401217,0.45391040620494205,0.5129683952335968,0.33359850179817374,0.11567974278658921,0.1657054309816206,0.6152819900893286,0.48677472281608913,0.30734682377898204,0.7185236745720015,0.8134788445284145,0.29171845738245583,0.10211471850710152,0.8217073534529906,0.1765193324383897,0.6454697625084937,0.9155024113757272,0.39184441240325496,0.5849284873796383,0.25737914118563454,0.5976317141483949,0.27196340675185193,0.2682759077876664,0.32848572233547135,0.07430517575697315,0.8603225111453621,0.8421336117602215,0.5274780821690781,0.06133678052337621,0.4597441124314291,0.46453371782760733,0.6415253815939939,0.6292696266096556,0.733008501963904,0.507905334858052,0.059845207908649445,0.4997016854770546,0.10157609506289467,0.37763303999071907,0.22364474054923011,0.15964798886292442,0.8711115530585526,0.3004358706640813,0.25266411442019254,0.13670263013971062,0.5683803178706972,0.49005618256848804,0.5845224481678516,0.498566432986957,0.2823629824823083,0.8840219426904656,0.7818989376688378,0.8807902020252242,0.07931851704536041,0.0918477270090654,0.20040935381759717,0.2220371567311359,0.268648800941348,0.15243043471055207,0.09451598468652123,0.12648535772883218,0.1743151195744046,0.7473193125507549,0.839249904705083,0.7304065364026584,0.3375677422562521,0.0686869189081688,0.030577238601899204,0.21816735444737234,0.8711198395730788,0.5283978852814929,0.24187507250700213,0.6910953114900811,0.17046189031969372,0.6666169475795092,0.5070518238618472,0.37315003563201243,0.49808581514443395,0.329819851174199,0.5663169757536586,0.7824955667147285,0.9413397636686058,0.13526077661214142,0.2679113011485109,0.2131291536154063,0.8593778484893684,0.44245015661512455,0.5008120784235734,0.8089212615389715,0.12547440295662848,0.09988564609953765,0.12065165150234503,0.951134423838645,0.06418734152040961,0.2093339299623792,0.49441488920930077,0.9079451101277781,0.7878320820696398,0.2028373025737915,0.21782760735179563,0.031397603539998986,0.8658579028489037,0.30757055967119107,0.3490611379041748,0.9966356751023385,0.41907389913654525,0.13526906312666775,0.15168464840318863,0.25008700840252585,0.2799101741825354,0.3952584563880741,0.7131954457316164,0.14503886375312802,0.23580934387377983,0.22900611544772043,0.8695868343857207,0.6883276156383102,0.3911814912411542,0.13596513034687352,0.2654667793632641,0.4469083014302524,0.060972173884220826,0.8485970930907042,0.5768242761729562,0.14170768491357166,0.18498815028422744,0.14326554964450855,0.09793002867134037,0.04529408840053717,0.28963854223636454,0.5445068695205423
14,0.11014435108304743,0.34138782545285806,0.7069059812061851,0.766477734135468,0.620585359386135,0.41637249540098453,0.3040487909975307,0.3317588955733439,0.1720197550506306,0.32150019058983414,0.15538872039642682,0.10901738510747605,0.9603407414773198,0.21118182270173524,0.0,0.5804123369628267,0.6816652579591972,0.0718440809426738,0.5815144433948193,0.22577437478247908,0.9097930028671342,0.5256301894297222,0.9553191136744063,0.4602910223901622,0.6281012280614529,0.8626841677853462,0.9820348365070684,0.8560300966207595,0.3123850246109481,0.7489766154560069,0.9316776877309866,0.7933260412005502,0.7640166393211688,0.15614279321831648,0.9059149140688444,0.3581928769121132,0.48573890850030654,0.5321185303037836,0.06594408259997675,0.09897412950164919,0.7359419281062001,0.23225442914201433,0.8539916140472995,0.36819469994530896,0.46140970185120733,0.8733489119806427,0.13657004590729038,0.3098824972240176,0.18921427269262003,0.187333233895159,0.8195694327052157,0.33620875387394555,0.14703591375395686,0.625043504201263,0.7507250700210478,0.28295961152819904,0.8383963937088782,0.17458028803924497,0.8563615572018097,0.7248048525829066,0.930699879016888,0.7502775982366297,0.2593596181574107,0.7610086345481364,0.7854455658860771,0.04276670147002759,0.6626808531795356,0.15214040670213302,0.26758812708198676,0.840907207610335,0.5794842473358857,0.6062414027411791,0.11260544589734667,0.10358143157824962,0.10340741477319804,0.7196672135766253,0.6248612008816852,0.4746349790351183,0.7969886806211572,0.8375843152853046,0.45463961948325293,0.312699912162946,0.8585243374931637,0.07963340459735802,0.6932580917814348,0.9074064866835712,0.49545070352508325,0.6703210195727474,0.4256202456122906,0.6646281840932068,0.09370390626294756,0.09381991746631524,0.47768441638078196,0.23526243391504675,0.8834418866736274,0.8605793930956761,0.322776313826878,0.1853113243507517,0.2640166393211687,0.2618704320588674,0.7119773280962562,0.7211256401332472,0.7901357331079402,0.6390228542070634,0.20055022456454374,0.2804570841412686,0.14194799383483325,0.1658628747576194,0.4144334510018396,0.06443593695619765,0.879828966340178,0.09720081539302938,0.06920896932332321,0.12880558179618484,0.3376008883143572,0.2800676179585343,0.6750526193672417,0.6158040405044831,0.07143804173088719,0.9002137920747775,0.8254031389317026,0.8827209599098428,0.28712772833490774,0.19142677207113146,0.07964169111188435,0.0513432440047068,0.06432821226735597,0.348746250352177,0.1570957423888365,0.25282155819619145,0.11891148345183045,0.8100896600871742,0.8516879630089992,0.7700823679543911,0.4961467707452891,0.21433898473624025,0.22705878453404926,0.22817746399509442,0.8787185733936592,0.6309352160294337,0.11107244070998856,0.7282769021694095,0.3579442814763254,0.7256500770645851,0.3004358706640813,0.16513366147930864,0.285702447836391,0.13634631001508146,0.37864399476292276,0.8198097416264771,0.9401962246639819,0.0923946369677986,0.4475215035051956,0.054815293591209624,0.8800609887469133,0.2386764778998658,0.28042393808316346,0.844221813420839,0.1474750990238486,0.13734897827275894,0.33930791030676677,0.9393841462404084,0.23387858598916123,0.3641343078274416,0.2888596098708961,0.903511824856229,0.8355706922554236,0.373232900777275,0.09026500273454985,0.2029864598352641,0.8588889441323191,0.11929266312003839,0.14327383615903477,0.9849765491638907,0.2233298529972323,0.11988929216592914,0.3160145179734499,0.4326554964450853,0.07433832181507838,0.19702845589088325,0.7890833457631052,0.3477104360363944,0.37382124330863964,0.03458791163260899,0.8840468022340443,0.7558544225128027,0.17797775899501156,0.3476441439201843,0.0697558792820564,0.2388007756177596,0.270911019407017,0.8663799532640581,0.38985564891695257,0.0961898606208258,0.3580602926796931,0.27095245197964835,0.1457017849152289,0.23115232271002173,0.11964069673014133,0.35477054641276795
15,0.6297916770248098,0.33915046653076786,0.43210029997182586,0.4227696846152572,0.1441356336697659,0.7543545633835497,0.7205538706309351,0.3642503190308093,0.4973068827789656,0.3227431677687731,0.6927857604534381,0.6711330979963208,0.9426738925073336,0.4648651784086578,0.5804123369628267,0.0,0.15316793450338928,0.6371003828369711,0.10319196539551545,0.48925239065944093,0.8376920399741461,0.10326654402625168,0.9370556356585293,0.2095990984272197,0.055345630520890365,0.6306783340791196,0.9802532358839225,0.6992989608710785,0.35510200699381833,0.307694857389085,0.901125308672666,0.5257793466911949,0.4665390543429623,0.5308672666103185,0.8395316461989758,0.3265052453636952,0.14906610981289048,0.1155885911268002,0.5751421137241254,0.5420623477352956,0.35899666882116044,0.44297220703027884,0.7317903843285437,0.2861664926498616,0.19936525298728858,0.6861068297452726,0.6794693316097383,0.36819469994530896,0.5207577188882813,0.7354115911765193,0.5647591110227217,0.33982996072192106,0.5240474651552064,0.1032748305407778,0.38151112878900884,0.4238717910472496,0.6179502477667843,0.47692205704436597,0.6907224183363994,0.3059464028240442,0.905583453487794,0.4038349989227531,0.4455907456205771,0.40005634829877845,0.4917300585027926,0.5861714645585774,0.14341470690598124,0.4633073136777208,0.42369777424219834,0.6769502311937553,0.06485026268251037,0.08361921808448924,0.6547506587779048,0.525340161421303,0.5908782048094932,0.23019937353950182,0.08421584713038,0.2009976963489618,0.4016887916604518,0.5917731483783291,0.2068811216626063,0.3622615555445069,0.667155571023716,0.5641376224332522,0.25465287790649493,0.8416281343741197,0.15301049072739015,0.1461989757868044,0.24456818972803673,0.2594259102736207,0.6375727141649679,0.6317970135401647,0.14742537993669091,0.46255324085583127,0.7768193042642404,0.71414010838761,0.7906163509504632,0.47679775932647206,0.7436401001010955,0.7727423391173205,0.27181424949037924,0.22347072374417865,0.5256136164006696,0.14121878055652237,0.4766900346376307,0.7537413613086064,0.512686653739704,0.7083726942773332,0.27555146754172255,0.5875553124844628,0.748562289729694,0.6469364755796416,0.6198064270206665,0.560789870564643,0.7631714148394901,0.7739770297817332,0.21716468618969487,0.036071197732809646,0.6100531994232585,0.770911019407017,0.5772634614428479,0.7735046984537364,0.4117403337808052,0.5186197981405061,0.626767099222725,0.5906130363446527,0.6148262317903843,0.3440975157029451,0.5076898854803693,0.42634117237607516,0.5976648602064999,0.5207411458592287,0.6824027577520343,0.4481678516382439,0.16396526293110592,0.4592634945889059,0.43595352922653674,0.6007723031538474,0.8000464044813471,0.0727555975405626,0.6458095096040704,0.2962677538573726,0.3112249125772717,0.2924062380881354,0.7557798438820664,0.6622582409386963,0.7329256368186414,0.6564079616831568,0.7522497886938796,0.5936956197484213,0.9130247435323755,0.552395631349542,0.25974079782561865,0.5926846649762176,0.7074528911649183,0.7769684615257131,0.75984852251446,0.6762790235171282,0.5682808796963822,0.5404879099753062,0.3949187092924974,0.9133562041134258,0.4632410215615108,0.35118248562289733,0.7210924940751421,0.8330598783539668,0.6450388637531281,0.32472364474054916,0.6279354977709276,0.47335885579807424,0.6790301463398466,0.5951706193340958,0.6716965809841065,0.9870316047664032,0.6815741062994083,0.50726727323953,0.3585243374931637,0.27512056878635704,0.6215051624985499,0.7427783025903645,0.465188352475182,0.35796085450537796,0.25977394388372366,0.5877293292895143,0.7437809708480418,0.29873713518619804,0.7098891264356386,0.348050183131971,0.5998690730704851,0.7368948772767199,0.41297502444521783,0.7984553936923052,0.755672119193225,0.5623311622665275,0.3294801040786225,0.4776927028953082,0.5229453587232138,0.4478281045426673,0.6800908201992077,0.7696929017716568
16,0.7345663666948408,0.46876812675052626,0.30456255489815875,0.2791478148461195,0.07834070833126161,0.8065761779280399,0.7738693050928919,0.49076053630322014,0.619756707933509,0.48778567758829283,0.7494655198130562,0.7464658015545501,0.9568106862891331,0.5592651518918113,0.6816652579591972,0.15316793450338928,0.0,0.7248379986410116,0.24941580072589864,0.6100283398796797,0.7469547059115995,0.2353701586038881,0.9509604070335936,0.31596479888629236,0.1372495400984438,0.5482938066590433,0.9954258439815045,0.5794593877923069,0.5019307578846186,0.16430501002668263,0.8968743267206948,0.40881519415303536,0.3001955617428198,0.6411773479838911,0.8068993519945641,0.4733754288271268,0.271615373141749,0.234698950927261,0.6813669434362518,0.6325179403039494,0.20558842539650968,0.5515006877807057,0.6445499593960788,0.4024925835694989,0.33093853063524414,0.6245463133296874,0.7454465602678202,0.5159598269775767,0.6166824110442666,0.7806808200334775,0.4663318914798058,0.4776015512355193,0.615480866437959,0.07157062596330721,0.21786903992442697,0.5373970400570112,0.47890253401614213,0.5468768126750526,0.5998690730704852,0.16937635691675368,0.9203500223735893,0.26366031919653954,0.5604169774109614,0.254395995956181,0.3714927327267604,0.6952634282967898,0.09265151891811263,0.6108072722451483,0.5490644525099853,0.6343906925868841,0.1547092262052736,0.1236762293044299,0.7389665059082848,0.6493892838794146,0.6816486849301446,0.07678284360032483,0.1478148461194253,0.3377168995177249,0.26094234243192627,0.521644375942591,0.3523343111420474,0.4972157311191766,0.5552544788611016,0.6726909627272577,0.12362651021727245,0.778783208206964,0.26277366214222964,0.07382455791444997,0.39851505659689423,0.12291386996801412,0.7254677737450073,0.7290806940784567,0.29184275510034974,0.5885165481695089,0.7113972720794179,0.6305374633321733,0.8174895175591244,0.5865857902848903,0.7930111536485525,0.8206632526226819,0.15101344072656153,0.0847710436036394,0.4537115298563118,0.2011219940668556,0.5815227299093456,0.8034770214952187,0.613028058138186,0.7650441671224251,0.4080694078456719,0.6804637133528895,0.6894711546429342,0.7434826563250965,0.6966224166790964,0.6425529093952502,0.8022837634034372,0.8044465436947911,0.08144815127860916,0.15153549114171594,0.7132451648187739,0.691948822486286,0.49358623775667476,0.6942607600391124,0.5421534993950845,0.6167569896750029,0.7034007855615771,0.7033759260179984,0.7215399658595603,0.4430136396029103,0.6234276338686422,0.5633504035532574,0.6955368832761564,0.3878088798289663,0.5859808747244735,0.29427899037106997,0.35790284890369417,0.5986758149787037,0.5372395962810124,0.6843418021511791,0.7716153731417491,0.11991415170950792,0.7362236696000928,0.171713154013159,0.42634117237607516,0.14694476209416796,0.8206549661081556,0.755100349690913,0.7818243590381015,0.73696116939293,0.8132633951507318,0.4986575846467459,0.9180960904224466,0.6395946237093755,0.38449427401846226,0.6629957407315334,0.6130114851091335,0.8073965428661397,0.7945524453504367,0.5801554550125128,0.6523807156233945,0.64662987454217,0.494613765557931,0.9106713734069176,0.5729710469182453,0.4791345564228774,0.7951407878818012,0.7791395283315932,0.5356320124629178,0.4511427103531712,0.7135600523707718,0.5743797543877095,0.6230133081423292,0.6803725616931007,0.7495483849583189,0.9984918543562207,0.7512222608926233,0.6298248230829149,0.4957324450189762,0.41745802880392446,0.7096073849417458,0.7851223918195529,0.2909975306186712,0.48331924625863865,0.39377517028787357,0.6897197500787219,0.6934403951010126,0.14347271250766502,0.7858681781269163,0.4656938298612838,0.6667246722683505,0.7911715474237226,0.5213212018760669,0.7670743631813587,0.8054989310396261,0.6616616118928057,0.46711082384527414,0.597374832198081,0.6265599363595685,0.5635658529309402,0.7770181806128706,0.8119624123701089
17,0.07311191766519165,0.40372727423391175,0.7758746416082467,0.8044051111221597,0.7118944629509936,0.43978189893766884,0.3224448532458277,0.35882265201610897,0.2340526027942128,0.3924493279636718,0.1628217239264821,0.10765839672516953,0.9960224730273953,0.2623013308142329,0.0718440809426738,0.6371003828369711,0.7248379986410116,-2.220446049250313e-16,0.6213560052370771,0.26099206151908394,0.9673097001939045,0.5705928172492087,0.9952352541474005,0.5237988697194187,0.6905815475894529,0.9120635078473293,0.9998425562240011,0.9102653341951309,0.3607285503571489,0.8023583420341736,0.9788942475016159,0.8847262964251977,0.8226022970218267,0.19440163078605865,0.9764248661727905,0.4054342962263213,0.5316710585193656,0.5804620560499842,0.11392300170702208,0.13676892225592074,0.805590082699415,0.30563980178657246,0.9222310611710502,0.43156996304214523,0.5213709209632245,0.928247070717115,0.1308772104277498,0.3641011617693366,0.22073617395051293,0.17080992392979666,0.8726777043040157,0.38911814912411535,0.1720529011087356,0.6906975587928206,0.8177795455675434,0.3076368517874012,0.8679626775385737,0.21681665257959204,0.9161156134506704,0.7840202853875603,0.9779910174182536,0.8215416231624654,0.2987619947297767,0.8214670445317291,0.8425562240010607,0.08781219443477684,0.7345995127529459,0.21878884303684187,0.32449990884834023,0.9094532557715574,0.6310180811746964,0.6627802913538507,0.12904589071744632,0.15261273803012976,0.10740151477485527,0.7815509040587348,0.6570045907290476,0.5439516730472829,0.8562289729693896,0.8975206748537431,0.5203848257345995,0.3511410530502661,0.9057823298364243,0.12145544341139236,0.7650441671224251,0.9723064684532392,0.5478629079036776,0.7592021743814117,0.4932299176320456,0.7336382770678997,0.09536949568272601,0.11359154112597158,0.5630603755448382,0.2908815194153036,0.9362352707204296,0.9169111188451914,0.3145892374749333,0.2335056928354795,0.2649364424335836,0.24824740217769603,0.7546943104791263,0.7889341885016325,0.8518619798140508,0.6894462950993554,0.2602711347552993,0.2974361524055752,0.1674787450902402,0.16565571189446304,0.469273604136628,0.10785727307379966,0.9489716435472912,0.10079716269742622,0.08780390792025061,0.14399476292281943,0.3725534065861217,0.28571902086544354,0.7585806857919422,0.6578912477833574,0.10922454797063252,0.9525762773662143,0.8802764381245961,0.9490130761199225,0.3140671870597789,0.23237872685990824,0.08929548053497738,0.12423142577768942,0.09584182701072275,0.3921261538971478,0.19515570360794854,0.29785047813188814,0.09666219194882242,0.8644409088649133,0.9299623792240508,0.8301595982697758,0.5671704867498633,0.28001789887137674,0.2843185999105057,0.26396692023401114,0.9426158869056498,0.6878138517376822,0.10788213261737845,0.8143157824955667,0.39535789456238923,0.8177215399658596,0.30137224680554864,0.19696216377467313,0.2858847511559688,0.16268913969406185,0.4050696895871658,0.8923913223619881,0.9865509869238801,0.15799897247219885,0.4676080147168499,0.07592933260412005,0.949443974875288,0.22156482540313882,0.28918278393742036,0.9031886507897049,0.15502411375727143,0.1828336565073998,0.3600490561659955,0.9910919968842706,0.2645635492799019,0.44505212217637025,0.2992508990868261,0.9723147549677655,0.9089477783854556,0.3994928653109928,0.08744758779562123,0.24245512852384032,0.946800576741411,0.134548136362883,0.1293773512984968,0.9998757022821062,0.23894993287923239,0.1956031753923665,0.3555494787782363,0.48463680206831405,0.07863073633968076,0.1718291652165268,0.8462437229652464,0.3966091582558544,0.4303601319213113,0.07511725418054682,0.9456156051641559,0.8250136727489684,0.17067733969737653,0.3944546644790268,0.08792820563814441,0.22364474054923011,0.3139843219145164,0.9332024064038185,0.4147731980974163,0.1328079683123684,0.41625648419761685,0.30885496942276136,0.20835612124828062,0.28541241982797194,0.0911350867598072,0.3616897860421949
18,0.6375644276504417,0.2941546926531762,0.4757702315252159,0.48862261555544506,0.24819768309053836,0.7810039941000018,0.7276056944927825,0.3302258903859858,0.5114105305026599,0.3355209731682658,0.6775302872105935,0.6564908268284194,0.9583354049619649,0.46756658214421853,0.5815144433948193,0.10319196539551545,0.24941580072589864,0.6213560052370771,0.0,0.48304579127927205,0.8558146472430765,0.1213725782661298,0.9488141997712922,0.20509123452493405,0.12428114486484687,0.7166923548616981,0.9900810421120669,0.6752183496577671,0.3405094549130744,0.4100498848174481,0.9083097167669335,0.617204461459421,0.5493876265765095,0.541979482590033,0.8586569217255838,0.3319246258638693,0.16841512123170754,0.1090339581365285,0.5885165481695089,0.5456504085251661,0.4520210808929548,0.44472066159531987,0.7030196058933692,0.24838827292464238,0.16781020567129057,0.7999966853941896,0.6623576791130115,0.3233232237856113,0.4470574586917251,0.692462586386914,0.6065231442350719,0.3411558030461227,0.4658927062099141,0.19099587331576595,0.46897528961368273,0.37232967069391265,0.6347221531679346,0.47891082053066836,0.749424087240425,0.372594839158753,0.922603954324732,0.48500140870746944,0.44826728981255903,0.49591474833855387,0.596455029085666,0.6006728649795323,0.24870316047664032,0.517625416397355,0.43393990619665557,0.7410132749962711,0.11635923697774242,0.17037073865990482,0.6428429374036693,0.5591491406884437,0.5804123369628267,0.3271598800112697,0.10471668406834711,0.15779180960904227,0.44346111138732835,0.6948905351431081,0.19084671605429315,0.36690200367921233,0.6592916687382953,0.5950131755580967,0.36252672400934716,0.8725616931006481,0.13278310876878985,0.22265035880607897,0.27496312501035813,0.31651170884502555,0.6331808614660501,0.6342498218399377,0.15223155836192181,0.4569598435506057,0.8123187324947381,0.7747476756326754,0.7827607351795688,0.47388090621322865,0.750667064419364,0.7299342050746616,0.38032615721175356,0.2889921941033162,0.5942673892507334,0.13023914880922782,0.4861200881685146,0.7692371434727125,0.4890286547672318,0.6817729826480385,0.2824292745985184,0.5464210543761083,0.7689554019788197,0.6322113392664779,0.6081970201693763,0.5634747012711514,0.7845671953462935,0.7543628498980759,0.29870398912809304,0.11963241021561521,0.6187623261903579,0.832239513415867,0.6628714430136395,0.7696183231409205,0.37140158106697163,0.514658844196954,0.6294519299292332,0.5665904307330252,0.6332968726694178,0.3389267306385588,0.530568952087373,0.4290425761116359,0.573725119740135,0.5747112149687599,0.7418336399343709,0.5494704917217719,0.17151427766452865,0.49657766950065463,0.4297220703027892,0.6034571338603557,0.8378660567791976,0.1442267853295548,0.6093488456885265,0.41478977112646875,0.30824176734781816,0.3821491904075308,0.76724837998641,0.6881950314058901,0.7343509173171581,0.6514857720545585,0.7795538540579062,0.6317555809675335,0.9246258638691394,0.5762525066706442,0.24197451068131715,0.6032251114536205,0.6930592154328047,0.7201229718755697,0.7677289978289332,0.6690366098211771,0.5709657104028902,0.5486086942110411,0.39249076053630316,0.9125606987189049,0.4561974842141898,0.3594441406055784,0.7302159465685543,0.8736555130181144,0.709582525398167,0.31062828353138106,0.6470193407249043,0.4661164421021231,0.6962826695835199,0.5931901423623196,0.6571288884469414,0.9927244402459438,0.6799085168796302,0.5506637498135535,0.35090903064353074,0.22834319428561956,0.6287061436218699,0.6967301413679379,0.5367092593513316,0.3606456852118861,0.2469215598534944,0.5970516581315567,0.784169442649033,0.35060242960605914,0.6894297220703027,0.3596927360413663,0.5848124761762707,0.702248960042427,0.4043487628233813,0.8096339017882298,0.77859261837286,0.5727970301131937,0.32396128540413327,0.431594822585724,0.5493379074893519,0.46053961782595,0.6917250865940767,0.777664528745919
19,0.29398896236265093,0.18514559406022646,0.6961998044382571,0.7139080859808749,0.5749183778319165,0.6112878900876715,0.5007126402492585,0.13016457017849148,0.0730953446361392,0.18376174613434093,0.35951871923631484,0.328187407812526,0.9709226205273538,0.05407779379837241,0.22577437478247908,0.48925239065944093,0.6100283398796797,0.26099206151908394,0.48304579127927205,-2.220446049250313e-16,0.9250236165663999,0.4035201113707553,0.9684366661694758,0.2887767447256334,0.5355905798902866,0.8473043968246077,0.9878602562190292,0.868385289779413,0.14929813221962585,0.70164404448201,0.9430136396029103,0.8163045459818692,0.7577188882812111,0.09450769817199478,0.9257113972720795,0.18127579177646302,0.345497936657883,0.4202008651121165,0.20181806128706148,0.1764281807786009,0.6992741013274997,0.06612638591955455,0.8674986327251032,0.23489782727589126,0.3264223802184326,0.8822237690382672,0.3484562223437577,0.12519266146273567,0.09087820480949305,0.3678715258787848,0.8180364275178575,0.18035598866404812,0.09828634879596965,0.5481032168249391,0.7111818227017352,0.08419098758680121,0.826853278973798,0.09833606788312699,0.8639685775369165,0.6754752316080811,0.9449361109730026,0.7102288735312152,0.064576807703144,0.7218631399260843,0.7714330698221714,0.2573128490694244,0.5944579790848374,0.0976648602065,0.07547357430517576,0.8577951242148528,0.4871641889988233,0.5478711944182038,0.3395896518006596,0.13373605793930954,0.17050332289232506,0.6422711679013573,0.4970831468867565,0.33326704121712325,0.7660385488655762,0.824905948060127,0.29948292149356126,0.12209350502991434,0.8646729312716486,0.19172508659407683,0.6631283249639537,0.9274515653225941,0.39885480369247095,0.6098957556472596,0.26657717230978306,0.5920963224448532,0.2786340509454913,0.270272957788495,0.3472795372810289,0.10704519465022633,0.8907257329422099,0.8764066358408326,0.5335935298894579,0.07504267554981037,0.46474916720529014,0.4591391968710121,0.6909544407431346,0.6768507930194402,0.7892656490826829,0.5127446593413878,0.08182104443229077,0.5104824408757188,0.13054574984669953,0.37673809642188305,0.23087886773065514,0.17241750774789122,0.8865161835628698,0.2962428943137937,0.27463166442930764,0.1381693432108586,0.558999983426971,0.4999751404564212,0.6120999685112448,0.526326256649928,0.29310230530834125,0.9161487595087755,0.8191468204643764,0.9026334543164455,0.06786655397006924,0.09718424236397682,0.20309418452410544,0.2346989509272609,0.28332421816735454,0.1618107691542784,0.10435207742919184,0.11730389963373611,0.17344503554914725,0.7969721075921047,0.8759425910273622,0.7728417772916356,0.35405790616350963,0.081854190490396,0.059140854173917234,0.17447256335040362,0.8900959578382142,0.5440925437942292,0.2505096206433651,0.705663004027246,0.19149306418734158,0.7001607583818095,0.5097946601700394,0.3964268549362767,0.5016987354778832,0.3340542600971179,0.5792936575017817,0.8227017351961418,0.9552279620146175,0.14851091333963107,0.2697840534314456,0.22101791544440574,0.9036692686322279,0.44085914582608265,0.5095129186761465,0.8515139462039477,0.11863802847246396,0.1045592402923482,0.11605263594027082,0.9594623709375363,0.04695139130578918,0.22151510631598126,0.4840401730224233,0.9230431395946237,0.8498815028422745,0.19674671439699032,0.2216228310048226,0.07645138301927445,0.8833424484993123,0.30481115033394657,0.34481844246672966,0.9910008452244817,0.42784103150532826,0.1439533303501881,0.16591259384477697,0.26865708745587424,0.2725931818558478,0.3980510117834237,0.7580503488622616,0.16081638741112703,0.24954838495831888,0.24684698122275806,0.8917615472579924,0.7093007839042742,0.4004292414524603,0.14695304860869418,0.26685062728914966,0.43763569167536753,0.08197848820828979,0.8832678698685759,0.5905964633156002,0.14139279736157384,0.1919571090008121,0.11775137141815406,0.10681317224349085,0.08413298198511743,0.28789008767132374,0.5411674041664596
20,0.9699945309004127,0.9161653325378281,0.6310512272328013,0.6811846401166741,0.7437146787318318,0.9098012893816603,0.9002883707055139,0.9298297949916307,0.90226884767729,0.8867067733969738,0.911193423822072,0.9339564792257081,0.7234210046570212,0.90641210494042,0.9097930028671342,0.8376920399741461,0.7469547059115995,0.9673097001939045,0.8558146472430765,0.9250236165663999,0.0,0.8542153499395085,0.7897296938961534,0.8639602910223902,0.8104625532408559,0.4433202406403818,0.9833026732295862,0.30146339846533743,0.920565471751272,0.7372263378577704,0.6324847942458443,0.5302374915063226,0.6304297386433317,0.9123866819138534,0.09537778219725224,0.9013904771375065,0.9219410331626312,0.8823563532706873,0.8995674439417293,0.9112348563947033,0.7100797162697425,0.901059016556456,0.3155173271018744,0.919165050796334,0.9002055055602514,0.23280133910074752,0.9385389217587299,0.8764232088698852,0.9121049404199606,0.9466514194799384,0.5073915709574238,0.9044150549395914,0.9325643447852965,0.7784517476259136,0.6741825353419844,0.8933194119889293,0.4372545120071596,0.8960871078407001,0.5285801886010707,0.7273488125424684,0.7969472480485259,0.6697161040123304,0.9212449659424253,0.6736190523541987,0.5820116342663949,0.904721655977063,0.7739107376655232,0.8740201196572698,0.8868559306584465,0.2164106133678052,0.8155753327035583,0.7605031571620346,0.9210875221664264,0.9193142080578068,0.9463033858698355,0.7450736671141385,0.8241601617527636,0.8448350154957822,0.625971593828204,0.47608511907721374,0.8586486352110576,0.8902368285851605,0.6283415369827143,0.8943220802466068,0.7053812625333532,0.07125573841130939,0.8457465320936708,0.7190208654435772,0.8111917665191668,0.7216228310048227,0.9124446875155373,0.9052022738195861,0.8107691542783275,0.8759591640564147,0.14850262682510473,0.24285288122110082,0.9331941198892922,0.8852483468403521,0.9356552147035914,0.9541672881552562,0.662979167702481,0.7688228177463995,0.7704055420209153,0.7336217040388472,0.883557897876995,0.9100415983029219,0.9096438456056614,0.9424501566151247,0.8849748918609855,0.919065612622019,0.2655827905666319,0.9021114039012911,0.9070998856460996,0.9285288122110078,0.907050166558942,0.9212781120005304,0.7581083544639454,0.7934917714910755,0.9075805034886227,0.31317224349094275,0.5044498583006016,0.337020832297519,0.9284873796383765,0.8987719385472083,0.9356386416745389,0.8863587397868709,0.8950430070103913,0.8964517144798555,0.9111022721622831,0.9280399078539585,0.9490047896053962,0.6575680737168332,0.3998491854356221,0.556480883010988,0.8269610036626395,0.8771109895755648,0.9019042410381346,0.9462619532972042,0.2762475347619284,0.8176221017915445,0.9333847097233962,0.7011054210378032,0.9004872470541441,0.6961252258075209,0.933252125490976,0.90532657153748,0.9093206715391372,0.8953578945623892,0.9119723561875404,0.4840070269643183,0.7226089262334476,0.9005535391703542,0.8926647773413547,0.9107542385521802,0.38688079020202515,0.9454250153300519,0.9376522647044201,0.35162167089278906,0.9451847064087904,0.9155521304628846,0.9258688410480784,0.5660352342597657,0.922670246440942,0.8512487777391073,0.9220404713369463,0.11931752266361717,0.4665059082848573,0.932199738146141,0.9248578862758747,0.9030063474701271,0.3776993321069291,0.8708795306518173,0.9424915891877559,0.9950198047697179,0.879762674223968,0.8784202588707138,0.9091052221614545,0.8873531215300221,0.9271863968577537,0.9481844246672965,0.6406801571123154,0.8939077545202937,0.9048045211223256,0.9071496047332571,0.2528132716816651,0.6964815459321501,0.9175408939491871,0.8915212383367308,0.9117071877227001,0.9366330234176901,0.8958633719484911,0.23320737831253413,0.8984901970533155,0.920341735859063,0.8626261621836623,0.8538838893584582,0.890443991448317,0.8675732113558395,0.9682626493644244,0.9195959495516997
21,0.5852185153880576,0.25273040653640266,0.478579359949618,0.4652629311059182,0.22052901108735645,0.7557964169111189,0.7069225542352375,0.28391256069871884,0.43838147798273097,0.26609655446726,0.6562007988200003,0.6199307247385605,0.973350569283548,0.3955650574255456,0.5256301894297222,0.10326654402625168,0.2353701586038881,0.5705928172492087,0.1213725782661298,0.4035201113707553,0.8542153499395085,0.0,0.9695056265433634,0.13205389549047875,0.15733605131009798,0.6871177845174763,0.9971991580901242,0.7415270388968993,0.2690714131821872,0.373232900777275,0.9324649066109814,0.5778600904887388,0.5074412900445815,0.470069109531149,0.887063093521603,0.2604285785312981,0.06162680853179525,0.01697906826430684,0.5252075771888829,0.4932547771756244,0.4175574669782396,0.3918278393742024,0.7583900959578382,0.19584348431362797,0.10323339796814668,0.7384693150367093,0.6293773512984968,0.31016423871791055,0.4504300701039129,0.6797759326472099,0.6074263743184343,0.2576028770778436,0.446609986907307,0.19614179883657334,0.44248330267322955,0.3306733621704039,0.6602446179088153,0.406221515106316,0.734060889308739,0.38206632526226825,0.9379257196837867,0.4384229105553622,0.3688576211074098,0.4705828734317772,0.5523044796897529,0.5544838330101594,0.2529292828850329,0.43200086179751074,0.3517542551252093,0.7146124397156068,0.09421767016357563,0.1585127363728268,0.615770894446378,0.4591889159581697,0.510581879050034,0.29708811879547237,0.10312567327930533,0.1308689239132237,0.4680471999867416,0.6602446179088153,0.12362651021727245,0.31614710220587006,0.701163426639487,0.5228790666070038,0.35106647441952954,0.8755531248446279,0.07436318135865683,0.2402094830872239,0.19415303535027095,0.3051343244004706,0.5989824160161753,0.6016341006645785,0.09552693945872481,0.4122872437395383,0.8054574984669949,0.7520426258307231,0.7428445947065745,0.42862825038532293,0.7051243805830392,0.7279785876464642,0.3642254594872305,0.30376704950363775,0.5760039112348564,0.1569217255837848,0.4371716468618969,0.7258406668986891,0.436981057027793,0.6487346492318401,0.20151146024958977,0.5225807520840584,0.7803162133943221,0.597540562488606,0.5719766651750942,0.4832363811133761,0.7499958567427369,0.7365385571520907,0.2743747824789937,0.1216211737019175,0.5831054541838612,0.8160393775170288,0.6431743979847198,0.8200086179751073,0.3146223835330383,0.4674008518536933,0.5575498433848756,0.5489815873647227,0.5907787666351779,0.2642983808150615,0.4590480452112232,0.35279006944099167,0.5175674107956711,0.5688277896551153,0.7200649662738858,0.5173519614179884,0.11893634299540923,0.43228260329140356,0.36981885679245585,0.521702381544275,0.8415949883160145,0.14437594259102737,0.5744874790765508,0.38598584663318913,0.2365054110939857,0.36925537380467033,0.7011219940668556,0.63617229321003,0.7200318202157808,0.6401166741245299,0.7467226835048641,0.6624488307728005,0.948167851638244,0.5127612323704405,0.16275543181027197,0.5379356635012182,0.7339945971925289,0.7205704436599878,0.7076103349409172,0.7119027494655198,0.4871061833971395,0.47847992177530296,0.30968362087538737,0.9533469232171564,0.39576393377417585,0.30465370655794766,0.7085632841114371,0.8745918891595816,0.6863554251810603,0.226859908185419,0.5502908566598719,0.3985896352276306,0.7420242297684748,0.5728716087439301,0.6287061436218697,0.9985830060160096,0.6584298712275642,0.4857803410729379,0.2615058254197118,0.1938298612837468,0.5744129004458145,0.6861896948905353,0.5010441008303088,0.28639022854207075,0.165431976002254,0.5544424004375279,0.7736621422297354,0.3687333233895159,0.686214554434114,0.28317506090588174,0.551542120353337,0.6899849185435623,0.34065032566002085,0.8337808051177514,0.7500704353734732,0.49765491638906845,0.2643812459603241,0.436376141467376,0.4852914367158885,0.4065032566002089,0.6230464542004344,0.743814116906147
22,0.9918129236480552,0.9616665838015214,0.918270107227498,0.9439831618024827,0.9150797991348879,0.9420192578597592,0.9374202422976848,0.9781898937668838,0.9495185535060243,0.9451847064087904,0.9529740300634748,0.9620643364987819,0.27848489368401863,0.961525713054575,0.9553191136744063,0.9370556356585293,0.9509604070335936,0.9952352541474005,0.9488141997712922,0.9684366661694758,0.7897296938961534,0.9695056265433634,0.0,0.9639039427236116,0.9185187026632858,0.8997911798339383,0.9076965146919903,0.8419430219261175,0.9665059082848573,0.9635807686570875,0.45850113525249014,0.8967997480899584,0.9377848489368402,0.9532143389847363,0.8008170503322893,0.957316163675235,0.9814133479175989,0.9799632078755035,0.943229088980593,0.9505792273653856,0.9542087207278875,0.9490462221780275,0.8734069175823266,0.9764165796582642,0.973698602893651,0.8126750526193673,0.9668456553804339,0.94587248711447,0.9609788030958419,0.9807587132700244,0.8952998889607054,0.9574404613931289,0.9775518321483618,0.9403619549545071,0.9332604120055024,0.9717512719799798,0.9042410381345399,0.9696382107757835,0.8939409005783987,0.9483170088997167,0.23522928785694153,0.9331526873166609,0.9699945309004127,0.9418535275692339,0.9163227763138269,0.9458393410563649,0.9149969339896253,0.9361938381477983,0.9458890601435225,0.8331841760718607,0.9613268367059448,0.9250319030809261,0.9571172873266047,0.9632907406486684,0.9834352574620064,0.9631415833871957,0.9596198147135352,0.9366578829612688,0.9023434263080264,0.8593447024312634,0.9523608279885315,0.9487893402277136,0.9476540877376158,0.9449775435456339,0.9114337327433335,0.7811697243905269,0.9692321715639968,0.9214438422910556,0.9135550804620561,0.9277333068164869,0.9567195346293443,0.9494191153317092,0.9372710850362121,0.9394587248711448,0.7413364490627952,0.84827391902418,0.9685195313147384,0.9433368136694344,0.9596363877425877,0.9707237441787236,0.9028323306650757,0.9549876530933559,0.9409420109713453,0.9106382273488126,0.9388703823397803,0.9402376572366132,0.9672848406503257,0.9769303435588923,0.9409834435439766,0.960058999983427,0.8354132484794246,0.9439914483170089,0.9610036626394207,0.9727705132667098,0.9426324599347023,0.9590480452112233,0.946833722799516,0.9334592883541325,0.9456404647077347,0.8462851555378776,0.9199356966472763,0.8427633868642173,0.9742040802797528,0.9487893402277136,0.9748670014418536,0.9339399061966556,0.9337078837899203,0.9651883524751819,0.9607964997762642,0.9677240259202176,0.9785710734350918,0.9321914516316148,0.8105454183861184,0.9062960937370524,0.922827690216941,0.9250567626245049,0.9616914433451001,0.9816950894114918,0.7703723959628102,0.9377848489368402,0.9679229022688477,0.9104559240292349,0.965826414093704,0.905583453487794,0.9636304877442451,0.9382737532938896,0.9401133595187193,0.931942856195827,0.939881337111984,0.8909080362617876,0.3014219658927061,0.939848191053879,0.9741377881635427,0.9684366661694758,0.8681864134307828,0.9755216360894281,0.9672848406503257,0.8504366993155339,0.9827143306982218,0.9526757155405294,0.9751901755083777,0.5450869255373805,0.9617245894032053,0.91782263544308,0.951515603506853,0.8028223868476442,0.911193423822072,0.9810901738510748,0.9713783788262981,0.9641193921012944,0.8107028621621174,0.9235817630388305,0.967516863057061,0.9901141881701719,0.9162896302557219,0.9342465072341272,0.9759773943883724,0.9616168647143639,0.9687764132650525,0.982689471154643,0.940900578398714,0.9607882132617379,0.9717844180380849,0.9498997331742323,0.843807487694526,0.9318682775650906,0.9446543694791099,0.9505460813072806,0.9564377931354514,0.9649314705248679,0.9633238867067734,0.6264522116707272,0.9282885032897463,0.9593380732196424,0.9345779678151775,0.910745952037654,0.9354231922968561,0.9294734748670015,0.9847196672135767,0.9490793682361326
23,0.5597872023069657,0.15330880525033552,0.5170702199240955,0.5326488672334643,0.3183264555262766,0.7303899633736057,0.6618356286978571,0.16832396957191875,0.3425976565736919,0.15260445151560353,0.6117767944447208,0.5746614958816023,0.9673428462520095,0.28082169078042407,0.4602910223901622,0.2095990984272197,0.31596479888629236,0.5237988697194187,0.20509123452493405,0.2887767447256334,0.8639602910223902,0.13205389549047875,0.9639039427236116,0.0,0.26360231359485575,0.7111238171000513,0.993909411823199,0.7730737996983709,0.16707270587845335,0.47550506306037554,0.9293574636636339,0.6103929465188354,0.5680157112315418,0.3774838827292464,0.8694128175806692,0.133081423291735,0.11282089527502936,0.13318086146605013,0.4674339979117983,0.39658429871227563,0.5045492964749168,0.25711397272079417,0.7845009032300834,0.12783605959661248,0.06541374567029623,0.777540231028025,0.5867598070899418,0.18602396460000992,0.3419430219261175,0.6392134440411674,0.6291619019208141,0.14865178408657742,0.36521984123038176,0.28112829181789567,0.5255970433716171,0.22446510548733,0.7057541556870349,0.3234226619599264,0.760453438074877,0.4643016954208721,0.9282636437461675,0.5370904390195397,0.23922338785859887,0.5462221780274781,0.5891794693316098,0.5026351116193507,0.3388190059497175,0.3789920283730257,0.23428462520094806,0.7373920681482955,0.2099222724937435,0.2510316710585194,0.5756641641392798,0.3824557914450024,0.4221316229967351,0.38503289746266933,0.22975190175508375,0.07284674920035117,0.5717363562538325,0.6879464359701023,0.04525265582790561,0.20132915693001208,0.7295530254064535,0.46166658380152137,0.4544158835910439,0.8695702613566683,0.15592734384063378,0.34062546611644207,0.09870896103680882,0.3960291022390162,0.548509256036726,0.5464542004342134,0.07513382720959916,0.28247899368567597,0.8159067932846087,0.7943204229437014,0.7072374417872356,0.334568023997746,0.6695586602363315,0.6918825303700757,0.4675002900280084,0.37101211488423746,0.5998110674688013,0.24794080114022443,0.33400454100996047,0.6912113226934486,0.3740946982880061,0.6131357828270273,0.09789688261323515,0.4055254478861101,0.8244501897611827,0.5370904390195397,0.5183131971030346,0.39230845721672547,0.7223769038267125,0.6960755067203634,0.3765889391604105,0.24919206483368972,0.5350188103879746,0.8429374036692687,0.6610152637597574,0.842340774623378,0.24915063226105838,0.3644077628068082,0.4665804869155936,0.48870548070070763,0.5300634747012711,0.1333880243292066,0.38016871343575476,0.23028223868476438,0.45586602363313944,0.610890137390411,0.7775485175425513,0.5979051691277615,0.09433368136694364,0.3147715407945111,0.2500455758298945,0.3856129534795074,0.8328195694327053,0.2724440245943751,0.4962296358905517,0.490437362236696,0.1151576923714348,0.4624786622250948,0.6864631498699019,0.6137572714164969,0.6785412419827972,0.6044432290889806,0.7100299971825851,0.6858085152223272,0.9390278261157792,0.42217305556936635,0.04486318964517155,0.4804603987470789,0.7931851704536039,0.6848887121099123,0.6768839390775452,0.7387427700160758,0.37420242297684747,0.36518669517227664,0.18340542600971188,0.9465934138782546,0.26863222791229546,0.16968295795422528,0.6729229851339931,0.8666119756707934,0.7214488141997712,0.12705712723114404,0.4856394703259914,0.2994829214935615,0.8092941546926532,0.5189181126634514,0.5860057342680522,0.997862079252225,0.6329571255738411,0.42244651054873295,0.16688211604434944,0.07563101808117478,0.5272129137042378,0.6474419529657436,0.5774291917333731,0.1580818376174613,0.1095228624935779,0.5029914317439799,0.8277067899700028,0.469464193970732,0.6448317008899718,0.1643298695702613,0.5036294933625018,0.6561842257909478,0.21811763536021478,0.8367308042891,0.7255009198031124,0.42091350536137495,0.13829364092875251,0.29629261340095137,0.37520509123452495,0.29209135053613755,0.572134108951093,0.7047763469729362
24,0.6795521967550009,0.40302292049917965,0.40747277879978117,0.3950181474668125,0.11122988448598747,0.7755017484545651,0.7357761978156748,0.4351165912593844,0.5476225989824159,0.3981587364722651,0.7306882778965512,0.717802747808217,0.9240126617941962,0.5166890402558876,0.6281012280614529,0.055345630520890365,0.1372495400984438,0.6905815475894529,0.12428114486484687,0.5355905798902866,0.8104625532408559,0.15733605131009798,0.9185187026632858,0.26360231359485575,0.0,0.6275708911317722,0.977684416380782,0.671456272062845,0.42459271781103425,0.29892772502030196,0.8770281244303022,0.48822486285818467,0.4317439798471967,0.5813155670461891,0.8099653623692802,0.3923498897893568,0.20607732975355897,0.15695487164188993,0.6120005303369297,0.5919388786688543,0.3289911997215732,0.4992873597507417,0.701992078092113,0.34460299308904685,0.2524983841296674,0.7140489567278212,0.7225343476027114,0.4359120966539054,0.5631515272046272,0.7631051227232802,0.5352259732511311,0.399177977758995,0.5749349508609689,0.07284674920035117,0.3354629675665821,0.4660004308987553,0.586892391322362,0.5240723246987853,0.6667909643845606,0.29769303435588923,0.8867564924841314,0.36815326737267773,0.49933707883789924,0.369346525464459,0.48721390808598086,0.639967516863057,0.11924294403288083,0.5188435340327151,0.4803609605727639,0.6460332454962794,0.08461359982764038,0.06953214338984715,0.6970450289199357,0.5824176734781816,0.6404481347055802,0.20497522332156648,0.09027328924907596,0.2607600391123486,0.3326952717148114,0.5757636023135948,0.26118265135318786,0.4370059165713718,0.6549826811846402,0.6206930840749765,0.20610218929713786,0.8172823546959678,0.16882116044349427,0.11655811332637256,0.28946452543131307,0.23572647872851715,0.6941447488357448,0.6817895556770911,0.19531314738394734,0.49547556306866203,0.734508361093157,0.7046934818276736,0.8094018793814945,0.5158852483468404,0.7686819469994531,0.8063358690067783,0.22562521752100628,0.19038267124082264,0.5082948010407862,0.1321284741212152,0.5287790649497008,0.7718805416065895,0.5734350917317158,0.7512636934652547,0.3250468188070734,0.6337443444538358,0.7156814000894944,0.6743896982051409,0.6520658280713967,0.6025041846898357,0.7803825055105322,0.7803327864233747,0.18428379654949534,0.04056248860604239,0.666550655463299,0.711049238469315,0.5761945010689604,0.7302490926266594,0.4871061833971395,0.57171978322478,0.6655479872056216,0.6352939226702464,0.6471436384427982,0.3983244667627902,0.5587679610202358,0.47884452841445824,0.6496378793152024,0.49067767115795746,0.6608578199837585,0.4053928636536901,0.20992227249374362,0.5061403072639588,0.5038532292547109,0.6519415303535028,0.779255539534961,0.05423523757437143,0.7005999436517013,0.26546677936326424,0.3714513001541292,0.23986144947712096,0.7978919107045195,0.6894131490412503,0.7590695901489914,0.6698321152156981,0.7817912129799964,0.576277366214223,0.8894081771325345,0.5964218830275609,0.32735046984537364,0.6494887220537298,0.6817729826480385,0.8016125557268102,0.7779794162979168,0.6475248181110063,0.613251794030395,0.5869918294966772,0.44918709292497394,0.8891430086676942,0.5272709193059215,0.3965511526541706,0.7631797013540165,0.8066176105006713,0.5664578465006049,0.38253037007573876,0.6717214405276852,0.5247518188899385,0.6458758017202804,0.6412933591872586,0.7045277515371484,0.9890618008253369,0.7086627222857522,0.5546495633006845,0.424228111171879,0.33334990636238593,0.6689703177049671,0.7741510465867847,0.40096786489666725,0.420664909925587,0.31660286050481456,0.647168497986377,0.7124579459387792,0.2582575117254181,0.7311523227100218,0.40467193688990544,0.6475331046255325,0.7603954324731932,0.46491489749581527,0.7590861631780441,0.7722865808183762,0.6091748288834751,0.38497489186098544,0.5157940966870516,0.5645933807321963,0.4940585690846716,0.7338454399310562,0.789240789539104
25,0.8999071910373059,0.8163045459818691,0.28078025820779273,0.2949584845622234,0.5586270902732893,0.8821740499511096,0.8675732113558395,0.8148709789688262,0.8420093140423276,0.7840617179601916,0.8783788262980825,0.8910654800377865,0.837973781468039,0.8225608644491954,0.8626841677853462,0.6306783340791196,0.5482938066590433,0.9120635078473293,0.7166923548616981,0.8473043968246077,0.4433202406403818,0.6871177845174763,0.8997911798339383,0.7111238171000513,0.6275708911317722,0.0,0.9949783721970865,0.1457929365750178,0.828029964036527,0.4543164454167288,0.77336382770679,0.17953562372594833,0.2741841926448897,0.8465586105172442,0.45317290641210495,0.7870531497041715,0.7199323820414658,0.7010557019506455,0.8522514459967849,0.8395316461989758,0.3957142146870183,0.8290740648668358,0.20931735693332665,0.7858681781269163,0.7469629924261258,0.2429108868227845,0.8984073319080529,0.7995077810371403,0.8406006065728633,0.9029566283829696,0.12568156581978496,0.8053912063507848,0.8633636619764995,0.606713734069176,0.38326786986857575,0.8024412071794362,0.031463895656208996,0.8087472447339201,0.28315020136230307,0.43258091781434893,0.8705397835562406,0.3121695752332653,0.8338885298065928,0.3542982150847711,0.18496329074064866,0.8582260229702183,0.589535789456239,0.8263229420441174,0.7984553936923052,0.21887170818210444,0.6485026268251048,0.5930244120717942,0.8740946982880062,0.8594938596927361,0.8917946933160974,0.48136362883044126,0.6161437876000597,0.7230066789307081,0.34761099786207916,0.10906710419463361,0.7263710038283697,0.7822055387063094,0.29313545136644625,0.8431114204743201,0.43178541241982793,0.41904903959296635,0.6662523409403537,0.4956412933591873,0.6899020533982996,0.48653441389482754,0.8683272841777292,0.8626095891546098,0.7003513482159134,0.8083494920366596,0.34714695304860865,0.2566665009363761,0.9035449709143341,0.8212267356104677,0.9102736207096571,0.9306915925023617,0.47186728318334736,0.5440345381925455,0.43092361490909703,0.5855251164255291,0.8176469613351232,0.8893501715308507,0.8315020136230299,0.9037769933210693,0.760519730191087,0.8730920300303286,0.24479192562024554,0.8712938563781303,0.8520442831336283,0.865833043305325,0.8810968030626958,0.887891744974229,0.4936939624455162,0.6316229967351132,0.8676146439284708,0.1797676461326837,0.077909809575896,0.17105851936558458,0.8079103067667678,0.8433517293955817,0.8871293856378131,0.8431859991050565,0.864117734798389,0.7698171994895507,0.8414292580254894,0.8618472298181938,0.8946369677986046,0.3471883856212401,0.0940187938149456,0.2528629907688228,0.7133943220802466,0.8256517343674904,0.8092692951490744,0.8901373904108454,0.5339498500140871,0.6137241253583918,0.89079202505842,0.47033427799598937,0.7948673329024346,0.4766568885795257,0.9087654750658778,0.8664711049238469,0.8880989078373855,0.8644574818939658,0.8858449758862428,0.07916935978388762,0.8454399310561992,0.851141053050266,0.7504267554981023,0.8445532740018894,0.0791859328129404,0.913041316561428,0.9039427236115944,0.17123253617063594,0.8860355657203468,0.8690482109415139,0.8097747725351763,0.8012810951457598,0.8564112762889674,0.7734052602794212,0.8899385140622152,0.3995177248545716,0.02739521702381542,0.8242595999270788,0.8719319179966523,0.8176303883060707,0.1736439118977775,0.8253037007573875,0.901407050166559,0.9986990172193771,0.8460282735875636,0.8226934486816155,0.8046371335288951,0.7633951507316993,0.8811548086643796,0.9045144931139065,0.2571554052934254,0.7886524470077397,0.7862079252224929,0.8603225111453621,0.270248098244916,0.41539468668688584,0.8958799449775436,0.7923316594573991,0.8509007441290045,0.9036195495450704,0.8164537032433418,0.5414905782329837,0.8798538258837568,0.8625018644657684,0.7664943071645204,0.8052751951474171,0.8405343144566533,0.7930691592502361,0.935771225906959,0.9004541009960391
26,0.997671489418121,0.9848771109895756,0.9884071661777624,0.9959644674257114,0.9709060474983013,0.9727207941795522,0.9720081539302939,0.9943734566366695,0.9780655960489899,0.9797063259251894,0.9852831502013624,0.9839490213626345,0.9613599827640498,0.9916720529011088,0.9820348365070684,0.9802532358839225,0.9954258439815045,0.9998425562240011,0.9900810421120669,0.9878602562190292,0.9833026732295862,0.9971991580901242,0.9076965146919903,0.993909411823199,0.977684416380782,0.9949783721970865,-2.220446049250313e-16,0.9902799184606971,0.9903379240623809,0.998052669086329,0.9691990255058918,0.9792505676262451,0.9965776695006547,0.9822005667975936,0.9631913024743533,0.9862775319445135,0.9970582873431778,0.9991962080909528,0.980841578415287,0.9791677024809825,0.9979117983393825,0.979408011402244,0.993113906428678,0.9915726147267937,0.9919123618223703,0.9834352574620064,0.9855234591226238,0.9882000033146059,0.9925835694989974,0.9975969107873847,0.9909096935646929,0.9835678416944265,0.9948789340227714,0.9821674207394886,0.9949700856825603,0.9957324450189762,0.9956247203301348,0.995152389002138,0.9865509869238801,0.9947049172177199,0.8370871244137291,0.9906528116143788,0.9942574454333019,0.9923349740632096,0.989442980493545,0.9808001458426557,0.9644342796532923,0.9735162995740732,0.9849599761348382,0.967550009115166,0.9950612373423491,0.9851671389979947,0.9828634879596944,0.9920532325693167,0.9984089892109581,0.9980029499991714,0.9942657319478282,0.9844959313213677,0.9824740217769602,0.9601584381577422,0.9841810437693698,0.9791594159664562,0.9977875006214886,0.984603656010209,0.9824823082914865,0.9686106829745273,0.9934205074661496,0.9887220537297602,0.9748089958401698,0.9901390477137507,0.9898158736472266,0.9874625035217687,0.989766154560069,0.9850345547655746,0.9837584315285305,0.9928321649347852,0.9926250020716287,0.980742140240972,0.9817530950131756,0.9865344138948275,0.993337642320887,0.9936110973002537,0.9879514078788181,0.9805101178342366,0.9782810454266727,0.9726876481214473,0.9936691029019374,0.9953512653507682,0.9770877873348912,0.990975985680903,0.9832198080843236,0.978579359949618,0.9923598336067884,0.9956495798737136,0.969812227580835,0.9894678400371236,0.9924841313246823,0.9765988829778419,0.978579359949618,0.9667627902351713,0.9904207892076435,0.9658181275791777,0.993080760370573,0.984951689620312,0.9952103946038218,0.9719004292414525,0.9681797842191618,0.9946054790434048,0.9876116607832414,0.9901721937718557,0.9938348331924626,0.991837783191634,0.9653706557947597,0.9875536551815576,0.9692404580785231,0.9651552064170769,0.9910837103697443,0.9975223321566483,0.9788528149289846,0.9804023931453952,0.9915974742703724,0.9774689670030992,0.9931056199141518,0.9733671423126005,0.9887303402442865,0.9684449526840021,0.9677157394056912,0.9667379306915925,0.9690913008170504,0.9882662954308159,0.9422761398100731,0.9763585740565804,0.9971742985465454,0.9938348331924626,0.9951358159730854,0.9946717711596149,0.9902882049752234,0.9880922786257645,0.9983344105802218,0.9854157344337825,0.9975140456421221,0.9357960854505378,0.986832728417773,0.963340459735826,0.9778004275841496,0.9581613881569135,0.9888546379621804,0.9947960688775088,0.994928653109929,0.9919786539385804,0.9390941182319893,0.9645254313130811,0.9865178408657751,0.9438257180264837,0.9570758547539734,0.973607451233862,0.9987321632774823,0.9927078672168913,0.9911334294569019,0.9984504217835894,0.9949120800808764,0.9923349740632096,0.9955252821558197,0.9856311838114653,0.9850759873382059,0.9823331510300138,0.9711795024776679,0.9840070269643183,0.9894181209499661,0.9853825883756775,0.9936525298728849,0.9395167304728286,0.9616914433451001,0.9865841329819852,0.9810238817348647,0.9566863885712392,0.9689007109829464,0.9764828717744743,0.9946966307031937,0.977526972604783
27,0.9280481943684848,0.8470060823016623,0.359145826082633,0.38475944248330274,0.5989989890452279,0.8802930111536486,0.8607285503571488,0.8508013059546894,0.8399542584398151,0.8155919057326109,0.8696696995309833,0.8869387958037092,0.8396227978587647,0.8370705513846766,0.8560300966207595,0.6992989608710785,0.5794593877923069,0.9102653341951309,0.6752183496577671,0.868385289779413,0.30146339846533743,0.7415270388968993,0.8419430219261175,0.7730737996983709,0.671456272062845,0.1457929365750178,0.9902799184606971,0.0,0.8520194235900496,0.4549296474916721,0.7541639735494456,0.2805316627720048,0.3412801007640166,0.8507101542949005,0.30781086859245266,0.8265218183927476,0.8138185916239912,0.7470458575713883,0.8405757470292846,0.8483899302275477,0.4031555047315998,0.8359270123800528,0.07339365915908436,0.8478595932978671,0.7885447223188983,0.18006596065562908,0.8973715175922704,0.8097499129915975,0.8463845937121928,0.9041250269311722,0.21948491025704775,0.830515918394405,0.8749233497406321,0.6421385836689373,0.3861267173801356,0.833068164868493,0.1704536038051674,0.8378494837501451,0.15101344072656153,0.43723793897810703,0.8052586221183646,0.37446759144168773,0.8533038333416199,0.3750393609439997,0.28044879762674224,0.8456388074048294,0.6131937884287112,0.8285934470243127,0.8183761746134341,0.15267074363181354,0.7009811233199092,0.652844760436865,0.8689404862526724,0.8568007424717016,0.8863918858449759,0.5211471850710154,0.6670229867912959,0.7613235221001343,0.3694211040951956,0.18720064966273875,0.7735792770844728,0.8156830573923997,0.3296044017965163,0.8371368435008867,0.4979449443974875,0.3501383847925885,0.7404332189794329,0.5552296193175227,0.7303485308009745,0.4986907307048509,0.8571984951689621,0.8526409121795191,0.7429357463663634,0.8101890982614893,0.26855764928155923,0.1436218697691377,0.9037604202920168,0.8291320704685197,0.9050862626162184,0.9313876597225675,0.5045078639022854,0.5660269477452395,0.4491125142942376,0.6280515089742952,0.8250551053215998,0.8832430103249971,0.8408574885231774,0.9005701121994067,0.8111586204610617,0.8596347304396825,0.10856162680853176,0.8658164702762724,0.8486799582359668,0.8647640829314374,0.8834253136445749,0.8892093007839043,0.5212383367308042,0.677961185965959,0.8502875420540613,0.07680770314390362,0.1951474170934221,0.07997315169293484,0.8570327648784369,0.8394653540827657,0.876895540197882,0.8328775750343891,0.8514973731748952,0.8217239264820432,0.8489036941281759,0.8648303750476475,0.8900793848091616,0.3690316379124612,0.11843086560930738,0.38804090223570153,0.7425959992707867,0.8187905003397471,0.8353055237905832,0.8856875321102438,0.3429705497273736,0.6595071181159782,0.8817431511957441,0.45042178358938656,0.8239281393460283,0.4764082931437379,0.9114005866852285,0.8648220885331213,0.8814945557599563,0.8575879613516963,0.8873116889573908,0.18539418949601405,0.7986211239828304,0.8466994812641907,0.800585027925554,0.8545716700641377,0.08012230895440764,0.9130578895904805,0.8997746068048857,0.07256500770645835,0.8825883756774227,0.8550688609357133,0.8547042542965578,0.7263212847412122,0.8614080445483021,0.7958202820729545,0.8903445532740019,0.30893783456802404,0.14439251562007982,0.8588557980742141,0.8639768640514427,0.8314522945358724,0.10936541871757899,0.8233480833291901,0.8944712375080794,0.9966025290442335,0.84195959495517,0.8190639553191137,0.8359933044962629,0.7993006181739837,0.8701834634316115,0.9069921609572582,0.3550357148776082,0.8177463995094384,0.8222874094698288,0.8469977957871361,0.13429954092709528,0.4652297850478132,0.8900462387510566,0.8245579144500241,0.8530469513913058,0.9049702514128508,0.8338222376903827,0.4021114039012911,0.8725534065861218,0.8580520061651669,0.8007921907887106,0.7984305341487263,0.8424733588557981,0.8057723860189927,0.9284128010076402,0.8969986244385887
28,0.4034123866819139,0.04124198279719582,0.6049321334460299,0.647839705663004,0.48215913422496226,0.6296176602197584,0.5551799002303651,0.06737764961301962,0.2003513482159135,0.07285503571487761,0.44521785246689527,0.41212151344901304,0.9678151775800063,0.15096372163940397,0.3123850246109481,0.35510200699381833,0.5019307578846186,0.3607285503571489,0.3405094549130744,0.14929813221962585,0.920565471751272,0.2690714131821872,0.9665059082848573,0.16707270587845335,0.42459271781103425,0.828029964036527,0.9903379240623809,0.8520194235900496,0.0,0.6111138732826199,0.9383566184391522,0.7075440428247071,0.6972604782976185,0.22956959843550606,0.9181789555677091,0.07536584961633441,0.23354712540811096,0.2784434611113873,0.3062281443179369,0.2640166393211687,0.6390642867796947,0.15117088450256055,0.8517874011833143,0.11140390129103883,0.17888927559290013,0.8660733522265864,0.4264157510068114,0.08240938696365518,0.20773463265881098,0.4758945292431097,0.7611163592369778,0.04049619648983238,0.2080495202108089,0.4303021263196274,0.6531845075324417,0.08000629775103985,0.8029798306236431,0.17596413596513027,0.8441720943336815,0.5983857869702847,0.9410000165730291,0.6667992508990868,0.12048592121181989,0.6763701751769171,0.72351215631681,0.34469414474883564,0.48684101493229914,0.22632128474121216,0.133943220802466,0.8349574901804803,0.35566548998160397,0.4235983360678832,0.4092543794229271,0.23094515984686526,0.26705779015230613,0.5637978753376756,0.37805565223155835,0.1834137125242381,0.6480800145842656,0.8161802482639753,0.1618522017269095,0.12172061187623262,0.8349906362385854,0.31047083975538214,0.6040371898771939,0.9280730539120635,0.2709690250087009,0.4756210742637432,0.16307860587679612,0.5156863719982101,0.3889192727754851,0.3875602843931786,0.21966721357662544,0.16400669550373725,0.8737300916488507,0.8577951242148528,0.5918808730671705,0.19020865443577128,0.5335189512587215,0.5435456338354963,0.6077826944430633,0.5634829877856776,0.7295281658628747,0.3883640763022257,0.19714446709425082,0.5606407133031703,0.22787914947214905,0.45740731533502377,0.10611710502328497,0.26757984056746054,0.8839225045161505,0.39747924228111176,0.3662473690316379,0.23918195528596764,0.6007474436102687,0.5579641691111885,0.5338006927526143,0.3946784003712359,0.3723793897810703,0.8981090173851075,0.7705878453404928,0.894902136263445,0.09604898987387922,0.2278625764430965,0.3164122706707104,0.3353386698486882,0.36871675036046336,0.05443411392300179,0.22616384096521314,0.09749084340144842,0.2959031472182171,0.7098559803775336,0.8429954092709525,0.720578730174514,0.22815260445151564,0.20923449178806408,0.13165614279321836,0.27352955799731515,0.8826215217355275,0.4032798024494937,0.33927476424866176,0.6433401282752449,0.05121894628681278,0.5750841081224416,0.5735013838479259,0.47311026036228643,0.5430152969058155,0.44606307694857383,0.6179751073103631,0.794850759873382,0.9472811945839341,0.2658811050895773,0.1336283332504682,0.3248810885165482,0.8605462470375711,0.519191567642818,0.5602015280332786,0.8206383930791031,0.23547788329272934,0.21391637249540096,0.09488887784020283,0.9583768375345962,0.13755614113591552,0.1347635857405658,0.5420292016771906,0.9198694045310662,0.7907903677555147,0.06146936475579645,0.32361325179403044,0.16137158388438655,0.8778153433102969,0.38195031405890056,0.42527221200218757,0.9953512653507682,0.5036212068479756,0.2759657932680356,0.05248678300933041,0.1503919521370921,0.36096057276388405,0.4840981786241071,0.7061519083842954,0.08958550854339642,0.11531513614743383,0.3432440047067402,0.8834087406155223,0.6150499676825933,0.4798057640995045,0.08035433136114278,0.35596380450454923,0.4996353933608446,0.09302441207179435,0.8584414723479011,0.628457548186082,0.25839009595783813,0.07912792721125639,0.19852831502013624,0.2395134158670179,0.1767099222724937,0.40874890203682535,0.6038631730721424
29,0.8185087588458543,0.5741394454664479,0.1917748056812344,0.15145262599645326,0.22897296938961542,0.8478264472397621,0.8216742073948856,0.6077909809575897,0.709615671456272,0.5952286249357797,0.8190059497174299,0.804728285188684,0.9636719203168764,0.6734450355491473,0.7489766154560069,0.307694857389085,0.16430501002668263,0.8023583420341736,0.4100498848174481,0.70164404448201,0.7372263378577704,0.373232900777275,0.9635807686570875,0.47550506306037554,0.29892772502030196,0.4543164454167288,0.998052669086329,0.4549296474916721,0.6111138732826199,0.0,0.9017219377185569,0.2831336283332504,0.18557649281559185,0.7159880011269659,0.7415684714695305,0.5815807355110293,0.4256368186413432,0.3868227846003415,0.7623096173287592,0.6896534579625118,0.06688874525597044,0.6555875967450571,0.5756475911102272,0.5622482971212649,0.4632410215615108,0.6420557185236746,0.8165282818740781,0.6402243988133711,0.7093173569333266,0.8409320671539138,0.36861731218614835,0.5737665523127662,0.7010225558925405,0.2585972588209947,0.06886922222774639,0.6256649927907324,0.3841130943502544,0.6576177928039908,0.5499842556224002,0.04143257263129985,0.9260511443676561,0.12763718324798212,0.6661777623096172,0.11749448946784002,0.2892242165100516,0.7724025920217438,0.1964649729030975,0.7069557002933426,0.6367937817994995,0.601683819751736,0.3072390990901407,0.29010258704983505,0.8013308142329174,0.7442450156615126,0.7781948656755996,0.09314042327516203,0.2959445797908483,0.4798803427302407,0.10607567245065375,0.43438737798107363,0.47280365932481483,0.6121828336565074,0.5100349690913009,0.755290939525017,0.12984139611196732,0.7821889656772569,0.39394918709292504,0.19020036792124506,0.5033477518686091,0.13323058055320758,0.787069722733224,0.7949170519895922,0.4505212217637018,0.6847395548484396,0.6879630089991549,0.6140307263958634,0.8608031289878852,0.6917416596231293,0.8557649281559191,0.8799118314854406,0.13037173304164795,0.12161288718739127,0.402973201412022,0.3149704171431412,0.691791378710287,0.8478098742107095,0.6914267720711313,0.8288834750327319,0.552337625747858,0.7624587745902319,0.6455194815956513,0.8154178889275593,0.7690465536386086,0.7427202969886807,0.8438903528397886,0.8536104343790916,0.1082633122855865,0.3161885347785014,0.7745405127695189,0.5696315815641625,0.4028157576360232,0.6220272129137042,0.6149919620809097,0.7028041565156864,0.795422529375694,0.77540231028025,0.8005435953529227,0.5693746996138485,0.7120850527850975,0.6844992459271781,0.7751454283299359,0.24660667230149658,0.5357728832098643,0.16535739737151767,0.4721241651336614,0.7072208687581829,0.6261041780606242,0.7617378478264472,0.7496561096471603,0.28884303684184354,0.8019274432788082,0.08490362783605965,0.5740400072921328,0.09091135086759805,0.8696034074147732,0.8205223818757355,0.8441886673627339,0.8152024395498766,0.8515968113492103,0.42793218316511705,0.9215929995525283,0.7520011932580918,0.5014998591292531,0.737566084953347,0.5336763950347205,0.8602230729710469,0.8458874028406171,0.5193987305059746,0.7654253467906329,0.7547771756243888,0.601426937801422,0.9086826099206152,0.6876398349326306,0.6124811481794528,0.8421584713038002,0.7406320953280632,0.4323820414657187,0.5462967566582144,0.7874011833142744,0.6681250932232885,0.576020484263909,0.7489683289414807,0.817414938928388,0.9991133429456902,0.7955965461807455,0.7241336449062795,0.6020898589635229,0.5411508311374069,0.7841280100764016,0.8453239198528315,0.17690879862112407,0.5927012380052703,0.5376622085218516,0.7702315252158637,0.6604434942574454,0.09870067452228237,0.851936558444787,0.5903727274233912,0.7443361673213014,0.8460282735875636,0.6486600706011039,0.7861582061353354,0.844354397653259,0.7416927691874244,0.5699630421452129,0.6841263527734964,0.7333482490594806,0.658098410646514,0.8475447057458692,0.8649380997364889
30,0.9720827325610302,0.935928669682958,0.8317008899716601,0.8699348679958236,0.8631150665407117,0.9174580288039245,0.9143422993420508,0.9545484678234641,0.9234574653209366,0.9176154725799235,0.9257859759028157,0.9409254379422928,0.096836208753874,0.9307744576476243,0.9316776877309866,0.901125308672666,0.8968743267206948,0.9788942475016159,0.9083097167669335,0.9430136396029103,0.6324847942458443,0.9324649066109814,0.45850113525249014,0.9293574636636339,0.8770281244303022,0.77336382770679,0.9691990255058918,0.7541639735494456,0.9383566184391522,0.9017219377185569,0.0,0.7889259019871062,0.830706508228509,0.9303104128341537,0.6579989724721989,0.9294403288088964,0.9526591425114769,0.9372379389781071,0.916612804322246,0.9278410315053283,0.8606871177845175,0.9211206682245314,0.7626327913952833,0.9526177099388456,0.9455741725915245,0.6595485506886094,0.9478529640862461,0.9098095758961866,0.9279156101360646,0.9538192545451533,0.7953645237740102,0.9318019854488805,0.9546810520558843,0.8968246076335372,0.8328361424617579,0.9314870978968827,0.8031952800013259,0.9382654667793633,0.7833822237690383,0.8849583188319329,0.5382671240822685,0.8350072092676379,0.9401630786058768,0.8354546810520559,0.8031124148560633,0.9198031124148561,0.8796218034770215,0.9089974974726132,0.9159498831601451,0.7381958600573427,0.9177646298413961,0.8671505991150004,0.9323406088930875,0.9368484727953729,0.9567775402310281,0.904754802035168,0.91157460349028,0.8939409005783987,0.8196522978504782,0.7373837816337692,0.922255920714629,0.9187921576426524,0.8419761679842225,0.9167371020401399,0.8257760320853843,0.6616864714363844,0.924518139180298,0.8659987735958502,0.8743681532673727,0.8635211057524984,0.926780357645967,0.9198279719584349,0.8991779777589951,0.9039841561842258,0.5978471635260777,0.7229983924161819,0.9410248761166079,0.9137705298397388,0.9429804935448052,0.9578796466630206,0.8056978073882564,0.9015810669716104,0.8967500290028009,0.848017037073866,0.9078042393808317,0.9184192644889707,0.932166592088036,0.95008203649381,0.9144748835744709,0.931909710137722,0.7424054094366828,0.9183529723727606,0.9316776877309866,0.9436268416778535,0.9212283929133728,0.9312965080627786,0.8939823331510302,0.8949518553506025,0.920822353701586,0.7257826612970053,0.7831916339349343,0.7282188965677256,0.9481844246672965,0.9174580288039245,0.9464525431313082,0.9034455327400189,0.9088566267256667,0.9343873779810736,0.934047630885497,0.9403453819254546,0.9598849831783756,0.8273338968163211,0.7302988117138169,0.8618223702746151,0.8798206798256518,0.8977609837750046,0.9262417342017601,0.9544987487363066,0.5173188153598833,0.8969571918659573,0.943005353088384,0.8411806625897015,0.9336913107608678,0.8412138086478066,0.9432539485241718,0.9180878039079203,0.9177231972687648,0.90953612091682,0.9183446858582344,0.7988945789621968,0.18174812310445976,0.9181209499660253,0.937552826530105,0.9372545120071596,0.7824872802002022,0.951963075291271,0.9469000149157262,0.7594176237590945,0.9551699564129336,0.9290508626261622,0.9496511377384445,0.16984868824475052,0.936119259517062,0.8901705364689505,0.9277498798455394,0.685866520824011,0.7687482391156633,0.9552113889855649,0.9436517012214323,0.9292580254893187,0.7209267637846168,0.8933525580470343,0.9515073169923267,0.9951772485457168,0.8924824740217769,0.9055005883425314,0.9433202406403819,0.9265649082682842,0.9436517012214323,0.955849450604087,0.8345597374832199,0.9285702447836393,0.9404945391869272,0.9221647690548402,0.7394719832943868,0.8757437146787319,0.9244104144914567,0.9251313412552413,0.9279156101360646,0.9454747344172095,0.9288271267339532,0.5127778053994929,0.9052437063922173,0.930956760967202,0.9058486219526343,0.8730505974576974,0.915112945192993,0.897901854521951,0.9725633504035534,0.9279073236215383
31,0.8650458244253302,0.761315235585608,0.1075009529491705,0.15947397205787306,0.38571239165382254,0.8510416148759509,0.8324135302209185,0.7331327996817979,0.7874923349740632,0.6770165233099654,0.841578415286962,0.8642834650889144,0.9046387908318004,0.7569896750029003,0.7933260412005502,0.5257793466911949,0.40881519415303536,0.8847262964251977,0.617204461459421,0.8163045459818692,0.5302374915063226,0.5778600904887388,0.8967997480899584,0.6103929465188354,0.48822486285818467,0.17953562372594833,0.9792505676262451,0.2805316627720048,0.7075440428247071,0.2831336283332504,0.7889259019871062,0.0,0.1230298811713817,0.7828767463829364,0.5376704950363778,0.672094333681367,0.6519415303535028,0.5683637448416448,0.8110260362286414,0.7982482308291488,0.2192280283067336,0.7765789953429789,0.36326422380218415,0.683604302358342,0.623899965196639,0.40608893087389575,0.8760254561726247,0.7105437610832133,0.796060590994216,0.8865990487081324,0.0798654270040936,0.6760055685377617,0.8188650789704834,0.458211107244071,0.21837451731052893,0.762334476872338,0.14662987454217002,0.7561278774921694,0.33375594557417265,0.26237590944496925,0.8648552345912263,0.16410613367805227,0.7648618638028473,0.1699646994481181,0.050804620560499836,0.8178044051111222,0.4359701022555892,0.7658396725169461,0.7324781650342234,0.4001557864730937,0.5191832811282918,0.4838827292464243,0.846740913836822,0.8208455559422596,0.8637779877028124,0.3396310843732909,0.5032566002088203,0.6107575531579907,0.16168647143638437,0.1464061386499611,0.6300899915477551,0.6883441886673627,0.189819188253037,0.7932680355988664,0.3239944314622383,0.5277183910903396,0.5953777821972523,0.3872868294138119,0.5650657120601933,0.3130230862294703,0.8402194269046555,0.833482490594806,0.5797079832280946,0.7376655231276621,0.4930724738560467,0.4348099902219129,0.8848754536866704,0.7708281542617546,0.8790914665473409,0.9080031157294619,0.3447770098940983,0.3994182866802566,0.3291403569830459,0.4567361076583968,0.7422562521752101,0.8546545352094002,0.7931354513664464,0.8833175889557335,0.7067568239447124,0.8406337526309684,0.4078871045260942,0.8188070733687995,0.8250385322925472,0.8280216775220007,0.8451996221349376,0.8693630984935117,0.35474568686918917,0.5034471900429243,0.8254279984752813,0.3376091748288834,0.1153068496329075,0.28263643746167477,0.7822469712789407,0.7941298331095975,0.8614660501499859,0.8048111503339466,0.8239861449477122,0.6874658181275792,0.7882132617378479,0.7727837716899518,0.8639934370804951,0.1158289000480619,0.24138616814995284,0.10634084091549423,0.6056862062679196,0.7460763353718158,0.7699000646348133,0.8548451250435042,0.6152239844876448,0.47581166409784714,0.8584414723479011,0.27251031671058523,0.6649016390725733,0.30080047730323667,0.879066607003762,0.8364656358242596,0.8501383847925886,0.8296541208836739,0.8575050962064337,0.13437411955783174,0.8645983526409122,0.8113740698387444,0.6663932116873001,0.8080014584265567,0.25033560383831355,0.8945126700807107,0.8694211040951955,0.33761746134340975,0.8517791146687881,0.8291072109249408,0.7250783075622732,0.8312202721291371,0.8051343244004707,0.6777540231028025,0.862551583552926,0.5770148660070601,0.1733290243457798,0.6960506471767844,0.8458045376953546,0.7511393957473608,0.3319660584365004,0.7935580636072855,0.8745836026450554,0.9890369412817581,0.8144152206698819,0.7589701519746764,0.7096902500870084,0.6451134423838645,0.8497654916389069,0.8896567725683223,0.0978223039824988,0.6869603407414773,0.6603606291121829,0.8221796847809875,0.4267306385588093,0.25423026566565565,0.8611594491125143,0.6678764977875007,0.8247816503422332,0.8821657634365834,0.7693863007341852,0.6510963058718242,0.8431611395614778,0.8221631117519349,0.6604849268300768,0.7354198776910457,0.7839871393294553,0.6987437643978189,0.9120966539054343,0.8680123966257313
32,0.8301761712988283,0.6953794395001576,0.07317820978140177,0.04254296557781878,0.35583950678665544,0.8414209715109631,0.8168597424551286,0.6875403967583156,0.7340691758232654,0.673213013142412,0.8190888148626925,0.8298032781451465,0.9311970698884636,0.7064170768491357,0.7640166393211688,0.4665390543429623,0.3001955617428198,0.8226022970218267,0.5493876265765095,0.7577188882812111,0.6304297386433317,0.5074412900445815,0.9377848489368402,0.5680157112315418,0.4317439798471967,0.2741841926448897,0.9965776695006547,0.3412801007640166,0.6972604782976185,0.18557649281559185,0.830706508228509,0.1230298811713817,0.0,0.7664445880773629,0.6811763536021479,0.672351215631681,0.5714214687018346,0.49587331576592253,0.7740847544705747,0.7536170635907125,0.11997215731119182,0.72147367374335,0.41111884519133557,0.663550937204793,0.5545418386118433,0.505038200831966,0.8388604385223488,0.6877641326505246,0.7443030212631963,0.8437577686073684,0.19157592933260403,0.6583221465387229,0.7535756310180812,0.33342448499312216,0.13086892391322358,0.6719368899053682,0.249680969190739,0.7083312617047017,0.4217670163575796,0.1642967235121564,0.9076136495467277,0.06855433467574878,0.726031256732793,0.08141500522050404,0.10214786456520664,0.7796947248048526,0.3422330499345365,0.7207113144069341,0.7056464309981936,0.47199158090124127,0.4485987503936095,0.3910240474651552,0.8108603059381163,0.7610749266643465,0.8047365717032102,0.2486700144185352,0.41546097880309585,0.589950115182552,0.13240192910058168,0.29050033974709555,0.5761199224382241,0.6775882928122774,0.3757768607368368,0.7726760470011104,0.25200119325809167,0.6417988365733607,0.5288702166094899,0.29840567460514755,0.5779761016921063,0.25199290674356556,0.8014385389217588,0.7987205621571455,0.5291436715888562,0.7048260660600938,0.57694857389085,0.5029417126568223,0.8566018661230714,0.724307661711331,0.8523757437146788,0.8830524204908932,0.2538822320555528,0.29035118248562286,0.3199257528298447,0.4345365352425462,0.7275891214637299,0.8452990603092528,0.7300833623361342,0.8397470955766586,0.6547506587779048,0.7634697293624356,0.509115165978886,0.810371401581067,0.768582508825138,0.7754768889109863,0.8437246225492634,0.8412552412204379,0.2486700144185353,0.4155355574338322,0.7973532872603126,0.4421601286067055,0.22627985216858082,0.4643099819353983,0.7101128623278476,0.7442450156615126,0.8117055304197949,0.7795870001160112,0.7974858714927329,0.6659623129319345,0.7388339216758647,0.7286249357795125,0.8052420490893121,0.15922537662208525,0.3655430152969058,0.029259682792224018,0.5493296209748255,0.7227580834949203,0.7119607550672037,0.8028886789638543,0.6894131490412503,0.40176337029118814,0.8219808084323572,0.2190125789290508,0.6427352127148279,0.22527718391090334,0.8583088881154809,0.8173900793848092,0.8398548202654998,0.8101393791743317,0.8463017285669302,0.24572001524718678,0.902716319461708,0.7823132633951508,0.6090836772236863,0.771068463183016,0.36356253832512964,0.8600490561659955,0.847602711347553,0.40960241303303,0.7991348878834585,0.7798521685808516,0.7026964318268452,0.8738378163376921,0.7439549876530933,0.6878884303684185,0.8433268698520029,0.6407133031704205,0.2729080694078456,0.6723429291171548,0.7864813802018595,0.6944762094167951,0.43785942756757656,0.7718888281211157,0.8316263113409238,0.9991216294602165,0.8044216841512124,0.72765541357994,0.6919405359717596,0.6264273521271483,0.8028389598766967,0.843650043918527,0.041299988398879606,0.6690614693647559,0.6214637299259186,0.7821475331046256,0.5310247103863173,0.21687465818127583,0.8442300999353652,0.6646198975786806,0.7805730953446361,0.8489699862443859,0.6998873034024429,0.7125408110840419,0.8390510283564527,0.7726677604865841,0.665531414176569,0.7030527519514742,0.7668672003182022,0.7016523309965363,0.8539418949601418,0.8556489169525514
33,0.2584646745885745,0.2614146737599231,0.7028290160592652,0.7469878519697045,0.6140555859394421,0.5641624819768309,0.44042824707071704,0.2314837832910721,0.05138467657733803,0.25530751255406947,0.29457730489401546,0.24408757188551355,0.9577884950032318,0.09797974775849783,0.15614279321831648,0.5308672666103185,0.6411773479838911,0.19440163078605865,0.541979482590033,0.09450769817199478,0.9123866819138534,0.470069109531149,0.9532143389847363,0.3774838827292464,0.5813155670461891,0.8465586105172442,0.9822005667975936,0.8507101542949005,0.22956959843550606,0.7159880011269659,0.9303104128341537,0.7828767463829364,0.7664445880773629,0.0,0.9071330317042046,0.26023798869719417,0.42566167818492184,0.4891198064270207,0.12274813967748888,0.09149969339896236,0.7328510581879051,0.12917847494986656,0.8620958252539817,0.3342945690183794,0.3971892142726926,0.8633968080346045,0.29212449659424244,0.2207858930376705,0.08605545335520981,0.32077097731152326,0.8004275841495551,0.2622018926399178,0.09260179983095518,0.5856659871724756,0.732627322295696,0.17208604716684062,0.8117303899633737,0.08267455542849556,0.8506190026351117,0.692876912113227,0.9295397669832116,0.7383450173188154,0.148030295497108,0.759053017119939,0.7663285768739954,0.17706624239712299,0.645229453587232,0.04619731848389941,0.15114602495898166,0.8369296806377302,0.5349608047862908,0.5765922537662209,0.2554400967864896,0.11128789008767137,0.13886541043106448,0.7057458691725087,0.5602181010623313,0.3994845787964666,0.7668091947165184,0.8376671804305673,0.36503753791080396,0.18299110028339882,0.8524088897727838,0.1122491257727174,0.6883193291237839,0.9148726362717314,0.45792107923565184,0.6557864730936873,0.3368633885215201,0.6417325444571504,0.20396426854936278,0.18452410547075693,0.42060690432390324,0.1284492616715558,0.8755696978736804,0.8598998989045228,0.4759525348447936,0.06170967367705804,0.420441174033378,0.4185684217504433,0.687300087837054,0.6935481197898541,0.7794046967964335,0.5760784898655928,0.06820630106564562,0.43562206864548636,0.07829098924410416,0.31677687730986603,0.318914798057641,0.10009280896269412,0.8825386565902651,0.2176287310031655,0.19002635111619348,0.10551218946286811,0.5233182518768955,0.4280399078539585,0.6699729859626444,0.5577652927625583,0.2100051376390062,0.8944380914499744,0.8080926100863455,0.882124330863952,0.16766104840981788,0.03881403404100159,0.15006049155604162,0.17139826646116108,0.20300303286431653,0.24920863786274217,0.05107807553986643,0.19372213659490556,0.1382853544142263,0.7956048326952717,0.8545468105205589,0.7592684664976218,0.42144384229105547,0.09464028240441502,0.12772833490777113,0.20150317373506366,0.8747327599065281,0.5910770811581233,0.19768309053845767,0.7284674920035135,0.2741593331013109,0.7276388405508876,0.43553091698569746,0.2954473889192728,0.4304015644939425,0.2495566714728451,0.5366098211770166,0.8143157824955668,0.9349591474833856,0.0804786290790368,0.35330383334161986,0.14926498616152073,0.8897479242281112,0.3898390758879,0.45072009811233205,0.8321235022124994,0.12743002038482576,0.08172989277250198,0.21112381710005135,0.9409088649132402,0.12175375793433774,0.29329289514244516,0.4323820414657187,0.9086080312898789,0.8204892358176303,0.29522365302706377,0.16823281791212985,0.081083544639454,0.8754785462138917,0.22559207146290117,0.29597772584895354,0.988556323439235,0.3661479308573228,0.08263312285586444,0.24546313329687264,0.3539336084456156,0.22217802747808224,0.346359734168614,0.7742753443046786,0.24263743184341802,0.3205389549047879,0.1667495318119293,0.8820414657186895,0.7432920664909926,0.31424949037935657,0.22963589055171607,0.20521553224282807,0.3762989111519913,0.1629211621007972,0.8622118364573493,0.5461641724257942,0.06849632907406478,0.26948573890850036,0.17623759094449687,0.06009380334443737,0.10447637514708563,0.21455443411392305,0.5057425545666983
34,0.9725467773745008,0.916612804322246,0.6706441936392714,0.6838694708231824,0.7724274515653227,0.903511824856229,0.8926067717396708,0.9288354132484795,0.8984819105387892,0.8846351447654088,0.9183032532856031,0.9339233331676031,0.7260892623344769,0.9073650541109399,0.9059149140688444,0.8395316461989758,0.8068993519945641,0.9764248661727905,0.8586569217255838,0.9257113972720795,0.09537778219725224,0.887063093521603,0.8008170503322893,0.8694128175806692,0.8099653623692802,0.45317290641210495,0.9631913024743533,0.30781086859245266,0.9181789555677091,0.7415684714695305,0.6579989724721989,0.5376704950363778,0.6811763536021479,0.9071330317042046,0.0,0.903097499129916,0.9316776877309866,0.872719136876647,0.8961699729859627,0.9087903346094566,0.7140986758149788,0.898921095808681,0.3036344652712176,0.9217172972704222,0.9097432837799765,0.21989094946883436,0.9408508593115564,0.8868144980858153,0.9165133661479309,0.9520293674074811,0.5148991531182154,0.90851687963009,0.9477949584845623,0.7975935961815741,0.6784666633520609,0.8977195512023733,0.4240292348232486,0.9099670196721855,0.5437942292712838,0.7566167818492187,0.7845091897446096,0.6670312733058221,0.920151146024959,0.6738013556737765,0.5856162680853181,0.9005618256848805,0.8029218250219593,0.8761331808614661,0.8867316329405526,0.27817829264654703,0.8565935796085451,0.7646049818525332,0.9224050779761017,0.9272692620030163,0.9549959396078822,0.7908898059298298,0.8347751868609026,0.8560881022224431,0.6256567062762062,0.48634382406072363,0.8689404862526724,0.8908417441455775,0.6066971610401233,0.8959296640647011,0.7139329455244535,0.04446543694791105,0.852574620063309,0.7633288586154892,0.81289050199705,0.7369777424219826,0.9149389283879414,0.9075224978869388,0.8526574852085715,0.880052702232387,0.18452410547075682,0.22475513349574894,0.9396327416761961,0.893692305142611,0.931147350801306,0.952791726743897,0.7079169359783888,0.8077528629907689,0.81078572730738,0.7745156532259402,0.8879580370904391,0.9010175839838248,0.9165465122060359,0.9482590032980328,0.8837319146820465,0.9267057790152307,0.2575945905633171,0.9037687068065431,0.9113674406271235,0.9296226321284742,0.9038018528646481,0.927385273206384,0.7959031472182171,0.7902351712822553,0.9030063474701272,0.28709458227680273,0.4903876431495384,0.3184590397586967,0.9324400470674026,0.9045062065993802,0.9390029665722005,0.8836241899932051,0.8857123916538225,0.9021942690465536,0.9128921592999553,0.928437660551219,0.9558660236331395,0.6679013573310795,0.3837733472546777,0.5639387460846219,0.819486567559953,0.8685841661280433,0.9064866835711562,0.9505460813072806,0.2389582193937585,0.8244336167321302,0.9380417308871543,0.7274813967748885,0.9062878072225261,0.7296358905517162,0.9383151858665209,0.8977609837750046,0.9003463763071977,0.8903362667594757,0.9052934254793749,0.4946303385869836,0.7196506405475729,0.8996668821160444,0.9003215167636189,0.9185435622068646,0.38809890783738543,0.9484661661611893,0.9403370954109282,0.3695536883276156,0.9474634979035119,0.9167122424965611,0.931818558477933,0.5802880392449329,0.9281310595137474,0.8416612804322245,0.9177066242397123,0.058767961020235626,0.45623063027229493,0.9411491738345018,0.9285785312981654,0.9094532557715574,0.3474949866587116,0.8647557964169111,0.9458642005999437,0.9842721954291586,0.8696034074147732,0.8717744742206532,0.915593563035516,0.8838230663418353,0.9373870962395798,0.953877260146837,0.6460498185253318,0.9003298032781452,0.9141682825369993,0.9074727787997813,0.24083925819121965,0.7350801305954691,0.9086577503770366,0.8981835960158439,0.920026848307065,0.9395581630454599,0.912917018843534,0.2563598998989046,0.8870879530651818,0.9182286746548667,0.8625764430965048,0.8472215316793451,0.88862095825254,0.8690564974560401,0.9705165813155671,0.9178972140738163
35,0.4574404613931289,0.08555826248363418,0.5771888828121117,0.6166824110442666,0.4499991713485474,0.6617196174944895,0.5942176701635757,0.056472596496461636,0.22817746399509442,0.07722202887021656,0.4890866603689157,0.46252009479772627,0.9617411624322578,0.16964981189612027,0.3581928769121132,0.3265052453636952,0.4733754288271268,0.4054342962263213,0.3319246258638693,0.18127579177646302,0.9013904771375065,0.2604285785312981,0.957316163675235,0.133081423291735,0.3923498897893568,0.7870531497041715,0.9862775319445135,0.8265218183927476,0.07536584961633441,0.5815807355110293,0.9294403288088964,0.672094333681367,0.672351215631681,0.26023798869719417,0.903097499129916,0.0,0.21588027643812469,0.26504416712242496,0.34316942607600387,0.30643530718109346,0.5987006745222825,0.14215515669798973,0.8233978024163477,0.1363545965296078,0.17607186065397173,0.8366230796002586,0.47701320870415487,0.07602877077843517,0.2358590629609374,0.5193075788461857,0.7341769005121066,0.04848439649314695,0.2532358839225046,0.39270620991398597,0.6245711728732661,0.11002833987967975,0.7748471138069906,0.19972157311191774,0.8086726661031837,0.5579310230530834,0.9314705248678301,0.6377218714264405,0.12399940337095405,0.6413679378179951,0.6926614627355442,0.38798289663401775,0.45746532093670755,0.24924178392084717,0.13589055171613718,0.8026069374699614,0.34045973582591693,0.3985647756840518,0.453462934420524,0.2650027345497936,0.3090455592568654,0.5342150184789274,0.3620212466232453,0.1669898407331908,0.619367241750775,0.7815591905732611,0.1498947612655166,0.08870713800361318,0.7933343277150765,0.34159498831601454,0.5664827060441837,0.9092295198793484,0.2686985200285056,0.44943568836076164,0.11815741062994078,0.5095046321616201,0.4346442599313878,0.42435240888977277,0.20022705049801948,0.17000613202074943,0.8454896501433566,0.8339796814663817,0.645287459188916,0.21838280382505504,0.5812989940171365,0.5937370523210528,0.5738742770016076,0.5463547622598983,0.6983377251860323,0.37309203003032876,0.21483617560781587,0.6044432290889806,0.25860554533552105,0.5126452211670727,0.0636321450471502,0.30976648602064993,0.8537761646696167,0.4416380781915511,0.40488738626758813,0.28127744907936825,0.6345315633338307,0.6071943519116989,0.5020136230298812,0.37241253583917533,0.4131490412502693,0.8748156250517908,0.7408889772783772,0.8723213841793865,0.11906064071330313,0.23382058038747733,0.35195313147383944,0.3710618339713949,0.40439848191053884,0.034306170138716174,0.25529922603954325,0.12446344818442467,0.34224962296358896,0.6791875901158455,0.8088549694227614,0.6878718573393658,0.2020998027809543,0.22416679096438452,0.1306617610500671,0.2976598882977842,0.8661645038863753,0.39147151924957324,0.3861184308656094,0.6073849417458028,0.05615770894446381,0.5490395929664065,0.6281178010905053,0.5164238717910472,0.5822436566731302,0.48938497489186106,0.6661197567079336,0.7658976781186297,0.9380748769452593,0.2851886839357629,0.10973002535673448,0.3638028472463912,0.829720412999884,0.5717363562538325,0.6106415419546232,0.7881718291652167,0.26828419430219264,0.2445018976118265,0.07219211455277685,0.9473060541275129,0.15141947993834837,0.09628101228061459,0.5873978687084639,0.9024097184242363,0.7653010490727391,0.07115630023699437,0.3741444173751637,0.19145163161471024,0.8459205488987223,0.4242115381428264,0.47516531596479883,0.9922438224034207,0.5449294817613815,0.29879514078788183,0.0891546097880308,0.11853030378362261,0.4132733389681633,0.5341072937900859,0.6767264953015464,0.044581448151278624,0.12818409320671553,0.37584315285304704,0.8551765856245546,0.5873481496213062,0.5230116508394239,0.0414159996022474,0.40167221863139935,0.5497025141285072,0.11527370357480238,0.8445449874873631,0.6763204560897595,0.302176038714596,0.03925321931089343,0.1838694708231824,0.26029599429887795,0.17993337642320884,0.4528165862874758,0.6532259401050731
36,0.5599115000248596,0.2150930575581299,0.5581879050033975,0.5265748520857156,0.26405807189379993,0.7597159382820399,0.6964235403304662,0.22763884055088757,0.3938166028605048,0.23669600092808962,0.6191269328295133,0.5857985714048957,0.9812973367142312,0.3241601617527635,0.48573890850030654,0.14906610981289048,0.271615373141749,0.5316710585193656,0.16841512123170754,0.345497936657883,0.9219410331626312,0.06162680853179525,0.9814133479175989,0.11282089527502936,0.20607732975355897,0.7199323820414658,0.9970582873431778,0.8138185916239912,0.23354712540811096,0.4256368186413432,0.9526591425114769,0.6519415303535028,0.5714214687018346,0.42566167818492184,0.9316776877309866,0.21588027643812469,0.0,0.05840335438108002,0.49857471950148324,0.45678582674555424,0.4668622284094863,0.31561676527618954,0.7876414922355359,0.15998773595850113,0.08249225210891797,0.8188982250285886,0.5898672500372892,0.2822138252208357,0.3892921659291668,0.6317224349094284,0.6638492517277383,0.2183413712524238,0.39723893335985017,0.2386847644143919,0.4935448051840434,0.2812277299922107,0.7470209980278095,0.355731782097814,0.755895855085434,0.4380500174016805,0.9533469232171564,0.5205174099670196,0.3033195777192198,0.5282155819619152,0.6152819900893286,0.5224150217935333,0.27693531546760797,0.40029665722004015,0.3092030030328643,0.7781534331029683,0.1468950430070104,0.22120021876398344,0.583859527005751,0.4162979167702481,0.4407182750791363,0.3413132468221217,0.14232088698851486,0.12408226851621662,0.5289779412983311,0.7051906726992492,0.12375909444969257,0.26145610633255445,0.7175541523724291,0.49542584398150447,0.37290972671075084,0.9332769850345548,0.09077876663517803,0.30036129203334494,0.1941944679229023,0.359013241850213,0.5649662738858781,0.5706011037637349,0.10975488490031315,0.3436417574040007,0.854231922968561,0.8219145163161472,0.7257329422098477,0.3747990520227382,0.6613384378262814,0.6803808482076269,0.4395250169873548,0.34412237524652367,0.6270654137456704,0.17501118679461047,0.37948921924460133,0.6994481181325511,0.4049702514128508,0.6105586768093605,0.16397354944563225,0.45238568753211017,0.846069706160195,0.5615356568720065,0.5418966174447704,0.42470872901440193,0.7337874343293723,0.6913273338968164,0.33431114204743195,0.1754172260063972,0.5485921211819884,0.8003778650623975,0.6758729843053415,0.8273421833308474,0.2656159366247369,0.4140108387610004,0.49999171348547367,0.5253070153631979,0.5554616417242579,0.22716650922289072,0.41356336697658236,0.30709822834319433,0.47667346160857815,0.6228641508808566,0.7380715623394488,0.5747526475413912,0.1724175077478911,0.38282868459868413,0.30747112149687594,0.47048343525746195,0.8898307893733738,0.20255556107989858,0.533883557897877,0.43795057922736536,0.20009446626559946,0.39903710701204864,0.7001193258091782,0.6388156913439069,0.6876564079616831,0.6251180828319992,0.7508327947098892,0.6915013507018677,0.962735544175409,0.46071363463100146,0.14065529756873674,0.5037952236530271,0.7611577918096091,0.6708182104443229,0.686504582442533,0.7444438920101427,0.403097499129916,0.40308921261538977,0.2518851820547241,0.9692487445930493,0.3333996254495435,0.2671075092394637,0.6793781799499494,0.924932464906611,0.7563433268698521,0.18058801107078348,0.5227547688891099,0.3465503240027179,0.7886938795803708,0.5555030742968892,0.5849699199522698,0.99796151742654,0.6308192048260661,0.45429158587315,0.23260246275211727,0.11184308656093078,0.5355077147450239,0.6365617593927642,0.5728301761712988,0.24046636503753793,0.12922819403702412,0.5216029433699597,0.8559389449609704,0.40854173917366876,0.648220885331212,0.22065330880525036,0.5126783672251778,0.6451383019274433,0.2883375594557418,0.8697774242198247,0.7586552644226786,0.4525182717645304,0.23438406337526307,0.3779727870862958,0.43215830557350965,0.34766071694923684,0.5824508195362867,0.7347072374417873
37,0.5865112116541541,0.26690863289083344,0.48408989210958087,0.45360380516747045,0.24347436981057036,0.7658645320605247,0.716021147185071,0.2899037107012048,0.4634813304827724,0.2737864399476293,0.6504748172823548,0.626990835114934,0.9823994431462238,0.3915460978803096,0.5321185303037836,0.1155885911268002,0.234698950927261,0.5804620560499842,0.1090339581365285,0.4202008651121165,0.8823563532706873,0.01697906826430684,0.9799632078755035,0.13318086146605013,0.15695487164188993,0.7010557019506455,0.9991962080909528,0.7470458575713883,0.2784434611113873,0.3868227846003415,0.9372379389781071,0.5683637448416448,0.49587331576592253,0.4891198064270207,0.872719136876647,0.26504416712242496,0.05840335438108002,0.0,0.541722600639719,0.5016407298761996,0.40825999767977605,0.3758348663385207,0.764406105503903,0.2013623029881172,0.0995044664313296,0.7950413497074861,0.6339846533750975,0.32352210013424143,0.45886574189164553,0.6816155388720397,0.6169475795091068,0.26626228475778513,0.4599927078672168,0.19254545153217661,0.4464525431313081,0.33794892192446013,0.6652579591972025,0.4155687034919373,0.7312269013407581,0.3843202572134109,0.9455990321351034,0.4439914483170089,0.3687830424766734,0.46331560019224716,0.5742554566698156,0.5662838296955535,0.24383068993519952,0.4416960837932349,0.3622864150880858,0.723412718142495,0.09688592784103145,0.1570957423888364,0.6223918195528596,0.46716882944695803,0.515238900213792,0.29552196755000903,0.11029350834452023,0.15171779446129374,0.47568736637995324,0.6755829562969224,0.13507847329256373,0.3213013142412039,0.700815393029384,0.5483849583188318,0.3587977924725302,0.8963688493345929,0.052213328029964035,0.25045990155620745,0.2044283133628333,0.3167437312517608,0.6088102222443196,0.6140555859394421,0.09657104028903363,0.41531182154162316,0.7976018826961004,0.7839954258439815,0.7567327930525863,0.43200914831203696,0.7123585077644641,0.7331990917980079,0.36700144185352757,0.3059298297949916,0.5775037703641094,0.15630852350884183,0.43074959810404545,0.7365717032101957,0.4636636338023501,0.6532673726777043,0.22723280133910073,0.5056845489650144,0.7880143853892176,0.6237756674787451,0.5792605114436765,0.4789273935597209,0.7376655231276621,0.7451068131722435,0.2939558163045459,0.12873928967997472,0.5930492716153732,0.7564759111022722,0.6376638658247569,0.8099322163111752,0.34871310429407176,0.4550539452095659,0.5637150101924129,0.5779926747211588,0.6000182303319578,0.2651518918112663,0.4660004308987553,0.3544722318898226,0.539236646281841,0.5738162713999237,0.7487363065347453,0.5218929713783789,0.16121414010838753,0.43691476491158276,0.3773678715258788,0.5195313147383949,0.8546793947529789,0.15148577205455838,0.596231293193457,0.3879000314887552,0.2384693150367092,0.3735395018147467,0.7073534529906031,0.6695918062944365,0.7128805581796185,0.6471602114718507,0.757329422098477,0.6665838015214041,0.9583105454183862,0.5221415668141667,0.17554981023881733,0.5443494257445434,0.7391405227133363,0.725964964616583,0.7213659490545087,0.7195677754023103,0.48533286928851993,0.47560450123469067,0.3066590430733025,0.9643431279935034,0.40036294933625016,0.30746283498234983,0.7158222708364408,0.876895540197882,0.631225244037853,0.23149206980559844,0.5778269444306336,0.4080279752730407,0.7468552677372844,0.5915079799134888,0.6341835297237276,0.9993205058088467,0.6665009363761415,0.494547473441721,0.2682676212731401,0.21634432125159508,0.5721672550091981,0.6860819702016938,0.505319942325859,0.2914035698304579,0.16771905401150167,0.5657369197368203,0.7824955667147285,0.4005038200831966,0.6938795803709044,0.28382140903893016,0.5498599579045063,0.6963323886706774,0.34628515553787775,0.8389433036676114,0.7592684664976218,0.515586933823895,0.27658728185750514,0.4329123783953993,0.46717711596148426,0.3925073335653557,0.6257644309650475,0.7510068115149406
38,0.15456006894380092,0.33933276985034555,0.7168663716667495,0.759657932680356,0.6409038930045245,0.4538109680306269,0.3305822105106151,0.3160642370606076,0.14417706624239712,0.31975173602479323,0.18968660402061688,0.14375445400155795,0.9496925703110758,0.19173337310860306,0.06594408259997675,0.5751421137241254,0.6813669434362518,0.11392300170702208,0.5885165481695089,0.20181806128706148,0.8995674439417293,0.5252075771888829,0.943229088980593,0.4674339979117983,0.6120005303369297,0.8522514459967849,0.980841578415287,0.8405757470292846,0.3062281443179369,0.7623096173287592,0.916612804322246,0.8110260362286414,0.7740847544705747,0.12274813967748888,0.8961699729859627,0.34316942607600387,0.49857471950148324,0.541722600639719,0.0,0.09236149090969359,0.7639172011468537,0.22739024511509975,0.8546048161222427,0.4007689885480369,0.47116292944861526,0.8563532706872835,0.18477270090654474,0.2847826447239762,0.15475894529243106,0.21750443328527158,0.8102802499212782,0.3321815078141832,0.13098493511659126,0.6341172376075175,0.7705878453404928,0.25416397354944564,0.8182601634100665,0.14930641873415207,0.8426308026317971,0.7368783042476673,0.9170602761066641,0.7688642503190308,0.24484164470740322,0.7699746432655497,0.7817332073783125,0.06425363363661984,0.6781932083726943,0.12079252224929138,0.23595021462072618,0.8291817895556771,0.5770314390361126,0.6019407017020502,0.16056779197533932,0.09647988862924484,0.12668423407746232,0.7402177696017501,0.602545617262467,0.4718424236397687,0.7903677555146755,0.8262235038698023,0.4464442566167819,0.27925553953496085,0.8506852947513217,0.030510946485689194,0.6956694675085766,0.9013241850212964,0.5131341255241221,0.7022323870133744,0.40982614892523905,0.6745637150101924,0.09727539402376562,0.10541275128855299,0.49731516929349184,0.19056497456040056,0.8658910489070089,0.8507184408094267,0.3662390825171117,0.1410447637514708,0.31519415303535037,0.3114735080130595,0.7030444654369479,0.7441538640017236,0.7886110144351083,0.6332637266113128,0.16432158305573508,0.32576774557085797,0.09667876497787475,0.2151262036162349,0.35912925305358057,0.0491473176552476,0.8723876762955967,0.11553887203964275,0.09559323157493504,0.13376920399741477,0.40831800328145973,0.3262069308407497,0.7085384245678583,0.5940519398730506,0.09953761248943471,0.8739786870846384,0.8165117088450256,0.8699514410248762,0.2540313893170254,0.1447819818028141,0.09428396227978597,0.06637498135534237,0.08556654899816041,0.3380317870697227,0.1274134473557733,0.25979880342730244,0.1171796019158422,0.8045791279272113,0.8505278509753228,0.7598236629708812,0.4942408724042493,0.1813006513200418,0.21786075340990074,0.2217968478098743,0.8635211057524984,0.6364043156167654,0.13036344652712173,0.7439964202257248,0.34285453852400605,0.7527801256235603,0.34300369578547873,0.19909179800792187,0.32391985283150204,0.1411359154112597,0.4281227729992212,0.8246490661098129,0.9244518470640879,0.06587779048376663,0.4401962246639819,0.061941696083793185,0.8875022787914948,0.28155919057326106,0.3444289762839954,0.8336150748272262,0.15218183927476425,0.11171878884303688,0.3027478082169077,0.9315782495566715,0.2119027494655199,0.36865045824425335,0.328253699928736,0.8923747493329356,0.8408160559505461,0.37126071032002517,0.08434014484827401,0.16631034654203758,0.8671340260859478,0.1274134473557732,0.18864250319030806,0.9896915759293327,0.24933293558063607,0.09546893385704125,0.30869752564676256,0.4159996022473027,0.11679842224763426,0.23701088848008744,0.7984388206632527,0.32861830656789137,0.39119806427020676,0.05552793384046795,0.871509305755813,0.769187424385555,0.21277283349077725,0.30967533436086114,0.10653143074959814,0.27693531546760797,0.23624024262914545,0.8525580470342565,0.4333681366943436,0.060085516829911034,0.32782280117337037,0.2607434660832959,0.12070137058950259,0.19073070485092558,0.12411541457432174,0.39594623709375365
39,0.19832115215697965,0.27741593331013115,0.6846152571305457,0.724846285155538,0.596455029085666,0.5114436765607651,0.39371716468618967,0.278750062148859,0.1235519315865361,0.2693780142196589,0.23288420424600997,0.1794030394935282,0.9558245910605082,0.17371849052851396,0.09897412950164919,0.5420623477352956,0.6325179403039494,0.13676892225592074,0.5456504085251661,0.1764281807786009,0.9112348563947033,0.4932547771756244,0.9505792273653856,0.39658429871227563,0.5919388786688543,0.8395316461989758,0.9791677024809825,0.8483899302275477,0.2640166393211687,0.6896534579625118,0.9278410315053283,0.7982482308291488,0.7536170635907125,0.09149969339896236,0.9087903346094566,0.30643530718109346,0.45678582674555424,0.5016407298761996,0.09236149090969359,0.0,0.7021163758100069,0.19598435506057443,0.8337227995160676,0.3452659142511476,0.4128092941546926,0.8627338868725037,0.22635443079931705,0.26102520757718894,0.15787467475430494,0.2664280150483105,0.796350619002635,0.2799516067551667,0.12963423324881096,0.5815393029383982,0.72351215631681,0.236928023334825,0.8158736472265036,0.13607285503571498,0.8260246275211721,0.6731052884535706,0.928470806609324,0.7243325212549099,0.2155819619151793,0.7352872934586254,0.7628979598601235,0.10958915460978802,0.6333963108437328,0.10426921228392927,0.2237607517525978,0.8110923283448516,0.5497108006430336,0.5621985780341072,0.1741908218565107,0.11303634465271217,0.14616582972869963,0.6836623079600259,0.5904804521122327,0.41099454747344166,0.7533270355822935,0.8186164835346957,0.38994680057674147,0.2604368650458244,0.8377666186048824,0.09354646248694876,0.648411475165316,0.9108619632410216,0.47746896700309915,0.650101924128673,0.36200467359419275,0.5944414060557849,0.13046288470143685,0.14134307827441628,0.4438091449974312,0.18812873928968,0.8619963870796666,0.8439317854124198,0.41522066988183426,0.12675881270819878,0.3587646464144252,0.35412419827971964,0.6646944762094168,0.6744062712341935,0.7708115812327019,0.603622864150881,0.1461575432141733,0.37545368667031276,0.09245264256948238,0.24690498682444195,0.3474286945425016,0.0993801687134358,0.8651701221432241,0.16906146936475597,0.13318086146605013,0.1422048757851473,0.45868343857206784,0.3729014401962246,0.656225658363579,0.5756227315666484,0.13560052370771802,0.8771607086627223,0.8075125540695073,0.8767629559654619,0.24075639304595697,0.11164421021230042,0.14396161686471431,0.14823745836026458,0.14243689819188254,0.2984222476342001,0.09362932763221121,0.21457929365750172,0.1428512239181955,0.7871608743930127,0.8269029980609556,0.7517774573658829,0.4294154692653176,0.17169658098410656,0.1985200285056099,0.20336763950347203,0.8735146422711679,0.5970848041896617,0.2004507863902285,0.6770828154261754,0.3045542683836324,0.6738842208190391,0.40072755597540566,0.22404249324649061,0.3720313561709674,0.18193871293856378,0.47943287094582276,0.8112497721208506,0.936981057027793,0.09895755647259641,0.3726114121878056,0.08583171746300078,0.8589635227630554,0.3338885298065928,0.39245761447819816,0.8217322129965694,0.16660037455045662,0.12005502245645439,0.3032284260594309,0.9359535292265369,0.18660402061684822,0.30174513995923036,0.3826712408226851,0.9041333134456985,0.8290574918377832,0.3209698536601534,0.16193506687217218,0.15486666998127263,0.8393659159084506,0.1599131573277648,0.23720147831419136,0.9830292182502196,0.3005933144400802,0.0926432324035864,0.27411790052867957,0.3721556538888613,0.15950711811597806,0.28813868310711155,0.7653259086163178,0.2970964053099985,0.3362170403884719,0.09503803510167563,0.8717579011916008,0.6808117469629924,0.24025920217438146,0.29515736091085376,0.14253633636619756,0.32414358872371096,0.22068645486335536,0.8537678781550905,0.49032963754785464,0.07036079484247337,0.30416480220089837,0.228384626858251,0.12822552577934676,0.18096919073899131,0.16104012330333628,0.44392515620079886
40,0.8242430268980262,0.6280763685178741,0.1266179419612522,0.0934055917400024,0.2584398150449958,0.8423242015943254,0.8173237872685991,0.6145362037819653,0.6985034554765575,0.6030262351049902,0.8198180281410035,0.8139346028273589,0.9510101261207511,0.6838694708231824,0.7359419281062001,0.35899666882116044,0.20558842539650968,0.805590082699415,0.4520210808929548,0.6992741013274997,0.7100797162697425,0.4175574669782396,0.9542087207278875,0.5045492964749168,0.3289911997215732,0.3957142146870183,0.9979117983393825,0.4031555047315998,0.6390642867796947,0.06688874525597044,0.8606871177845175,0.2192280283067336,0.11997215731119182,0.7328510581879051,0.7140986758149788,0.5987006745222825,0.4668622284094863,0.40825999767977605,0.7639172011468537,0.7021163758100069,0.0,0.6918162382538657,0.5186032251114536,0.5945905633172575,0.4812559041415999,0.6082053066839027,0.8251462569813885,0.6538142826364375,0.7069059812061851,0.8413961119673843,0.30609556008551686,0.581696746714397,0.7228823812128142,0.2674141102769353,0.0467856610152636,0.6206019324151875,0.3414706905981205,0.6752017766287144,0.49737317489517563,0.05774043321897959,0.9169856974759277,0.06241402741179003,0.6819635724821427,0.05486501267836719,0.2508742272825204,0.7741096140141535,0.2561444505212217,0.7116624405442583,0.6539800129269626,0.5601186628880161,0.3515968113492103,0.31813586569217245,0.8010076401663933,0.7501781600623146,0.7878155090405874,0.14919869404531072,0.3170171862311275,0.5091648850660434,0.08049520210808925,0.36420888645817795,0.4807255672119193,0.6243308639520047,0.46386251015098035,0.7524652380715624,0.1570128772435737,0.7558709955418552,0.4397404663650375,0.19605893369131078,0.5069192396294271,0.16186877475596217,0.7925139627769768,0.7935580636072855,0.4732925636818641,0.6800411011120503,0.6584050116839855,0.590588176801074,0.8609937188219892,0.6998044382571803,0.8565521470359139,0.8836159034786788,0.16203450504648742,0.17877326438953234,0.36347138666534085,0.34853080097449407,0.6983211521569797,0.8471055204759774,0.6944679229022689,0.8344437262798522,0.597283680538292,0.7412287243739538,0.5994298878005933,0.8068910654800379,0.76922057044366,0.7543131308109183,0.8513482159134225,0.8509587497306883,0.1403735560748438,0.3456305208903032,0.7817580669218914,0.5125872155653889,0.33280299640365263,0.523682858516051,0.6516183562869786,0.7272659473972058,0.8020268814531232,0.767530121480303,0.7995575001242978,0.5999436517012215,0.716021147185071,0.6991000845224482,0.7687979582028207,0.19988730340244287,0.48065098858118294,0.1153731417491175,0.49162233381395115,0.7110740980128938,0.6723014965445234,0.7756426192015116,0.7451813918029798,0.3120867100880027,0.807280531662772,0.11612721457100716,0.5969356469281891,0.12090853345265906,0.8672583238038416,0.8160559505460814,0.844569847030942,0.8123518785528431,0.8472629642519764,0.3655347287823796,0.912626990835115,0.7620195893203401,0.5418386118430867,0.7582160791527868,0.4739969174165962,0.8626095891546098,0.8500638061618522,0.4865592734384063,0.7692951490743964,0.7646795604832696,0.6341089510929914,0.8868973632310778,0.7015860388803262,0.6345315633338304,0.8397470955766586,0.7097316826596397,0.33828866902003674,0.5673113574968097,0.7832164934785131,0.6670561328494009,0.5288867896385423,0.7659888297784188,0.8175806692189131,0.9994199439831619,0.7954473889192728,0.7229403868144981,0.6288718739123951,0.5591242811448649,0.7897048343525745,0.8468154924675583,0.10923283448515886,0.6030428081340427,0.5651071446328245,0.7740598949269958,0.6188783373937254,0.10077230315384744,0.8510499013904772,0.6135003894661827,0.7656242231392631,0.8443212515951541,0.6626311340923781,0.7452228243756112,0.842755100349691,0.7568156581978488,0.5979714612439716,0.680670876216046,0.7413944546644791,0.6643630156283664,0.8496991995226968,0.8629741957937653
41,0.34756956528944793,0.13364490627952064,0.6591093654187177,0.681085201942359,0.5343061701387163,0.6093737052321053,0.5124712043620212,0.10601766684896996,0.09779744443892002,0.1594905450869255,0.3923498897893568,0.3503786937138501,0.9562306302722949,0.06341669566946717,0.23225442914201433,0.44297220703027884,0.5515006877807057,0.30563980178657246,0.44472066159531987,0.06612638591955455,0.901059016556456,0.3918278393742024,0.9490462221780275,0.25711397272079417,0.4992873597507417,0.8290740648668358,0.979408011402244,0.8359270123800528,0.15117088450256055,0.6555875967450571,0.9211206682245314,0.7765789953429789,0.72147367374335,0.12917847494986656,0.898921095808681,0.14215515669798973,0.31561676527618954,0.3758348663385207,0.22739024511509975,0.19598435506057443,0.6918162382538657,0.0,0.8420176005568538,0.2638343360015909,0.3127579177646298,0.8408077694360199,0.3649546727655414,0.08510250418468979,0.12022075274697952,0.42818077860090487,0.7636768922255921,0.1325925189346856,0.14570178491522912,0.5151063159813719,0.6739505129352492,0.06746051475828241,0.7951490743963274,0.11908550025688203,0.8205969605064718,0.6306617610500671,0.9245347122093505,0.7096073849417458,0.04589900396095403,0.719244601335786,0.7363728268615655,0.27255174928321657,0.5590497025141286,0.12346077992674709,0.033775833209035655,0.809219576061917,0.44883077280034467,0.4774192479159416,0.3534115580304613,0.15996287641492235,0.19661413016457008,0.6411359154112597,0.48996503090869914,0.27019009264323246,0.6987603374268715,0.8079268797958203,0.2523160808100897,0.08718241933078119,0.8129899401713652,0.2201395449046223,0.6462486948739621,0.9011418817017187,0.37894230928586814,0.5930244120717945,0.24112099968511247,0.6074346608329604,0.3248645154874956,0.31234359203831685,0.34021942690465534,0.07118115978057304,0.8518868393576294,0.8429539766983212,0.545393526574852,0.0962230066789308,0.47774242198246575,0.48519199854157347,0.6516183562869786,0.6020815724489965,0.7466315318450754,0.5033311788395565,0.0972091019075556,0.5001160112033677,0.1484280481943686,0.40636238585326245,0.17988365733605127,0.20342564510515593,0.8663053746333218,0.32861830656789137,0.30069275261439543,0.16559770629277915,0.5558096753343609,0.5024942408724042,0.6000762359336416,0.4789853991614047,0.30706508228508933,0.8675069192396295,0.7871194418203815,0.8572399277415934,0.060151808946121044,0.13706723677886612,0.24446046503919516,0.2524652380715622,0.29218250219592634,0.12415684714695319,0.14445880773628983,0.1237673809642188,0.22693448681615547,0.7577354613102637,0.8365899335421535,0.7332736704287444,0.29610202356684723,0.06997132865973921,0.04299043736223662,0.19764165796582644,0.8639271449642851,0.49722401763370294,0.27251031671058523,0.6848307065082285,0.17068562621190275,0.6558444786953712,0.5345547655745041,0.4038101393791743,0.512081738179287,0.35869006778368884,0.5827242745156533,0.797461011949154,0.9286779694724805,0.16733787434329384,0.23155007540728223,0.25370821525050125,0.8711861316892889,0.47994663484645095,0.5219758365236415,0.8015214040670214,0.15302706375644282,0.12391653822569149,0.10769154278327453,0.922222774656524,0.04448200997696361,0.14972074446046502,0.5034803361010292,0.8938000298314523,0.8166691526210246,0.1686139975803378,0.2618704320588673,0.10059828634879597,0.8477767281526045,0.3076037057292962,0.3682361325179404,0.9818856792455958,0.43185170453603805,0.18336399343708054,0.16511708845025608,0.23517128225525785,0.315890220255556,0.43883723628167515,0.7449659424252971,0.11339266477734133,0.2417507747891081,0.26405807189380015,0.8665954026417408,0.6566731301479971,0.4131821873083743,0.13166442930774447,0.2867134026085949,0.4622383533038332,0.04483004358706644,0.8497074860372231,0.5928918278393742,0.18232817912129795,0.16204279156101364,0.1064899981769667,0.1194169608379324,0.06213228591789721,0.35121563168100234,0.5699464691161604
42,0.9244684200931405,0.8496660534645918,0.4567195346293442,0.44351911698901214,0.6540794511012777,0.876862394139777,0.8625267240093473,0.8427385273206384,0.846997795787136,0.8153350237822967,0.8724042493246491,0.8954490462221781,0.7877077843517459,0.8403437246225494,0.8539916140472995,0.7317903843285437,0.6445499593960788,0.9222310611710502,0.7030196058933692,0.8674986327251032,0.3155173271018744,0.7583900959578382,0.8734069175823266,0.7845009032300834,0.701992078092113,0.20931735693332665,0.993113906428678,0.07339365915908436,0.8517874011833143,0.5756475911102272,0.7626327913952833,0.36326422380218415,0.41111884519133557,0.8620958252539817,0.3036344652712176,0.8233978024163477,0.7876414922355359,0.764406105503903,0.8546048161222427,0.8337227995160676,0.5186032251114536,0.8420176005568538,0.0,0.8481330482772336,0.7725434627686902,0.10996204776346963,0.9036941281758067,0.8153598833258755,0.853850743300353,0.9010755895855086,0.2781700061320207,0.8146886756492484,0.8795886574189165,0.6341586701801489,0.47137009231177185,0.8109348845688527,0.19381328825469424,0.8398962528381313,0.19522199572415855,0.553166277200484,0.8407663368633885,0.4811233199091799,0.8565024279487562,0.47658230994878936,0.3510250418468983,0.8601484943403106,0.6801156797427865,0.8377003264886724,0.8240027179767646,0.07875503405757478,0.725360049056166,0.6772734052602793,0.8810139379174332,0.865037537910804,0.8971975007872189,0.6038880326157212,0.6813503704071995,0.7551252092344918,0.4920117999966853,0.25591242811448645,0.7783771689951773,0.8040653640265832,0.3876845821110724,0.8478430202688146,0.549470491721772,0.2927542716982383,0.7315169293491771,0.5616765276189529,0.7362236696000929,0.5910687946435971,0.8655678748404846,0.8602147864565207,0.7471452957457034,0.8179701354016474,0.24286116773562716,0.0743217487860256,0.89717264124364,0.8381312252440379,0.9021196904158173,0.9248578862758747,0.5153466249026335,0.6474502394802699,0.51147682261887,0.6522812774490794,0.8333996254495434,0.8804421684151214,0.8437577686073684,0.8976118265135319,0.8073716833225609,0.8642668920598617,0.06973930625300384,0.8690896435141451,0.8537761646696167,0.8733406254661165,0.8816022804487977,0.8861515769237144,0.6201461741162433,0.7132617378478265,0.8651452625996454,0.09526177099388455,0.20909362104111762,0.09778087140986758,0.8533866984868825,0.8514393675732114,0.8859195545169791,0.8463845937121928,0.8561958269112846,0.8137771590513598,0.848522514459968,0.8743764397818989,0.8955236248529144,0.5172276637000945,0.15586105172442355,0.4209963705066375,0.7570642536336366,0.8258257511725418,0.8389764497257164,0.8968411806625897,0.4444886391885845,0.6910373058883973,0.886615621737185,0.5782412701569466,0.8197185899666882,0.5545335520973168,0.902492583569499,0.8644740549230183,0.8760420292016772,0.863156499113343,0.8838313528563616,0.24639950943834,0.8026069374699614,0.8615986343824061,0.803899633736058,0.8555411922637101,0.14234574653209364,0.9073982001690449,0.8966754503720645,0.06981388488374018,0.8926979233994599,0.869595120900247,0.841263527734964,0.7482308291486435,0.869818856792456,0.8007424717015529,0.8888944132319064,0.25268897396377143,0.20781749780407355,0.8363744841644708,0.8670180148825801,0.8345514509686935,0.12613732411872913,0.8392996237922405,0.9029566283829696,0.9977377815343311,0.8471303800195562,0.8174646580155456,0.8344520127943785,0.7879315202439551,0.8834833192462587,0.9029317688393907,0.4398067584812476,0.8134291254412569,0.808457216725501,0.8613334659175658,0.09124281144864843,0.5236082798853148,0.8866156217371849,0.8256185883093853,0.8620709657104029,0.9045227796284327,0.8358441472347902,0.5669301778286018,0.8697442781617197,0.8701171713154013,0.8026400835280665,0.805780672533519,0.8559886640481281,0.8110757553157991,0.9294320422943702,0.8928719402045112
43,0.4526757155405293,0.0970516581315568,0.5928421087522167,0.6272974361524055,0.3887701155140125,0.64357215068198,0.589568935514344,0.129095609804604,0.29843882066325267,0.1123071313744014,0.5170785064386219,0.48007093256434474,0.9780158769618325,0.23936425860554533,0.36819469994530896,0.2861664926498616,0.4024925835694989,0.43156996304214523,0.24838827292464238,0.23489782727589126,0.919165050796334,0.19584348431362797,0.9764165796582642,0.12783605959661248,0.34460299308904685,0.7858681781269163,0.9915726147267937,0.8478595932978671,0.11140390129103883,0.5622482971212649,0.9526177099388456,0.683604302358342,0.663550937204793,0.3342945690183794,0.9217172972704222,0.1363545965296078,0.15998773595850113,0.2013623029881172,0.4007689885480369,0.3452659142511476,0.5945905633172575,0.2638343360015909,0.8481330482772336,-2.220446049250313e-16,0.12217637017517691,0.8559969505626543,0.4734748670014419,0.18132551086362048,0.293765226470442,0.5318699348679958,0.7247468469812227,0.09038930045244364,0.2964583436914765,0.38601899269129425,0.6184225790947813,0.1785412419827972,0.7881303965925853,0.27105189015396347,0.8255937287658066,0.555271051890154,0.955849450604087,0.6282420988083992,0.192976350287542,0.6387328261986445,0.6844826728981256,0.4223304993453654,0.42141069623295047,0.31326339515073176,0.2119939011253087,0.8163874111271316,0.2797858764646415,0.34695636321450474,0.47958202820729545,0.32019092129468496,0.3419595949551699,0.4705911599463034,0.2909726710750924,0.12094167951076407,0.6117767944447208,0.7628813868310711,0.10341570128772426,0.19735991647193352,0.7977096073849418,0.39800129269626616,0.5437279371550738,0.9220073252788413,0.211877889921941,0.4337410298480253,0.1752100631432406,0.4686521155471586,0.4662655993635957,0.47158554168945455,0.1427600722584067,0.24377268433351562,0.8758928719402046,0.8544888049188751,0.6258141500522051,0.29494191153317095,0.555718523674572,0.5735759624786623,0.5601849550042262,0.4703508510250419,0.6955783158487876,0.3091781434892855,0.2933591872586553,0.5971096637332406,0.3168265963970236,0.5098112331990918,0.1426606340840917,0.37095410928255357,0.8832595833540497,0.44075970765176753,0.445557599562472,0.3270935878950596,0.6248031952800013,0.5990652811614379,0.465287790649497,0.3148129733671423,0.4467840037123585,0.900611544772038,0.7341769005121066,0.898283034190159,0.1849135716534911,0.3427882464077959,0.4012578929050863,0.42866968295795416,0.45503737218051343,0.13449841727572553,0.31372743996420227,0.17018843534032713,0.37382124330863953,0.7074446046503919,0.8182850229536454,0.6858085152223272,0.14924841313246806,0.31117519349011424,0.2396294270703856,0.37343177712590525,0.8864664644757122,0.3451913356204114,0.4329123783953993,0.5747609340559174,0.09783887701155158,0.5354994282304978,0.5888231492069806,0.5178077197169328,0.5936790467193689,0.5141450802963258,0.63719153449676,0.7577851803974213,0.9640945325577156,0.36390228542070635,0.10495699298960881,0.40565803211853035,0.8334990636238586,0.5690680985763767,0.5853510996204776,0.8032118530303785,0.3048525829065778,0.30124794908765473,0.18391918991033984,0.9696713568338886,0.21891314075473578,0.1922637100382838,0.5779926747211588,0.9191567642818078,0.7851472513631317,0.06422877409304095,0.3972140738162714,0.2573045625548983,0.8620875387394555,0.4427070385654386,0.47945773048940155,0.9932879232337295,0.5281492898457051,0.36242728583503214,0.10063971892142731,0.11301977162365962,0.43340956926697494,0.5371484446212234,0.6720031820215782,0.15928338222376892,0.04242695437445099,0.4224630835777856,0.876481214471569,0.5503654352906081,0.5432887518851821,0.15275360877707622,0.413298198511742,0.539559820348365,0.1904655363860852,0.8716750360463382,0.6435307181093488,0.3538673163294055,0.14785627869205653,0.31819387129385635,0.33560383831352847,0.28761663269195714,0.4803278145146589,0.6283912560698719
44,0.5605495616433815,0.15280332786423378,0.5293674074810653,0.5167221863139926,0.32763221133926645,0.7334808332919007,0.6842506504913903,0.20310247103863177,0.3740035466282172,0.18475612787749218,0.6166409784716353,0.5759541921476989,0.977079500820365,0.31987603374268714,0.46140970185120733,0.19936525298728858,0.33093853063524414,0.5213709209632245,0.16781020567129057,0.3264223802184326,0.9002055055602514,0.10323339796814668,0.973698602893651,0.06541374567029623,0.2524983841296674,0.7469629924261258,0.9919123618223703,0.7885447223188983,0.17888927559290013,0.4632410215615108,0.9455741725915245,0.623899965196639,0.5545418386118433,0.3971892142726926,0.9097432837799765,0.17607186065397173,0.08249225210891797,0.0995044664313296,0.47116292944861526,0.4128092941546926,0.4812559041415999,0.3127579177646298,0.7725434627686902,0.12217637017517691,0.0,0.7922073617395052,0.5836772236861731,0.23158322146538723,0.3780142196589271,0.6398846517177945,0.6815741062994084,0.15294419861118014,0.3696116939292995,0.2808134042658976,0.5226138981421634,0.26121579741129286,0.7190540115016821,0.3341619847859594,0.7639172011468536,0.4456570377367872,0.9476540877376158,0.5041266842340775,0.29034289597109664,0.5122143224117073,0.6249937851141053,0.5098029466845656,0.3422910555362204,0.3868559306584465,0.2894728119458393,0.7424551285238403,0.1911035980046073,0.229221564825403,0.5815475894529244,0.40283233066507573,0.4312633620046735,0.4027908980924444,0.19121132269344865,0.06728649795323083,0.5347950744957657,0.7187888430368419,0.04241038134539843,0.24695470591159951,0.751719451764199,0.4645585773711861,0.44835844147234793,0.911160277763967,0.09590811912693276,0.32744990801968876,0.13762243325212542,0.404912245811167,0.5572018097747725,0.5512438058303917,0.06088102222443181,0.33789091632277635,0.8293226603026235,0.8001458426556622,0.7290144019622466,0.35281492898457045,0.6795936293276321,0.6962163774673097,0.4535292265367341,0.40042095493793406,0.6381279106382274,0.21351861979814046,0.35909610699547545,0.7064419363927146,0.3785694161321864,0.6165746863554252,0.12261555544506864,0.44334510018396067,0.8077280034471901,0.54265069026666,0.5282238684764414,0.407149604733257,0.7250783075622732,0.7169078042393808,0.37763303999071907,0.20775120568786354,0.5444405774043322,0.8134539849848357,0.6932663782959612,0.8548451250435042,0.24791594159664554,0.3891347221531679,0.4759276753012148,0.4844959313213676,0.5358474618406006,0.18581680173685344,0.38090621322859186,0.2659473972057873,0.44716518338056654,0.6246788975621074,0.7494323737549512,0.5896766602031853,0.09286696829579544,0.3623858532624008,0.2931188783373937,0.4467922902268848,0.8682278460034141,0.2384113094350253,0.5030742968892425,0.49024677240259207,0.15201610898423912,0.44132319063955316,0.6881453123187327,0.6179833938248894,0.6970698884635145,0.6188120452775153,0.7374915063226106,0.7153665125374965,0.9556340012264042,0.4314953844114089,0.07261472679361602,0.49367738941646366,0.7695271714811317,0.6916173619052354,0.6928354795405958,0.7405160841246955,0.40372727423391175,0.3894661827342183,0.22550091980311238,0.9607384941745803,0.3115315136147433,0.21106581149836767,0.6885927841031505,0.9002800841909876,0.7304894015479209,0.12402426291453295,0.4829960721921146,0.3303999071910373,0.795422529375694,0.5267903014633986,0.5881187954722484,0.9934536535242547,0.6283581100117669,0.4290840086842672,0.18289994862360992,0.09543578779893602,0.5310827159880012,0.6489252390659441,0.5620494207726348,0.20867929531480467,0.09933873614080446,0.5013838479258854,0.815567046189032,0.48433020103084246,0.6523641425943421,0.18288337559455736,0.5162001358988383,0.662564841976168,0.2645055436782181,0.8539501814746682,0.7294370142030859,0.4222144881419978,0.17152256417905498,0.3549362767032931,0.41493892838794144,0.32989442980493544,0.5652728749233498,0.7258489534132153
45,0.9361689786042195,0.8435174596861069,0.5573923996088765,0.5384245678582675,0.6760801471684981,0.8695619748421419,0.8595684383234724,0.8342531364457482,0.849417458028804,0.8246242065662341,0.8682527055469929,0.8951838777573378,0.7542136926366032,0.8532126816818311,0.8733489119806427,0.6861068297452726,0.6245463133296874,0.928247070717115,0.7999966853941896,0.8822237690382672,0.23280133910074752,0.7384693150367093,0.8126750526193673,0.777540231028025,0.7140489567278212,0.2429108868227845,0.9834352574620064,0.18006596065562908,0.8660733522265864,0.6420557185236746,0.6595485506886094,0.40608893087389575,0.505038200831966,0.8633968080346045,0.21989094946883436,0.8366230796002586,0.8188982250285886,0.7950413497074861,0.8563532706872835,0.8627338868725037,0.6082053066839027,0.8408077694360199,0.10996204776346963,0.8559969505626543,0.7922073617395052,0.0,0.9030477800427585,0.8113326372661132,0.8584248993188485,0.9088814862692455,0.40296491489749586,0.8401779943320241,0.8826463812791064,0.7207444604650393,0.5838843865493296,0.829272941215466,0.339216758646978,0.8536684399807752,0.2189462868128409,0.6230133081423292,0.8024329206649099,0.5668390261688129,0.8705563565852932,0.570891131772154,0.40308092610086343,0.8616234939259849,0.7095328063110096,0.8414872636271732,0.8314191484777673,0.0851936558444788,0.7520094797726181,0.6454283299358624,0.8821326173784783,0.8764977875006215,0.9077296607500953,0.6592833822237691,0.6870349193722137,0.7527884121380866,0.5416977410961402,0.2590281575763602,0.775849782064668,0.8040322179684781,0.5255390377699334,0.8532375412254098,0.5831468867564925,0.21474502394802697,0.7811034322743168,0.6429672351215632,0.7330830805946402,0.6373655513018115,0.8712109912328677,0.8639105719352326,0.7466149588160228,0.815533900130927,0.08069407845671961,0.037388753542485054,0.8975703939409005,0.8344768723379572,0.9059894926995807,0.9232254429142015,0.5610964716021147,0.6674538855466614,0.6984123038167687,0.6213477187225509,0.8295381096803063,0.8802267190374385,0.849384311970699,0.9054260097117951,0.7918013225277184,0.868128407829099,0.068504615588591,0.8716750360463382,0.8684515818956231,0.8839225045161505,0.8812211007805897,0.8843036841843583,0.6771573940569118,0.6755415237242911,0.8659739140522714,0.08745587431014756,0.35830060160095456,0.2153416529939176,0.8524337493163626,0.8515470922620528,0.8948938497489187,0.8391504665307679,0.8550357148776082,0.8354215349939509,0.8655430152969058,0.8829695553456306,0.9122955302540646,0.5737831253418189,0.16098211770165238,0.46846152571305466,0.7455791445002403,0.8266212565670628,0.8491771491075424,0.9062629476789473,0.369437677124248,0.7181259218747411,0.898092444356055,0.5989492699580702,0.8361341752432092,0.6052055884253965,0.9070418800444158,0.8699763005684549,0.8785694161321865,0.8574056580321185,0.8747741924791594,0.2656988017699995,0.7140406702132949,0.8619963870796666,0.8242430268980262,0.8618306567891414,0.23735063557566416,0.9081605595054609,0.9044896335703277,0.12653507681598963,0.9024014319097102,0.8743930128109515,0.8695702613566683,0.6723097830590496,0.8690316379124613,0.8057889590480452,0.8826380947645802,0.1114784799217754,0.22107592104608953,0.8693962445516167,0.8855798074214025,0.8329438671505991,0.19993702248960044,0.8295132501367275,0.9066607003762078,0.9936773894164637,0.8410066457846501,0.8271847395548485,0.8502875420540613,0.7869288519862776,0.8924410414491457,0.9110774126187045,0.5378942309285869,0.830930244120718,0.8310048227514543,0.8647723694459637,0.05975405624886043,0.6107078340708332,0.8797295281658629,0.8348994845787965,0.8606539717264126,0.9014319097101378,0.8363993437080495,0.39171182817083483,0.8600490561659955,0.874823911566317,0.810114519630753,0.8044548302093174,0.8552263047117122,0.806766767762144,0.9306418734152041,0.8861350038946619
46,0.06105503902948317,0.45353751305126033,0.7724108785362701,0.8301927443278809,0.716145444902965,0.33292729412154665,0.1981802814100333,0.4362104111768508,0.3039742123667942,0.4388869553688327,0.06467624587745902,0.05605827077014858,0.9696299242612573,0.33727771424783315,0.13657004590729038,0.6794693316097383,0.7454465602678202,0.1308772104277498,0.6623576791130115,0.3484562223437577,0.9385389217587299,0.6293773512984968,0.9668456553804339,0.5867598070899418,0.7225343476027114,0.8984073319080529,0.9855234591226238,0.8973715175922704,0.4264157510068114,0.8165282818740781,0.9478529640862461,0.8760254561726247,0.8388604385223488,0.29212449659424244,0.9408508593115564,0.47701320870415487,0.5898672500372892,0.6339846533750975,0.18477270090654474,0.22635443079931705,0.8251462569813885,0.3649546727655414,0.9036941281758067,0.4734748670014419,0.5836772236861731,0.9030477800427585,0.0,0.42881055370490073,0.29447786671970033,0.11008634548136365,0.862104111768508,0.4302192611743648,0.26406635840832626,0.7118198843202572,0.8425562240010607,0.40188766800908204,0.8762409055503075,0.30297154410911675,0.8966920234011171,0.7938398051011784,0.9480186943767713,0.8358772932928952,0.3783539667545037,0.8421004657021164,0.8419844544987488,0.12427285835032065,0.7586718374517312,0.3083412055221333,0.3942226420722914,0.8765557931023054,0.6744642768358773,0.6742985465453522,0.08670180148825801,0.23875105653060202,0.1980559836921394,0.7936160692089694,0.721979151129452,0.5728467492003514,0.857803410729379,0.8812128142660633,0.551475828237127,0.4303601319213113,0.897073203069325,0.1973847760155123,0.7778882646381279,0.9421021230050217,0.6020152803327865,0.7820315219012579,0.5430235834203418,0.7425131341255241,0.11810769154278322,0.13011485109133392,0.5962395797079831,0.3599081854190491,0.9176486186380285,0.9047465155206417,0.20495865029251403,0.3279553854057906,0.13700923117718222,0.12709855980377527,0.7903263229420442,0.7888596098708961,0.8455227962014618,0.7422811117187889,0.3349740632095328,0.1793698934354232,0.25548152935912083,0.08395067866553962,0.524544656026782,0.18250219592634942,0.9231508642834652,0.08371036974427803,0.10765839672516941,0.22558378494837494,0.25110624968925577,0.19339067601385507,0.7646795604832696,0.683347420408028,0.1127711761878718,0.929075722169741,0.8714595866686555,0.9227116790135734,0.4042410381345398,0.32962097482556885,0.15441091168232823,0.1519581033825551,0.11994729776761281,0.4553025406453538,0.2892905086262616,0.35936956197484216,0.17672649530154616,0.8599910505643117,0.902459437511394,0.8168348829115498,0.6101609241121,0.34196788146969614,0.35241717628731006,0.32894148063441553,0.9098012893816603,0.7268184756127878,0.12056049984255623,0.8306816486849302,0.47170155289282223,0.8279305258622119,0.188161885347785,0.11285404133313459,0.16301231376058622,0.1428843699763006,0.27865891048907,0.8711695586602364,0.9558411640895607,0.2334725467773745,0.5409933873614081,0.15601020898589646,0.9339316196821295,0.15399658595601506,0.17343674903462114,0.8824806509885812,0.24063209532806318,0.2549511924294403,0.46732627322295694,0.9573410232188138,0.33949021362634446,0.48487711098957553,0.16960009280896282,0.9364175740400074,0.8951507316992326,0.4657104028903363,0.1455194815956511,0.31570791693597844,0.9131739007938481,0.13195445731616373,0.03815111287890083,0.9891198064270207,0.13921344404116742,0.2591441687797279,0.43060044084257276,0.5390294834186845,0.07780208488705476,0.1114204743200915,0.8594358540910523,0.46583470060823007,0.4846119425247353,0.13438240607235785,0.9166873829529822,0.8300933061535657,0.11335123220471,0.4683620875387394,0.10185783655678748,0.10533817265781664,0.3868310711148676,0.9029566283829696,0.2958202820729545,0.2182170735345299,0.481827673643912,0.3917035416563085,0.27909809575896183,0.3745753161305292,0.13549279901887656,0.2333482490594806
47,0.4078871045260941,0.09168199671854038,0.6176187871857339,0.6594739720578731,0.493561378213096,0.6314324069010093,0.5501334128838729,0.07769436019821341,0.16563085235088415,0.08916289630255725,0.44444720661595316,0.4139528331593165,0.9486318964517145,0.12364308324632489,0.3098824972240176,0.36819469994530896,0.5159598269775767,0.3641011617693366,0.3233232237856113,0.12519266146273567,0.8764232088698852,0.31016423871791055,0.94587248711447,0.18602396460000992,0.4359120966539054,0.7995077810371403,0.9882000033146059,0.8097499129915975,0.08240938696365518,0.6402243988133711,0.9098095758961866,0.7105437610832133,0.6877641326505246,0.2207858930376705,0.8868144980858153,0.07602877077843517,0.2822138252208357,0.32352210013424143,0.2847826447239762,0.26102520757718894,0.6538142826364375,0.08510250418468979,0.8153598833258755,0.18132551086362048,0.23158322146538723,0.8113326372661132,0.42881055370490073,0.0,0.17337045691841102,0.48037753360181645,0.7414690332952154,0.09365418717579,0.20368252705546996,0.4781318881651999,0.6395449046222178,0.07126402492583561,0.7673146721026202,0.14850262682510484,0.795422529375694,0.6110807272245148,0.9144748835744709,0.6639569764165796,0.0839092460929084,0.6768010739322826,0.6995558428213925,0.3323886706773397,0.5103747161868776,0.19326637829596105,0.07715573675400655,0.7967815177580007,0.3946784003712359,0.4454001557864731,0.4058817680107393,0.21992409552693948,0.2618455725152886,0.6121331145693498,0.41183977195512034,0.211049238469315,0.6940701702050084,0.7750625631846733,0.2018263478015877,0.08791163260909185,0.8038913472215317,0.2757752034339316,0.6099786207925223,0.8821160443494258,0.303294718175641,0.5348116475248181,0.1612307131374402,0.558933691310761,0.3806741908218565,0.3573062198578034,0.24436931337940626,0.11069954755630684,0.8311539800129271,0.8134291254412569,0.5892291884187673,0.15504068678632388,0.5405127695188849,0.5531165581133264,0.6106829745272543,0.578257843185999,0.7095410928255358,0.41597474270372403,0.158355292596828,0.5543843948358441,0.21280597954888214,0.46154228608362746,0.12452974030063468,0.26528447604368655,0.8420507466149589,0.39312882215482525,0.35545004060392116,0.23465751835462967,0.6146356419562804,0.5550887485705762,0.5570526525132999,0.4175657534927658,0.3600573426805218,0.8600739157095743,0.7546694509355475,0.8347088947446926,0.08536767264953005,0.2038233978024162,0.3022174712872272,0.3103133959793831,0.35091731715805696,0.05987835396675456,0.2122756426192015,0.09145826082633124,0.28320820696398685,0.7161951639901225,0.8073136777208771,0.7021163758100069,0.25034389035283977,0.15996287641492235,0.08775418883309305,0.2884950032317407,0.8462851555378776,0.4371053547456869,0.3402940055353917,0.6537645635492799,0.09629758530966703,0.5966290458907175,0.5826745554284958,0.4502146207262301,0.5541192263710037,0.43123850246109485,0.6153565687200651,0.7560035797742755,0.9237723528729346,0.22681018909826145,0.17051989592137762,0.3210195727473111,0.8352558047034258,0.5293094018793816,0.5703607948424734,0.7830010441008304,0.22280780258207789,0.1941613218647973,0.09380334443726279,0.9318434180215118,0.12188634216675787,0.08874028406171797,0.5380516747045857,0.8809310727721706,0.7876497787500623,0.1230630272294867,0.3271847395548484,0.13337145130015415,0.8372031356170968,0.3665208240110045,0.434751984620229,0.994994945226139,0.4895175591242811,0.23427633868642173,0.09178972140738162,0.17938646646447576,0.3657170321019573,0.49248413132468216,0.6894297220703027,0.0728798952584564,0.17553323720976488,0.3171663434926002,0.8408409154941249,0.6534828220553871,0.4720910190755565,0.07974112928619959,0.345754818608197,0.5099686769750906,0.06322610583536337,0.8328278559472315,0.6206765110459238,0.2538988050846053,0.060201528033278606,0.13395979383151868,0.19847030941845234,0.10798157079169357,0.40571603772021414,0.6046669649811895
48,0.24593546462486948,0.23798041067965992,0.6864465768408492,0.7273488125424684,0.5870664081274134,0.5606821458758017,0.4634564709391935,0.19580205174099663,0.052387344835015615,0.2135600523707717,0.3189728036593248,0.2675301214803031,0.964392847080661,0.06294436434147077,0.18921427269262003,0.5207577188882813,0.6166824110442666,0.22073617395051293,0.4470574586917251,0.09087820480949305,0.9121049404199606,0.4504300701039129,0.9609788030958419,0.3419430219261175,0.5631515272046272,0.8406006065728633,0.9925835694989974,0.8463845937121928,0.20773463265881098,0.7093173569333266,0.9279156101360646,0.796060590994216,0.7443030212631963,0.08605545335520981,0.9165133661479309,0.2358590629609374,0.3892921659291668,0.45886574189164553,0.15475894529243106,0.15787467475430494,0.7069059812061851,0.12022075274697952,0.853850743300353,0.293765226470442,0.3780142196589271,0.8584248993188485,0.29447786671970033,0.17337045691841102,0.0,0.326820132915693,0.7883541324847942,0.23202240673527896,0.07857273073799698,0.5789373373771525,0.7140489567278212,0.12394139776927027,0.801960589336913,0.07008733986310678,0.8464343127993504,0.6857090770480121,0.9338736140804456,0.7180513432440048,0.10422777971129782,0.7349558328775749,0.7486037223023252,0.2076766270571273,0.6367523492268682,0.08414955501416999,0.11472679361606919,0.8397719551202374,0.49651966389897095,0.5620328477435821,0.29413811962412373,0.07938480916157042,0.12317903843285438,0.6701304297386435,0.5401978819668871,0.3714181540960241,0.7342266195992642,0.8309385306352441,0.3574139445466449,0.15461807454548482,0.8392416181905566,0.1350701867780375,0.6774888546379623,0.9198031124148561,0.42584398150449954,0.6121911201710336,0.31718291652165265,0.6248363413381064,0.21981637083809802,0.22016440444820096,0.3938497489186099,0.09425081622168086,0.8714513001541292,0.8454730771143042,0.4874625035217687,0.07182750791362158,0.42000198876348627,0.419803112414856,0.6706441936392714,0.6862808465503241,0.7633039990719104,0.5509620643364987,0.059538606871177846,0.45339664230431387,0.0851936558444788,0.33900130926929517,0.2775650905716036,0.12200235337012555,0.8822403420673197,0.2407066739587993,0.21452128805581805,0.09225376622085224,0.5140124960639056,0.44836672798687416,0.6422214488141997,0.5522630471171216,0.240946982880061,0.8982581746465802,0.7988365733605132,0.881834302855533,0.1329571255738412,0.08482904920532319,0.15974742703723943,0.1924791594159665,0.22225260610881847,0.21338603556572044,0.07031936226984203,0.1458840882348067,0.12993254777175622,0.7778716916090754,0.854712540811084,0.7516200135898838,0.39239960887651426,0.07151262036162342,0.09344702431263363,0.1659540264174083,0.8805084605313314,0.5828071396609158,0.19675500091151643,0.7254594872304811,0.23525414740052042,0.7165017650275941,0.46655562737201484,0.35222658645320604,0.44750493047614315,0.2758414955501417,0.5230945159846865,0.8084323571819222,0.9426158869056498,0.10126949402542307,0.31984288768458213,0.16035234259765652,0.8771441356336698,0.3975786804554269,0.45963638774258775,0.8260080544921196,0.10195727473110261,0.0992890170536469,0.17792803990785389,0.9526757155405294,0.08762160460067281,0.27432506339183615,0.4512670080710651,0.9146157543214174,0.8322809459884983,0.2650938862095825,0.174008518536933,0.06677273405260276,0.8786274217338703,0.2528298447107178,0.3050597457697344,0.9970002817414939,0.37596745057094083,0.10242131954457312,0.20624306004408433,0.31105918228674656,0.23453322063673565,0.3505278509753227,0.752233215664827,0.20600275112282285,0.29245595717529305,0.1896700309915642,0.8801438538921759,0.7301330814232918,0.3521520078224698,0.20263013971063482,0.22223603307976592,0.40488738626758813,0.12905417723197266,0.8670594474552114,0.533817265781667,0.1122491257727175,0.2458111669069757,0.1540048724705414,0.0659606556290292,0.07907820812409883,0.2492500704353735,0.5030411508311374
49,0.1377715905135981,0.5193987305059746,0.8064933127827774,0.8395979383151859,0.7715573675400653,0.2858847511559688,0.19459222062016268,0.4806924211538143,0.3512570642536337,0.5069192396294271,0.08624604318931384,0.12825867183745188,0.980427252688974,0.38357447090604746,0.187333233895159,0.7354115911765193,0.7806808200334775,0.17080992392979666,0.692462586386914,0.3678715258787848,0.9466514194799384,0.6797759326472099,0.9807587132700244,0.6392134440411674,0.7631051227232802,0.9029566283829696,0.9975969107873847,0.9041250269311722,0.4758945292431097,0.8409320671539138,0.9538192545451533,0.8865990487081324,0.8437577686073684,0.32077097731152326,0.9520293674074811,0.5193075788461857,0.6317224349094284,0.6816155388720397,0.21750443328527158,0.2664280150483105,0.8413961119673843,0.42818077860090487,0.9010755895855086,0.5318699348679958,0.6398846517177945,0.9088814862692455,0.11008634548136365,0.48037753360181645,0.326820132915693,0.0,0.8720562157145462,0.487280200202191,0.2894810984603655,0.7452228243756112,0.8583006016009546,0.4107625250667064,0.8791163260909197,0.3354878271101609,0.9018628084655033,0.8267289812559042,0.9578465006049156,0.8568090289862278,0.42244651054873295,0.8498732163277483,0.8519862775319444,0.19743449510266986,0.8015048310379689,0.3249805266908634,0.4431379373208042,0.888306070700542,0.7145047150267655,0.7277797112978339,0.16633520608561625,0.26013855052287904,0.23501383847925883,0.8325792605114437,0.761248943469398,0.6517095079467675,0.8710369744278161,0.8997663202903595,0.6314241203864831,0.4763254279984752,0.8971892142726927,0.22376903826712402,0.8137771590513598,0.9525928503952668,0.6510714463282454,0.8098327781368602,0.6116193506687218,0.7609340559174,0.14252804985167145,0.14483170088997166,0.6672964417706625,0.4010175839838247,0.9160658943635129,0.9061635095046322,0.1774142760072258,0.35312153002204216,0.15370655794759602,0.119657269759194,0.8225194318765641,0.8292232221283085,0.8531132435075159,0.7888430368418435,0.36647110492384694,0.1623991116856428,0.2831253418187242,0.14776512703226774,0.5737168332256086,0.22374417872354535,0.9261671555710238,0.10371401581066975,0.14556920068280887,0.263734897827276,0.2603954324731931,0.15224813139097426,0.8103299690084357,0.7462503521768674,0.18154096024130317,0.9341719286033909,0.8797543877094417,0.9320754404282471,0.41634763585740575,0.3453156333383052,0.18484727953728108,0.18523674572001514,0.16467790318036424,0.5068032284260594,0.31439864764082937,0.4090057839871394,0.2014285951043271,0.8646812177861748,0.9113923001707022,0.8525663335487828,0.669194053597176,0.39815044995773885,0.40731533502378237,0.3676892225592071,0.9197782528712773,0.7608843368302425,0.15793268035598873,0.8542650690266661,0.5133495749018049,0.8489451267008072,0.15475894529243117,0.1341503836656226,0.2005999436517012,0.15668970317704978,0.2649032963754785,0.8850743300353006,0.9670279587000116,0.27003264886723355,0.5786555958832595,0.1855267737284343,0.9327549346194004,0.07859759028157576,0.15297734466928514,0.8954739057657568,0.278020848870548,0.2853295546827095,0.46742571139727207,0.9742869454250154,0.38384792588541405,0.5503405757470293,0.16017003927807882,0.9481181325510863,0.9028820497522333,0.5003066010374717,0.15441919819685435,0.34456984703094184,0.9249076053630322,0.21713982664611609,0.099164719335753,0.9988896070534812,0.17013042973864334,0.2980907870531496,0.4728616649264986,0.5939193556406304,0.15318450753244173,0.03125673279305263,0.8666616947579509,0.5147831419148479,0.548036924708729,0.18566764447538064,0.9228359767314673,0.8481993403934438,0.08861598634382395,0.5145594060226387,0.16897860421949318,0.11558030461227409,0.4311556373158322,0.9121049404199606,0.2695271714811316,0.250252738693051,0.5351431081058686,0.45522796201461735,0.33041648022008996,0.3894413231906395,0.18548534115580306,0.21512620361623502
50,0.852574620063309,0.7579343376588941,0.173304164802201,0.2030527519514742,0.4903296375478545,0.8507847329256368,0.8289414806344156,0.7583320903561543,0.7887684582111073,0.732113558395068,0.8394902136263445,0.8538010242131955,0.8610434379091467,0.7719468337227995,0.8195694327052157,0.5647591110227217,0.4663318914798058,0.8726777043040157,0.6065231442350719,0.8180364275178575,0.5073915709574238,0.6074263743184343,0.8952998889607054,0.6291619019208141,0.5352259732511311,0.12568156581978496,0.9909096935646929,0.21948491025704775,0.7611163592369778,0.36861731218614835,0.7953645237740102,0.0798654270040936,0.19157592933260403,0.8004275841495551,0.5148991531182154,0.7341769005121066,0.6638492517277383,0.6169475795091068,0.8102802499212782,0.796350619002635,0.30609556008551686,0.7636768922255921,0.2781700061320207,0.7247468469812227,0.6815741062994084,0.40296491489749586,0.862104111768508,0.7414690332952154,0.7883541324847942,0.8720562157145462,0.0,0.7453305490644525,0.8094681714977047,0.5216775220006962,0.3027395217023815,0.7583403768706807,0.09532806311009479,0.747833076451383,0.3195611461906893,0.34500074578630735,0.8668688576211074,0.2323372942872769,0.7829098924410415,0.25229122126651093,0.061187623261903634,0.8159067932846087,0.4757702315252158,0.7608926233447688,0.7475264754139114,0.30743797543877094,0.5677091101940702,0.49891446659705996,0.8397388090621323,0.8050100266825768,0.8500472331327997,0.41037305888397224,0.5508129070750261,0.6625979880342732,0.25431313081091833,0.07962511808283201,0.6628382969555346,0.7368865907621938,0.3004690167221864,0.8020931735693333,0.36141633106282833,0.5670627620610219,0.629418783871128,0.4380831634597855,0.633015131175525,0.3932282603291404,0.8222625499262501,0.822038814034041,0.62476176270737,0.7441787235453023,0.4920117999966853,0.366827425048476,0.8719650640547573,0.7686322279122956,0.8716004574156019,0.8984487644806842,0.3935182883375594,0.45460647342514793,0.28878503124015975,0.5019141848555662,0.7684582111072441,0.853975041018247,0.7814597523989459,0.8634216675781833,0.684018628084655,0.8307230812575614,0.33250468188070736,0.8268864250319031,0.8130479457730491,0.8198346011700559,0.8487793964102819,0.8591541125971593,0.4145908947778385,0.5382671240822685,0.8165199953595519,0.29485075987338205,0.10489070087339858,0.2704138285354414,0.7768773098659242,0.7828436003248314,0.8435920383168432,0.8015048310379688,0.8212433086395201,0.7255423523757437,0.7945192992923317,0.8030875553124845,0.8538258837567743,0.26571537479905194,0.19044067684250643,0.1737019174994614,0.6229718755696978,0.7666848969986245,0.7482059696050647,0.8391338935017153,0.5712225923532045,0.5252075771888829,0.8478761663269196,0.37876000596629045,0.7302573791411856,0.3862593016125557,0.8694128175806692,0.8324052437063922,0.8504947049172178,0.8159316528281875,0.8575962478662226,0.07931023053083397,0.8506355756641641,0.8042890999187922,0.6761215797411293,0.8104128341536982,0.18778070567957705,0.8769203997414607,0.8687416099040421,0.2781948656755996,0.8431114204743201,0.8182187308374352,0.7657568073716834,0.8137937320804124,0.7940718275079137,0.7266444588077363,0.8595518652944198,0.5279006944099174,0.10859477286663677,0.7669583519779911,0.8338388107194352,0.7552246474088069,0.2585061071612058,0.7810288536435805,0.8662556555461642,0.9970500008286515,0.8125839009595783,0.7727589121463729,0.7508990868260993,0.703011319378843,0.8389930227547688,0.875843152853047,0.1836871675036047,0.7265201610898424,0.7214239546561925,0.8159896584298714,0.36647110492384694,0.3671920316876315,0.85656043355044,0.7210096289298795,0.8101145196307529,0.8742107094913738,0.7616798422247634,0.6578083826380948,0.8422164769054841,0.8161968212930278,0.7155902484297054,0.7546860239646,0.790384328543728,0.7333565355740068,0.8988713767215234,0.8671671721440528
51,0.44602993089046894,0.03668439980775284,0.5796499776264108,0.6135003894661828,0.44901307611992236,0.6323107774407929,0.5695238568753211,0.07125573841130939,0.2269842059033128,0.03131473839473642,0.45319776595568373,0.42175044332852707,0.9625035217686737,0.17034587911632615,0.33620875387394555,0.33982996072192106,0.4776015512355193,0.38911814912411535,0.3411558030461227,0.18035598866404812,0.9044150549395914,0.2576028770778436,0.9574404613931289,0.14865178408657742,0.399177977758995,0.8053912063507848,0.9835678416944265,0.830515918394405,0.04049619648983238,0.5737665523127662,0.9318019854488805,0.6760055685377617,0.6583221465387229,0.2622018926399178,0.90851687963009,0.04848439649314695,0.2183413712524238,0.26626228475778513,0.3321815078141832,0.2799516067551667,0.581696746714397,0.1325925189346856,0.8146886756492484,0.09038930045244364,0.15294419861118014,0.8401779943320241,0.4302192611743648,0.09365418717579,0.23202240673527896,0.487280200202191,0.7453305490644525,0.0,0.25132169906693846,0.4295729130413165,0.5993635956843832,0.12195263428296788,0.7789903710701205,0.20795836855102,0.8058966837368866,0.5507300419297635,0.931942856195827,0.6005899998342696,0.12724771706524796,0.609589154609788,0.6946502262218466,0.3537844511841428,0.4678897562107427,0.2562273156664844,0.13861681499527667,0.8020931735693333,0.3405757470292845,0.41239496842837964,0.4147400520393112,0.2589535789456239,0.29877856775882927,0.5516912776148096,0.3459951275294586,0.15717860753409907,0.6085699133230581,0.7774490793682363,0.13823563532706873,0.11037637348978269,0.8070650822850893,0.3298115646596729,0.5409022357016192,0.9114088731997548,0.26271565654054596,0.49763005684548967,0.11675698967500281,0.49698370871244135,0.4026168812873929,0.40636238585326234,0.1942607600391123,0.17569068098576368,0.8374600175674108,0.8165282818740781,0.6132352210013424,0.2167752200069606,0.5385820116342663,0.5412668423407746,0.5768988548036925,0.548575548152936,0.7049752233215665,0.352002850560997,0.21553224282802175,0.5732445018976119,0.25725484346774063,0.4634150383665623,0.08325461144533397,0.2924062380881354,0.8346177430849036,0.41842755100349693,0.38359933044962624,0.27285835032068806,0.5970433716170305,0.5724987155902486,0.5065132004176403,0.3658744758779562,0.37958037090439023,0.8415701287724358,0.7571222592353205,0.841478977112647,0.11850544424004383,0.25824093869636555,0.3507681598965843,0.3576708264969588,0.38590298148792657,0.05257793466911964,0.25082450819536284,0.10252075771888824,0.3307065082285089,0.7045360380516748,0.8123104459802117,0.687556969787368,0.17932017434826553,0.22185485341155786,0.15116259798803422,0.32915693001209834,0.8678135202771011,0.3926564908268284,0.3789920283730257,0.5835694989973318,0.039029483418684396,0.5726147267936161,0.5851687963008999,0.492094665141948,0.5611130446311673,0.48035267405823756,0.6235270720429573,0.7707287160874393,0.9393924327549347,0.2925636818641343,0.11330979963207866,0.34858052006165163,0.8468900710982947,0.5236745720015247,0.5735759624786623,0.7888347503273173,0.26102520757718883,0.2360745123386201,0.10533817265781664,0.9413646232121845,0.1593662473690316,0.10566963323886702,0.5526193672417508,0.9011750277598237,0.7683421999038765,0.05674605147582823,0.36969455907456195,0.19516399012247476,0.8299192893485143,0.384867167172144,0.42697923399459725,0.9882248628581846,0.5041183977195511,0.2912544125689851,0.047954059563466434,0.12556555461641716,0.3805167470458576,0.49331278277730817,0.6572283266212565,0.06194998259831963,0.09575067535093384,0.35597209101907545,0.837020832297519,0.5832546114453339,0.477974444389201,0.06507399857471963,0.3572647872851722,0.5170950794676744,0.1223255274366496,0.8454067849980941,0.631134092378064,0.2906329239795158,0.05851107906992159,0.2240673527900694,0.2623013308142328,0.19409502974858717,0.4378760005966291,0.6087936492152672
52,0.21045260942342425,0.2420822353701586,0.6952800013258424,0.7184076633686338,0.6089759525348448,0.5509454913074462,0.44804355392035,0.19644839987404494,0.07817497804073659,0.23635625383251302,0.2972289895424187,0.2362319561146191,0.9770629277913125,0.09290840086842678,0.14703591375395686,0.5240474651552064,0.615480866437959,0.1720529011087356,0.4658927062099141,0.09828634879596965,0.9325643447852965,0.446609986907307,0.9775518321483618,0.36521984123038176,0.5749349508609689,0.8633636619764995,0.9948789340227714,0.8749233497406321,0.2080495202108089,0.7010225558925405,0.9546810520558843,0.8188650789704834,0.7535756310180812,0.09260179983095518,0.9477949584845623,0.2532358839225046,0.39723893335985017,0.4599927078672168,0.13098493511659126,0.12963423324881096,0.7228823812128142,0.14570178491522912,0.8795886574189165,0.2964583436914765,0.3696116939292995,0.8826463812791064,0.26406635840832626,0.20368252705546996,0.07857273073799698,0.2894810984603655,0.8094681714977047,0.25132169906693846,0.0,0.5851936558444787,0.713725782661297,0.14759939674174238,0.8280548235801057,0.04807835728136045,0.8715590248429705,0.6823696116939293,0.9549627935497771,0.7319146820464376,0.1351613384378263,0.7446676279023516,0.7719799797809046,0.1822121679179305,0.6173867647789987,0.08749730688277879,0.15554616417242573,0.8658247567907987,0.5148328610020053,0.563242678864416,0.25992310114519634,0.08401697078174963,0.10280249921278117,0.6874409585840004,0.5389880508460532,0.4004706740250916,0.7756509057160378,0.8411806625897015,0.3877591607418087,0.19354811978985398,0.8608694211040953,0.12147201644044492,0.6882033179204163,0.941157460349028,0.42515620079882,0.6516183562869786,0.3309551036642968,0.6420640050382008,0.20828154261754417,0.2006330897098062,0.4112514294237558,0.14659672848406502,0.895382754105968,0.870713800361292,0.4571090008120784,0.08403354381080241,0.4027080329471817,0.38581182982813766,0.6818309882497224,0.6897197500787219,0.7840534314456653,0.5654137456702961,0.09728368053829195,0.4280979134556422,0.058080180314555974,0.2947430351845407,0.31947828104542675,0.09599098427219521,0.9101244634481845,0.22842605943088223,0.18880823348083342,0.08133214007524159,0.49180463713352895,0.4253965097200816,0.6539054342962264,0.5527685245032234,0.2140240971842423,0.9165216526624572,0.8206632526226819,0.9038847180099107,0.15175094051939875,0.11668241104426658,0.12249954424170106,0.17531778783208196,0.20214952186811186,0.2350055519647326,0.06418734152040961,0.1565488324301033,0.09082848572233537,0.7888264638127911,0.8839059314870978,0.7709027328924908,0.42136926366031924,0.13428296789804273,0.11803311291204699,0.1939210129435356,0.9098344354397654,0.5601103763734898,0.1731550075407282,0.73498897893568,0.25502577106017665,0.7173635625383251,0.4288022671903744,0.32863487959694393,0.41472347901025874,0.265458492848738,0.5169707817497805,0.834435439765326,0.9649231840103416,0.0877127562604616,0.3250053862344421,0.1484860537960523,0.897644972571637,0.35342813105951376,0.4218250219592635,0.8489285536717546,0.09095278344022917,0.09958733157659228,0.18822817746399512,0.9717512719799798,0.10646513863338802,0.2928785694161322,0.4315865360711977,0.9423755779843883,0.853975041018247,0.26614627355441756,0.14098675814978712,0.07138832264372963,0.9058486219526343,0.23066341835297244,0.2651187457531612,0.9974394670113857,0.3542733555411923,0.12596330731367766,0.21883856212399944,0.3294883905931487,0.19745935464624864,0.30989078373854384,0.7560450123469067,0.22695105984520791,0.29956578663882394,0.16563913886541037,0.9084671605429325,0.7228906677273406,0.3201163426639486,0.22698420590331292,0.20445317290641207,0.3682444190324665,0.1472927957042709,0.8967914615754322,0.5304612273985316,0.07967483716998958,0.26549163890684313,0.1829828137688725,0.08652778468320643,0.12163774673096994,0.20117171315401317,0.48787682924808173
53,0.6981139892938233,0.4214189827474768,0.3622118364573492,0.34203417358590626,0.07351795687697837,0.7631051227232802,0.7228823812128142,0.4628681284078291,0.5626377633039992,0.39839075887900033,0.7078009247750211,0.7029864598352641,0.9457067568239448,0.5224813139097433,0.625043504201263,0.1032748305407778,0.07157062596330721,0.6906975587928206,0.19099587331576595,0.5481032168249391,0.7784517476259136,0.19614179883657334,0.9403619549545071,0.28112829181789567,0.07284674920035117,0.606713734069176,0.9821674207394886,0.6421385836689373,0.4303021263196274,0.2585972588209947,0.8968246076335372,0.458211107244071,0.33342448499312216,0.5856659871724756,0.7975935961815741,0.39270620991398597,0.2386847644143919,0.19254545153217661,0.6341172376075175,0.5815393029383982,0.2674141102769353,0.5151063159813719,0.6341586701801489,0.38601899269129425,0.2808134042658976,0.7207444604650393,0.7118198843202572,0.4781318881651999,0.5789373373771525,0.7452228243756112,0.5216775220006962,0.4295729130413165,0.5851936558444787,0.0,0.2677787169160908,0.48273919024180056,0.5443245662009646,0.5151643215830558,0.6606589436351282,0.255962147201644,0.9090057839871394,0.3145560914168283,0.5036543529060806,0.3082500538623445,0.4566283829695553,0.6452377401017584,0.11391471519249563,0.5559588325958336,0.4820845555942259,0.6541871757901192,0.10449294817613808,0.09629758530966703,0.687971295513681,0.611851373075457,0.6539634398979102,0.1749614677074529,0.1317058618803758,0.28596761630123135,0.2859096106995477,0.5636818641343078,0.29727042211504995,0.4592883541324848,0.6036974427816172,0.6062496892557053,0.17752200069606705,0.8040073584248995,0.19975471917002263,0.0965296077164024,0.3074628349823497,0.176303883060707,0.6838528977941298,0.6816321119010922,0.2532027378643995,0.5381096803062696,0.7268019025837352,0.6922471370092311,0.7904423341454118,0.543031869934868,0.744070998856461,0.7749796980394107,0.18028141003331188,0.12601302640083523,0.48607865559588326,0.18459868410149327,0.5414491456603523,0.7455874310147665,0.5712308788677307,0.734698950927261,0.33513150698553174,0.6458509421767017,0.6934072490429075,0.686662026218532,0.6617610500671208,0.618033112912047,0.7632211339266478,0.7730737996983709,0.1572200401067303,0.11465221498533285,0.662374252142064,0.6797676461326837,0.5626377633039992,0.7325113110923285,0.4711629294486154,0.5810172525232438,0.683347420408028,0.6407961683156831,0.674331692603457,0.40869918294966767,0.5835446394537529,0.4879348348497655,0.6510631598137192,0.45669467508576544,0.6587447587795621,0.3325461144533386,0.3008667694194467,0.540736505411094,0.5122557549843385,0.6576012197749384,0.788536435804372,0.06277034753641919,0.6700475645933808,0.2067651104592385,0.38804918875022776,0.17917101708679306,0.782926465470094,0.6868857621107409,0.7445930492716154,0.680157112315418,0.7654999254213692,0.5755067203632809,0.9131904738229006,0.6205273537844511,0.3360430235834203,0.6440942010971344,0.6709756542203219,0.7690051210659772,0.7653673411889491,0.6024876116607834,0.6271317058618804,0.6131109232834485,0.4612771176187873,0.9097764298380816,0.5525033560383832,0.401473342282769,0.737789820845556,0.7744907936823614,0.5942010971345233,0.41598302921825014,0.6793450338918444,0.5344967599728203,0.6471767845009033,0.6370920963224449,0.7077263461442849,0.9867664363015629,0.7020666567228493,0.5888811548086643,0.43353386698486873,0.3272427451565323,0.6662191948822487,0.74945723329853,0.3852649198694045,0.416422214488142,0.35051127794627024,0.6444008021346062,0.713850080379191,0.22248462851555373,0.7308622947016027,0.4072904754802035,0.6286729975637647,0.7394719832943867,0.5071429755216361,0.7801753426473756,0.7612406569548718,0.6103017948590463,0.38562123999403364,0.5359386135003895,0.5579061635095046,0.5045741560184955,0.7450570940850859,0.7719634067518522
54,0.8429788362419,0.6500936376141468,0.15238900213792084,0.11444505212217637,0.26278194865675597,0.8524088897727838,0.8281625482689471,0.6448317008899718,0.7095328063110096,0.6250186446576841,0.8310462553240856,0.8355872652844761,0.9264654700939691,0.6639901224746847,0.7507250700210478,0.38151112878900884,0.21786903992442697,0.8177795455675434,0.46897528961368273,0.7111818227017352,0.6741825353419844,0.44248330267322955,0.9332604120055024,0.5255970433716171,0.3354629675665821,0.38326786986857575,0.9949700856825603,0.3861267173801356,0.6531845075324417,0.06886922222774639,0.8328361424617579,0.21837451731052893,0.13086892391322358,0.732627322295696,0.6784666633520609,0.6245711728732661,0.4935448051840434,0.4464525431313081,0.7705878453404928,0.72351215631681,0.0467856610152636,0.6739505129352492,0.47137009231177185,0.6184225790947813,0.5226138981421634,0.5838843865493296,0.8425562240010607,0.6395449046222178,0.7140489567278212,0.8583006016009546,0.3027395217023815,0.5993635956843832,0.713725782661297,0.2677787169160908,0.0,0.6375892871940205,0.3283448515885248,0.6681996718540248,0.443229088980593,0.06343326869851995,0.896816321119011,0.056712905417723225,0.6769005121065979,0.062952650855997,0.2508079351663103,0.7821889656772569,0.23832844428976274,0.7249954424170105,0.6494224299375198,0.543636785495285,0.37367208604716684,0.31604766403155504,0.819867747228161,0.7484462785263263,0.7821889656772569,0.1547672318069574,0.3564361358325461,0.5339167039559821,0.05520475977394401,0.36257644309650483,0.5326240076898855,0.628233812293873,0.41885844975886244,0.7644889706491655,0.1046835380102421,0.721440527685245,0.47256335040355335,0.2248048525829066,0.5265002734549794,0.1578332421816735,0.8073799698370872,0.8071893800029832,0.4945723329852997,0.6744974228939824,0.6421634432125161,0.4979863769701187,0.8695288287840369,0.6817149770463549,0.8674737731815244,0.8968328941480634,0.13883226437295937,0.16734616085781995,0.35351099620477644,0.36484694807670004,0.6820712971709839,0.8551434395664496,0.7081738179287028,0.8510416148759509,0.6188451913356205,0.7638260494870648,0.5099272444024595,0.8139346028273589,0.7836391057193524,0.7545782992757587,0.8564361358325461,0.8570493379074894,0.15441919819685457,0.3625432970383998,0.7969638210775785,0.5266411442019259,0.3402940055353918,0.526516846484032,0.6736190523541987,0.7192446013357863,0.8102636768922256,0.7844926167155573,0.8073053912063508,0.6193838147798273,0.7192611743648387,0.7001441853527569,0.7902517443113077,0.2407315335023783,0.45571686637166675,0.10754238552180184,0.5151560350685296,0.6864134307827442,0.6624736903163793,0.786017335388389,0.718059629758531,0.33718656258804414,0.8252788412138087,0.09128424402127955,0.6147185071015431,0.10398747079003634,0.8716253169591806,0.8180778600904888,0.8508510250418468,0.8218399376854109,0.859203831684317,0.36086942110409503,0.8961368269278576,0.7632625664992791,0.5665904307330252,0.770049221896286,0.46457515040023867,0.8753128159233664,0.8607865559588326,0.42140240971842413,0.7687896716882945,0.748280548235801,0.6573609108536766,0.8620295331377716,0.696257810039941,0.6325842324201595,0.8565521470359139,0.6771076749697542,0.3380649331278278,0.5926432324035864,0.8050846053133132,0.666741245297403,0.4788279553854058,0.778244584762757,0.8370291188120453,0.9986244385886409,0.8129982266858914,0.7276056944927825,0.6464475712225923,0.5774789108205307,0.7999635393360844,0.8617726511874576,0.11721274797394732,0.6208256683073966,0.5880690763850909,0.7808796963821079,0.5162167089278908,0.08246739256533919,0.859013241850213,0.6235270720429573,0.7724605976234277,0.8636122574122873,0.6554715855416895,0.7221863139926086,0.8472215316793451,0.7566747874509023,0.613251794030395,0.6813006513200417,0.7328842042460101,0.6527950413497074,0.8686090256716221,0.8679709640531
55,0.3609688592784104,0.13889026997464327,0.6259301612555728,0.66524138616815,0.485051127794627,0.6250849367738942,0.5491058850826166,0.07193523260246282,0.13057889590480465,0.10450952120519064,0.4204660335769568,0.3724291088682278,0.9732428445947066,0.07287160874392995,0.28295961152819904,0.4238717910472496,0.5373970400570112,0.3076368517874012,0.37232967069391265,0.08419098758680121,0.8933194119889293,0.3306733621704039,0.9717512719799798,0.22446510548733,0.4660004308987553,0.8024412071794362,0.9957324450189762,0.833068164868493,0.08000629775103985,0.6256649927907324,0.9314870978968827,0.762334476872338,0.6719368899053682,0.17208604716684062,0.8977195512023733,0.11002833987967975,0.2812277299922107,0.33794892192446013,0.25416397354944564,0.236928023334825,0.6206019324151875,0.06746051475828241,0.8109348845688527,0.1785412419827972,0.26121579741129286,0.829272941215466,0.40188766800908204,0.07126402492583561,0.12394139776927027,0.4107625250667064,0.7583403768706807,0.12195263428296788,0.14759939674174238,0.48273919024180056,0.6375892871940205,-2.220446049250313e-16,0.7802747808216908,0.10832131788727017,0.8173486468121779,0.6102189297137838,0.93860521387494,0.6451051558693381,0.03296375478546221,0.6545600689438008,0.7088035930326986,0.2928039907853959,0.5182137589287195,0.15407945110127774,0.04162316246540376,0.8180778600904888,0.4032880889640199,0.4774855400321517,0.3721805134324401,0.16911118845191342,0.20943336813669433,0.5552544788611016,0.42492417839208474,0.2648784368318998,0.7121099123286763,0.7811780109050532,0.24310976317141475,0.04444057740433216,0.8036261787566914,0.2552577934669119,0.5925272212002188,0.9009512918676147,0.31434064203914547,0.5261605263594027,0.1938298612837468,0.5215697973118548,0.32799681797842184,0.3309799632078756,0.27892407895391036,0.10056514029069086,0.8572067816834883,0.8207295447388919,0.5740565803211855,0.12279785876464633,0.5155040686786324,0.5104078622449826,0.6175193490114188,0.6014849434031058,0.7171729727042212,0.4480186943767712,0.1229718755696978,0.5362866471104926,0.1620013589883822,0.4178309219576062,0.1657385770397255,0.22251777457365884,0.8546711082384528,0.3637697011882861,0.3035433136114287,0.17693365816470275,0.6036062911218284,0.5397172641243639,0.5358391753260744,0.4522448167851638,0.3310711148676644,0.8864084588740285,0.7654170602761067,0.8650292513962777,0.03963439897910137,0.15947397205787306,0.2558378494837502,0.280249921278112,0.31923797212416516,0.08497820646679599,0.16802565504897327,0.10239646000099434,0.23122690134075807,0.7300087837053978,0.8105205588425397,0.7165514841147518,0.2935994961799169,0.1139644342796533,0.04360363943718004,0.20285387560284396,0.8745090240143191,0.4742620858814365,0.2805233762574786,0.635376787815509,0.10663915543843938,0.6294104973566018,0.559638045045493,0.4480435539203501,0.5356817315500755,0.4019291005817134,0.6091168232817913,0.762748802598651,0.952534844793583,0.21152156979731185,0.2003844942740185,0.28001789887137674,0.838678135202771,0.4818111006148593,0.5181640398415619,0.7956545517824293,0.1635923697774243,0.1592999552528216,0.08565770065794942,0.9602247302739522,0.06268748239115685,0.1586618936342995,0.5372395962810124,0.8955236248529144,0.8046454200434214,0.147168497986377,0.26657717230978295,0.08972637929034277,0.834725467773745,0.35488655761613563,0.39854820265499924,0.9984587082981157,0.48273919024180045,0.21491904075307855,0.08529309401879404,0.1984205903312949,0.33020931735693326,0.43773512984968255,0.6907969969671357,0.08201992078092124,0.1720197550506306,0.2829761845572515,0.8608694211040953,0.6469364755796416,0.44082599976797754,0.0837600888314356,0.3284360032483137,0.49088483402111405,0.029848025323588434,0.8612423142577769,0.6209913985979219,0.21274797394719824,0.11385670959081173,0.14564377931354522,0.18420093140423277,0.09769800626460479,0.3519116989012081,0.5960655629029318
56,0.8726279852168581,0.7979499163062033,0.2575780175342648,0.287517194517642,0.5122474684698123,0.8650789704834353,0.8452244816785164,0.7949667710767497,0.8011070783407084,0.7687648121447157,0.8519862775319444,0.866537397040057,0.8543810802300337,0.7899037107012049,0.8383963937088782,0.6179502477667843,0.47890253401614213,0.8679626775385737,0.6347221531679346,0.826853278973798,0.4372545120071596,0.6602446179088153,0.9042410381345399,0.7057541556870349,0.586892391322362,0.031463895656208996,0.9956247203301348,0.1704536038051674,0.8029798306236431,0.3841130943502544,0.8031952800013259,0.14662987454217002,0.249680969190739,0.8117303899633737,0.4240292348232486,0.7748471138069906,0.7470209980278095,0.6652579591972025,0.8182601634100665,0.8158736472265036,0.3414706905981205,0.7951490743963274,0.19381328825469424,0.7881303965925853,0.7190540115016821,0.339216758646978,0.8762409055503075,0.7673146721026202,0.801960589336913,0.8791163260909197,0.09532806311009479,0.7789903710701205,0.8280548235801057,0.5443245662009646,0.3283448515885248,0.7802747808216908,-2.220446049250313e-16,0.7877657899534298,0.22292381378544546,0.36599048708132387,0.8770778435174597,0.30055188186744897,0.8050928918278394,0.30449626278194863,0.17036245214537848,0.8250551053215998,0.5204096852781782,0.8008667694194468,0.7757752034339316,0.22632128474121205,0.6139644342796532,0.574520625134656,0.8500389466182734,0.8152604451515604,0.8480999022191286,0.4163310628283532,0.5848870548070071,0.7066408127413448,0.3029798306236431,0.07661711330979959,0.7102371600457416,0.7677952899451432,0.2260561162763719,0.8094433119541259,0.4004541009960392,0.42097979747758507,0.6656971444670943,0.46773231243474367,0.6823530386648768,0.4015976400006629,0.8379654949535127,0.8356038383135286,0.6809857637680439,0.7714082102785926,0.30215117917101697,0.2536584961633437,0.8816851455940603,0.790102587049835,0.8862758746416083,0.9104393510001823,0.45221995724158504,0.4560980460398748,0.4366495964467426,0.5655960489898739,0.7865476723180695,0.8683604302358342,0.7936409287525481,0.8769701188286183,0.7153002204212864,0.8478678798123933,0.26477071214305836,0.8512984968262649,0.8178789837418585,0.8200251910041599,0.8643248976615456,0.8698934354231923,0.41172376075175254,0.5983277813686008,0.8339051028356453,0.19479938348331927,0.07650110210643202,0.18190556688045878,0.8063110094631996,0.8012479490876547,0.8529309401879381,0.818558477933012,0.8373854389366745,0.767977593264721,0.8065513183844613,0.8230497688062448,0.8495583287757504,0.32012462917847495,0.09984421352690631,0.2666186048824144,0.6915510697890255,0.785669301778286,0.7892987951407879,0.8422247634200103,0.5697144467094251,0.5737168332256086,0.8600904887386268,0.3769618323140921,0.7688311042609258,0.3831187126071033,0.8862427285835033,0.851936558444787,0.8666036891562671,0.8407829098924411,0.8721142213162301,0.04584928487379636,0.8489865592734385,0.8193042642403752,0.7346740913836822,0.8129899401713652,0.10733522265864515,0.8897562107426376,0.8788511576260793,0.1665672284923515,0.8380815061568803,0.8218813702580421,0.8017782860173354,0.7951242148527486,0.8188070733687995,0.7589535789456239,0.8729677323124347,0.37754188833093016,0.05092891827839363,0.8007590447306054,0.8385206914267721,0.7835396675450372,0.1918991033991282,0.8069987901688792,0.873771524221482,0.9989890452277963,0.8310379688095594,0.7828353138103051,0.7821806791627306,0.7404580785230117,0.8420838926730639,0.8817348646812178,0.25271383350735,0.7645718357944282,0.7599811067468802,0.8232652181839275,0.2821143870465205,0.3653524254628018,0.8743350072092677,0.775435456338355,0.8182684499245927,0.8845522796201462,0.7850975322759741,0.6526790301463399,0.8597756011866289,0.8180364275178574,0.7562521752100632,0.7670577901523062,0.8093438737798108,0.7664611611064154,0.9053265715374799,0.8803178706972274
57,0.25511692271996556,0.20486749863272502,0.6505079633404598,0.6875984023599995,0.5332537827938812,0.5754901473342282,0.4740797825618588,0.16201793201743486,0.061809111851373055,0.18348829115497445,0.31469696216377474,0.27573377086130035,0.9716435472911384,0.054641276786158155,0.17458028803924497,0.47692205704436597,0.5468768126750526,0.21681665257959204,0.47891082053066836,0.09833606788312699,0.8960871078407001,0.406221515106316,0.9696382107757835,0.3234226619599264,0.5240723246987853,0.8087472447339201,0.995152389002138,0.8378494837501451,0.17596413596513027,0.6576177928039908,0.9382654667793633,0.7561278774921694,0.7083312617047017,0.08267455542849556,0.9099670196721855,0.19972157311191774,0.355731782097814,0.4155687034919373,0.14930641873415207,0.13607285503571498,0.6752017766287144,0.11908550025688203,0.8398962528381313,0.27105189015396347,0.3341619847859594,0.8536684399807752,0.30297154410911675,0.14850262682510484,0.07008733986310678,0.3354878271101609,0.747833076451383,0.20795836855102,0.04807835728136045,0.5151643215830558,0.6681996718540248,0.10832131788727017,0.7877657899534298,0.0,0.8316428843699764,0.6390228542070634,0.9385969273604137,0.6991166575515007,0.10548732991928933,0.7058121612887188,0.722078589303767,0.20270471834137127,0.5705596711911036,0.06812343592038317,0.11249772120850521,0.8254694310479127,0.4643016954208721,0.48978272758912145,0.28179949949452265,0.09675334360861143,0.12782777308208626,0.5989907025307015,0.5075904473060542,0.3422661959926415,0.7325278841213808,0.7847494986658712,0.32129302772667756,0.14691990255058918,0.8158902202555562,0.14702762723943053,0.645892374749333,0.9115497439467012,0.38973135119905866,0.573791411856345,0.27928868559306586,0.5875138799118316,0.24308490362783608,0.23210527188054153,0.3690979300286713,0.10813901456769259,0.8602976516017833,0.8432771507648453,0.4801455111950812,0.06186711745305695,0.4368070402227415,0.42761729561311923,0.6379373208041235,0.5966041863471387,0.7293044299706657,0.5350519564460796,0.07690714131821885,0.4619814713535193,0.05615770894446381,0.31844246672964416,0.24905948060126948,0.12097482556886918,0.8712192777473939,0.26137324118729177,0.21557367540065298,0.09970334277995996,0.5394189496014187,0.44391686968627253,0.574205737582658,0.5080047730323671,0.23821243308639517,0.8858366893717164,0.7580172028041565,0.8842539650972009,0.11263859195545167,0.09686106829745278,0.15260445151560353,0.1879795820282072,0.22613069490710824,0.19271118182270186,0.06441107741261876,0.13082749134059224,0.1317307214239547,0.7415270388968992,0.8462354364507201,0.729055834534878,0.3695785478711944,0.1078075539866421,0.08014716849798642,0.17846666335206085,0.8705232105271881,0.5331874906776712,0.21588027643812457,0.6879547224846285,0.1883773347254678,0.6622996735113276,0.46909958733157664,0.3351232204710055,0.4626609655446726,0.29123783953993265,0.5480617842523078,0.7804156515686372,0.946767430683306,0.11162763718324809,0.2701983791577587,0.17421568140008947,0.8690316379124613,0.3905931487097898,0.46435141450802964,0.8067501947330914,0.1127960357314507,0.096106995475563,0.16158703326206925,0.95008203649381,0.09434196788146976,0.2157062596330731,0.4613931288221549,0.8972057873017452,0.7862162117370192,0.23663799532640573,0.17408309716766934,0.02906909295811999,0.8672334642602629,0.27230315384742876,0.30625300386151566,0.9981603937751703,0.3952004507863902,0.11723760751752599,0.16428843699762996,0.27573377086130035,0.23270190092643228,0.3471303800195562,0.7267107509239463,0.18042228078025824,0.248885463796218,0.18875851439367586,0.868285851605098,0.6832562687482391,0.34922686819469995,0.19249573244501894,0.21957606191683654,0.404787948093273,0.10156780854836844,0.8553588889441324,0.5592485788627588,0.10549561643381566,0.20123800527022317,0.17172972704221157,0.09010755895855083,0.08134042658976803,0.2587215565388886,0.5240060325825753
58,0.917184573824558,0.8122772999221068,0.43819088814862694,0.4357297933343277,0.6054956164338157,0.8682775650905716,0.8539501814746682,0.8319660584365005,0.8352475181888994,0.7943867150599115,0.8624770049221897,0.8883475032731734,0.8766469447620941,0.819934039344371,0.8563615572018097,0.6907224183363994,0.5998690730704852,0.9161156134506704,0.749424087240425,0.8639685775369165,0.5285801886010707,0.734060889308739,0.8939409005783987,0.760453438074877,0.6667909643845606,0.28315020136230307,0.9865509869238801,0.15101344072656153,0.8441720943336815,0.5499842556224002,0.7833822237690383,0.33375594557417265,0.4217670163575796,0.8506190026351117,0.5437942292712838,0.8086726661031837,0.755895855085434,0.7312269013407581,0.8426308026317971,0.8260246275211721,0.49737317489517563,0.8205969605064718,0.19522199572415855,0.8255937287658066,0.7639172011468536,0.2189462868128409,0.8966920234011171,0.795422529375694,0.8464343127993504,0.9018628084655033,0.3195611461906893,0.8058966837368866,0.8715590248429705,0.6606589436351282,0.443229088980593,0.8173486468121779,0.22292381378544546,0.8316428843699764,0.0,0.5300551881867449,0.8664462453802682,0.4481015595220339,0.8378577702646712,0.4560731864962959,0.26121579741129286,0.8487876829248082,0.6410199042078921,0.826182071297171,0.8110177497141153,0.16054293243176054,0.6979233994597194,0.6436964483998742,0.8712938563781303,0.8605131009794661,0.8892590198710619,0.568272593181856,0.6509140025522465,0.7400603258257512,0.45060408690896436,0.20790036294933623,0.7509073733406255,0.802656656557119,0.4040090157278047,0.835139793500058,0.5182800510449295,0.5313893170254729,0.72351215631681,0.564643099819354,0.705820447803245,0.5535060242960606,0.8589718092775818,0.853975041018247,0.7260063971892143,0.7930857322792887,0.46582641409370396,0.21128126087605037,0.8932696929017717,0.8143572150681981,0.8955070518238619,0.9200351348215914,0.4993039327797941,0.6086859245264258,0.5413579940005635,0.6165746863554252,0.8090455592568654,0.8714347271250766,0.8374020119657271,0.8980261522398449,0.7498384129667379,0.8682029864598353,0.27331410861963235,0.8611180165398831,0.8439566449559985,0.8657253186164836,0.8696199804438257,0.8804753144732262,0.5826248363413381,0.6798670843069988,0.8568338885298066,0.26485357728832093,0.2611743648386615,0.22748139677488866,0.819743449510267,0.838644989144666,0.8831850047233133,0.8368053829198363,0.8453570659109366,0.7891164918212101,0.8328527154908103,0.8647392233878586,0.8983824723644741,0.4854405939773613,0.16351779114668785,0.3864996105338172,0.732436732461592,0.8150201362302989,0.8057558129899403,0.8933774175906131,0.6224415386400173,0.6535988332587548,0.8842456785826746,0.5193738709623958,0.8124596032416845,0.5191667080992393,0.8979598601236348,0.8586072026384263,0.8703989128092942,0.8529309401879381,0.8741941364623214,0.292837136843501,0.85649414143423,0.8499146489003796,0.763958633719485,0.8535275692338289,0.19683786605677922,0.9055171613715839,0.8930459570095627,0.16425529093952496,0.8859609870896104,0.8595435787798937,0.8154344619566118,0.8236795439102405,0.8585160509786374,0.7754437428528813,0.880176999950281,0.5370572929614346,0.19893435423192296,0.8310131092659806,0.865766751189115,0.8209698536601535,0.227464823745836,0.8244004706740251,0.8971394951855352,0.9948789340227714,0.8359518719236315,0.808076037057293,0.8201909212946851,0.7747393891181492,0.8778402028538757,0.9043653358524338,0.4182701072274979,0.8015379770960739,0.8078440146505577,0.8526491986940454,0.25215035051956436,0.4991133429456901,0.877947927542717,0.811614378760006,0.8568007424717016,0.8977858433185834,0.816909461542286,0.6364208886458178,0.8607616964152539,0.8612340277432506,0.7763221133926648,0.7963671920316877,0.8426639486899021,0.7990354497091434,0.9271118182270174,0.8826132352210014
59,0.8002204212863986,0.5732362153830857,0.17086792953148056,0.13303170420457744,0.22342929117154742,0.8342199903876432,0.8062612903760421,0.5942922487943122,0.6846152571305457,0.5696730141367938,0.7955468270935879,0.7859178972140739,0.9468254362849899,0.6488009413480502,0.7248048525829066,0.3059464028240442,0.16937635691675368,0.7840202853875603,0.372594839158753,0.6754752316080811,0.7273488125424684,0.38206632526226825,0.9483170088997167,0.4643016954208721,0.29769303435588923,0.43258091781434893,0.9947049172177199,0.43723793897810703,0.5983857869702847,0.04143257263129985,0.8849583188319329,0.26237590944496925,0.1642967235121564,0.692876912113227,0.7566167818492187,0.5579310230530834,0.4380500174016805,0.3843202572134109,0.7368783042476673,0.6731052884535706,0.05774043321897959,0.6306617610500671,0.553166277200484,0.555271051890154,0.4456570377367872,0.6230133081423292,0.7938398051011784,0.6110807272245148,0.6857090770480121,0.8267289812559042,0.34500074578630735,0.5507300419297635,0.6823696116939293,0.255962147201644,0.06343326869851995,0.6102189297137838,0.36599048708132387,0.6390228542070634,0.5300551881867449,0.0,0.9124115414574322,0.11267173801355668,0.6427849318019854,0.10212300502162774,0.2818823646397852,0.7475927675301215,0.1943519116989012,0.6802399774606804,0.6127960357314506,0.5829065778352309,0.29886143290409195,0.2755680405707751,0.7822884038515721,0.7215565388886127,0.7602379886971942,0.096040703359353,0.27772253434760275,0.47091433401282745,0.10199870730373395,0.41454117569068094,0.45026433981338765,0.5909196373821244,0.49516896203119043,0.7288238121281427,0.12911218283365644,0.7613649546727657,0.4009264323240359,0.14614097018512073,0.4721821707353453,0.13224448532458277,0.7620361623493925,0.7726014683703741,0.43044299706657385,0.6561759392764216,0.6699149803609605,0.5964053099985084,0.845945408442301,0.664926498616152,0.8355789787699498,0.8600407696514691,0.14005038200831965,0.13404265897678114,0.38106365700459066,0.30916157046023296,0.6520326820132916,0.8339713949518555,0.6702464409420109,0.8092030030328644,0.5413248479424585,0.7405658032118532,0.6263610600109383,0.7903428959710967,0.7480153797709608,0.721689123121033,0.8326372661131275,0.8403851571951806,0.08774590231856683,0.30366761132932263,0.7518686090256717,0.5514509686935483,0.37977924725302037,0.6010291851041615,0.6083378909163228,0.6840517741427601,0.774639950943834,0.7508410812244154,0.7745570857985714,0.5601683819751737,0.6887585143936759,0.6627802913538507,0.7547523160808101,0.2344835015495782,0.5135898838230664,0.1451217288983907,0.4583934105636487,0.6790301463398466,0.6107575531579907,0.7430103249970998,0.7325941762375909,0.2624836341338106,0.7837716899517725,0.10654800377865059,0.5579724556257146,0.0990487081323852,0.8579028489036942,0.7979333432771508,0.8209532806311011,0.7886441604932134,0.8384461127960358,0.4056083130313727,0.9064369644839988,0.7258903859858468,0.4827806228144318,0.7207527469795655,0.5117668506272892,0.8411060839589652,0.8346508891430087,0.5024776678433518,0.7449162233381397,0.730456255489816,0.5959909842721955,0.8924824740217769,0.6687217222691793,0.5913008170503322,0.8290906378958883,0.7230978305904971,0.4129915974742703,0.5369495682725931,0.7679610202356685,0.6372661131274964,0.5569200682808797,0.7203135617096736,0.7982648038582012,0.9986161520741146,0.779835595551799,0.696000928089627,0.5912676709922272,0.5188103879746101,0.7631299822668589,0.8301678847843021,0.1588441969538772,0.5689686604020618,0.5258373522928785,0.7441372909726711,0.6417325444571504,0.10966373324052436,0.8301264522116708,0.5730787716070866,0.7203715673113575,0.8323803841628135,0.6247451896783175,0.7689305424352408,0.8283531381030511,0.7250534480186944,0.555527933840468,0.6554881585707419,0.7074363181358657,0.6317970135401647,0.8302424634150384,0.8453570659109366
60,0.9710717777888265,0.9388952418833592,0.888562952650856,0.9092129468502959,0.8821409038930046,0.9189164553605463,0.9148229171845739,0.9536038051674705,0.9236149090969357,0.9191070451946503,0.9290177165680572,0.9426573194782811,0.516034405608313,0.9326803559886641,0.930699879016888,0.905583453487794,0.9203500223735893,0.9779910174182536,0.922603954324732,0.9449361109730026,0.7969472480485259,0.9379257196837867,0.23522928785694153,0.9282636437461675,0.8867564924841314,0.8705397835562406,0.8370871244137291,0.8052586221183646,0.9410000165730291,0.9260511443676561,0.5382671240822685,0.8648552345912263,0.9076136495467277,0.9295397669832116,0.7845091897446096,0.9314705248678301,0.9533469232171564,0.9455990321351034,0.9170602761066641,0.928470806609324,0.9169856974759277,0.9245347122093505,0.8407663368633885,0.955849450604087,0.9476540877376158,0.8024329206649099,0.9480186943767713,0.9144748835744709,0.9338736140804456,0.9578465006049156,0.8668688576211074,0.931942856195827,0.9549627935497771,0.9090057839871394,0.896816321119011,0.93860521387494,0.8770778435174597,0.9385969273604137,0.8664462453802682,0.9124115414574322,0.0,0.8982333151030014,0.9414474883574471,0.9036278360595967,0.8866073352226587,0.9206814829546397,0.8870796665506555,0.9069092958119956,0.9170354165630853,0.8212018760668888,0.9254379422927129,0.8912726429009431,0.9352988945789622,0.9389781070286217,0.960058999983427,0.9264571835794428,0.9231260047398864,0.9040587348149622,0.8728931536816984,0.8331841760718607,0.9263163128324964,0.9222393476855765,0.907464492285255,0.9185601352359171,0.8781633769203998,0.7866719700359635,0.9351911698901209,0.8896070534811648,0.8823149206980561,0.8890352839788529,0.9289514244518471,0.9223056398017866,0.9074230597126237,0.9079451101277781,0.7325195976068546,0.8187987868542734,0.943676560765011,0.9171431412519266,0.9423507184408095,0.9553191136744063,0.8668688576211074,0.9234988978935681,0.9109945474734418,0.8758017202804157,0.9115828900048062,0.9169276918742439,0.9359949617991681,0.9524105470756891,0.9173503041150832,0.9345531082715988,0.8405426009711795,0.918717579011916,0.9331195412585559,0.9458061949982599,0.9197699663567511,0.9339067601385506,0.9103399128258672,0.9003878088798289,0.9219161736190524,0.818500472331328,0.8846931503670926,0.8138351646530437,0.95320605247021,0.9230845721672551,0.9484413066176105,0.9074396327416762,0.908964351414508,0.935100018230332,0.93446195661181,0.9438422910555363,0.9580205174099671,0.8956230630272295,0.8064601667246722,0.8761248943469397,0.8931288221548253,0.8952916024461791,0.9314208057806725,0.9578216410613368,0.7900280084190988,0.9051939873050598,0.9443063358690068,0.8784616914433451,0.9352823215499098,0.8740035466282173,0.9411160277763967,0.9159167371020402,0.9174331692603458,0.909154941248612,0.9198611180165399,0.8628333250468188,0.42437726843335155,0.9188915958169674,0.9413729097267108,0.9396327416761961,0.8673660484926831,0.9529077379472647,0.9458559140854174,0.8445532740018894,0.9593546462486949,0.9301944016307861,0.9518553506024297,0.6693100648005437,0.9396824607633538,0.8920018561792539,0.9302689802615224,0.7945441588359106,0.8795057922736539,0.9539269792339946,0.9425827408475447,0.932580917814349,0.788312699912163,0.8975289613682693,0.9511095642950663,0.99483750145014,0.8909577553489452,0.9079368236132518,0.9459139196871013,0.929523193954159,0.9449941165746863,0.9586171464558578,0.9040918808730672,0.9313959462370938,0.941439201842921,0.9233828866902004,0.8141169061469364,0.9004126684234078,0.9243441223752467,0.9270372395962811,0.9323488954076137,0.9457896219692074,0.9337741759061304,0.6983874442731899,0.9044067684250651,0.9365833043305325,0.9081356999618821,0.883143572150682,0.9113177215399659,0.9037769933210693,0.9694641939707321,0.928727688559638
61,0.8413795389383318,0.6462652679030148,0.0905964633156,0.0675185203599662,0.29770132087041545,0.8446941447488359,0.8187159217090108,0.6601451797345002,0.7199158090124134,0.6411856344984173,0.8241601617527636,0.8249722401763371,0.9317605528762491,0.6917830921957606,0.7502775982366297,0.4038349989227531,0.26366031919653954,0.8215416231624654,0.48500140870746944,0.7102288735312152,0.6697161040123304,0.4384229105553622,0.9331526873166609,0.5370904390195397,0.36815326737267773,0.3121695752332653,0.9906528116143788,0.37446759144168773,0.6667992508990868,0.12763718324798212,0.8350072092676379,0.16410613367805227,0.06855433467574878,0.7383450173188154,0.6670312733058221,0.6377218714264405,0.5205174099670196,0.4439914483170089,0.7688642503190308,0.7243325212549099,0.06241402741179003,0.7096073849417458,0.4811233199091799,0.6282420988083992,0.5041266842340775,0.5668390261688129,0.8358772932928952,0.6639569764165796,0.7180513432440048,0.8568090289862278,0.2323372942872769,0.6005899998342696,0.7319146820464376,0.3145560914168283,0.056712905417723225,0.6451051558693381,0.30055188186744897,0.6991166575515007,0.4481015595220339,0.11267173801355668,0.8982333151030014,0.0,0.7042211504996768,0.024760105404464827,0.20159432539485245,0.779578713601485,0.3045459818691062,0.7177530287210594,0.6755249506952385,0.513739041084539,0.3942143555577653,0.34271366777705947,0.7998143820746118,0.7638509090306436,0.793284608627919,0.2042128639851506,0.36550158272427447,0.5255473242844595,0.06876149753890515,0.33298529972323054,0.5242297684747842,0.6351447654087738,0.41623162465403807,0.7539153781136579,0.19633238867067737,0.7057210096289299,0.4667627902351712,0.24140274117900518,0.5273206383930791,0.1906809857637679,0.8028886789638542,0.8024743532375413,0.4949700856825603,0.6819304264240376,0.6326339515073169,0.5489981603937752,0.8638857123916538,0.6981471353519283,0.8593529889457896,0.8906677273405261,0.1902169409502974,0.24383897644972574,0.3224697127894065,0.36252672400934727,0.6961335123220471,0.8464343127993504,0.711364126021313,0.8496660534645918,0.6182982813768874,0.7633122855864367,0.5518238618472298,0.8059381163095178,0.7747642486617279,0.7605611627637184,0.849450604086909,0.8455145096869355,0.19308407497638336,0.3729180132252772,0.7930774457647625,0.4625615273703575,0.2866802565504898,0.47360745123386205,0.6666749531811929,0.7405492301828005,0.8154096024130331,0.7818906511543116,0.8043139594623709,0.6341752432092014,0.7265781666915262,0.7215399658595603,0.7850146671307114,0.1664429307744577,0.4294237557798438,0.0639636056282008,0.5195893203400785,0.7163940403387528,0.6927194683372281,0.7909643845605662,0.718888281211157,0.3578614163310627,0.8236049652795042,0.1384096521321202,0.6244385886408459,0.1438373191468204,0.8630902069971329,0.8109597441124314,0.8397388090621323,0.8150035632012463,0.8493263063690151,0.30450454929647497,0.896244551616699,0.7711513283282786,0.5798322809459885,0.7705215532242828,0.4276338686421717,0.8721556538888613,0.8544307993171912,0.43720479292000203,0.7771921974179222,0.7527884121380866,0.6713402608594773,0.8693713850080379,0.7219460050713469,0.6547423722633786,0.8436334708894745,0.6206019324151876,0.294370142030859,0.6191932249457234,0.7911301148510914,0.6907058453073468,0.4805432638923416,0.7734052602794212,0.8338388107194353,0.9956164338156085,0.8029549710800643,0.7280531662772005,0.6681665257959197,0.5848870548070071,0.7984056746051476,0.8597590281575764,0.07111486766436304,0.6343244004706741,0.5934304512835811,0.7779048376671804,0.5727804570841413,0.11372412535839183,0.8491357165349112,0.6366446245380268,0.7766038548865576,0.8440063640431562,0.6816403984156184,0.725426341172376,0.8434511675698968,0.7576111635923698,0.6243722965246358,0.6980145511195082,0.754172260063972,0.6810106233116227,0.8591126800245281,0.8597921742156814
62,0.34313628001789886,0.15152720462718972,0.6585624554599845,0.6978653938580355,0.5452609423424319,0.6229304429970666,0.5355242877740765,0.09426738925073319,0.11719617494489465,0.14663816105669636,0.40084356717877323,0.3596595899832613,0.9711132103614578,0.05809675334360864,0.2593596181574107,0.4455907456205771,0.5604169774109614,0.2987619947297767,0.44826728981255903,0.064576807703144,0.9212449659424253,0.3688576211074098,0.9699945309004127,0.23922338785859887,0.49933707883789924,0.8338885298065928,0.9942574454333019,0.8533038333416199,0.12048592121181989,0.6661777623096172,0.9401630786058768,0.7648618638028473,0.726031256732793,0.148030295497108,0.920151146024959,0.12399940337095405,0.3033195777192198,0.3687830424766734,0.24484164470740322,0.2155819619151793,0.6819635724821427,0.04589900396095403,0.8565024279487562,0.192976350287542,0.29034289597109664,0.8705563565852932,0.3783539667545037,0.0839092460929084,0.10422777971129782,0.42244651054873295,0.7829098924410415,0.12724771706524796,0.1351613384378263,0.5036543529060806,0.6769005121065979,0.03296375478546221,0.8050928918278394,0.10548732991928933,0.8378577702646712,0.6427849318019854,0.9414474883574471,0.7042211504996768,0.0,0.7080660932398615,0.7367291469861946,0.28890932895805377,0.570062480319528,0.14345613947861247,0.04207892076434805,0.8429456901837948,0.4382406072357845,0.5045078639022854,0.36546015015164324,0.14612439715606818,0.1915013507018678,0.6176602197583654,0.4681466381610567,0.28375511692271993,0.7150847710436037,0.83041648022009,0.27416761961583713,0.08221051061502516,0.8383549611362469,0.23138434511675698,0.6554218664545319,0.9296143456139478,0.36953711529856315,0.5656374815625052,0.2347901025870499,0.5803957639337742,0.32514625698138855,0.31617196174944895,0.30876381776297257,0.08429871227564256,0.8773927310694576,0.8576873995260114,0.5496196489832448,0.11450305772386016,0.4936359568438323,0.4997016854770546,0.6509140025522465,0.6347635857405658,0.7430517575697311,0.4906279520708,0.11204196290956103,0.5274532226254992,0.144972571636918,0.4015976400006629,0.20296988680621153,0.20704685195313144,0.8884220819039096,0.3481413347917599,0.28982084555594234,0.15956512371766185,0.5890551716137158,0.5190589834103978,0.5866437958865742,0.48491854356220687,0.31970201693763567,0.8997414607467807,0.7975273040653641,0.8964600009943818,0.039468668688576236,0.14089560648999822,0.23720147831419136,0.26442267853295554,0.31455609141682817,0.10590994216012861,0.13677720877044697,0.08468817845837684,0.2194103316263113,0.7572134108951093,0.8564361358325462,0.7460183297701322,0.30839092460929085,0.09914814630670044,0.03347751868609039,0.2143555577652927,0.8842622516117271,0.5097946601700394,0.2666186048824144,0.6994895507051824,0.13404265897678125,0.6573194782810454,0.5388057475264754,0.4212283929133728,0.5255058917118283,0.3834667462172061,0.5836772236861731,0.7999718258506107,0.9505460813072806,0.18513730754570012,0.21952634282967898,0.24248827458194533,0.8737300916488507,0.4735908782048095,0.5196556124562888,0.8263726611312749,0.1462238353303833,0.1346144284790931,0.08785362700740817,0.9610616682411045,0.041142544622880806,0.16669981272477186,0.5182551915013507,0.9215764265234757,0.7987868542733556,0.14998591292530528,0.253633636619765,0.08666865543015301,0.8834750327317324,0.34545650408525164,0.3834667462172061,0.9980941016589603,0.4600838595270058,0.19003463763071982,0.12982482308291476,0.23235386731632934,0.31518586652082403,0.4353320406370673,0.7260063971892142,0.10141036477236942,0.20627620610218933,0.2741924791594159,0.8867813520277101,0.6851373075457001,0.42315086428346504,0.10528016705613286,0.30814232917350304,0.4758945292431098,0.03376754669450921,0.8636205439268135,0.5960655629029318,0.1905484015313479,0.15431976002253944,0.13232735046984545,0.14561891976996633,0.09367076020484255,0.32964583436914763,0.5658529309401881
63,0.8406917582326522,0.65478380483601,0.10711977328096256,0.06910124463448197,0.2966075009529492,0.8462437229652464,0.8203069324980528,0.6590513598170338,0.7307711430418138,0.639263163128325,0.8197931685974246,0.8317174630007127,0.9364424335835861,0.7054889872221946,0.7610086345481364,0.40005634829877845,0.254395995956181,0.8214670445317291,0.49591474833855387,0.7218631399260843,0.6736190523541987,0.4705828734317772,0.9418535275692339,0.5462221780274781,0.369346525464459,0.3542982150847711,0.9923349740632096,0.3750393609439997,0.6763701751769171,0.11749448946784002,0.8354546810520559,0.1699646994481181,0.08141500522050404,0.759053017119939,0.6738013556737765,0.6413679378179951,0.5282155819619152,0.46331560019224716,0.7699746432655497,0.7352872934586254,0.05486501267836719,0.719244601335786,0.47658230994878936,0.6387328261986445,0.5122143224117073,0.570891131772154,0.8421004657021164,0.6768010739322826,0.7349558328775749,0.8498732163277483,0.25229122126651093,0.609589154609788,0.7446676279023516,0.3082500538623445,0.062952650855997,0.6545600689438008,0.30449626278194863,0.7058121612887188,0.4560731864962959,0.10212300502162774,0.9036278360595967,0.024760105404464827,0.7080660932398615,0.0,0.19735991647193352,0.7806808200334776,0.2959611528199009,0.7228160890966042,0.6863222791229553,0.5191749946137656,0.40010606738593624,0.35514343956644956,0.8066839026168813,0.766063408409155,0.8110260362286417,0.21109895755647268,0.35526773728434347,0.5360463381892309,0.06368186413430799,0.31041283415369825,0.5341072937900861,0.6435390046238751,0.4316776877309866,0.7553157990685958,0.1908550025688195,0.726288138683107,0.47541391140058664,0.23450007457863076,0.5409685278178292,0.18918112663451492,0.8044879762674224,0.797494158007259,0.5059165713717496,0.7055884253965098,0.6331642884369977,0.5523210527188055,0.8653524254628019,0.7191203036178924,0.8604385223487296,0.8916123899965197,0.1981222758083495,0.22592353204395166,0.3367142312600474,0.3895241883359022,0.7123667942789904,0.8478347337542883,0.7199323820414657,0.8492102951656475,0.6289713120867101,0.7734052602794212,0.5584199274101328,0.8070650822850893,0.7741096140141535,0.779421269825486,0.8505941430915329,0.8465337509736655,0.1939210129435356,0.38464343127993506,0.7970715457664198,0.46447571222592354,0.29228194037024147,0.470069109531149,0.672318069573576,0.7491920648336897,0.8200086179751074,0.7825784318599911,0.803394156349956,0.6431246788975622,0.7273736720860472,0.7246805548650127,0.7939641028190723,0.16964152538159394,0.4386052138749399,0.07350967036245215,0.5317042045774707,0.7235370158603889,0.7011799996685395,0.8052586221183646,0.718059629758531,0.3538341702713006,0.8250716783506522,0.14406934155355566,0.6319461708016374,0.1515520641707685,0.8643911897777556,0.8121778617477917,0.8407746233779148,0.8166857256500771,0.850660435207743,0.3237541225409768,0.9002386516183563,0.779901887668009,0.588897727837717,0.7697840534314457,0.4230762856527287,0.8713104294071828,0.850759873382058,0.4486567559952932,0.8000298314522946,0.7799930393277978,0.6805962975853097,0.873962114055586,0.7349309733339964,0.6658794477866721,0.8463680206831403,0.6816984040173022,0.2900860140207825,0.626767099222725,0.79000314887552,0.6997050000828651,0.48781882364639784,0.7752531530187773,0.8264223802184325,0.997290309749913,0.8065264588408824,0.7295778849500323,0.6751354845125044,0.6005485672616384,0.8050348862261556,0.8566598717247552,0.06479225708082681,0.6433484147897711,0.6055039029483419,0.7848820828982913,0.5780672533518951,0.12229238137854459,0.8503786937138501,0.646754172260064,0.7778219725219179,0.8506355756641641,0.6913853394985001,0.7307048509256038,0.8449344536700973,0.7734384063375264,0.6360148494340311,0.7095162332819569,0.7632128474121216,0.6911118845191335,0.8588972306468453,0.8617395051293525
64,0.8379157758663551,0.7188799946966307,0.09593297867051165,0.17372677704304018,0.4247253020434545,0.837526309683621,0.8091698569747593,0.7067816834882912,0.7567659391106913,0.6878304247667346,0.8123187324947381,0.832778136860074,0.8983824723644741,0.7196423540330465,0.7854455658860771,0.4917300585027926,0.3714927327267604,0.8425562240010607,0.596455029085666,0.7714330698221714,0.5820116342663949,0.5523044796897529,0.9163227763138269,0.5891794693316098,0.48721390808598086,0.18496329074064866,0.989442980493545,0.28044879762674224,0.72351215631681,0.2892242165100516,0.8031124148560633,0.050804620560499836,0.10214786456520664,0.7663285768739954,0.5856162680853181,0.6926614627355442,0.6152819900893286,0.5742554566698156,0.7817332073783125,0.7628979598601235,0.2508742272825204,0.7363728268615655,0.3510250418468983,0.6844826728981256,0.6249937851141053,0.40308092610086343,0.8419844544987488,0.6995558428213925,0.7486037223023252,0.8519862775319444,0.061187623261903634,0.6946502262218466,0.7719799797809046,0.4566283829695553,0.2508079351663103,0.7088035930326986,0.17036245214537848,0.722078589303767,0.26121579741129286,0.2818823646397852,0.8866073352226587,0.20159432539485245,0.7367291469861946,0.19735991647193352,0.0,0.7888016042692123,0.42009314042327517,0.7177447422065331,0.702149521868112,0.38639188584497597,0.5099438174315121,0.44322080246606677,0.8155090405873482,0.7659391106912611,0.8179784219161736,0.3237872685990818,0.47645801223089546,0.602479325146257,0.22004839324483338,0.18417607186065388,0.6100283398796797,0.6762624504880757,0.2350055519647326,0.7738361590347869,0.31011451963075287,0.6285901324185021,0.5647673975372479,0.3826132352210012,0.5935381759724225,0.34260594308821823,0.8042890999187922,0.800618173983659,0.5654468917284012,0.7195512023732578,0.5476723180695736,0.43834004541009963,0.8554086080312899,0.7359667876497789,0.8534861366611977,0.8778319163393494,0.3464011667412453,0.38871210991232874,0.2297684747841362,0.4579045062065994,0.732909063789589,0.8377334725467774,0.7463083577785512,0.8483402111403902,0.6691111884519134,0.7823546959677821,0.4071413182187308,0.8075042675549811,0.7825204262583073,0.7867714082102786,0.8390013092692952,0.8399376854107626,0.3261157791809609,0.4831866620262184,0.7979333432771508,0.35697475927675293,0.1324350751586867,0.3331676030428081,0.7370606075672451,0.7606937469961386,0.8241601617527636,0.7797858764646415,0.8010656457680772,0.6884021942690466,0.7464326554964451,0.7550091980311241,0.8175060905881768,0.21315401315898508,0.23318251876895535,0.11013606456852121,0.5784235734765243,0.7257578017534265,0.7285006380616186,0.8133545468105206,0.6414756625068364,0.47465155206417076,0.821143870465205,0.3245827739936028,0.688509918957888,0.33997083146886753,0.8542899285702448,0.808424070667396,0.8353469563632145,0.8056895208737301,0.8433185833374766,0.12909560980460388,0.8653524254628019,0.7831584878768293,0.6493478513067834,0.7845506223172409,0.23784782644723979,0.8612837468304082,0.8496660534645918,0.3159067932846086,0.8095676096720198,0.778940651982963,0.7277797112978339,0.8451664760768326,0.7628482407729661,0.6948573890850032,0.8382969555345631,0.584655032400272,0.17717396708596422,0.7164603324549628,0.8004110111205025,0.7253849085997448,0.3323886706773398,0.7712590530171199,0.8400288370705514,0.9945391869271947,0.7978090455592569,0.7355773214670445,0.7126402492583569,0.6469033295215367,0.8107525812492749,0.8547042542965578,0.14445052122176372,0.6877392731069458,0.6739007938480917,0.7879646663020601,0.4460465039195214,0.30682477336382774,0.8393244833358193,0.6932249457233298,0.7850726727323953,0.8512239181955286,0.7251943187656408,0.6577752365799897,0.8322643729594458,0.784360032483137,0.6759309899070254,0.7283349077710934,0.7662457117287327,0.7022655330714795,0.8750062148858948,0.8486716717214406
65,0.1049238469315037,0.37655579310230536,0.7230978305904971,0.7670826496958849,0.6562588044216842,0.4210792356519001,0.28596761630123135,0.36007391570957425,0.1976333714513001,0.3511161935066872,0.13039659258522673,0.08574056580321199,0.9518802101460084,0.24409585840003978,0.04276670147002759,0.5861714645585774,0.6952634282967898,0.08781219443477684,0.6006728649795323,0.2573128490694244,0.904721655977063,0.5544838330101594,0.9458393410563649,0.5026351116193507,0.639967516863057,0.8582260229702183,0.9808001458426557,0.8456388074048294,0.34469414474883564,0.7724025920217438,0.9198031124148561,0.8178044051111222,0.7796947248048526,0.17706624239712299,0.9005618256848805,0.38798289663401775,0.5224150217935333,0.5662838296955535,0.06425363363661984,0.10958915460978802,0.7741096140141535,0.27255174928321657,0.8601484943403106,0.4223304993453654,0.5098029466845656,0.8616234939259849,0.12427285835032065,0.3323886706773397,0.2076766270571273,0.19743449510266986,0.8159067932846087,0.3537844511841428,0.1822121679179305,0.6452377401017584,0.7821889656772569,0.2928039907853959,0.8250551053215998,0.20270471834137127,0.8487876829248082,0.7475927675301215,0.9206814829546397,0.779578713601485,0.28890932895805377,0.7806808200334776,0.7888016042692123,0.0,0.6885844975886243,0.1826844992459271,0.2895308175475231,0.8340294005535391,0.6042112066822454,0.6113541822038814,0.09777258489534135,0.14001723595021454,0.14909096935646926,0.752995575001243,0.6300568454896502,0.5024445217852467,0.7978007590447307,0.830930244120718,0.4809493031041283,0.31908052834816614,0.8563532706872835,0.07480236662854878,0.706201627471453,0.9058900545252656,0.5235585607981571,0.7148610351513947,0.451358159730854,0.6848307065082285,0.08209449941165736,0.09877525315301883,0.5264588408823481,0.24819768309053836,0.8710369744278161,0.856112961766022,0.31467210262019585,0.20000331460581044,0.2582823712689968,0.25264754139114,0.7195677754023103,0.7540728218896569,0.7949336250186447,0.6615041681168067,0.2263627173138434,0.26795273372114226,0.14948043553920343,0.1536982714330698,0.41450802963257594,0.08928719402045104,0.8773844445549313,0.061792538822320386,0.0516498450421784,0.160683803178707,0.3485390874890204,0.27316495135815966,0.7214488141997712,0.6046089593795059,0.03946038217405001,0.8783125341818725,0.8224117071877227,0.8742107094913738,0.3099653623692802,0.2056215714546148,0.10370572929614341,0.06528116143787599,0.058196191517923546,0.37250368749896423,0.1827093587895059,0.2839042741841926,0.14417706624239712,0.8109846036560103,0.8557566416413929,0.765491638906843,0.5202771010457581,0.23970400570112194,0.2661214140108388,0.26279852168580853,0.8683687167503605,0.6471436384427982,0.1319793168597425,0.7506670644193639,0.37468304081937065,0.7620775949220239,0.30278095427501284,0.14263577454051268,0.2619615837186562,0.10420292016771915,0.37692039974146074,0.8303004690167222,0.9273521271482789,0.11242314257776886,0.4640365269560318,0.054616417242579374,0.8926647773413547,0.24184192644889713,0.2922239347685577,0.8393161968212931,0.18101890982614888,0.1572531861648354,0.36127546031588187,0.9333184176071861,0.2537247882795539,0.39757039394090055,0.28176635343641765,0.8964517144798555,0.8465254644591392,0.392200732527884,0.0975157029450272,0.22487943121364296,0.8713932945524454,0.07760320853842462,0.13652861333465915,0.9883740201196572,0.19944811813255114,0.1531430749598104,0.3453156333383052,0.4562223437577686,0.06042526392548764,0.19687101211488423,0.805399492865311,0.37465818127579165,0.4166128043222461,0.035698304579127815,0.8769038267124083,0.7751868609025672,0.1502676544191981,0.36454034703922833,0.05361374898490201,0.22163111751934905,0.29098924410414495,0.8582508825137971,0.3827209599098427,0.11507482722617213,0.3786854273355542,0.29620146174116246,0.17376820961567152,0.24449361109730028,0.10146008385952698,0.33963937088781726
66,0.743623527072043,0.4677074528911649,0.3491854356220686,0.3354049619648982,0.08090124131987597,0.7946684565538044,0.7617709938845523,0.5030411508311374,0.5851936558444787,0.45173933939906197,0.7704635476225989,0.7564924841313247,0.924708729014402,0.5832794709889126,0.6626808531795356,0.14341470690598124,0.09265151891811263,0.7345995127529459,0.24870316047664032,0.5944579790848374,0.7739107376655232,0.2529292828850329,0.9149969339896253,0.3388190059497175,0.11924294403288083,0.589535789456239,0.9644342796532923,0.6131937884287112,0.48684101493229914,0.1964649729030975,0.8796218034770215,0.4359701022555892,0.3422330499345365,0.645229453587232,0.8029218250219593,0.45746532093670755,0.27693531546760797,0.24383068993519952,0.6781932083726943,0.6333963108437328,0.2561444505212217,0.5590497025141286,0.6801156797427865,0.42141069623295047,0.3422910555362204,0.7095328063110096,0.7586718374517312,0.5103747161868776,0.6367523492268682,0.8015048310379689,0.4757702315252158,0.4678897562107427,0.6173867647789987,0.11391471519249563,0.23832844428976274,0.5182137589287195,0.5204096852781782,0.5705596711911036,0.6410199042078921,0.1943519116989012,0.8870796665506555,0.3045459818691062,0.570062480319528,0.2959611528199009,0.42009314042327517,0.6885844975886243,0.0,0.5815310164238718,0.5468436666169476,0.6333465917565755,0.1755415237242911,0.14580950960407035,0.7445681897280366,0.6516763618886624,0.6926117436483866,0.14749167205290115,0.17776230961732875,0.3355789787699498,0.2578597590281576,0.5307015363197931,0.344992459271781,0.49323820414657193,0.6237010888480088,0.6592668091947165,0.1450554367821807,0.7921742156814001,0.2459106050812907,0.09487230481115039,0.3655430152969059,0.18288337559455736,0.7250368749896419,0.7212416513366148,0.2999221067634532,0.5563317257495153,0.7336548500969523,0.6634432125159515,0.8395233596844496,0.5816801736853445,0.7900694409917302,0.8336813669434363,0.15437776562422323,0.10788213261737845,0.4545650408525166,0.19157592933260414,0.5864117734798389,0.7962926134009514,0.6256069871890485,0.7774076467956048,0.3832512968395234,0.6986774722816089,0.7122507830756226,0.7360910853676728,0.7137092096322445,0.6791875901158455,0.7934254793748654,0.8207129717098395,0.12354364507200999,0.14562720628449255,0.7011468536104344,0.6437047349144004,0.5408110840418303,0.7064419363927146,0.5517409967019673,0.6072772170569616,0.7348149621306286,0.6710502328510581,0.6965312650193076,0.4622217802747808,0.6230464542004344,0.5596048989873879,0.6954042990437364,0.4219327466481049,0.630429738643332,0.30701536319793177,0.28510581879050023,0.5607898705646432,0.5668390261688129,0.7105520475977394,0.77961185965959,0.11538971477816995,0.755290939525017,0.17561610235502745,0.44440577404332193,0.13726611312749637,0.8382140903893005,0.7324450189761182,0.7686405144268218,0.7121762044448864,0.7964169111188452,0.5439682460763353,0.8919769966356751,0.6364788942475017,0.40443991448317007,0.6992326687548684,0.659250236165664,0.8295878287674638,0.8085317953562373,0.6294850759873383,0.6943519116989012,0.6621339432208024,0.5141036477236947,0.8751553721473674,0.5749763834336001,0.44340310578564446,0.795198793483485,0.7765872818575051,0.5243623527072042,0.45353751305126033,0.7344006364043156,0.574876945259285,0.6223006678930708,0.6613964434279653,0.7513134125524122,0.9746349790351183,0.7231641227067072,0.6099951938215749,0.4899153118215417,0.4289514244518471,0.7191865957341024,0.8075042675549811,0.3441223752465238,0.48620295331377716,0.40856659871724754,0.6937221365949056,0.7120850527850976,0.16801736853444704,0.7712921990752251,0.4684200931404233,0.6944099173005851,0.8042393808316346,0.5323008336233614,0.7588541407713087,0.779106382273488,0.6566979896915759,0.4507118115978057,0.548674986327251,0.5933475861383185,0.5407033593529891,0.7958948607036909,0.8167851638243921
67,0.26878138517376815,0.25115596877641333,0.6650756558776247,0.7150267654419199,0.5630852350884171,0.5395929664064703,0.43001209831120835,0.22430766171133087,0.04252639254876622,0.23579277084472727,0.31066142958948606,0.27116790135733115,0.943229088980593,0.08872371103266541,0.15214040670213302,0.4633073136777208,0.6108072722451483,0.21878884303684187,0.517625416397355,0.0976648602065,0.8740201196572698,0.43200086179751074,0.9361938381477983,0.3789920283730257,0.5188435340327151,0.8263229420441174,0.9735162995740732,0.8285934470243127,0.22632128474121216,0.7069557002933426,0.9089974974726132,0.7658396725169461,0.7207113144069341,0.04619731848389941,0.8761331808614661,0.24924178392084717,0.40029665722004015,0.4416960837932349,0.12079252224929138,0.10426921228392927,0.7116624405442583,0.12346077992674709,0.8377003264886724,0.31326339515073176,0.3868559306584465,0.8414872636271732,0.3083412055221333,0.19326637829596105,0.08414955501416999,0.3249805266908634,0.7608926233447688,0.2562273156664844,0.08749730688277879,0.5559588325958336,0.7249954424170105,0.15407945110127774,0.8008667694194468,0.06812343592038317,0.826182071297171,0.6802399774606804,0.9069092958119956,0.7177530287210594,0.14345613947861247,0.7228160890966042,0.7177447422065331,0.1826844992459271,0.5815310164238718,-2.220446049250313e-16,0.13296541208836743,0.8038250551053217,0.4777589950115182,0.5368418435837519,0.2671986608992525,0.10914996933989629,0.14633156001922476,0.6849135716534911,0.5029417126568223,0.3746913273338969,0.7269759193887867,0.7806559604898988,0.36531099289017055,0.1625814150052204,0.8342117038731169,0.10900909859294972,0.6605429324317607,0.8804670279587001,0.40893949187092915,0.6250186446576841,0.31270819867747224,0.6220769320008618,0.20514924012661795,0.19239629427070382,0.39941000016573025,0.1101609241121001,0.84820762690797,0.8390924609290841,0.48776081804471405,0.040927095245198,0.4200434213361177,0.41943850577570063,0.6737102040139876,0.6814166625234094,0.7236033079765989,0.5024942408724042,0.054110939856477636,0.43138765972256754,0.06586121745471418,0.33541324847942455,0.27165680571438044,0.11674041664595036,0.8559389449609704,0.22910555362203544,0.20744460465039194,0.12506007723031531,0.49006446908301426,0.44597192528878504,0.6370092311771822,0.4863438240607235,0.2199323820414657,0.8576128208952751,0.7745405127695189,0.8568421750443329,0.1561510797328427,0.05022456454366164,0.15966456189197697,0.155140124960639,0.1950562654336333,0.23972886524470083,0.05358888944132323,0.19963042145212873,0.1447239762011303,0.7354613102636769,0.82633951507317,0.7368534447040886,0.3837070551384676,0.0660186612307132,0.11684814133479171,0.21130612041962904,0.840973499726545,0.5189263991779778,0.19643182684499239,0.7002601965561246,0.26369346525464454,0.6875403967583156,0.45930492716153726,0.32246142627488017,0.4255208074379755,0.2626659374533883,0.4940834286282504,0.7886193009496346,0.9127264290094301,0.07389913654518643,0.3525829065778352,0.16476905484015303,0.872876580652646,0.3997248877177282,0.45899832612406577,0.807885447223189,0.14846119425247362,0.09785545004060403,0.20037620775949216,0.908168846019987,0.13148212598816678,0.2603705729296144,0.4298546545352093,0.8630736339680805,0.8119292663120039,0.2837219708646149,0.17487860256219023,0.0730953446361392,0.8424319262831668,0.23542816420557178,0.3070485092560368,0.9814962130628615,0.3578531298165366,0.058080180314555974,0.23554417540893946,0.332338951590182,0.23667942789903706,0.3512570642536337,0.7403172077760654,0.2293955816304546,0.31191269328295135,0.17531778783208207,0.852955799731517,0.7103117386764779,0.32392813934602827,0.20893617726511882,0.22122507830756233,0.39738809062132285,0.15296905815475892,0.8312285586436633,0.5022207858930376,0.08551682991100285,0.24030892126153902,0.09454913074462601,0.05279338404680223,0.07457863073633964,0.2381875735428164,0.48969157592933255
68,0.3635459652960773,0.16137987039891266,0.6324019291005818,0.6790964384560566,0.5203599661910208,0.6205107807553987,0.5323091201378876,0.11053381726578171,0.11703044465436951,0.13618057972455622,0.40186280846550326,0.3712109912328677,0.9517890584862196,0.06349127430020385,0.26758812708198676,0.42369777424219834,0.5490644525099853,0.32449990884834023,0.43393990619665557,0.07547357430517576,0.8868559306584465,0.3517542551252093,0.9458890601435225,0.23428462520094806,0.4803609605727639,0.7984553936923052,0.9849599761348382,0.8183761746134341,0.133943220802466,0.6367937817994995,0.9159498831601451,0.7324781650342234,0.7056464309981936,0.15114602495898166,0.8867316329405526,0.13589055171613718,0.3092030030328643,0.3622864150880858,0.23595021462072618,0.2237607517525978,0.6539800129269626,0.033775833209035655,0.8240027179767646,0.2119939011253087,0.2894728119458393,0.8314191484777673,0.3942226420722914,0.07715573675400655,0.11472679361606919,0.4431379373208042,0.7475264754139114,0.13861681499527667,0.15554616417242573,0.4820845555942259,0.6494224299375198,0.04162316246540376,0.7757752034339316,0.11249772120850521,0.8110177497141153,0.6127960357314506,0.9170354165630853,0.6755249506952385,0.04207892076434805,0.6863222791229553,0.702149521868112,0.2895308175475231,0.5468436666169476,0.13296541208836743,0.0,0.8023334824905948,0.430832463249308,0.4853825883756774,0.37982896634017793,0.16836540214454998,0.21286398515056604,0.6023881734864681,0.45994298878005946,0.2612986625565554,0.69227199655281,0.7910721092494076,0.2592436069540429,0.058743101476656845,0.8093935928669683,0.2249871559024842,0.6212399940337097,0.8933691310760868,0.36971941861814084,0.5474402956628384,0.21173701917499477,0.5514426821790219,0.33869470823182346,0.32238684764414394,0.2909063789588823,0.0647011054210378,0.8406254661164421,0.8257594590563317,0.5735925355077149,0.10414491456603514,0.508733986310678,0.5183380566466134,0.6230050216278029,0.6177679444472066,0.7119441820381511,0.4466265599363596,0.10367258323803852,0.5264837004259268,0.1572200401067303,0.42167586469779084,0.18236132517940296,0.22129965693829856,0.8479341719286034,0.3505527105189016,0.30626957689056833,0.18031455609141678,0.591035648585492,0.5292182502195926,0.5643282122673561,0.46190689272278285,0.3257677455708581,0.8611925951706194,0.7649364424335836,0.8581763038830608,0.05116922719965522,0.1332057210096289,0.258091781434893,0.25936790467193693,0.31430749598104046,0.10300966207593765,0.15181723263560887,0.11861316892888507,0.23821243308639528,0.7292712839125607,0.8167105851936559,0.7101128623278476,0.28835413248479425,0.09082019920780915,0.03917864068015697,0.22726594739720585,0.8494588906014353,0.4878436831899766,0.28387941464061384,0.666741245297403,0.13570824839655948,0.632476507731318,0.558395067866554,0.4237723528729347,0.525016987354779,0.3813536850130098,0.5862128971312087,0.7626410779098096,0.9262251611727076,0.18546876812675062,0.22577437478247908,0.2676544191981969,0.8447438638359933,0.49921278112000533,0.546379621803477,0.7882878403685842,0.16730472828518872,0.13837650607401508,0.09930559008269946,0.9337161703044466,0.05619914151709504,0.1467127396874326,0.5227216228310048,0.8863587397868709,0.768615654883243,0.16732130131424128,0.2741924791594159,0.08620461061668239,0.8427716733787435,0.34380748769452596,0.4020948308722385,0.9921775302872106,0.4587331576592254,0.17627073700260198,0.14283465088914293,0.21850710154294894,0.33197434495102673,0.45418386118430876,0.6991498036096058,0.1063325544009679,0.21941861814083752,0.27735792770844725,0.8482490594806014,0.6663020600275114,0.43206715391372086,0.09064618240275779,0.32180679162730574,0.48892093007839044,0.0431395946237092,0.828220553870631,0.5948805913256766,0.20461890319693732,0.1306286149919621,0.10681317224349096,0.14652214985332868,0.0672450653805996,0.3471635260776612,0.5768242761729561
69,0.9111768507930195,0.8213924659009928,0.4809410165896021,0.5059248578862758,0.6029765160178326,0.8420673196440114,0.8223122690134076,0.8279139528331594,0.8160559505460814,0.7879729528165863,0.8516962495235255,0.8666368352143722,0.75774374782479,0.8256931669401217,0.840907207610335,0.6769502311937553,0.6343906925868841,0.9094532557715574,0.7410132749962711,0.8577951242148528,0.2164106133678052,0.7146124397156068,0.8331841760718607,0.7373920681482955,0.6460332454962794,0.21887170818210444,0.967550009115166,0.15267074363181354,0.8349574901804803,0.601683819751736,0.7381958600573427,0.4001557864730937,0.47199158090124127,0.8369296806377302,0.27817829264654703,0.8026069374699614,0.7781534331029683,0.723412718142495,0.8291817895556771,0.8110923283448516,0.5601186628880161,0.809219576061917,0.07875503405757478,0.8163874111271316,0.7424551285238403,0.0851936558444788,0.8765557931023054,0.7967815177580007,0.8397719551202374,0.888306070700542,0.30743797543877094,0.8020931735693333,0.8658247567907987,0.6541871757901192,0.543636785495285,0.8180778600904888,0.22632128474121205,0.8254694310479127,0.16054293243176054,0.5829065778352309,0.8212018760668888,0.513739041084539,0.8429456901837948,0.5191749946137656,0.38639188584497597,0.8340294005535391,0.6333465917565755,0.8038250551053217,0.8023334824905948,0.0,0.6916173619052355,0.631548418104377,0.8530966704784634,0.8528812211007806,0.8844777009894099,0.6150251081390146,0.6747460183297701,0.7271416496793119,0.49824325892043286,0.23073799698370856,0.7303236712573957,0.7836971113210363,0.21406552975687354,0.8290243457796782,0.5530254064535376,0.2824872802002022,0.7105851936558445,0.5907953396642305,0.6887750874227283,0.5889474469248746,0.8494754636304878,0.8416115613450671,0.7057707287160875,0.7963589055171614,0.15971428097913465,0.08769618323140915,0.8890104244352741,0.8121447156896867,0.8760420292016772,0.9093621041117685,0.5384825734599513,0.6432406901009298,0.6450885828402857,0.6052635940270803,0.8040073584248995,0.8486882447504931,0.8317754686023965,0.8846351447654088,0.7740516084124696,0.8580520061651669,0.07660882679527337,0.8481413347917599,0.8450753244170437,0.860446808863256,0.842788246407796,0.8726611312749633,0.6283415369827143,0.659531977659557,0.8371368435008867,0.08496991995226955,0.22909726710750933,0.09855151726080957,0.8401199887303403,0.8292397951573609,0.8731086030593812,0.8119541258555827,0.8179618488871211,0.8042393808316346,0.8387444273189811,0.8582840285719021,0.8887701155140125,0.5319528000132584,0.162979167702481,0.4374782478993685,0.6870929249738975,0.7866802565504898,0.8242347403834999,0.8838313528563616,0.44849102570476806,0.6505659689421435,0.8722550920631764,0.5653888861267173,0.8028638194202754,0.5674190821856511,0.8937668837733473,0.8230414822917185,0.8401697078174978,0.8161305291768177,0.8470060823016623,0.25318616483534706,0.7735212714827889,0.8298944298049356,0.7689554019788197,0.8504449858300602,0.1691691940535971,0.8975869669699531,0.882058038747742,0.059157427202970014,0.8798206798256518,0.8488954076136496,0.8391670395598204,0.6821293027726678,0.8500306601037472,0.7580503488622616,0.8579774275344305,0.16735444737234628,0.19769966356751023,0.8321152156979732,0.8620461061668242,0.8188982250285886,0.12176204444886396,0.7931354513664464,0.8825303700757388,0.9788279553854058,0.7957125573841132,0.791403569830458,0.8207461177679445,0.7730075075821607,0.8683355706922555,0.8899550870912677,0.4690581547589453,0.7986708430699879,0.7940303949352824,0.8409320671539138,0.08830109879182624,0.5552876249192065,0.8524171762873101,0.7983973880906214,0.8487213908085981,0.8816851455940603,0.8221631117519349,0.5542766701470028,0.8301927443278809,0.8499477949584846,0.7755017484545651,0.763163128324964,0.8137605860223073,0.7819652297850479,0.9110276935315468,0.8690647839705663
70,0.6107078340708332,0.3430451283581101,0.4347188385621239,0.41206350784732926,0.15046653076782857,0.7518768955401979,0.7096571040289035,0.366189363429954,0.5073004192976351,0.347412121513449,0.6895374467591442,0.6705116094068513,0.9645337178276074,0.45391040620494205,0.5794842473358857,0.06485026268251037,0.1547092262052736,0.6310180811746964,0.11635923697774242,0.4871641889988233,0.8155753327035583,0.09421767016357563,0.9613268367059448,0.2099222724937435,0.08461359982764038,0.6485026268251048,0.9950612373423491,0.7009811233199092,0.35566548998160397,0.3072390990901407,0.9177646298413961,0.5191832811282918,0.4485987503936095,0.5349608047862908,0.8565935796085451,0.34045973582591693,0.1468950430070104,0.09688592784103145,0.5770314390361126,0.5497108006430336,0.3515968113492103,0.44883077280034467,0.725360049056166,0.2797858764646415,0.1911035980046073,0.7520094797726181,0.6744642768358773,0.3946784003712359,0.49651966389897095,0.7145047150267655,0.5677091101940702,0.3405757470292845,0.5148328610020053,0.10449294817613808,0.37367208604716684,0.4032880889640199,0.6139644342796532,0.4643016954208721,0.6979233994597194,0.29886143290409195,0.9254379422927129,0.3942143555577653,0.4382406072357845,0.40010606738593624,0.5099438174315121,0.6042112066822454,0.1755415237242911,0.4777589950115182,0.430832463249308,0.6916173619052355,0.0,0.07026135666815803,0.6481048741278443,0.5150648834087406,0.5809592469215599,0.21941861814083763,0.07018677803742202,0.21525878784865504,0.42033344934453665,0.6269825486004077,0.2088367390908037,0.36785495284973235,0.6613881569134391,0.5749763834336001,0.2706624239712292,0.8520608561626809,0.09918129236480555,0.16266428015048318,0.27502113061204203,0.23955484843964925,0.6449477120933393,0.64439251562008,0.16658380152140417,0.4816536568388604,0.774507366711414,0.7285254976051974,0.7611826513531879,0.48110674688012733,0.7310611710502328,0.7610914996933991,0.2805896683736886,0.22041299988398877,0.5221664263577455,0.14424335835860724,0.49281559190573254,0.7439384146240409,0.5117005585110791,0.6950065463464759,0.29096438456056606,0.5762027875834868,0.7544954341304961,0.6344735577321468,0.5937950579227367,0.5430650159929731,0.7529790019721905,0.7440958584000398,0.21957606191683654,0.04845953694956817,0.627057127231144,0.7531198727191369,0.5977394388372363,0.7715988001126965,0.42721954291585873,0.5162001358988382,0.6082881718291653,0.60397918427551,0.620394769552031,0.33721970864614936,0.49823497240590653,0.4193142080578067,0.5916322776313827,0.522630471171216,0.7007573874277002,0.44998259831949483,0.19241286729975648,0.47507416430501004,0.44560731864962966,0.5733687996155057,0.824905948060127,0.0733439400719268,0.6280846550324003,0.3221051061502511,0.3093273007507582,0.3073633968080347,0.7476756326753842,0.6911201710336599,0.7350304115083114,0.6530767828436004,0.7546445913919687,0.6149588160228046,0.935514343956645,0.5620577072871609,0.2557964169111189,0.5883756774225626,0.6990006463481331,0.7507996486517841,0.7350138384792588,0.6783672251777457,0.5591325676593911,0.5404713369462536,0.3887866885430651,0.93867150599115,0.4660584365004392,0.37527138335073507,0.7249042907572216,0.8383549611362469,0.5994796068877509,0.3137605860223073,0.6091748288834751,0.4681052055884254,0.6959594955169957,0.6193589552362486,0.6560267820149489,0.9985995790450621,0.6911781766353438,0.5206417076849136,0.3492185816801737,0.2831999204494605,0.6189446295099355,0.7193440395101013,0.4392847080660932,0.3594358540910523,0.24682212167917927,0.5976317141483949,0.7506587779048377,0.3090206997132866,0.703649380997365,0.35715706259633073,0.5953943552263047,0.7109580868095262,0.4034621057690714,0.8084489302109747,0.7537662208521851,0.5637398697359917,0.3448018694376771,0.49428230497688064,0.5348779396410281,0.46468287508908,0.6729064121049404,0.7619532972041301
71,0.6788229834766901,0.403097499129916,0.39631084373290903,0.3528895076153069,0.0863371948491024,0.7422396791461575,0.7076269079699697,0.43500058005601683,0.5486666998127248,0.4066607003762077,0.687780705679577,0.6656142793218317,0.9265731947828105,0.5129683952335968,0.6062414027411791,0.08361921808448924,0.1236762293044299,0.6627802913538507,0.17037073865990482,0.5478711944182038,0.7605031571620346,0.1585127363728268,0.9250319030809261,0.2510316710585194,0.06953214338984715,0.5930244120717942,0.9851671389979947,0.652844760436865,0.4235983360678832,0.29010258704983505,0.8671505991150004,0.4838827292464243,0.3910240474651552,0.5765922537662209,0.7646049818525332,0.3985647756840518,0.22120021876398344,0.1570957423888364,0.6019407017020502,0.5621985780341072,0.31813586569217245,0.4774192479159416,0.6772734052602793,0.34695636321450474,0.229221564825403,0.6454283299358624,0.6742985465453522,0.4454001557864731,0.5620328477435821,0.7277797112978339,0.49891446659705996,0.41239496842837964,0.563242678864416,0.09629758530966703,0.31604766403155504,0.4774855400321517,0.574520625134656,0.48978272758912145,0.6436964483998742,0.2755680405707751,0.8912726429009431,0.34271366777705947,0.5045078639022854,0.35514343956644956,0.44322080246606677,0.6113541822038814,0.14580950960407035,0.5368418435837519,0.4853825883756774,0.631548418104377,0.07026135666815803,-2.220446049250313e-16,0.6568057143804173,0.5919803112414856,0.6373821243308639,0.20061651668075364,0.11771822536004917,0.24620063308970974,0.35882265201610897,0.5598866404812808,0.26390891463232735,0.4413314771540795,0.6284409751570295,0.5940187938149456,0.22130794345282478,0.7693117221034489,0.15316793450338917,0.10036626394206061,0.3118298281376888,0.1897528961368269,0.6388488374020119,0.6343989791014104,0.21235850776446408,0.5150234508361093,0.70891131772154,0.6904075307844014,0.7686653739704006,0.5260528016705612,0.7348646812177861,0.7674141102769354,0.1853361838943305,0.1724423672914699,0.4939425578813039,0.13023914880922782,0.5198047697177615,0.7404912245811167,0.5553124844627852,0.7029533137771591,0.3579691410199042,0.6058436500439185,0.7118861764364672,0.6728566930177828,0.6200715954855069,0.6042194931967716,0.7485540032151676,0.7525978223039825,0.18251876895540198,0.08088466829082364,0.6240822685162168,0.7272576608826795,0.521420640050382,0.7268433351563666,0.48597921742156813,0.5578647309368734,0.6553390013092693,0.6106332554400968,0.6320953280631101,0.3853892175872984,0.5599860786555959,0.5017401680505146,0.6362551583552927,0.4404199605561908,0.6292779131241818,0.3885546661363297,0.23089544075970758,0.5252158637034091,0.4659009927244402,0.6335454681052056,0.7580254893186829,0.07239927741593322,0.6617859096106996,0.2690051210659772,0.3852732063839308,0.2376738096421882,0.75984852251446,0.6843086560930741,0.7292298513399293,0.6601866123071314,0.7481562505179071,0.5600192247137009,0.8915626709093623,0.5981206185054443,0.31871592170901075,0.610127778053995,0.6538225691509637,0.7633868642171731,0.7435406619267804,0.6242728583503208,0.623038167685908,0.5946900014915726,0.4380500174016805,0.8774838827292465,0.5283978852814929,0.41667909643845613,0.730746283498235,0.761282089527503,0.5981869106216544,0.395192164271864,0.642992094665142,0.5162084224133645,0.6793533204063706,0.5945905633172575,0.6698984073319081,0.992442698752051,0.6802814100333117,0.558494506040869,0.4224050779761017,0.2875503405757469,0.6380781915510698,0.7337211422131623,0.3924078953910406,0.4232917350304115,0.31642055718523665,0.612108255025771,0.71828336565074,0.25248181110061474,0.7154908102553904,0.4045393526574852,0.609556008551683,0.7278128573559389,0.47940801140224387,0.7517360247932515,0.7398200169044896,0.5968942143555578,0.38997166012032014,0.5181723263560881,0.5440262516780192,0.497547191700227,0.7069225542352375,0.7541225409768144
72,0.08116640978471645,0.44704917217719886,0.7460183297701322,0.7990023036510383,0.7105769071413182,0.3846517177944613,0.2293624355723496,0.42417010557019497,0.2904423341454119,0.4307578846185718,0.09318185584779315,0.03346094565703783,0.9613765557931024,0.33359850179817374,0.11260544589734667,0.6547506587779048,0.7389665059082848,0.12904589071744632,0.6428429374036693,0.3395896518006596,0.9210875221664264,0.615770894446378,0.9571172873266047,0.5756641641392798,0.6970450289199357,0.8740946982880062,0.9828634879596944,0.8689404862526724,0.4092543794229271,0.8013308142329174,0.9323406088930875,0.846740913836822,0.8108603059381163,0.2554400967864896,0.9224050779761017,0.453462934420524,0.583859527005751,0.6223918195528596,0.16056779197533932,0.1741908218565107,0.8010076401663933,0.3534115580304613,0.8810139379174332,0.47958202820729545,0.5815475894529244,0.8821326173784783,0.08670180148825801,0.4058817680107393,0.29413811962412373,0.16633520608561625,0.8397388090621323,0.4147400520393112,0.25992310114519634,0.687971295513681,0.819867747228161,0.3721805134324401,0.8500389466182734,0.28179949949452265,0.8712938563781303,0.7822884038515721,0.9352988945789622,0.7998143820746118,0.36546015015164324,0.8066839026168813,0.8155090405873482,0.09777258489534135,0.7445681897280366,0.2671986608992525,0.37982896634017793,0.8530966704784634,0.6481048741278443,0.6568057143804173,0.0,0.2263047117121596,0.20653308805250337,0.7933343277150765,0.6967218548534115,0.5751089676660204,0.8294883905931487,0.8567095908119127,0.55514675417226,0.3991199721573112,0.8730837435158024,0.1710088002784269,0.7573791411856345,0.9242861167735628,0.5872818575050962,0.7607268930542435,0.533469232171564,0.7084306998790169,0.09171514277664516,0.12320389797643316,0.5963307313677721,0.3292480816718871,0.8941480634415553,0.8783539667545038,0.26428180778600907,0.3011236513697608,0.1794278990371071,0.1891728401199888,0.7720959909842722,0.78585989161239,0.8197683090538458,0.7001193258091782,0.323000049719087,0.21707353452990608,0.23955484843964936,0.08134042658976803,0.5105404464774027,0.1624322577437478,0.8981173038996338,0.07433832181507816,0.0845224481678516,0.22251777457365884,0.27768938828949774,0.2346326588110509,0.7648121447156897,0.6655645602346743,0.06045840998359264,0.8988299441488921,0.8514145080296326,0.8958219393758597,0.3953744675914418,0.28722716650922286,0.14884237392068145,0.13408409154941248,0.09972820232353863,0.4439748752879564,0.25324417043703074,0.3513233563698437,0.18806244717346987,0.8343111420474321,0.8773678715258788,0.7974278658910489,0.592311771822536,0.3293558063607286,0.34628515553787764,0.32652181839274763,0.8871625316959181,0.6919156764281809,0.1428512239181955,0.794270703856544,0.46044017965163486,0.8010573592535508,0.24248827458194533,0.07886275874641602,0.18933857041051394,0.07710601766684899,0.31356170967367714,0.8507018677803742,0.9418701005982864,0.19856974759276746,0.526616284658347,0.12745487992840454,0.9110194070170206,0.19112017103365986,0.21824193307810869,0.8594275675765259,0.24325063391836133,0.24135302209184772,0.4335255804703425,0.9446709425081623,0.3309468171497705,0.46891728401199884,0.2225094880591325,0.9173751636586619,0.8688493345928836,0.45623063027229493,0.12312931934569682,0.31442350718440815,0.8904771375064221,0.09797974775849783,0.09644674257113983,0.9869487396211406,0.14102819072241835,0.2500455758298944,0.41616533253782795,0.5336432489766155,0.06651585210228883,0.15434461956611822,0.8279802449493694,0.44025423026566557,0.49196208090952775,0.10738494174580282,0.8964848605379606,0.8014633984653375,0.10993718821989096,0.4551202373257761,0.07034422181342082,0.1588441969538773,0.3749730688277897,0.8799615505725982,0.342630802631797,0.20015247186728313,0.4695470591159946,0.37459188915958164,0.2594507698171995,0.33035847461840606,0.10236331394288933,0.28075539866421384
73,0.19116989012081742,0.2654833523923167,0.7157559787202308,0.753948524171763,0.6330068446609987,0.4891778120287045,0.37735129849682625,0.22193771855682054,0.10736836871675037,0.2515702945027263,0.2540893949187093,0.2187639834932631,0.9681300651320042,0.11567974278658921,0.10358143157824962,0.525340161421303,0.6493892838794146,0.15261273803012976,0.5591491406884437,0.13373605793930954,0.9193142080578068,0.4591889159581697,0.9632907406486684,0.3824557914450024,0.5824176734781816,0.8594938596927361,0.9920532325693167,0.8568007424717016,0.23094515984686526,0.7442450156615126,0.9368484727953729,0.8208455559422596,0.7610749266643465,0.11128789008767137,0.9272692620030163,0.2650027345497936,0.4162979167702481,0.46716882944695803,0.09647988862924484,0.11303634465271217,0.7501781600623146,0.15996287641492235,0.865037537910804,0.32019092129468496,0.40283233066507573,0.8764977875006215,0.23875105653060202,0.21992409552693948,0.07938480916157042,0.26013855052287904,0.8050100266825768,0.2589535789456239,0.08401697078174963,0.611851373075457,0.7484462785263263,0.16911118845191342,0.8152604451515604,0.09675334360861143,0.8605131009794661,0.7215565388886127,0.9389781070286217,0.7638509090306436,0.14612439715606818,0.766063408409155,0.7659391106912611,0.14001723595021454,0.6516763618886624,0.10914996933989629,0.16836540214454998,0.8528812211007806,0.5150648834087406,0.5919803112414856,0.2263047117121596,-2.220446049250313e-16,0.05213046288470158,0.7252357513382721,0.5450372064502229,0.4132733389681632,0.7919256202456123,0.8506190026351117,0.396882613235221,0.21420640050382012,0.8578531298165366,0.08608031289878859,0.7186976913770531,0.9279653292232222,0.4408425727970302,0.6761712988282869,0.35351099620477633,0.6699149803609605,0.17381792870282897,0.15625880442168405,0.4337907489351829,0.12570642536336363,0.8801272808631234,0.8675649248413133,0.40995044664313296,0.1248363413381064,0.34610285221829995,0.3557897876994979,0.6968130065132006,0.7202141235353585,0.7717893899468006,0.5692586884104808,0.12746316644293088,0.38068247733638283,0.08255854422512798,0.2634614428479092,0.3224117071877226,0.05912428114486479,0.8888861267173802,0.19086328908334582,0.15671456272062834,0.03254942905914904,0.4507366711413844,0.3797212416513366,0.6798422247634202,0.5859145826082632,0.1770745289116492,0.8973549445632178,0.8157990685957673,0.8961948325295415,0.17536750691923964,0.1348547374003547,0.09193887866885442,0.12000530336929671,0.16565571189446304,0.2523823729262997,0.10499842556224004,0.16804222807802582,0.07522497886938795,0.7814431793698935,0.8723296706939128,0.7715242214819603,0.44018793814945556,0.12747973947198332,0.1389897081489584,0.14658015545501257,0.8869387958037092,0.5798902865476724,0.12143058386781358,0.7629311059182287,0.2638923416032748,0.7527966986526128,0.39459553522597335,0.2637017517691709,0.3669600092808962,0.2313594855731782,0.4612522580752084,0.8299690084356718,0.9496594242529708,0.06054127512885521,0.3544473723462438,0.11238171000513764,0.8952916024461791,0.33243838976449724,0.37404497920084856,0.8458542567825122,0.04962793549777078,0.06839689089974965,0.23528729345862542,0.9573410232188138,0.12004673594192816,0.3126750526193671,0.36518669517227664,0.9225790947811532,0.8440395101012613,0.28993685675931,0.11014435108304732,0.10513929630918639,0.8888861267173802,0.20248098244916224,0.2382207196009215,0.9967268267621274,0.31362800178988715,0.10874393012810957,0.23257760320853837,0.34720495865029255,0.16960837932348893,0.2854869984587083,0.783978852814929,0.2390162249954424,0.32425959992707865,0.12715656540545917,0.882729246424369,0.7644226785329555,0.29061635095046323,0.23995260113690975,0.16333548782711005,0.3230249092626659,0.1521984123038168,0.875461973184839,0.4714446709425082,0.06861234027743235,0.2767530121480303,0.17252523243673246,0.08992525563897324,0.13584083262897972,0.17984222476341993,0.4260760039112348
74,0.15923366313661136,0.3002618538590298,0.7560035797742755,0.791851041614876,0.681118348000464,0.47957374169276923,0.3711529856311837,0.2551997878652281,0.14498914466597068,0.2925388223205554,0.2296441770662424,0.19139362601302645,0.9830872238519035,0.1657054309816206,0.10340741477319804,0.5908782048094932,0.6816486849301446,0.10740151477485527,0.5804123369628267,0.17050332289232506,0.9463033858698355,0.510581879050034,0.9834352574620064,0.4221316229967351,0.6404481347055802,0.8917946933160974,0.9984089892109581,0.8863918858449759,0.26705779015230613,0.7781948656755996,0.9567775402310281,0.8637779877028124,0.8047365717032102,0.13886541043106448,0.9549959396078822,0.3090455592568654,0.4407182750791363,0.515238900213792,0.12668423407746232,0.14616582972869963,0.7878155090405874,0.19661413016457008,0.8971975007872189,0.3419595949551699,0.4312633620046735,0.9077296607500953,0.1980559836921394,0.2618455725152886,0.12317903843285438,0.23501383847925883,0.8500472331327997,0.29877856775882927,0.10280249921278117,0.6539634398979102,0.7821889656772569,0.20943336813669433,0.8480999022191286,0.12782777308208626,0.8892590198710619,0.7602379886971942,0.960058999983427,0.793284608627919,0.1915013507018678,0.8110260362286417,0.8179784219161736,0.14909096935646926,0.6926117436483866,0.14633156001922476,0.21286398515056604,0.8844777009894099,0.5809592469215599,0.6373821243308639,0.20653308805250337,0.05213046288470158,0.0,0.756119590977643,0.607260644027909,0.45125043504201257,0.8268284194302193,0.889615339995691,0.43880409022357014,0.2609837750045576,0.8844942740184624,0.11370755232933916,0.7444770380682477,0.9536120916819968,0.4901141881701718,0.7190871575597872,0.38899385140622145,0.7110078058966838,0.1620925106481711,0.14970417143141246,0.46858582343094846,0.18679461045095225,0.9141351364788943,0.8961616864714363,0.37863570824839654,0.16036062911218274,0.32515454349591477,0.3176635343641758,0.7334394007192695,0.7593016125557268,0.8206466795936294,0.6333548782711017,0.18149124115414572,0.35808515222327186,0.110989575564726,0.2402757752034339,0.369346525464459,0.07065910936541864,0.924327549346194,0.18304081937055638,0.15281990089328623,0.0429738643331844,0.41865128689570597,0.34919372213659494,0.718598253202738,0.6229718755696979,0.1725666650093638,0.9385306352442035,0.8525166144616252,0.9315368169840402,0.20729544738891925,0.17563267538408,0.06558776247534759,0.1285486998458708,0.1531182154162316,0.29102239016224996,0.14828717744742204,0.20100598286348803,0.06119590977642997,0.8432274316776878,0.904754802035168,0.8064518802101461,0.47716236596562756,0.17561610235502745,0.17862410712805987,0.18818674489136367,0.9169774109614015,0.6331145693498401,0.10839589651800674,0.7945524453504367,0.3025572183828038,0.7918013225277184,0.3642005999436517,0.2641740830971677,0.3533866984868824,0.2390742305971263,0.44728948109846045,0.8624770049221897,0.9702679858797792,0.07716402326853278,0.37851969704502897,0.12873928967997483,0.9250484761099786,0.29272941215465953,0.3517874011833143,0.8803924493279637,0.04484661661611877,0.0909859294983344,0.26603026235105,0.9775518321483618,0.1597971461243971,0.349740632095328,0.35225973251131104,0.9517807719716933,0.8886706773396974,0.3104542667263295,0.09041415999602243,0.14232088698851486,0.9220819039095776,0.19610865277846845,0.20282072954473884,0.999105056431164,0.29678151775800066,0.14391189777755675,0.2626742239679146,0.38498317837551177,0.14816287972952824,0.24576973433434424,0.8244336167321302,0.28329935862377564,0.3538673163294055,0.12390825171116537,0.9212615389714779,0.7753608777076186,0.251943187656408,0.2872685990818542,0.14375445400155784,0.2961185965958999,0.2045857571388323,0.9035201113707553,0.4604567526806874,0.10202356684731262,0.3160973831187126,0.23070485092560356,0.1244717346989509,0.18692719468337227,0.16818309882497218,0.4165133661479309
75,0.8003281459752399,0.5500836937967152,0.26219360612539155,0.2223769038267125,0.13082749134059246,0.8409486401829663,0.8148792654833524,0.5586022307297105,0.6837451731052885,0.5497605197301911,0.8060375544838331,0.7915195810338256,0.9664727622267522,0.6152819900893286,0.7196672135766253,0.23019937353950182,0.07678284360032483,0.7815509040587348,0.3271598800112697,0.6422711679013573,0.7450736671141385,0.29708811879547237,0.9631415833871957,0.38503289746266933,0.20497522332156648,0.48136362883044126,0.9980029499991714,0.5211471850710154,0.5637978753376756,0.09314042327516203,0.904754802035168,0.3396310843732909,0.2486700144185352,0.7057458691725087,0.7908898059298298,0.5342150184789274,0.3413132468221217,0.29552196755000903,0.7402177696017501,0.6836623079600259,0.14919869404531072,0.6411359154112597,0.6038880326157212,0.4705911599463034,0.4027908980924444,0.6592833822237691,0.7936160692089694,0.6121331145693498,0.6701304297386435,0.8325792605114437,0.41037305888397224,0.5516912776148096,0.6874409585840004,0.1749614677074529,0.1547672318069574,0.5552544788611016,0.4163310628283532,0.5989907025307015,0.568272593181856,0.096040703359353,0.9264571835794428,0.2042128639851506,0.6176602197583654,0.21109895755647268,0.3237872685990818,0.752995575001243,0.14749167205290115,0.6849135716534911,0.6023881734864681,0.6150251081390146,0.21941861814083763,0.20061651668075364,0.7933343277150765,0.7252357513382721,0.756119590977643,0.0,0.2208521851538805,0.43263892341603283,0.1910704519465023,0.4518719236314821,0.4180546578498152,0.5596214720164404,0.5192081406718706,0.7381129949120802,0.1049238469315037,0.7735627040554203,0.3202986459835264,0.100026516846484,0.47968146638161047,0.11465221498533296,0.782992757586304,0.7866719700359635,0.3652115547158554,0.6623825386565902,0.7012462917847495,0.6228890104244353,0.8538341702713005,0.6706193340956927,0.8464923184010342,0.8676892225592072,0.14183198263146568,0.06301894297220678,0.42103780307926886,0.26028770778435173,0.6575432141732545,0.8413961119673843,0.6589270620991399,0.8230083362336134,0.4594789439665887,0.752995575001243,0.6623493925984854,0.8058718241933079,0.7589701519746765,0.7000696067220207,0.8374102984802533,0.8476192843766056,0.07874674754304878,0.22436566731301477,0.7703641094482839,0.5841246954705912,0.45050464873464924,0.6513780473657171,0.5985183712027048,0.6817895556770911,0.767977593264721,0.7693614411906065,0.7914118563449842,0.5085765425346791,0.6946750857654254,0.6286895705928173,0.7457780208488705,0.3250716783506521,0.5688195031405889,0.2289978289331942,0.3785611296176601,0.6845821110724407,0.6163178044051111,0.738461028522183,0.7768938828949767,0.19510598452079098,0.7772336299905533,0.13071148013722478,0.49790351182485626,0.095245197964832,0.8639768640514427,0.8120535640298978,0.8349326306369015,0.8056066557284676,0.8443212515951541,0.47400520393112244,0.9231094317108338,0.7227000778932366,0.4743532375412254,0.7286000762359336,0.5674190821856511,0.8502626825104825,0.8407829098924411,0.5376373489782729,0.7013705895026434,0.7201146853610435,0.5583122027212915,0.9119972157311192,0.6705779015230614,0.5484015313478844,0.8354381080230033,0.7692785760453438,0.45575001242977176,0.5226387576857422,0.777125905301712,0.6373904108453903,0.5951789058486219,0.7301165083942394,0.8084820762690796,0.9984752813271682,0.7894893849748919,0.7081655314141766,0.5541275128855301,0.453719816370838,0.7716153731417492,0.835935298894579,0.23158322146538723,0.5427998475281327,0.4573907423059713,0.748023666285487,0.6742488274581946,0.10117005585110772,0.8435920383168432,0.5333946535408277,0.7296027444936111,0.8390758879000315,0.6200384494274018,0.7880558179618489,0.8356369843716336,0.7316329405525448,0.5430898755365519,0.6403404100167388,0.7039808415784152,0.6055039029483419,0.8365319279404697,0.8544142262881387
76,0.6428097913455642,0.3309882497224018,0.4034621057690714,0.38307728003447195,0.17130711480137217,0.7948176138152769,0.7618621455443412,0.39719750078721894,0.5339664230431396,0.36743234060889307,0.7315335023782297,0.7157808382638096,0.9617411624322578,0.48677472281608913,0.6248612008816852,0.08421584713038,0.1478148461194253,0.6570045907290476,0.10471668406834711,0.4970831468867565,0.8241601617527636,0.10312567327930533,0.9596198147135352,0.22975190175508375,0.09027328924907596,0.6161437876000597,0.9942657319478282,0.6670229867912959,0.37805565223155835,0.2959445797908483,0.91157460349028,0.5032566002088203,0.41546097880309585,0.5602181010623313,0.8347751868609026,0.3620212466232453,0.14232088698851486,0.11029350834452023,0.602545617262467,0.5904804521122327,0.3170171862311275,0.48996503090869914,0.6813503704071995,0.2909726710750924,0.19121132269344865,0.6870349193722137,0.721979151129452,0.41183977195512034,0.5401978819668871,0.761248943469398,0.5508129070750261,0.3459951275294586,0.5389880508460532,0.1317058618803758,0.3564361358325461,0.42492417839208474,0.5848870548070071,0.5075904473060542,0.6509140025522465,0.27772253434760275,0.9231260047398864,0.36550158272427447,0.4681466381610567,0.35526773728434347,0.47645801223089546,0.6300568454896502,0.17776230961732875,0.5029417126568223,0.45994298878005946,0.6747460183297701,0.07018677803742202,0.11771822536004917,0.6967218548534115,0.5450372064502229,0.607260644027909,0.2208521851538805,0.0,0.21028687913289923,0.39159581696746715,0.5922703392499047,0.2230895440759708,0.41193092361490913,0.6240656954871642,0.5980543263892342,0.27016523309965357,0.8365236414259434,0.12465403801852859,0.15368169840401724,0.28880989078373864,0.26406635840832626,0.6742156814000895,0.6770828154261754,0.1733041648022008,0.5073832844428977,0.7550589171182818,0.6887170818210445,0.8081174696299243,0.512172889839076,0.7797941629791678,0.8092775816636006,0.2774407928537099,0.21237508079351652,0.508990868260992,0.07606191683654018,0.5138716253169592,0.7945275858068579,0.5304695139130577,0.7353867316329405,0.2910969687929863,0.6212979996353933,0.7344503554914732,0.696034074147732,0.6402741179005287,0.5801140224398814,0.7957042708695868,0.7969886806211572,0.20098112331990914,0.0560665572846748,0.6585293094018794,0.7462089196042361,0.5644442234707239,0.7488688907671655,0.40492053232569325,0.562728914963788,0.6376638658247569,0.6246540380185287,0.6593911069126105,0.36282503853229253,0.5457498466994812,0.45976068546048166,0.6194583934105637,0.49217753028721056,0.6622333813951176,0.4311390642867797,0.1895125872155654,0.5164404448200999,0.4690250087008403,0.613094350254396,0.7932183165117089,0.059381163095178824,0.6547340857488523,0.3117801090505312,0.33427799598932706,0.28292646547009404,0.794336995972754,0.7157476922057044,0.7668754868327285,0.6958269112845755,0.801446825436285,0.5877210427749879,0.932166592088036,0.6056282006662358,0.2593927642155157,0.6145693498400702,0.6730141367937819,0.7989608710784071,0.7824541341420972,0.6405227133363165,0.5935050299143174,0.5736422545948724,0.41224581116690695,0.9324649066109814,0.49351165912593853,0.3937917433169261,0.7721042774987985,0.8271350204676909,0.6119342382207197,0.31920482606606004,0.6527204627189711,0.4980775286299076,0.6690200367921245,0.6467127396874327,0.7079086494638624,0.9980609556008552,0.7383864498914468,0.5612041962909562,0.3752216642635775,0.2510648171166243,0.6532507996486518,0.7672980990735677,0.42585226801902587,0.38541407713087716,0.2697757669169194,0.6297419579376523,0.7337791478148461,0.28964682875089076,0.7477584978206466,0.3776661860488242,0.6367357761978156,0.7694691658794478,0.4363927144964286,0.7955219675500091,0.7999303932779794,0.583735229287857,0.3497903511824857,0.5270720429572913,0.5789124778335737,0.5005634829877856,0.7061270488407165,0.805399492865311
77,0.5724324234740383,0.1600706011037637,0.5131009794660171,0.551127794627024,0.3222294038681449,0.7307048509256038,0.6692852052569648,0.2098808399211124,0.37300087837053975,0.16645950380351016,0.5889723064684533,0.5705762442201561,0.9422678532955469,0.30734682377898204,0.4746349790351183,0.2009976963489618,0.3377168995177249,0.5439516730472829,0.15779180960904227,0.33326704121712325,0.8448350154957822,0.1308689239132237,0.9366578829612688,0.07284674920035117,0.2607600391123486,0.7230066789307081,0.9844959313213677,0.7613235221001343,0.1834137125242381,0.4798803427302407,0.8939409005783987,0.6107575531579907,0.589950115182552,0.3994845787964666,0.8560881022224431,0.1669898407331908,0.12408226851621662,0.15171779446129374,0.4718424236397687,0.41099454747344166,0.5091648850660434,0.27019009264323246,0.7551252092344918,0.12094167951076407,0.06728649795323083,0.7527884121380866,0.5728467492003514,0.211049238469315,0.3714181540960241,0.6517095079467675,0.6625979880342732,0.15717860753409907,0.4004706740250916,0.28596761630123135,0.5339167039559821,0.2648784368318998,0.7066408127413448,0.3422661959926415,0.7400603258257512,0.47091433401282745,0.9040587348149622,0.5255473242844595,0.28375511692271993,0.5360463381892309,0.602479325146257,0.5024445217852467,0.3355789787699498,0.3746913273338969,0.2612986625565554,0.7271416496793119,0.21525878784865504,0.24620063308970974,0.5751089676660204,0.4132733389681632,0.45125043504201257,0.43263892341603283,0.21028687913289923,0.0,0.5325742886027278,0.6888993851406222,0.04981852533187481,0.22328013391007473,0.7446427683587731,0.4685941099454748,0.4517559124281144,0.8576708264969589,0.1543446195661181,0.33421999038764316,0.09526177099388455,0.4186678599247584,0.5557765292762558,0.5519481595651237,0.042286083627504745,0.3164702762723943,0.7884784302026882,0.7734218333084738,0.727365385571521,0.3443461111387328,0.66109812890502,0.6854687681267505,0.4647657402343426,0.41457432174878595,0.6203036178922422,0.20579558825966626,0.34953346923217155,0.6832396957191866,0.39239960887651437,0.6247866222509488,0.11403901291038954,0.4399227696846153,0.7833325046818806,0.5546827093587896,0.5381262533353222,0.42021743814116896,0.705886739919455,0.6889076716551483,0.3778319163393493,0.21017915444405766,0.5322759740797827,0.8078688741941364,0.6652248131390974,0.7853792737698669,0.2605611627637183,0.3877591607418087,0.4987735958501136,0.4958567427368701,0.5293674074810655,0.17453885546661363,0.40550887485705767,0.26743068330598785,0.46989509272609753,0.609299126601369,0.7208024660667232,0.5994796068877509,0.05048144649397557,0.35341984454498754,0.28287674638293636,0.43219145163161465,0.8149787036576674,0.25603672583238046,0.5162912875586271,0.49139859792174223,0.14699448118132552,0.443485970930907,0.6901755083776662,0.6137075523293394,0.6666335206085616,0.5977808714098676,0.7236033079765989,0.6767513548451252,0.9123701088848009,0.4308241767347818,0.07917764629841395,0.48708961036808707,0.7483965594391687,0.6883110426092577,0.6970118828618307,0.7193108934519963,0.4100001657302905,0.38565438605213875,0.2231475496776546,0.9171431412519266,0.31516100697724525,0.18331427434992298,0.6825104824408759,0.8427053812625334,0.7132368783042478,0.14437594259102737,0.5092228906677273,0.33856212399940344,0.7730655131838446,0.5029002800841911,0.5904390195396013,0.9921692437726845,0.6028853643580439,0.42060690432390324,0.18869222227746563,0.08368551020069959,0.5214372130794345,0.6581812757917764,0.5615107973284278,0.19724390526856583,0.10805614942242991,0.5047978919107046,0.7868045542683837,0.48025323588392255,0.6439616168647144,0.17996652248131395,0.5088665705430981,0.6533833838810719,0.2638923416032748,0.7957871360148494,0.7250865940767994,0.43218316511708843,0.14764911582890006,0.3322395134158671,0.4039841561842258,0.3083826380947645,0.5922537662208522,0.7204792920001989
78,0.8567924559571753,0.6983460117005584,0.1738593612754603,0.09906528116143798,0.28982913207046845,0.8420507466149589,0.8213510333283616,0.6610649828469148,0.7558544225128027,0.6259218747410464,0.8186330565637482,0.847760155123552,0.9005038200831967,0.7185236745720015,0.7969886806211572,0.4016887916604518,0.26094234243192627,0.8562289729693896,0.44346111138732835,0.7660385488655762,0.625971593828204,0.4680471999867416,0.9023434263080264,0.5717363562538325,0.3326952717148114,0.34761099786207916,0.9824740217769602,0.3694211040951956,0.6480800145842656,0.10607567245065375,0.8196522978504782,0.16168647143638437,0.13240192910058168,0.7668091947165184,0.6256567062762062,0.619367241750775,0.5289779412983311,0.47568736637995324,0.7903677555146755,0.7533270355822935,0.08049520210808925,0.6987603374268715,0.4920117999966853,0.6117767944447208,0.5347950744957657,0.5416977410961402,0.857803410729379,0.6940701702050084,0.7342266195992642,0.8710369744278161,0.25431313081091833,0.6085699133230581,0.7756509057160378,0.2859096106995477,0.05520475977394401,0.7121099123286763,0.3029798306236431,0.7325278841213808,0.45060408690896436,0.10199870730373395,0.8728931536816984,0.06876149753890515,0.7150847710436037,0.06368186413430799,0.22004839324483338,0.7978007590447307,0.2578597590281576,0.7269759193887867,0.69227199655281,0.49824325892043286,0.42033344934453665,0.35882265201610897,0.8294883905931487,0.7919256202456123,0.8268284194302193,0.1910704519465023,0.39159581696746715,0.5325742886027278,-2.220446049250313e-16,0.29499991713485474,0.5691012446344819,0.6596314158338721,0.4395581630454598,0.7835065214869322,0.15807355110293497,0.6192595170619334,0.5090405873481497,0.22700077893236537,0.5179568769784053,0.19535457995657868,0.821367606357414,0.8155753327035583,0.49275758630404887,0.7207278874359867,0.5579227365385572,0.5297900197219045,0.8726859908185419,0.7314920698055984,0.8695868343857207,0.8968743267206948,0.14730108221879723,0.22753940237657233,0.3716087439301281,0.3552180181971859,0.728865244700774,0.8498897893568008,0.7455211388985565,0.8671340260859478,0.6335703276487844,0.782097814017468,0.5297817332073784,0.8171497704635478,0.8039824988813205,0.799980112365137,0.8499477949584846,0.8564609953761249,0.1988846351447654,0.39257362568156573,0.8072639586337195,0.4922438224034207,0.29323488954076127,0.5179651634929316,0.7138169343210858,0.7608097581995061,0.8415286961998045,0.7838794146406138,0.8091781434892856,0.668141666252341,0.757329422098477,0.7208853312119856,0.8195777192197418,0.24398813371119843,0.43316097383118723,0.08857455377119283,0.5152803327864233,0.7280863123353055,0.714935613782131,0.8270853013805333,0.653797709607385,0.35017981736521997,0.8212515951540463,0.0973582591690284,0.6076169641525382,0.14195628034935948,0.867142312600474,0.8168680289696548,0.8347420408027975,0.8140257544871476,0.848621952634283,0.3136528613334659,0.8677389416463647,0.7887518851820547,0.5980046073020766,0.7766452874591889,0.44254959478943967,0.8813868310711149,0.8641094482838629,0.4344702431263363,0.8225608644491954,0.7830507631879879,0.7045526110807272,0.8294718175640963,0.7552246474088069,0.6306120419629095,0.852160294336996,0.6607003762077595,0.34536535242546273,0.6256152737035747,0.8262980825005386,0.7279785876464642,0.4784219161736192,0.7764298380815062,0.8550108553340294,0.9916057607848987,0.8032532856030097,0.7442864482341438,0.649115828900048,0.6075672450653806,0.8250633918361259,0.8739869735991648,0.10313395979383155,0.6383930791030676,0.5855996950562655,0.7993006181739837,0.5414077130877211,0.12782777308208626,0.8514559406022639,0.6198147135351929,0.7937983725285471,0.8683687167503605,0.7191534496759973,0.696539551533834,0.834087406155223,0.7734301198230001,0.6083296044017965,0.6928189065115431,0.7720131258390096,0.6838197517360249,0.8920515752664115,0.8590298148792654
79,0.8768458211107244,0.7916107326936144,0.245695155703608,0.3005270223238702,0.4963456470939194,0.8520359966191021,0.8376340343724623,0.7905832048923582,0.8144235071844081,0.7697177613152357,0.8655264422678532,0.871733041648022,0.833068164868493,0.8134788445284145,0.8375843152853046,0.5917731483783291,0.521644375942591,0.8975206748537431,0.6948905351431081,0.824905948060127,0.47608511907721374,0.6602446179088153,0.8593447024312634,0.6879464359701023,0.5757636023135948,0.10906710419463361,0.9601584381577422,0.18720064966273875,0.8161802482639753,0.43438737798107363,0.7373837816337692,0.1464061386499611,0.29050033974709555,0.8376671804305673,0.48634382406072363,0.7815591905732611,0.7051906726992492,0.6755829562969224,0.8262235038698023,0.8186164835346957,0.36420888645817795,0.8079268797958203,0.25591242811448645,0.7628813868310711,0.7187888430368419,0.2590281575763602,0.8812128142660633,0.7750625631846733,0.8309385306352441,0.8997663202903595,0.07962511808283201,0.7774490793682363,0.8411806625897015,0.5636818641343078,0.36257644309650483,0.7811780109050532,0.07661711330979959,0.7847494986658712,0.20790036294933623,0.41454117569068094,0.8331841760718607,0.33298529972323054,0.83041648022009,0.31041283415369825,0.18417607186065388,0.830930244120718,0.5307015363197931,0.7806559604898988,0.7910721092494076,0.23073799698370856,0.6269825486004077,0.5598866404812808,0.8567095908119127,0.8506190026351117,0.889615339995691,0.4518719236314821,0.5922703392499047,0.6888993851406222,0.29499991713485474,0.0,0.699696713568339,0.745695155703608,0.25955849450604096,0.8319992044946055,0.3928139346028273,0.4455575995624721,0.6499279073236215,0.4793168597424552,0.6599545899003961,0.4387295115928338,0.8526160526359403,0.8460945657037737,0.6702381544274847,0.7914450024030892,0.384419695387726,0.31099289017053644,0.8987387924891033,0.7992508990868261,0.8844611279603574,0.9186015678085484,0.4378179949949452,0.5225890385985847,0.46126883110426087,0.5353088383963938,0.7922405077976102,0.8588806576177928,0.8252291221266511,0.8963771358491192,0.7539982432589205,0.8663799532640581,0.25961650010772475,0.8380980791859329,0.8474369810570278,0.8550854339647658,0.8512404912245812,0.8798455393692306,0.4625615273703575,0.587687896716883,0.8350320688112167,0.1672135766253997,0.09754056248860599,0.19174165962312917,0.7966406470110543,0.8283199920449461,0.8735975074164305,0.8175309501317556,0.828858615489153,0.7665025936790468,0.8312617047017684,0.843011982300005,0.8885132335636985,0.3685758796135169,0.1052055884253964,0.26908798621123975,0.659598269775767,0.7720462718971146,0.8034190158935349,0.8802515785810173,0.5270140373556076,0.5782495566714728,0.885596380450455,0.42642403752133784,0.7701072274979698,0.4266063408409154,0.9010341570128773,0.8308142329173505,0.8504201262864814,0.8282619864432622,0.8519945640464708,0.06635012181176358,0.8185336183894331,0.8139843219145163,0.7409221233364822,0.8338222376903827,0.15389714778169994,0.9099007275559754,0.8967003099156433,0.24484993122192944,0.8751305126037886,0.8553257428860273,0.8073136777208771,0.7667180430567295,0.8328692885198627,0.7331327996817979,0.8661645038863754,0.4513167271582228,0.06609323986144955,0.8053497737781535,0.8636536899849185,0.8086395200450787,0.15147748554003215,0.7847992177530287,0.8891927277548518,0.9770297817332074,0.7976930343558893,0.7720959909842722,0.8058303916206766,0.7378726859908185,0.8759840235999934,0.902716319461708,0.23863504532723434,0.7804736571703211,0.7645552627653756,0.8382140903893005,0.3070816553141418,0.40277432506339184,0.8646480717280698,0.755290939525017,0.8343525746200634,0.8906180082533685,0.7973781468038914,0.5179817365219841,0.8393244833358193,0.8504284128010077,0.7473773181524387,0.7566499279073237,0.8166608661064982,0.7749962710684632,0.930989907025307,0.8784451184142926
80,0.5475397338371534,0.1417491174862029,0.5162001358988382,0.531049569929896,0.32688642503190324,0.711206682245314,0.6424534712209351,0.19057326107492667,0.3534364175740401,0.15349939508443966,0.5913339631084373,0.5423523757437148,0.9589071744642769,0.29171845738245583,0.45463961948325293,0.2068811216626063,0.3523343111420474,0.5203848257345995,0.19084671605429315,0.29948292149356126,0.8586486352110576,0.12362651021727245,0.9523608279885315,0.04525265582790561,0.26118265135318786,0.7263710038283697,0.9841810437693698,0.7735792770844728,0.1618522017269095,0.47280365932481483,0.922255920714629,0.6300899915477551,0.5761199224382241,0.36503753791080396,0.8689404862526724,0.1498947612655166,0.12375909444969257,0.13507847329256373,0.4464442566167819,0.38994680057674147,0.4807255672119193,0.2523160808100897,0.7783771689951773,0.10341570128772426,0.04241038134539843,0.775849782064668,0.551475828237127,0.2018263478015877,0.3574139445466449,0.6314241203864831,0.6628382969555346,0.13823563532706873,0.3877591607418087,0.29727042211504995,0.5326240076898855,0.24310976317141475,0.7102371600457416,0.32129302772667756,0.7509073733406255,0.45026433981338765,0.9263163128324964,0.5242297684747842,0.27416761961583713,0.5341072937900861,0.6100283398796797,0.4809493031041283,0.344992459271781,0.36531099289017055,0.2592436069540429,0.7303236712573957,0.2088367390908037,0.26390891463232735,0.55514675417226,0.396882613235221,0.43880409022357014,0.4180546578498152,0.2230895440759708,0.04981852533187481,0.5691012446344819,0.699696713568339,0.0,0.20392283597673133,0.723479010258705,0.46071363463100146,0.45774706243060037,0.8729677323124347,0.1217454714198114,0.3544556588607699,0.10818873365485027,0.38994680057674147,0.533054906445251,0.5288039244932796,0.062090853345265984,0.3061701387162532,0.8090206997132866,0.7893402277134192,0.7005667975935962,0.3385455509703508,0.6414839490213626,0.6654734085748852,0.46885927841031505,0.4234160327483054,0.6257064253633636,0.22178856129534796,0.3329107210924941,0.6712491091996884,0.37116955866023627,0.6057359253550771,0.10090488738626768,0.4176734781816074,0.7936492152670744,0.5344636139147152,0.5182966240739819,0.39451267008071067,0.6860239646000099,0.6832396957191866,0.38624272858350317,0.23090372727423392,0.513863338802433,0.8192545451532177,0.6802399774606804,0.8038416281343742,0.2380964218830276,0.3731748951755912,0.4658761331808614,0.48285520144516814,0.507938480916157,0.15273703574802366,0.38914300866769425,0.24987155902484293,0.4489550705182386,0.6139395747360745,0.7383781633769204,0.5961152819900895,0.07297933343277163,0.34620229039261496,0.2602545617262466,0.4396493147052487,0.8400454100996039,0.2521006314324069,0.5113359518719236,0.4817696680422281,0.13155670461890312,0.4429556340012264,0.6645204594043653,0.595468933857041,0.6505742554566698,0.5811581232701901,0.703334493445367,0.6820630106564577,0.9337576028770779,0.415751006811515,0.06315981371915336,0.46236265102172724,0.7479490876547508,0.6700392780788544,0.6745554284956662,0.7253849085997448,0.39610368086975256,0.364399476292282,0.20180148825800903,0.9377599893932614,0.2982730903727273,0.17888927559290013,0.6565654054591559,0.8561709673677058,0.7138169343210858,0.12727257660882685,0.4889789356800742,0.3103631150665407,0.7775236579989725,0.5009612356850461,0.5701950645519482,0.9896169972985963,0.5897263792903429,0.4155687034919372,0.1682742504847612,0.08060292679693082,0.5183214836175608,0.6401746797262136,0.5810172525232438,0.18427551003496911,0.09161570460233037,0.48384129667379305,0.7984222476342001,0.4753641923134291,0.6242645718357944,0.16130529176817643,0.484222476342001,0.6404481347055802,0.24648237458360267,0.8110591822867466,0.7075771888828122,0.4167288155256136,0.14275178574388026,0.3270521553224284,0.38936674455990317,0.3017285669301779,0.5732445018976119,0.686504582442533
81,0.39986575846467454,0.11925951706193338,0.5898838230663418,0.6459420938364905,0.4632658811050896,0.6300899915477551,0.562538325129684,0.08109183115398,0.14062215151063162,0.09904042161785898,0.4492616715557103,0.3976366860571108,0.9551036642967236,0.10211471850710152,0.312699912162946,0.3622615555445069,0.4972157311191766,0.3511410530502661,0.36690200367921233,0.12209350502991434,0.8902368285851605,0.31614710220587006,0.9487893402277136,0.20132915693001208,0.4370059165713718,0.7822055387063094,0.9791594159664562,0.8156830573923997,0.12172061187623262,0.6121828336565074,0.9187921576426524,0.6883441886673627,0.6775882928122774,0.18299110028339882,0.8908417441455775,0.08870713800361318,0.26145610633255445,0.3213013142412039,0.27925553953496085,0.2604368650458244,0.6243308639520047,0.08718241933078119,0.8040653640265832,0.19735991647193352,0.24695470591159951,0.8040322179684781,0.4303601319213113,0.08791163260909185,0.15461807454548482,0.4763254279984752,0.7368865907621938,0.11037637348978269,0.19354811978985398,0.4592883541324848,0.628233812293873,0.04444057740433216,0.7677952899451432,0.14691990255058918,0.802656656557119,0.5909196373821244,0.9222393476855765,0.6351447654087738,0.08221051061502516,0.6435390046238751,0.6762624504880757,0.31908052834816614,0.49323820414657193,0.1625814150052204,0.058743101476656845,0.7836971113210363,0.36785495284973235,0.4413314771540795,0.3991199721573112,0.21420640050382012,0.2609837750045576,0.5596214720164404,0.41193092361490913,0.22328013391007473,0.6596314158338721,0.745695155703608,0.20392283597673133,0.0,0.7990188766800908,0.2653259086163178,0.5860885994133147,0.8936591590845059,0.2938232320721259,0.5290856659871725,0.16759475629360787,0.5331460581050399,0.3737466646779031,0.3632973698602895,0.25210891794693313,0.11934238220719595,0.8289497671489419,0.8221051061502511,0.6065728633222294,0.14282636437461682,0.5399078539584681,0.5381511128789009,0.5913091035648586,0.5743714678731833,0.6974593546462486,0.4252142064005038,0.1350121811763535,0.5494870647508245,0.20154460630769488,0.4531314738394736,0.12375909444969257,0.2490346210576907,0.8416198478595933,0.3783208206963987,0.3493594524271201,0.21557367540065298,0.6233033361507483,0.5638641674538856,0.5239977460680489,0.41604103481993404,0.3529557997315169,0.8567427368700178,0.7386764778998658,0.8202074943237376,0.05785644442234705,0.17303899633736064,0.2946187374666469,0.30293839805101186,0.34083262897959854,0.07664197285337837,0.19665556273720142,0.14043984819105393,0.27444107459520384,0.6964649729030975,0.7925553953496081,0.6889325311987272,0.24347436981057036,0.1292779131241817,0.07166177762309622,0.2707618621455443,0.8495666152902765,0.443328527154908,0.3213344602993089,0.6210825502577106,0.10582707701486604,0.5889060143522432,0.6012943535690018,0.44944397487528787,0.563847594424833,0.4100333117883955,0.6233447687233796,0.7588209947132039,0.9301446825436285,0.2193523260246275,0.18797129551368097,0.31242645718357953,0.8284277167337875,0.526649430716452,0.5798405674605148,0.7789655115265417,0.2030196058933691,0.1861068297452726,0.07136346310015085,0.9301861151162598,0.09826977576691676,0.14176569051525545,0.5520807437975439,0.8835910439351001,0.7816337692039974,0.13676063574139452,0.31041283415369825,0.12361822370274611,0.825991481463067,0.3774838827292464,0.4256782512139744,0.9839075887900032,0.5009529491705199,0.2005999436517012,0.12636106001093816,0.17155571023716,0.3766386582475678,0.48588806576177923,0.6635923697774243,0.059861780937702,0.17812691625648425,0.31242645718357953,0.8437246225492633,0.62476176270737,0.464525431313081,0.06537231309766478,0.33865327565919223,0.5168547705464127,0.06251346558610504,0.8357032764878437,0.632600805449212,0.23430948474452673,0.09308241767347825,0.151121165415403,0.17840865775037718,0.1019241286729975,0.4013573310794014,0.6158537595916407
82,0.9024677240259203,0.8311456934984007,0.23599164719335752,0.3466000430898757,0.5972422479656607,0.8828203980841579,0.8691890816884602,0.8087803907920251,0.829687266941779,0.7852715490810256,0.8733489119806427,0.8903362667594757,0.9343542319229686,0.8217073534529906,0.8585243374931637,0.667155571023716,0.5552544788611016,0.9057823298364243,0.6592916687382953,0.8646729312716486,0.6283415369827143,0.701163426639487,0.9476540877376158,0.7295530254064535,0.6549826811846402,0.29313545136644625,0.9977875006214886,0.3296044017965163,0.8349906362385854,0.5100349690913009,0.8419761679842225,0.189819188253037,0.3757768607368368,0.8524088897727838,0.6066971610401233,0.7933343277150765,0.7175541523724291,0.700815393029384,0.8506852947513217,0.8377666186048824,0.46386251015098035,0.8129899401713652,0.3876845821110724,0.7977096073849418,0.751719451764199,0.5255390377699334,0.897073203069325,0.8038913472215317,0.8392416181905566,0.8971892142726927,0.3004690167221864,0.8070650822850893,0.8608694211040953,0.6036974427816172,0.41885844975886244,0.8036261787566914,0.2260561162763719,0.8158902202555562,0.4040090157278047,0.49516896203119043,0.907464492285255,0.41623162465403807,0.8383549611362469,0.4316776877309866,0.2350055519647326,0.8563532706872835,0.6237010888480088,0.8342117038731169,0.8093935928669683,0.21406552975687354,0.6613881569134391,0.6284409751570295,0.8730837435158024,0.8578531298165366,0.8844942740184624,0.5192081406718706,0.6240656954871642,0.7446427683587731,0.4395581630454598,0.25955849450604096,0.723479010258705,0.7990188766800908,0.0,0.8422496229635891,0.5075241551898442,0.6797842191617363,0.706011037637349,0.5261108072722451,0.6995226967632874,0.5247601054044648,0.8672251777457366,0.8644906279520708,0.7115878619135219,0.811995558428214,0.5942342431926283,0.5033228923250304,0.8975869669699531,0.8312699912162946,0.9062132285917898,0.9254876613798704,0.5038780887982897,0.5636570045907291,0.1525381593993934,0.6158289000480618,0.8252788412138087,0.8872039642685494,0.8203566515852103,0.8977941298331096,0.75882928122773,0.8675069192396295,0.33890187109498005,0.8738543893667445,0.8475529922603955,0.8609025671622003,0.8883806493312782,0.8865493296209749,0.5366181076915428,0.662564841976168,0.8687084638459371,0.41925620245612294,0.20995541855184874,0.38040902235701624,0.8371368435008867,0.8398962528381313,0.8818425893700592,0.8517791146687881,0.8640680157112316,0.7647872851721109,0.8383301015926681,0.8616732130131425,0.8862510150980295,0.4566863885712391,0.2352790069440992,0.3591706856262119,0.7100134241535325,0.832811282918179,0.8131142378892591,0.8860521387493993,0.6767596413596513,0.6234276338686422,0.8826712408226852,0.5119325809178144,0.8006347470127115,0.5146671307114801,0.9045144931139065,0.8743847262964252,0.8864333184176072,0.8674157675798406,0.8877923067999139,0.22873266046835372,0.9055254478861102,0.8570990569946471,0.7507499295646266,0.8523177381129949,0.24169276918742433,0.9065364026583139,0.8977858433185834,0.4138865410431064,0.8788428711115531,0.8686504582442534,0.8036841843583752,0.8768706806543032,0.8552180181971859,0.7774987984553937,0.8904605644773695,0.6374649894761266,0.23913223619881008,0.8227348812542469,0.8642254594872305,0.81187126071032,0.2905500588342531,0.8418767298099075,0.8955319113674407,0.9993536518669518,0.8543562206864549,0.8236878304247668,0.810371401581067,0.7584398150449958,0.8759177314837833,0.8983990453935266,0.27750708496991994,0.7914864349757206,0.7924062380881354,0.8594109945474735,0.3174149389283878,0.47118778899219416,0.8945789621969208,0.8036344652712176,0.8607285503571488,0.8994514327383616,0.8200831966058437,0.7289398233315103,0.881867448913638,0.8620046735941929,0.7691128457548186,0.805333200749101,0.8460034140439848,0.7979250567626245,0.9280896269411161,0.8972140738162715
83,0.16290458907174465,0.3334079119640696,0.709193059215433,0.7598733820580388,0.6343409734997265,0.4653872288238121,0.35337012545782986,0.30627786340509444,0.1374649894761265,0.31831816901175025,0.2052238187573543,0.1583552925968279,0.9503554914731766,0.1765193324383897,0.07963340459735802,0.5641376224332522,0.6726909627272577,0.12145544341139236,0.5950131755580967,0.19172508659407683,0.8943220802466068,0.5228790666070038,0.9449775435456339,0.46166658380152137,0.6206930840749765,0.8431114204743201,0.984603656010209,0.8371368435008867,0.31047083975538214,0.755290939525017,0.9167371020401399,0.7932680355988664,0.7726760470011104,0.1122491257727174,0.8959296640647011,0.34159498831601454,0.49542584398150447,0.5483849583188318,0.030510946485689194,0.09354646248694876,0.7524652380715624,0.2201395449046223,0.8478430202688146,0.39800129269626616,0.4645585773711861,0.8532375412254098,0.1973847760155123,0.2757752034339316,0.1350701867780375,0.22376903826712402,0.8020931735693333,0.3298115646596729,0.12147201644044492,0.6062496892557053,0.7644889706491655,0.2552577934669119,0.8094433119541259,0.14702762723943053,0.835139793500058,0.7288238121281427,0.9185601352359171,0.7539153781136579,0.23138434511675698,0.7553157990685958,0.7738361590347869,0.07480236662854878,0.6592668091947165,0.10900909859294972,0.2249871559024842,0.8290243457796782,0.5749763834336001,0.5940187938149456,0.1710088002784269,0.08608031289878859,0.11370755232933916,0.7381129949120802,0.5980543263892342,0.4685941099454748,0.7835065214869322,0.8319992044946055,0.46071363463100146,0.2653259086163178,0.8422496229635891,0.0,0.688634216675782,0.8971063491274301,0.5178408657750377,0.6988266295430816,0.4173668771441357,0.6548583834667462,0.11372412535839183,0.09127595750675344,0.4940005634829878,0.20321848224199945,0.8611345895689356,0.8487793964102819,0.3768126750526193,0.1325925189346857,0.3257677455708581,0.32416844826728985,0.6992906743565521,0.7357927708447273,0.7784434611113873,0.6030096620759378,0.15287790649497013,0.33868642171729735,0.09151626642801525,0.21909544407431347,0.3938994680057675,0.06481711662440537,0.8693299524354067,0.1308109183115398,0.09945474734417203,0.11321864797228987,0.39052685659357955,0.33430285553290573,0.6917582326521818,0.5914499743118049,0.11229884485987507,0.8839059314870978,0.8110260362286414,0.8757354281642056,0.2508990868260992,0.12393311125474393,0.07952567990851678,0.07400686123402755,0.10058999983426975,0.3326041200550225,0.11253915378113666,0.25365020964881746,0.1063325544009679,0.796474916720529,0.8489782727589121,0.7542882712673395,0.49406685559919783,0.1831071114867664,0.2113558395067867,0.2420490893120535,0.8643083246324931,0.6282586718374517,0.12897131208670998,0.7465818127579178,0.3507433003530055,0.7484297054972737,0.35014667130711485,0.21643547291138399,0.33179204163144904,0.15523956313495413,0.4408177132534513,0.8174646580155456,0.9255290939525017,0.0691758232652182,0.41358822652016114,0.06140307263958622,0.8822403420673197,0.2924062380881355,0.3502626825104824,0.8253119872719137,0.13288254694310486,0.11698072556721195,0.2978007590447306,0.9348845688526493,0.2096653905434296,0.36944596363877424,0.3442466729644177,0.8937917433169261,0.8259003298032782,0.37009231177182256,0.08733157659225377,0.15764265234756947,0.8667528464177399,0.12053564029897745,0.20122971875569695,0.9925338504118398,0.26256649927907316,0.0872487114469912,0.3103133959793831,0.41209665390543426,0.13067833407911966,0.24812310445980212,0.7798936011534829,0.32006662357679116,0.3959048045211224,0.06402161122988437,0.8684681549246756,0.7538573725119739,0.22840119988730345,0.30140539286365375,0.1159531977659557,0.2956959843550606,0.2438886955368833,0.8501135252490097,0.44680057674141105,0.06054127512885543,0.32805482358010585,0.25710568620626795,0.12331990917980085,0.18848505941430904,0.13348746250352173,0.4098427219542916
84,0.7967069391272643,0.5886822784600341,0.23664628184093206,0.22326356088102228,0.13991779777589952,0.8003944380914501,0.7733969737648951,0.6021064319925753,0.6673875934304513,0.5735925355077147,0.7748968328941481,0.7719468337227995,0.906378958882315,0.6454697625084937,0.6932580917814348,0.25465287790649493,0.12362651021727245,0.7650441671224251,0.36252672400934716,0.6631283249639537,0.7053812625333532,0.35106647441952954,0.9114337327433335,0.4544158835910439,0.20610218929713786,0.43178541241982793,0.9824823082914865,0.4979449443974875,0.6040371898771939,0.12984139611196732,0.8257760320853843,0.3239944314622383,0.25200119325809167,0.6883193291237839,0.7139329455244535,0.5664827060441837,0.37290972671075084,0.3587977924725302,0.6956694675085766,0.648411475165316,0.1570128772435737,0.6462486948739621,0.549470491721772,0.5437279371550738,0.44835844147234793,0.5831468867564925,0.7778882646381279,0.6099786207925223,0.6774888546379623,0.8137771590513598,0.36141633106282833,0.5409022357016192,0.6882033179204163,0.17752200069606705,0.1046835380102421,0.5925272212002188,0.4004541009960392,0.645892374749333,0.5182800510449295,0.12911218283365644,0.8781633769203998,0.19633238867067737,0.6554218664545319,0.1908550025688195,0.31011451963075287,0.706201627471453,0.1450554367821807,0.6605429324317607,0.6212399940337097,0.5530254064535376,0.2706624239712292,0.22130794345282478,0.7573791411856345,0.7186976913770531,0.7444770380682477,0.1049238469315037,0.27016523309965357,0.4517559124281144,0.15807355110293497,0.3928139346028273,0.45774706243060037,0.5860885994133147,0.5075241551898442,0.688634216675782,0.0,0.7151179171017087,0.38580354331361133,0.13380235005551966,0.4631995889888795,0.08182933094681721,0.7482391156631698,0.7462254926332885,0.413455642287741,0.6322693448681616,0.6348961699729859,0.5852516614461626,0.8303336150748273,0.6441356336697659,0.8134871310429408,0.8483236381113376,0.0533982996072192,0.10572763884055092,0.4030643530718109,0.270272957788495,0.6404398481910538,0.8018860107061768,0.6681499527668672,0.8011982300004972,0.5442251280266495,0.699630421452129,0.609622300667893,0.7595336349624621,0.7251280266494307,0.7122756426192015,0.8014551119508113,0.8146803891347222,0.1284824077296608,0.2657568073716833,0.7249540098443793,0.5466696498118961,0.37876829248081667,0.5946734284625201,0.6209085334526592,0.6762955965461808,0.7432506339183613,0.70897760983775,0.7327930525862212,0.5476308854969424,0.6738842208190391,0.6660451780771972,0.7435572349558329,0.31552561361640064,0.5215200782246971,0.1744725633504035,0.3919769966356751,0.6507731318053,0.6364291751603441,0.7386350453272346,0.6853859029814879,0.2179104724970582,0.7617212747973948,0.08156416248197695,0.5601932415187523,0.0609638873696946,0.8326621256567063,0.7653424816453703,0.794908765475066,0.7617709938845523,0.8034770214952187,0.3952004507863902,0.8679875370821525,0.6971941861814084,0.5103581431578249,0.7277134191816238,0.5433716170304447,0.8353718159067933,0.815567046189032,0.5125209234491788,0.7360413662805151,0.7086627222857521,0.5810835446394538,0.8608279885314639,0.6711413845108471,0.5737582657982401,0.8026980891297503,0.703972555063889,0.45161504168116806,0.5259533634962462,0.7533270355822934,0.641301645701785,0.5383334161984785,0.7122259235320441,0.772949501980477,0.9910671373406919,0.7401100449129088,0.6544523442549595,0.6074595203765392,0.5240557516697326,0.7342846252009481,0.8185501914184856,0.25837352292878557,0.5792853709872553,0.5087091267670993,0.7046851953131474,0.6153151361474337,0.06790798654270036,0.7960854505377948,0.5731284906942442,0.7068479756045012,0.8100150814564377,0.6306369015064883,0.6964649729030975,0.7941464061386501,0.7031439036112631,0.555909113508676,0.6150168216244882,0.6914267720711313,0.6101194915394688,0.8051094648568919,0.8158405011683986
85,0.9725467773745008,0.9183944049453919,0.673817928702829,0.7264290094300535,0.7705878453404928,0.9062049420772635,0.8954324731931256,0.9376605512189463,0.9006364043156168,0.8911897777556804,0.9148229171845739,0.9355226304711713,0.7180844893021098,0.9155024113757272,0.9074064866835712,0.8416281343741197,0.778783208206964,0.9723064684532392,0.8725616931006481,0.9274515653225941,0.07125573841130939,0.8755531248446279,0.7811697243905269,0.8695702613566683,0.8172823546959678,0.41904903959296635,0.9686106829745273,0.3501383847925885,0.9280730539120635,0.7821889656772569,0.6616864714363844,0.5277183910903396,0.6417988365733607,0.9148726362717314,0.04446543694791105,0.9092295198793484,0.9332769850345548,0.8963688493345929,0.9013241850212964,0.9108619632410216,0.7558709955418552,0.9011418817017187,0.2927542716982383,0.9220073252788413,0.911160277763967,0.21474502394802697,0.9421021230050217,0.8821160443494258,0.9198031124148561,0.9525928503952668,0.5670627620610219,0.9114088731997548,0.941157460349028,0.8040073584248995,0.721440527685245,0.9009512918676147,0.42097979747758507,0.9115497439467012,0.5313893170254729,0.7613649546727657,0.7866719700359635,0.7057210096289299,0.9296143456139478,0.726288138683107,0.6285901324185021,0.9058900545252656,0.7921742156814001,0.8804670279587001,0.8933691310760868,0.2824872802002022,0.8520608561626809,0.7693117221034489,0.9242861167735628,0.9279653292232222,0.9536120916819968,0.7735627040554203,0.8365236414259434,0.8576708264969589,0.6192595170619334,0.4455575995624721,0.8729677323124347,0.8936591590845059,0.6797842191617363,0.8971063491274301,0.7151179171017087,0.0,0.8539004623875106,0.7707204295729131,0.8169343210858648,0.7669666384925173,0.9186347138666535,0.9111271317058619,0.854869984587083,0.8803841628134375,0.1516432158305574,0.22542634117237603,0.9390112530867267,0.8894910422777972,0.9333515636652912,0.9538192545451533,0.7126071032002519,0.8076699978455063,0.8032201395449047,0.7536253501052387,0.8867979250567627,0.9036609821177017,0.9167536750691924,0.9481927111818227,0.8866736273388688,0.9272941215465951,0.2538490859974477,0.9054425827408477,0.9128175806692189,0.9361855516332721,0.9078125258953579,0.9274764248661728,0.7913869968014056,0.7927211256401333,0.9078290989244104,0.2856361557201811,0.49398399045393526,0.3220802466066722,0.9329620974825569,0.9057491837783191,0.9419943983161803,0.8840882348066756,0.8912312103283117,0.9025174431130778,0.9130496030759542,0.934495102669915,0.9562472033013474,0.669674671439699,0.4298712275642619,0.5658363579111354,0.8255522961931753,0.8725368335570692,0.9065944082599977,0.9525099852500042,0.27423391173204736,0.8276736439118978,0.9392101294353569,0.7344669285205256,0.9119723561875404,0.7362568156581979,0.9386963655347288,0.9008518536932996,0.903893004524437,0.8943220802466068,0.9091383682195595,0.4944480352674059,0.713311456934984,0.9026168812873929,0.9009015727804571,0.9199854157344338,0.4297220703027892,0.948615323422662,0.9418949601418652,0.3216742073948855,0.9520956595236912,0.9187838711281261,0.9321831651170885,0.5463961948325295,0.9274018462354365,0.8474535540860804,0.9201594325394853,0.06881950314058882,0.451929929233166,0.9430633586900679,0.9286862559870068,0.909851008468818,0.3485059414309153,0.8697442781617197,0.9440825999767978,0.987793964102819,0.8752465238071563,0.8746996138484231,0.9198196854439086,0.8974792422811118,0.932995243540662,0.9542750128440975,0.6479805764099504,0.9049122458111669,0.9173585906296093,0.9114254462288073,0.2366297088118795,0.7400686123402775,0.9117486202953314,0.9004458144815128,0.9210212300502163,0.940295662838297,0.9072158968494672,0.2599479606887751,0.890982614892524,0.9235900495533569,0.8649795323091202,0.8540247601054045,0.8932448333581929,0.8723213841793865,0.9705994464608297,0.9179055005883426
86,0.556547175127198,0.2726843335156367,0.48071728069739306,0.48729677323124343,0.22583238038416276,0.7253351895125872,0.6643298695702614,0.25621902915195816,0.4304015644939425,0.2698089129750244,0.6248529143671591,0.586734947546363,0.9711049238469316,0.39184441240325496,0.49545070352508325,0.15301049072739015,0.26277366214222964,0.5478629079036776,0.13278310876878985,0.39885480369247095,0.8457465320936708,0.07436318135865683,0.9692321715639968,0.15592734384063378,0.16882116044349427,0.6662523409403537,0.9934205074661496,0.7404332189794329,0.2709690250087009,0.39394918709292504,0.924518139180298,0.5953777821972523,0.5288702166094899,0.45792107923565184,0.852574620063309,0.2686985200285056,0.09077876663517803,0.052213328029964035,0.5131341255241221,0.47746896700309915,0.4397404663650375,0.37894230928586814,0.7315169293491771,0.211877889921941,0.09590811912693276,0.7811034322743168,0.6020152803327865,0.303294718175641,0.42584398150449954,0.6510714463282454,0.629418783871128,0.26271565654054596,0.42515620079882,0.19975471917002263,0.47256335040355335,0.31434064203914547,0.6656971444670943,0.38973135119905866,0.72351215631681,0.4009264323240359,0.9351911698901209,0.4667627902351712,0.36953711529856315,0.47541391140058664,0.5647673975372479,0.5235585607981571,0.2459106050812907,0.40893949187092915,0.36971941861814084,0.7105851936558445,0.09918129236480555,0.15316793450338917,0.5872818575050962,0.4408425727970302,0.4901141881701718,0.3202986459835264,0.12465403801852859,0.1543446195661181,0.5090405873481497,0.6499279073236215,0.1217454714198114,0.2938232320721259,0.706011037637349,0.5178408657750377,0.38580354331361133,0.8539004623875106,0.0,0.25278841213808656,0.22185485341155808,0.30508460531331316,0.5650491390311407,0.5655794759608213,0.12921162100797168,0.3821160443494258,0.7915941596645619,0.7700326488672335,0.7084721324516482,0.41205522133280303,0.6709756542203219,0.698553174563715,0.40168050514592557,0.334568023997746,0.5772054558411641,0.1392714496428512,0.41658794477866723,0.6975836523641425,0.4346525464459139,0.6241154145743217,0.2458111669069757,0.5088499975140457,0.7711679013573312,0.587563598998989,0.5410348199340393,0.47915941596645617,0.7034090720761035,0.6988266295430816,0.29772618041399435,0.13140754735743043,0.5496610815558759,0.7622433252125492,0.6365451863637117,0.7957457034422182,0.34273852732063836,0.4455327400188932,0.542112066822453,0.5338752713833508,0.5561245628863588,0.2702895308175475,0.4513415867018016,0.35541689454581615,0.5133081423291734,0.5666650093637614,0.7443775998939326,0.54449029649149,0.14198942640746437,0.43328527154908114,0.3780722252606109,0.5167719054011504,0.835330383334162,0.16074180878039068,0.5685460481612226,0.43439566449559985,0.23302507499295644,0.39481098460365605,0.6757321135583951,0.6318550191418485,0.6722849235154709,0.6081887336548502,0.7171729727042212,0.6370755232933922,0.9474717844180381,0.4913654518636371,0.15869503969240462,0.515810669716104,0.7262301330814234,0.6926200301629128,0.6851207345166477,0.6965229785047813,0.49391769833772514,0.43883723628167526,0.32493080760370563,0.9534877939641029,0.3642005999436517,0.3195528596761631,0.6784169442649033,0.8489202671572285,0.6511294519299292,0.2326770413828536,0.5457167006413763,0.38439483584414724,0.7451399592303485,0.5565306020981455,0.5961567145627207,0.9969588491688626,0.6298331095974411,0.46863554251810613,0.2724688841379539,0.19795654551782438,0.5463133296872669,0.6583552925968279,0.5012678367225178,0.29012744659341383,0.1674787450902402,0.5200285056099703,0.769692901771657,0.3750062148858947,0.6576675118911484,0.2897131208671009,0.5223901622499545,0.6625897015197468,0.3104956992989609,0.8266129700525365,0.7199406685559919,0.4808001458426556,0.27512056878635716,0.4054923018280051,0.4689670030991564,0.3723793897810703,0.6021312915361541,0.7076269079699697
87,0.7679278741775635,0.5009943817431513,0.29122955302540643,0.2594839158753046,0.07354281642055716,0.804123369628267,0.7741096140141535,0.5131092659805433,0.6401415336681084,0.44971742985465446,0.7538573725119742,0.77540231028025,0.926399177977759,0.5849284873796383,0.6703210195727474,0.1461989757868044,0.07382455791444997,0.7592021743814117,0.22265035880607897,0.6098957556472596,0.7190208654435772,0.2402094830872239,0.9214438422910556,0.34062546611644207,0.11655811332637256,0.4956412933591873,0.9887220537297602,0.5552296193175227,0.4756210742637432,0.19020036792124506,0.8659987735958502,0.3872868294138119,0.29840567460514755,0.6557864730936873,0.7633288586154892,0.44943568836076164,0.30036129203334494,0.25045990155620745,0.7022323870133744,0.650101924128673,0.19605893369131078,0.5930244120717945,0.5616765276189529,0.4337410298480253,0.32744990801968876,0.6429672351215632,0.7820315219012579,0.5348116475248181,0.6121911201710336,0.8098327781368602,0.4380831634597855,0.49763005684548967,0.6516183562869786,0.0965296077164024,0.2248048525829066,0.5261605263594027,0.46773231243474367,0.573791411856345,0.564643099819354,0.14614097018512073,0.8896070534811648,0.24140274117900518,0.5656374815625052,0.23450007457863076,0.3826132352210012,0.7148610351513947,0.09487230481115039,0.6250186446576841,0.5474402956628384,0.5907953396642305,0.16266428015048318,0.10036626394206061,0.7607268930542435,0.6761712988282869,0.7190871575597872,0.100026516846484,0.15368169840401724,0.33421999038764316,0.22700077893236537,0.4793168597424552,0.3544556588607699,0.5290856659871725,0.5261108072722451,0.6988266295430816,0.13380235005551966,0.7707204295729131,0.25278841213808656,0.0,0.3543562206864549,0.1267753857372511,0.7480899584016971,0.7466895374467593,0.2932680355988664,0.6091914019125275,0.6797676461326837,0.5960489898738792,0.8231077744079285,0.6096637332405244,0.8160973831187126,0.8455145096869355,0.13420010275278016,0.11064154195462295,0.44082599976797754,0.15888562952650864,0.6082384527420077,0.811423788925902,0.6232121844909595,0.7991597474270373,0.4064618240275776,0.7139578050680323,0.629029317688394,0.7604782976184559,0.725583784948375,0.6808448930210975,0.8114900810421121,0.8069159250236166,0.08610517244236715,0.13876597225674925,0.7330167884784302,0.6049818525331876,0.4625283813122525,0.6481380201859495,0.5684134639288023,0.6520078224697128,0.7468304081937055,0.713725782661297,0.744675914416878,0.4769966356751023,0.6488092278625766,0.5465950711811598,0.7058618803758763,0.3752216642635774,0.5721921145527769,0.29601087190705855,0.31221929432042284,0.6088930873895821,0.5809426738925073,0.720835612124828,0.7421982465735263,0.11266345149903045,0.725360049056166,0.15797411292861996,0.4334344288105536,0.14666302060027525,0.8374600175674108,0.7702315252158638,0.7973201412022076,0.7565836357911135,0.8168265963970235,0.45831883193291234,0.8890767165514842,0.6894711546429342,0.40280747112149695,0.705596711911036,0.5782992757586304,0.8289000480617843,0.815343310296823,0.5339912825867184,0.6883359021528366,0.6638906843003696,0.5293922670246443,0.8930459570095627,0.6100697724523111,0.4638127910638228,0.8020434544821757,0.7312683339133893,0.4514078788180116,0.4774523939740466,0.7480070932564344,0.5923863504532725,0.5724241369595121,0.6914847776728152,0.7762143887038234,0.9948457879646664,0.7532275974079783,0.6596314158338721,0.4787036576675119,0.37334062546611646,0.7355193158653608,0.8141086196324102,0.30878867730655135,0.47801587696183234,0.39310396261124647,0.7108586486352111,0.6476242562853212,0.1691360479954921,0.8041399426573195,0.4774772535176254,0.6989426407464492,0.809128424402128,0.5646016672467227,0.7491340592320058,0.8002867134026086,0.6642138583668937,0.4326389234160327,0.5917234292911716,0.6209002469381328,0.5679742786589105,0.8094184524105471,0.8152272990934554
88,0.5355242877740765,0.14246175773546133,0.4902219128590133,0.5334609456570377,0.3458708298115647,0.7008733986310678,0.6210162581415005,0.1617196174944895,0.30400735842489923,0.11456106332554405,0.5675185203599662,0.53423159150798,0.9222393476855765,0.25737914118563454,0.4256202456122906,0.24456818972803673,0.39851505659689423,0.4932299176320456,0.27496312501035813,0.26657717230978306,0.8111917665191668,0.19415303535027095,0.9135550804620561,0.09870896103680882,0.28946452543131307,0.6899020533982996,0.9748089958401698,0.7303485308009745,0.16307860587679612,0.5033477518686091,0.8743681532673727,0.5650657120601933,0.5779761016921063,0.3368633885215201,0.81289050199705,0.11815741062994078,0.1941944679229023,0.2044283133628333,0.40982614892523905,0.36200467359419275,0.5069192396294271,0.24112099968511247,0.7362236696000929,0.1752100631432406,0.13762243325212542,0.7330830805946402,0.5430235834203418,0.1612307131374402,0.31718291652165265,0.6116193506687218,0.633015131175525,0.11675698967500281,0.3309551036642968,0.3074628349823497,0.5265002734549794,0.1938298612837468,0.6823530386648768,0.27928868559306586,0.705820447803245,0.4721821707353453,0.8823149206980561,0.5273206383930791,0.2347901025870499,0.5409685278178292,0.5935381759724225,0.451358159730854,0.3655430152969059,0.31270819867747224,0.21173701917499477,0.6887750874227283,0.27502113061204203,0.3118298281376888,0.533469232171564,0.35351099620477633,0.38899385140622145,0.47968146638161047,0.28880989078373864,0.09526177099388455,0.5179568769784053,0.6599545899003961,0.10818873365485027,0.16759475629360787,0.6995226967632874,0.4173668771441357,0.4631995889888795,0.8169343210858648,0.22185485341155808,0.3543562206864549,0.0,0.42343260577735786,0.5091648850660435,0.49621306286149924,0.12939392432754926,0.25180231690946153,0.7572465569532144,0.7417507747891082,0.6947082318235305,0.2810702862162118,0.6312501035814315,0.6528281874078126,0.47284509189744606,0.472364474054923,0.6157128888446941,0.2575614445052121,0.2817580669218913,0.6439367573211356,0.34248164537032433,0.5878287674638294,0.08792820563814441,0.3830358474618406,0.7512471204362022,0.49514410248761165,0.4909262665937453,0.3609522862493577,0.6741742488274582,0.6748205969605066,0.42327516200135906,0.28997000281741503,0.48539916140472994,0.7733555411922637,0.6481711662440544,0.77221200218764,0.20759376191186463,0.320348365070684,0.4349260014252805,0.4117320472662789,0.4651469199025505,0.12196092079749421,0.3444869818856793,0.21160443494257453,0.4306750194733091,0.586312335305524,0.6917499461376556,0.5902898622781285,0.125109796317473,0.2772584895341321,0.23337310860305938,0.41006645784650064,0.7824624206566235,0.30278924078953906,0.46263610600109384,0.4851754255125209,0.1162929448615323,0.44573161636752345,0.6709093621041118,0.565886076998293,0.6389648486053796,0.5454681052055884,0.6948573890850032,0.6539551533833841,0.8883557897876995,0.36028107857273073,0.10800643033527246,0.4518719236314821,0.7297850478131889,0.6361474336664512,0.6592668091947166,0.685452195097698,0.35682560201528035,0.3225525779346692,0.16558941977825292,0.8866984868824476,0.25460315881933737,0.11820712971709846,0.6474916720529011,0.795961152819901,0.6760055685377616,0.14428479093123836,0.457382455791445,0.27466481048741276,0.7335968444952684,0.439276421551567,0.5519730191087024,0.9875785147251364,0.5645602346740914,0.3557732146704453,0.15586105172442377,0.0909859294983344,0.497480899584017,0.621090836772237,0.5785478711944183,0.13052917681764709,0.14293408906345806,0.447181756409619,0.7541556870349194,0.5006877807056795,0.5925603672583237,0.12081738179287038,0.46321616201793203,0.6245463133296874,0.20309418452410555,0.7682261887005088,0.6920068280879696,0.37658065264588414,0.09967019672185495,0.24615091400255218,0.3295463961948325,0.23317423225442924,0.5417971792704552,0.6751934901141883
89,0.7488357447090606,0.4938762657650939,0.23335653557400682,0.20611876232619042,0.13404265897678114,0.7497472613069491,0.721912859013242,0.5346376307197667,0.6030676676776214,0.5136644624538027,0.7315500754072821,0.7298264803858201,0.9234988978935681,0.5976317141483949,0.6646281840932068,0.2594259102736207,0.12291386996801412,0.7336382770678997,0.31651170884502555,0.5920963224448532,0.7216228310048227,0.3051343244004706,0.9277333068164869,0.3960291022390162,0.23572647872851715,0.48653441389482754,0.9901390477137507,0.4986907307048509,0.5156863719982101,0.13323058055320758,0.8635211057524984,0.3130230862294703,0.25199290674356556,0.6417325444571504,0.7369777424219826,0.5095046321616201,0.359013241850213,0.3167437312517608,0.6745637150101924,0.5944414060557849,0.16186877475596217,0.6074346608329604,0.5910687946435971,0.4686521155471586,0.404912245811167,0.6373655513018115,0.7425131341255241,0.558933691310761,0.6248363413381064,0.7609340559174,0.3932282603291404,0.49698370871244135,0.6420640050382008,0.176303883060707,0.1578332421816735,0.5215697973118548,0.4015976400006629,0.5875138799118316,0.5535060242960606,0.13224448532458277,0.8890352839788529,0.1906809857637679,0.5803957639337742,0.18918112663451492,0.34260594308821823,0.6848307065082285,0.18288337559455736,0.6220769320008618,0.5514426821790219,0.5889474469248746,0.23955484843964925,0.1897528961368269,0.7084306998790169,0.6699149803609605,0.7110078058966838,0.11465221498533296,0.26406635840832626,0.4186678599247584,0.19535457995657868,0.4387295115928338,0.38994680057674147,0.5331460581050399,0.5247601054044648,0.6548583834667462,0.08182933094681721,0.7669666384925173,0.30508460531331316,0.1267753857372511,0.42343260577735786,0.0,0.7072623013308144,0.6988017699995028,0.3647060773297536,0.5838346674621722,0.6688211604434944,0.6261870432058868,0.7755183214836177,0.608951092991266,0.766958351977991,0.8000961235685047,0.1287890087671324,0.13821077578349006,0.42035830888811543,0.26877309865924204,0.6068546048161223,0.7548931868277566,0.6042360662258242,0.7575780175342648,0.49706657385770403,0.6791544440577405,0.6419811398929383,0.6828833755945574,0.6840434876282337,0.6769253716501765,0.7530535806029269,0.7573542816420558,0.10747609340559183,0.2506836374484164,0.6927028953081755,0.5581961915179237,0.43543976532590856,0.6357248214256119,0.5513266709756544,0.6443842291055537,0.7252606108818509,0.6778866073352228,0.7069722733223952,0.47842191617361907,0.6335454681052056,0.6095394355226305,0.6783672251777457,0.3078854472231889,0.5516995641293359,0.23011650839423925,0.3953910406204941,0.6031671058519366,0.5422943701420309,0.6947082318235305,0.7394305507217553,0.2303485308009745,0.7317655247849649,0.10160095460647334,0.4977875006214886,0.0907456205770728,0.7758000629775104,0.704129998839888,0.7435572349558329,0.7203384212532524,0.7541722600639719,0.44382571802648363,0.8855135153051924,0.6698404017302243,0.4350502991431744,0.6507731318053,0.5600938033444374,0.7813768872536834,0.7621273140091815,0.5336681085201943,0.6967964334841479,0.6773645569200684,0.5179320174348265,0.8722550920631764,0.6030759541921478,0.5078473292563682,0.7475430484429639,0.7284923515470922,0.4124198279719584,0.47783357364225454,0.6862062679195876,0.5818376174613435,0.5744957655910772,0.6608081008966009,0.7304065364026583,0.9963373605793931,0.7017517691708515,0.6266510880193573,0.5371152985631185,0.45758961865460157,0.7093753625350105,0.7669086328908334,0.22553406586121738,0.5049470491721773,0.44851588524834685,0.686852616052636,0.6480220089825818,0.10740151477485549,0.7559787202306966,0.5056182568488043,0.6670727058784534,0.7522580752084059,0.5742223106117106,0.746590099272444,0.7475181888993851,0.6739173668771442,0.4741792207361739,0.5921626145610634,0.6560599280730539,0.577106017666849,0.7687399526011369,0.7682013291569301
90,0.11391471519249574,0.4271118182270175,0.7375826579823995,0.7857521669235485,0.7032101957274731,0.39386632194766236,0.26969290177165695,0.401697078174978,0.24638293640928755,0.4075970765176752,0.1187374666467792,0.08163045459818696,0.9587994497754355,0.27196340675185193,0.09370390626294756,0.6375727141649679,0.7254677737450073,0.09536949568272601,0.6331808614660501,0.2786340509454913,0.9124446875155373,0.5989824160161753,0.9567195346293443,0.548509256036726,0.6941447488357448,0.8683272841777292,0.9898158736472266,0.8571984951689621,0.3889192727754851,0.787069722733224,0.926780357645967,0.8402194269046555,0.8014385389217588,0.20396426854936278,0.9149389283879414,0.4346442599313878,0.5649662738858781,0.6088102222443196,0.09727539402376562,0.13046288470143685,0.7925139627769768,0.3248645154874956,0.8655678748404846,0.4662655993635957,0.5572018097747725,0.8712109912328677,0.11810769154278322,0.3806741908218565,0.21981637083809802,0.14252804985167145,0.8222625499262501,0.4026168812873929,0.20828154261754417,0.6838528977941298,0.8073799698370872,0.32799681797842184,0.8379654949535127,0.24308490362783608,0.8589718092775818,0.7620361623493925,0.9289514244518471,0.8028886789638542,0.32514625698138855,0.8044879762674224,0.8042890999187922,0.08209449941165736,0.7250368749896419,0.20514924012661795,0.33869470823182346,0.8494754636304878,0.6449477120933393,0.6388488374020119,0.09171514277664516,0.17381792870282897,0.1620925106481711,0.782992757586304,0.6742156814000895,0.5557765292762558,0.821367606357414,0.8526160526359403,0.533054906445251,0.3737466646779031,0.8672251777457366,0.11372412535839183,0.7482391156631698,0.9186347138666535,0.5650491390311407,0.7480899584016971,0.5091648850660435,0.7072623013308144,0.0,0.042004342133611594,0.5729710469182453,0.29436185551633276,0.8789008767132369,0.8647143638442798,0.2914118563449841,0.23278476607169485,0.24654866669981268,0.24023434263080246,0.7573377086130032,0.7632542799847529,0.8071645204594045,0.7096488175143771,0.253376754669451,0.26029599429887806,0.1864465768408492,0.14883408740615534,0.4672516945922206,0.12607931851704524,0.8885795256799086,0.05805532077097719,0.052147035913754025,0.18076202787583484,0.3440312235867349,0.24521453786108482,0.7521503505195645,0.6475993967417425,0.08049520210808925,0.892449327963672,0.829911002833988,0.88977278377169,0.33198263146555296,0.21663434926001424,0.10331626311340902,0.09881668572565006,0.06382273488125423,0.41833639934370803,0.19518884966605343,0.32799681797842184,0.13125010358143163,0.8211272974361524,0.8712607103200252,0.7872188799946966,0.5771308772104278,0.2906660700376208,0.30887154245181403,0.31047083975538203,0.8824060723578449,0.6878055652231558,0.11248114817945276,0.7916107326936145,0.4153864001723595,0.794784467757172,0.27481396774888545,0.14381245960324163,0.25808349492036653,0.10426092576940293,0.36608163874111266,0.8407331908052835,0.9367407481065315,0.16664180712308796,0.5059745769734335,0.06524801537977076,0.8976946916587945,0.2068811216626063,0.27473110260362277,0.851936558444787,0.20441174033378084,0.19123618223702754,0.3802432920664909,0.9469663070319363,0.2964334841478977,0.45513681035482856,0.2645718357944281,0.9100830308755532,0.8584911914350586,0.43555577652927624,0.07488523177381123,0.24277001607583815,0.8865493296209749,0.10054028074711208,0.12684996436798746,0.9955335686703459,0.1916256484197617,0.20104741543611926,0.39248247402177694,0.5062646049818527,0.0861134589568936,0.1629791677024809,0.8218979432870945,0.41680339415635004,0.46432655496445085,0.0537049006446908,0.8854637962180348,0.7980742140240972,0.1379787533767547,0.4091383682195595,0.08836739090803625,0.20150317373506366,0.3312285586436632,0.8726942773330681,0.3730423109431711,0.1382273488125424,0.42793218316511705,0.35550804620560505,0.2250451615041681,0.28854472231889816,0.11081555875967442,0.33151858665208245
91,0.1129203334493446,0.42018429208306407,0.735627040554202,0.7879398067584813,0.7017932017434827,0.3877260146837037,0.2752365799897246,0.3917118281708347,0.22485457167006417,0.40250087008402524,0.1270737002601965,0.10870249755547823,0.9527751537148446,0.2682759077876664,0.09381991746631524,0.6317970135401647,0.7290806940784567,0.11359154112597158,0.6342498218399377,0.270272957788495,0.9052022738195861,0.6016341006645785,0.9494191153317092,0.5464542004342134,0.6817895556770911,0.8626095891546098,0.9874625035217687,0.8526409121795191,0.3875602843931786,0.7949170519895922,0.9198279719584349,0.833482490594806,0.7987205621571455,0.18452410547075693,0.9075224978869388,0.42435240888977277,0.5706011037637349,0.6140555859394421,0.10541275128855299,0.14134307827441628,0.7935580636072855,0.31234359203831685,0.8602147864565207,0.47158554168945455,0.5512438058303917,0.8639105719352326,0.13011485109133392,0.3573062198578034,0.22016440444820096,0.14483170088997166,0.822038814034041,0.40636238585326234,0.2006330897098062,0.6816321119010922,0.8071893800029832,0.3309799632078756,0.8356038383135286,0.23210527188054153,0.853975041018247,0.7726014683703741,0.9223056398017866,0.8024743532375413,0.31617196174944895,0.797494158007259,0.800618173983659,0.09877525315301883,0.7212416513366148,0.19239629427070382,0.32238684764414394,0.8416115613450671,0.64439251562008,0.6343989791014104,0.12320389797643316,0.15625880442168405,0.14970417143141246,0.7866719700359635,0.6770828154261754,0.5519481595651237,0.8155753327035583,0.8460945657037737,0.5288039244932796,0.3632973698602895,0.8644906279520708,0.09127595750675344,0.7462254926332885,0.9111271317058619,0.5655794759608213,0.7466895374467593,0.49621306286149924,0.6988017699995028,0.042004342133611594,-2.220446049250313e-16,0.5729959064618241,0.2689471154642933,0.8724705414408592,0.8605296740085187,0.3085980874724472,0.21791875901158453,0.24864515487495642,0.24571172873266045,0.7580669218913141,0.7789572250120155,0.8028969654783805,0.6949319677157394,0.2298596264439251,0.2711264687846998,0.16856427849318023,0.17623759094449698,0.44285619582691127,0.11698072556721195,0.8811630951789059,0.0546247037571056,0.07798438820663256,0.16611147019340722,0.3478927393559721,0.266195992641575,0.7536253501052388,0.6407878818011568,0.09483915875304516,0.8851571951805632,0.8265466779363264,0.882223769038267,0.3242181673544473,0.20174348265632513,0.10230530834120555,0.09174000232022417,0.06812343592038317,0.41674538855466614,0.18293309468171493,0.3304330532491424,0.12630305440925438,0.8178044051111222,0.8637116955866024,0.7864233746001756,0.5747112149687599,0.2682427617295613,0.29913488788345843,0.31258390095957833,0.8748321980808433,0.6848389930227547,0.1009794660170038,0.7887767447256335,0.4146737599231012,0.7906577835230945,0.2728086312335305,0.1474170934221648,0.2690382671240823,0.11650839423921522,0.3606042526392549,0.835330383334162,0.9293823232072126,0.15015164321583052,0.511286232784766,0.09311556373158325,0.893725451200716,0.2120270471834137,0.28459205488987216,0.8460448466166162,0.18955401978819675,0.18862593016125562,0.38057475264754137,0.9393924327549347,0.29224050779761024,0.4522779628432688,0.27162365965627533,0.9025837352292879,0.8551102935083446,0.4410248761166078,0.0696067220205836,0.24348265632509647,0.8789423092858681,0.12973367142312597,0.1379207477750708,0.9941414342299343,0.18652944198611188,0.17666020318533615,0.38866239082517107,0.49885646099537617,0.11161935066872164,0.17187888430368414,0.8207792638260495,0.3967583155173271,0.4571338603556573,0.08539253219310883,0.8781219443477685,0.7956628382969556,0.15877790483766718,0.388181772982648,0.10630769485738911,0.2194683372279953,0.31461409701851206,0.8649546727655414,0.36693514973731745,0.1386499610533818,0.406155222990106,0.34738726196987013,0.20529839738809075,0.2778302590364441,0.1149173834501731,0.33185833374765905
92,0.5879364921526709,0.18309053845771395,0.4902219128590133,0.49780407365054113,0.2856775882928124,0.7469629924261256,0.6837368865907623,0.23827043868807896,0.38791660451780774,0.20190092643232405,0.6296839523359685,0.6034239878022507,0.9441488920930079,0.32848572233547135,0.47768441638078196,0.14742537993669091,0.29184275510034974,0.5630603755448382,0.15223155836192181,0.3472795372810289,0.8107691542783275,0.09552693945872481,0.9372710850362121,0.07513382720959916,0.19531314738394734,0.7003513482159134,0.989766154560069,0.7429357463663634,0.21966721357662544,0.4505212217637018,0.8991779777589951,0.5797079832280946,0.5291436715888562,0.42060690432390324,0.8526574852085715,0.20022705049801948,0.10975488490031315,0.09657104028903363,0.49731516929349184,0.4438091449974312,0.4732925636818641,0.34021942690465534,0.7471452957457034,0.1427600722584067,0.06088102222443181,0.7466149588160228,0.5962395797079831,0.24436931337940626,0.3938497489186099,0.6672964417706625,0.62476176270737,0.1942607600391123,0.4112514294237558,0.2532027378643995,0.4945723329852997,0.27892407895391036,0.6809857637680439,0.3690979300286713,0.7260063971892143,0.43044299706657385,0.9074230597126237,0.4949700856825603,0.30876381776297257,0.5059165713717496,0.5654468917284012,0.5264588408823481,0.2999221067634532,0.39941000016573025,0.2909063789588823,0.7057707287160875,0.16658380152140417,0.21235850776446408,0.5963307313677721,0.4337907489351829,0.46858582343094846,0.3652115547158554,0.1733041648022008,0.042286083627504745,0.49275758630404887,0.6702381544274847,0.062090853345265984,0.25210891794693313,0.7115878619135219,0.4940005634829878,0.413455642287741,0.854869984587083,0.12921162100797168,0.2932680355988664,0.12939392432754926,0.3647060773297536,0.5729710469182453,0.5729959064618241,-2.220446049250313e-16,0.33262897959860127,0.7689056828916621,0.7521752100631434,0.734408922918842,0.37003430617013866,0.6797759326472099,0.7096653905434296,0.4224713700923117,0.3511990586519498,0.5750012429771789,0.17188717081821037,0.3720976482871774,0.6923962942707038,0.4176237590944496,0.6409701851207346,0.14462453802681519,0.47324284459470656,0.778335736422546,0.5472828518868393,0.554699282387842,0.4408508593115563,0.7377152422148197,0.6967881469696218,0.3436914764911583,0.17808548368385302,0.5556107989857306,0.8072390990901408,0.6456852118861764,0.8067253351895127,0.28928222211173527,0.41536982714330695,0.5192247137009232,0.5178325792605115,0.554442400437528,0.207858930376705,0.4229519879348349,0.29893601153482807,0.5008700840252573,0.5630769485738909,0.6987189048542404,0.5623311622665275,0.0373390344553276,0.38372362816752026,0.3240358640348697,0.44867332902434587,0.8154344619566118,0.20244783639105723,0.5460398747079004,0.45084439583022584,0.17714910754238555,0.41135086759807094,0.6966389897081491,0.6238916786821127,0.7056547175127198,0.6182237027461509,0.7380052702232387,0.6684234077462339,0.9155355574338322,0.4634233248810885,0.11314406934155352,0.5223072971046918,0.7185733936591592,0.7046354762259899,0.6983708712441373,0.7042211504996768,0.4326969290177166,0.4061635095046322,0.2570311075755316,0.9194633653192794,0.32916521652662456,0.2226835048641841,0.6820712971709839,0.8379572084389864,0.6858996668821161,0.1728152604451516,0.5146754172260064,0.35274863686836044,0.7537993669102903,0.5366429672351216,0.6096140141533669,0.99572415850445,0.619499825983195,0.4485987503936094,0.21898771938547212,0.09923929796648923,0.5561411359154114,0.6733290243457797,0.537579343376589,0.22536833557069225,0.11695586602363317,0.5268483070650822,0.7690714131821874,0.43963274167619626,0.6615787467475431,0.21433898473624013,0.5191418485556605,0.6711579575398996,0.2761729561311921,0.8026980891297503,0.7402592021743815,0.46083793234889536,0.19486567559952928,0.36164006695503736,0.4366081638741113,0.3396476574023435,0.6109978620792522,0.7348066756161025
93,0.3370871244137291,0.1902500870084025,0.6504416712242497,0.6860488241435887,0.5490644525099853,0.5662589701519747,0.47743582094499404,0.16940121646033235,0.10479126269908356,0.15975571355176577,0.37380467027958697,0.343202572134109,0.943610268648801,0.07430517575697315,0.23526243391504675,0.46255324085583127,0.5885165481695089,0.2908815194153036,0.4569598435506057,0.10704519465022633,0.8759591640564147,0.4122872437395383,0.9394587248711448,0.28247899368567597,0.49547556306866203,0.8083494920366596,0.9850345547655746,0.8101890982614893,0.16400669550373725,0.6847395548484396,0.9039841561842258,0.7376655231276621,0.7048260660600938,0.1284492616715558,0.880052702232387,0.17000613202074943,0.3436417574040007,0.41531182154162316,0.19056497456040056,0.18812873928968,0.6800411011120503,0.07118115978057304,0.8179701354016474,0.24377268433351562,0.33789091632277635,0.815533900130927,0.3599081854190491,0.11069954755630684,0.09425081622168086,0.4010175839838247,0.7441787235453023,0.17569068098576368,0.14659672848406502,0.5381096803062696,0.6744974228939824,0.10056514029069086,0.7714082102785926,0.10813901456769259,0.7930857322792887,0.6561759392764216,0.9079451101277781,0.6819304264240376,0.08429871227564256,0.7055884253965098,0.7195512023732578,0.24819768309053836,0.5563317257495153,0.1101609241121001,0.0647011054210378,0.7963589055171614,0.4816536568388604,0.5150234508361093,0.3292480816718871,0.12570642536336363,0.18679461045095225,0.6623825386565902,0.5073832844428977,0.3164702762723943,0.7207278874359867,0.7914450024030892,0.3061701387162532,0.11934238220719595,0.811995558428214,0.20321848224199945,0.6322693448681616,0.8803841628134375,0.3821160443494258,0.6091914019125275,0.25180231690946153,0.5838346674621722,0.29436185551633276,0.2689471154642933,0.33262897959860127,0.0,0.8307810868592453,0.8137108669351498,0.5350188103879746,0.11045923863504536,0.46451714479855477,0.47890253401614213,0.6310015081456438,0.6333631647856278,0.729379008601402,0.5054690995873317,0.10911682328179118,0.48089129750244464,0.1339680803460448,0.38982250285884745,0.2137423556903495,0.1906395531911368,0.8405674605147583,0.31764696133512316,0.26559936359568437,0.1424203251628301,0.5369247087290143,0.48619466679925094,0.6089593795057924,0.5022456454366164,0.2918344685858234,0.8573476524304346,0.7623841959594955,0.8379986410116177,0.12576443096504752,0.1358408326289796,0.21817564096189856,0.2209101907555644,0.2730240806112133,0.15410431064485652,0.11722932100299976,0.11329322660302621,0.21219277747393883,0.7409967019672186,0.8108023003364326,0.7132617378478265,0.32447504930476134,0.07836556787484039,0.08060292679693082,0.18504615588591133,0.8390510283564527,0.5048393244833359,0.25759459056331724,0.672608097581995,0.18026483700425933,0.6681002336797096,0.5082450819536287,0.3830938530635244,0.4753724788279554,0.3526823447521503,0.537231309766486,0.7728169177480568,0.9167536750691924,0.1540048724705414,0.27692702895308174,0.2501698735477883,0.8436334708894745,0.45596546180745456,0.49459719252887846,0.7862410712805981,0.1301977162365966,0.12844097515702946,0.1754503720645023,0.9244435605495617,0.07232469878519698,0.18500472331327988,0.46965478380483594,0.872528547042543,0.7927957042708695,0.2143306982217139,0.2385936127546031,0.09072076103349402,0.8363579111354182,0.28722716650922286,0.36101857836556783,0.9929564626526791,0.4091300817050332,0.12194434776844176,0.15910107890419134,0.2682344752150351,0.30088334244849935,0.41423457465320934,0.7187556969787368,0.1449642851223919,0.25621902915195804,0.23928139346028265,0.8399625449543413,0.6920316876315484,0.3921012943535691,0.1402492583569499,0.2752200069606723,0.434718838562124,0.09077048012065181,0.828759177314838,0.5406867863239364,0.1782677870034306,0.16737102040139884,0.07536584961633441,0.11042609257694025,0.07685742223106118,0.3100316544854902,0.5245363695122558
94,0.94274847113807,0.865228127744908,0.5847710436036394,0.6315318450753244,0.7030278924078954,0.8847760155123552,0.8705646430998194,0.8767629559654618,0.8571239165382257,0.8341868443295382,0.8855715209068762,0.9087737615804041,0.6646696166658381,0.8603225111453621,0.8834418866736274,0.7768193042642404,0.7113972720794179,0.9362352707204296,0.8123187324947381,0.8907257329422099,0.14850262682510473,0.8054574984669949,0.7413364490627952,0.8159067932846087,0.734508361093157,0.34714695304860865,0.9837584315285305,0.26855764928155923,0.8737300916488507,0.6879630089991549,0.5978471635260777,0.4930724738560467,0.57694857389085,0.8755696978736804,0.18452410547075682,0.8454896501433566,0.854231922968561,0.7976018826961004,0.8658910489070089,0.8619963870796666,0.6584050116839855,0.8518868393576294,0.24286116773562716,0.8758928719402046,0.8293226603026235,0.08069407845671961,0.9176486186380285,0.8311539800129271,0.8714513001541292,0.9160658943635129,0.4920117999966853,0.8374600175674108,0.895382754105968,0.7268019025837352,0.6421634432125161,0.8572067816834883,0.30215117917101697,0.8602976516017833,0.46582641409370396,0.6699149803609605,0.7325195976068546,0.6326339515073169,0.8773927310694576,0.6331642884369977,0.5476723180695736,0.8710369744278161,0.7336548500969523,0.84820762690797,0.8406254661164421,0.15971428097913465,0.774507366711414,0.70891131772154,0.8941480634415553,0.8801272808631234,0.9141351364788943,0.7012462917847495,0.7550589171182818,0.7884784302026882,0.5579227365385572,0.384419695387726,0.8090206997132866,0.8289497671489419,0.5942342431926283,0.8611345895689356,0.6348961699729859,0.1516432158305574,0.7915941596645619,0.6797676461326837,0.7572465569532144,0.6688211604434944,0.8789008767132369,0.8724705414408592,0.7689056828916621,0.8307810868592453,0.0,0.11466878801438529,0.9104559240292349,0.8455227962014618,0.91164089560649,0.9360943999734832,0.6228392913372778,0.7098062612903762,0.7193357529955751,0.6940038780887983,0.842373920681483,0.8856792455957176,0.8585243374931636,0.9126104178060626,0.8277979416297917,0.8859775601186629,0.20971510963058715,0.8801024213195446,0.8746913273338969,0.8907588790003149,0.8900296657220041,0.898506770082368,0.7140903893004524,0.7427783025903645,0.8755614113591542,0.22625499262500215,0.4024014319097101,0.31347055801388823,0.8789505958003945,0.8638028472463913,0.9017385107476094,0.8529060806443594,0.8639768640514427,0.8469397901854522,0.8722302325195976,0.890634581282421,0.9190407530784402,0.5996370506637498,0.36831899766320286,0.4888546379621803,0.7837053978355625,0.8329107210924941,0.8576128208952751,0.9130827491340593,0.2677621438870381,0.7457200152471868,0.9045559256865378,0.6409370390626294,0.8430948474452676,0.6636255158355293,0.9130164570178492,0.8707718059629759,0.8842456785826746,0.8698602893650873,0.8919604236066226,0.41797179270455265,0.6623245330549066,0.8728848671671722,0.8365236414259434,0.8814365501582725,0.36641309932216304,0.9193473541159118,0.9126518503786938,0.3033775833209035,0.9092378063938747,0.8827126733953166,0.8753211024378926,0.60289365087257,0.8826463812791064,0.8146555295911434,0.8990951126137325,0.15245529425413085,0.3743101476656888,0.8640763022257578,0.8884137953893834,0.8549942823049769,0.3016705613284941,0.8470889474469249,0.9152786754835182,0.9963622201229719,0.851936558444787,0.8388438654932963,0.8571239165382257,0.8273338968163212,0.8961616864714363,0.9185684217504434,0.5569200682808797,0.8378909163227763,0.8393327698503457,0.8736637995326406,0.13569996188203315,0.6551898440477966,0.8918609854323075,0.8444869818856793,0.880176999950281,0.9181872420822355,0.8505112779462702,0.18400205505560252,0.8732577603208539,0.8824143588723711,0.8234060889308739,0.817224349094284,0.8661893634299541,0.8246324930807604,0.9410994547473442,0.9009678648966672
95,0.9266146273554418,0.8424319262831668,0.526773728434346,0.5496693680704023,0.6443262235038698,0.8799449775435457,0.8644574818939658,0.8572233547125407,0.8407331908052835,0.8235883922504517,0.8776993321069292,0.895159018213759,0.7696929017716568,0.8421336117602215,0.8605793930956761,0.71414010838761,0.6305374633321733,0.9169111188451914,0.7747476756326754,0.8764066358408326,0.24285288122110082,0.7520426258307231,0.84827391902418,0.7943204229437014,0.7046934818276736,0.2566665009363761,0.9928321649347852,0.1436218697691377,0.8577951242148528,0.6140307263958634,0.7229983924161819,0.4348099902219129,0.5029417126568223,0.8598998989045228,0.22475513349574894,0.8339796814663817,0.8219145163161472,0.7839954258439815,0.8507184408094267,0.8439317854124198,0.590588176801074,0.8429539766983212,0.0743217487860256,0.8544888049188751,0.8001458426556622,0.037388753542485054,0.9047465155206417,0.8134291254412569,0.8454730771143042,0.9061635095046322,0.366827425048476,0.8165282818740781,0.870713800361292,0.6922471370092311,0.4979863769701187,0.8207295447388919,0.2536584961633437,0.8432771507648453,0.21128126087605037,0.5964053099985084,0.8187987868542734,0.5489981603937752,0.8576873995260114,0.5523210527188055,0.43834004541009963,0.856112961766022,0.6634432125159515,0.8390924609290841,0.8257594590563317,0.08769618323140915,0.7285254976051974,0.6904075307844014,0.8783539667545038,0.8675649248413133,0.8961616864714363,0.6228890104244353,0.6887170818210445,0.7734218333084738,0.5297900197219045,0.31099289017053644,0.7893402277134192,0.8221051061502511,0.5033228923250304,0.8487793964102819,0.5852516614461626,0.22542634117237603,0.7700326488672335,0.5960489898738792,0.7417507747891082,0.6261870432058868,0.8647143638442798,0.8605296740085187,0.7521752100631434,0.8137108669351498,0.11466878801438529,0.0,0.901059016556456,0.8305904970251413,0.9056248860604252,0.9276835877293292,0.520177662871443,0.6627720048393245,0.6456686388571239,0.6423126004739887,0.8273587563599,0.8811879547224847,0.8405094549130745,0.9030560665572847,0.8177546860239647,0.8753625350105239,0.06354927990188763,0.8721556538888613,0.8527320638393079,0.868285851605098,0.8843699763005685,0.8887701155140125,0.6304794577304894,0.7254014816287973,0.8636454034703923,0.13767215233928298,0.3307147947430351,0.17339531646198958,0.8587480733853727,0.8425396509720082,0.8855135153051924,0.848845688526492,0.8595518652944198,0.8250882513797047,0.8547291138401366,0.8698602893650873,0.9005121065977229,0.5599695056265435,0.2432754934619401,0.4574238883640762,0.7657733804007358,0.8284360032483137,0.8373440063640432,0.8887038233978025,0.38123767380964213,0.6914516316147103,0.8915129518222046,0.6026864880094135,0.8300021544937769,0.5644027908980924,0.9055751669732677,0.8682112729743616,0.8824060723578449,0.8653192794046968,0.8860852848075043,0.32413530220918474,0.7947430351845407,0.8549362767032931,0.8129153615406288,0.8645652065828072,0.2236364540347039,0.9111685642784932,0.8989293823232073,0.11219940668555983,0.8860189926912942,0.8688410480783573,0.8530635244203583,0.6092742670577901,0.8607948424733589,0.8047034256451052,0.8914963787931521,0.1511543114735081,0.27784683206549654,0.8385538374848771,0.873390344553274,0.8339465354082766,0.1888082334808333,0.8393990619665557,0.904721655977063,0.9972405906627555,0.8494754636304878,0.8277316495135816,0.8408740615522299,0.8076865708745589,0.8835910439351001,0.9087654750658778,0.5076318798786854,0.8236215383085567,0.8287757503438904,0.8569581862477005,0.04802863819420278,0.5718109348845689,0.8913389350171531,0.8322146538722883,0.8651204030560666,0.9072490429075724,0.8347088947446926,0.29785047813188825,0.8735892209019043,0.8652861333465918,0.8092941546926532,0.8034770214952187,0.8581431578249556,0.8148212598816686,0.9345862543297039,0.8963522763055404
96,0.2604865841329821,0.6035234259765657,0.8319329123783954,0.8580271466215881,0.7907737947264621,0.1411027693531547,0.12397454382737527,0.6065480037786506,0.4863935431478812,0.6068794643597011,0.18734980692421144,0.24915063226105838,0.9694807669997846,0.5274780821690781,0.322776313826878,0.7906163509504632,0.8174895175591244,0.3145892374749333,0.7827607351795688,0.5335935298894579,0.9331941198892922,0.7428445947065745,0.9685195313147384,0.7072374417872356,0.8094018793814945,0.9035449709143341,0.9926250020716287,0.9037604202920168,0.5918808730671705,0.8608031289878852,0.9410248761166079,0.8848754536866704,0.8566018661230714,0.4759525348447936,0.9396327416761961,0.645287459188916,0.7257329422098477,0.7567327930525863,0.3662390825171117,0.41522066988183426,0.8609937188219892,0.545393526574852,0.89717264124364,0.6258141500522051,0.7290144019622466,0.8975703939409005,0.20495865029251403,0.5892291884187673,0.4874625035217687,0.1774142760072258,0.8719650640547573,0.6132352210013424,0.4571090008120784,0.7904423341454118,0.8695288287840369,0.5740565803211855,0.8816851455940603,0.4801455111950812,0.8932696929017717,0.845945408442301,0.943676560765011,0.8638857123916538,0.5496196489832448,0.8653524254628019,0.8554086080312899,0.31467210262019585,0.8395233596844496,0.48776081804471405,0.5735925355077149,0.8890104244352741,0.7611826513531879,0.7686653739704006,0.26428180778600907,0.40995044664313296,0.37863570824839654,0.8538341702713005,0.8081174696299243,0.727365385571521,0.8726859908185419,0.8987387924891033,0.7005667975935962,0.6065728633222294,0.8975869669699531,0.3768126750526193,0.8303336150748273,0.9390112530867267,0.7084721324516482,0.8231077744079285,0.6947082318235305,0.7755183214836177,0.2914118563449841,0.3085980874724472,0.734408922918842,0.5350188103879746,0.9104559240292349,0.901059016556456,0.0,0.5061568802930112,0.14783970566300408,0.1105918228674655,0.8430368418435839,0.8458708298115647,0.8614826231790385,0.8287177447422066,0.5308424070667396,0.07056795770562996,0.43078274416215057,0.24198279719584348,0.7020335106647442,0.36291619019208143,0.9157261472679362,0.25276355259450767,0.28750062148858957,0.40051210659772285,0.16544854903130646,0.044208554997596794,0.8297286995144103,0.8059629758530967,0.3001955617428198,0.9264820431230216,0.8836987686239414,0.9249656109647161,0.5848621952634283,0.5084688178458376,0.33419513084406427,0.33886872503687493,0.30195230282238694,0.6085533402940055,0.47131208671008795,0.5298397388090621,0.3739372545120072,0.8691559356303552,0.9020948308722386,0.8691227895722502,0.7364722650358806,0.5227299093455311,0.523425976565737,0.496237922405078,0.9080196887585144,0.8138683107111487,0.2877243573807985,0.8679626775385738,0.6353519282719303,0.8546545352094002,0.03317920416314479,0.23762409055503064,0.14564377931354522,0.2925388223205554,0.15264588408823476,0.8832678698685759,0.9530071761215798,0.40789539104062045,0.699381826016341,0.33549611362468723,0.9265400487247055,0.09880011269659761,0.08903859858466323,0.8935680074247171,0.4190904721655977,0.4423424319262832,0.6399426573194783,0.9611031008137358,0.5180231690946155,0.6539717264124364,0.09920615190838422,0.9366081638741113,0.898921095808681,0.6481463067004757,0.31659457399028823,0.5082948010407862,0.9134307827441622,0.3083080594640282,0.1917748056812344,0.9973068827789656,0.2160791527867547,0.44888049188750223,0.5939525016987355,0.701262864813802,0.26127380301297665,0.15228127744907938,0.8719816370838099,0.6289878851157626,0.631581564162482,0.32581746465801553,0.9108453902119691,0.8657750377036411,0.19078042393808303,0.6471436384427982,0.28559472314754974,0.1209499660252904,0.5516747045857571,0.9016805051459256,0.1587779048376673,0.40424932464906616,0.6491821210162583,0.5687780705679577,0.46401995392697915,0.5512189462868129,0.3270107227497969,0.05837849483750157
97,0.28611677356270404,0.21712325361706364,0.6596231293193457,0.701163426639487,0.5602263875768574,0.5882845257627736,0.4754056248860604,0.1869106216543197,0.043901953960125195,0.20377367871525887,0.339316196821293,0.29102239016224996,0.9493942557881304,0.06133678052337621,0.1853113243507517,0.47679775932647206,0.5865857902848903,0.2335056928354795,0.47388090621322865,0.07504267554981037,0.8852483468403521,0.42862825038532293,0.9433368136694344,0.334568023997746,0.5158852483468404,0.8212267356104677,0.980742140240972,0.8291320704685197,0.19020865443577128,0.6917416596231293,0.9137705298397388,0.7708281542617546,0.724307661711331,0.06170967367705804,0.893692305142611,0.21838280382505504,0.3747990520227382,0.43200914831203696,0.1410447637514708,0.12675881270819878,0.6998044382571803,0.0962230066789308,0.8381312252440379,0.29494191153317095,0.35281492898457045,0.8344768723379572,0.3279553854057906,0.15504068678632388,0.07182750791362158,0.35312153002204216,0.7686322279122956,0.2167752200069606,0.08403354381080241,0.543031869934868,0.6817149770463549,0.12279785876464633,0.790102587049835,0.06186711745305695,0.8143572150681981,0.664926498616152,0.9171431412519266,0.6981471353519283,0.11450305772386016,0.7191203036178924,0.7359667876497789,0.20000331460581044,0.5816801736853445,0.040927095245198,0.10414491456603514,0.8121447156896867,0.48110674688012733,0.5260528016705612,0.3011236513697608,0.1248363413381064,0.16036062911218274,0.6706193340956927,0.512172889839076,0.3443461111387328,0.7314920698055984,0.7992508990868261,0.3385455509703508,0.14282636437461682,0.8312699912162946,0.1325925189346857,0.6441356336697659,0.8894910422777972,0.41205522133280303,0.6096637332405244,0.2810702862162118,0.608951092991266,0.23278476607169485,0.21791875901158453,0.37003430617013866,0.11045923863504536,0.8455227962014618,0.8305904970251413,0.5061568802930112,0.0,0.4541341420971512,0.45314804686852606,0.6475331046255325,0.6437378809725054,0.7410629940834287,0.5318616483534696,0.03782793881237678,0.47256335040355324,0.08052006165166803,0.34769386300734184,0.2609257694028737,0.145734930973334,0.8588143655015827,0.2593679046719368,0.22779628432688637,0.13137440129932543,0.5224564543661645,0.4739637713584912,0.6176850793019439,0.505353088383964,0.23832844428976285,0.871699895589917,0.7809957075854754,0.8532209681963573,0.13565852930940192,0.05110293508344521,0.1828005104492949,0.19462536667826769,0.23036510383002706,0.20601103763734896,0.05892540479623465,0.1742819735162996,0.15871989923598329,0.7542799847528133,0.826148925239066,0.7291386996801406,0.3650458244253302,0.07018677803742202,0.08961865460150165,0.22943701420308582,0.8511327665357398,0.5282901605926515,0.23010822187971303,0.6888165199953595,0.22171398266461162,0.6755829562969224,0.4802698089129751,0.35955186529441985,0.4465685543346757,0.28418601567808555,0.5545832711844745,0.7894810984603656,0.9240458078523012,0.11127131705861881,0.30661761050067127,0.18885795256799076,0.8623112746316643,0.4220736173950512,0.4862443858864085,0.8080263179701355,0.1476905484015314,0.10150151643215832,0.17199489550705171,0.9300038117966821,0.1085450537794792,0.24132816254826905,0.47473441720943343,0.883781633769204,0.8129982266858914,0.25284641773977024,0.19262003016291285,0.05426009711795021,0.8516050978637366,0.241742488274582,0.33059878353966754,0.9889955087091268,0.3796963821077578,0.10693746996138487,0.2018512073451666,0.29843053414872633,0.2658479590314722,0.37746730970019393,0.7278377168995177,0.19884320257213406,0.2748554003215168,0.19353154676080142,0.8585574835512687,0.6687963008999155,0.3543065015992972,0.17835065214869317,0.24957324450189766,0.42283597673146733,0.11687300087837049,0.8414209715109631,0.5620577072871609,0.10715291933906756,0.20837269427733307,0.12148030295497114,0.08094267389250742,0.05566051807288819,0.25967450570940853,0.5351596811349211
98,0.20021876398349336,0.54570841412685,0.810338255522962,0.8544059397736126,0.7584232420159434,0.227464823745836,0.09229519879348358,0.5546578498152107,0.42823878420258876,0.5328145975239895,0.12233381395117582,0.17044531729064105,0.9640945325577156,0.4597441124314291,0.2640166393211687,0.7436401001010955,0.7930111536485525,0.2649364424335836,0.750667064419364,0.46474916720529014,0.9356552147035914,0.7051243805830392,0.9596363877425877,0.6695586602363315,0.7686819469994531,0.9102736207096571,0.9817530950131756,0.9050862626162184,0.5335189512587215,0.8557649281559191,0.9429804935448052,0.8790914665473409,0.8523757437146788,0.420441174033378,0.931147350801306,0.5812989940171365,0.6613384378262814,0.7123585077644641,0.31519415303535037,0.3587646464144252,0.8565521470359139,0.47774242198246575,0.9021196904158173,0.555718523674572,0.6795936293276321,0.9059894926995807,0.13700923117718222,0.5405127695188849,0.42000198876348627,0.15370655794759602,0.8716004574156019,0.5385820116342663,0.4027080329471817,0.744070998856461,0.8674737731815244,0.5155040686786324,0.8862758746416083,0.4368070402227415,0.8955070518238619,0.8355789787699498,0.9423507184408095,0.8593529889457896,0.4936359568438323,0.8604385223487296,0.8534861366611977,0.2582823712689968,0.7900694409917302,0.4200434213361177,0.508733986310678,0.8760420292016772,0.7310611710502328,0.7348646812177861,0.1794278990371071,0.34610285221829995,0.32515454349591477,0.8464923184010342,0.7797941629791678,0.66109812890502,0.8695868343857207,0.8844611279603574,0.6414839490213626,0.5399078539584681,0.9062132285917898,0.3257677455708581,0.8134871310429408,0.9333515636652912,0.6709756542203219,0.8160973831187126,0.6312501035814315,0.766958351977991,0.24654866669981268,0.24864515487495642,0.6797759326472099,0.46451714479855477,0.91164089560649,0.9056248860604252,0.14783970566300408,0.4541341420971512,0.0,0.07321964235403322,0.8311539800129271,0.8403768706806543,0.8508758845854257,0.7891579243938415,0.4554268383632476,0.11030179485904645,0.3887286829413813,0.14877608180447144,0.6089013739041085,0.31993403934437104,0.9144251644873134,0.18259334758613832,0.2471370092311772,0.34064203914549473,0.11839771955120248,0.14765740234342628,0.8153018777241917,0.7560035797742755,0.22647044200268485,0.921617859096107,0.8789423092858681,0.9241783920847214,0.5230530834120553,0.4511012777805399,0.2875669136047996,0.2752531530187772,0.24538026815161018,0.557060939027826,0.42146870183463414,0.46343989791014106,0.30630272294867333,0.8659407679941663,0.8996254495434131,0.8539253219310894,0.6762458774590232,0.46203119044067686,0.4896832894148063,0.4398564775684052,0.9061800825336848,0.7674721158786191,0.23305822105106155,0.8526409121795191,0.5726312998226686,0.8435506057442119,0.11794196125225809,0.16149588160228046,0.07457034422181319,0.20270471834137127,0.13789588823149213,0.884800875055934,0.9492202389830791,0.35122391819552856,0.6496213062861499,0.28073053912063506,0.9329455244535044,0.1486683571156301,0.061055039029483615,0.8941812094996603,0.36043852234872975,0.37904174746018326,0.586668655430153,0.9468088632559373,0.4545401813089378,0.574015147748554,0.06909295811995564,0.9290922951987934,0.8979764331526874,0.5801471684979864,0.26390062811780113,0.44573161636752345,0.9047713750642206,0.2486700144185352,0.13716667495318124,0.9853245827739937,0.12153830855665482,0.3797875337675467,0.5330963390178822,0.6376804388538093,0.20777606523144243,0.1360811415502411,0.8749730688277897,0.5718689404862527,0.5764182369611695,0.27727506256318457,0.9117403337808052,0.8443212515951541,0.14904953678383803,0.5723329852997233,0.21600457415601848,0.04468917284011997,0.4994199439831617,0.8975538209118481,0.18956230630272297,0.355731782097814,0.5840003977526973,0.4950115182551915,0.40054525265582797,0.4878353966754503,0.24748504284128015,0.12978339051028365
99,0.17995823596678773,0.5688195031405892,0.842373920681483,0.8817431511957441,0.7890004806178426,0.23483153515968114,0.12733886872503697,0.5599280730539121,0.42783274499080204,0.5515504068678632,0.12807636851787396,0.1701801488258009,0.9728285188683936,0.46453371782760733,0.2618704320588674,0.7727423391173205,0.8206632526226819,0.24824740217769603,0.7299342050746616,0.4591391968710121,0.9541672881552562,0.7279785876464642,0.9707237441787236,0.6918825303700757,0.8063358690067783,0.9306915925023617,0.9865344138948275,0.9313876597225675,0.5435456338354963,0.8799118314854406,0.9578796466630206,0.9080031157294619,0.8830524204908932,0.4185684217504433,0.952791726743897,0.5937370523210528,0.6803808482076269,0.7331990917980079,0.3114735080130595,0.35412419827971964,0.8836159034786788,0.48519199854157347,0.9248578862758747,0.5735759624786623,0.6962163774673097,0.9232254429142015,0.12709855980377527,0.5531165581133264,0.419803112414856,0.119657269759194,0.8984487644806842,0.5412668423407746,0.38581182982813766,0.7749796980394107,0.8968328941480634,0.5104078622449826,0.9104393510001823,0.42761729561311923,0.9200351348215914,0.8600407696514691,0.9553191136744063,0.8906677273405261,0.4997016854770546,0.8916123899965197,0.8778319163393494,0.25264754139114,0.8336813669434363,0.41943850577570063,0.5183380566466134,0.9093621041117685,0.7610914996933991,0.7674141102769354,0.1891728401199888,0.3557897876994979,0.3176635343641758,0.8676892225592072,0.8092775816636006,0.6854687681267505,0.8968743267206948,0.9186015678085484,0.6654734085748852,0.5381511128789009,0.9254876613798704,0.32416844826728985,0.8483236381113376,0.9538192545451533,0.698553174563715,0.8455145096869355,0.6528281874078126,0.8000961235685047,0.24023434263080246,0.24571172873266045,0.7096653905434296,0.47890253401614213,0.9360943999734832,0.9276835877293292,0.1105918228674655,0.45314804686852606,0.07321964235403322,0.0,0.8638359933044963,0.8646397852135435,0.8857869702845589,0.8267372677704304,0.4569847030941845,0.08678466663352058,0.38044216841512124,0.16847312683339144,0.642644061055039,0.3095427501284409,0.9393758597258821,0.19708646149256703,0.23513813619715274,0.34377434163642084,0.16501765027594095,0.11823198926067713,0.8354463945375297,0.7863073633968081,0.23167437312517603,0.9450686952054227,0.9064369644839988,0.9441903246656392,0.5127280863123354,0.4452841445831055,0.27735792770844725,0.2757752034339316,0.24447703806824772,0.559190573261075,0.4145494622052073,0.4728865244700774,0.29758530966704777,0.8931122491257728,0.9190573261074927,0.8870548070070767,0.7047266278857787,0.46306700475645934,0.4700028174149389,0.444024594375114,0.927227829430385,0.8076865708745589,0.23973715175922694,0.8874111271317059,0.5845721672550093,0.8766800908201993,0.09689421435555778,0.16391554384394846,0.13227763138268778,0.21707353452990596,0.17347818160725237,0.9057823298364243,0.9614759939674175,0.34815790782081246,0.6444173751636587,0.28280216775220013,0.950811249772121,0.09678648966671644,0.07958368551020079,0.9154195462304646,0.36164006695503736,0.37851969704502886,0.5775949220238984,0.9624869487396212,0.4622797858764647,0.5855665489981604,0.08559969505626563,0.9509438340045411,0.9223470723744179,0.5751338272095992,0.2548931868277564,0.4432042294370142,0.9332769850345548,0.23449178806410442,0.1229718755696978,0.9897578680455427,0.15679742786589113,0.38721225078307553,0.5432390327980245,0.6528530469513913,0.1981471353519283,0.09574238883640762,0.9073982001690449,0.5826248363413381,0.5953280631100947,0.2634365833043305,0.9347022655330715,0.8736472265035881,0.13086063739869758,0.5878702000364606,0.21549909676991663,0.048244087571885585,0.5073252788412138,0.9182203881403403,0.1926946087936492,0.34466099869073075,0.5991647193357531,0.4996602529044233,0.40486252672400935,0.4839987404497921,0.23597507416430508,0.13104294071827505
100,0.8025820779263826,0.6013192131125806,0.27392731069457577,0.23014965445234425,0.15680571438041746,0.8217736455692007,0.7936989343542319,0.6008054492119526,0.6679510764182369,0.5826248363413381,0.7908815194153036,0.7856444422347073,0.8977609837750046,0.6415253815939939,0.7119773280962562,0.27181424949037924,0.15101344072656153,0.7546943104791263,0.38032615721175356,0.6909544407431346,0.662979167702481,0.3642254594872305,0.9028323306650757,0.4675002900280084,0.22562521752100628,0.47186728318334736,0.993337642320887,0.5045078639022854,0.6077826944430633,0.13037173304164795,0.8056978073882564,0.3447770098940983,0.2538822320555528,0.687300087837054,0.7079169359783888,0.5738742770016076,0.4395250169873548,0.36700144185352757,0.7030444654369479,0.6646944762094168,0.16203450504648742,0.6516183562869786,0.5153466249026335,0.5601849550042262,0.4535292265367341,0.5610964716021147,0.7903263229420442,0.6106829745272543,0.6706441936392714,0.8225194318765641,0.3935182883375594,0.5768988548036925,0.6818309882497224,0.18028141003331188,0.13883226437295937,0.6175193490114188,0.45221995724158504,0.6379373208041235,0.4993039327797941,0.14005038200831965,0.8668688576211074,0.1902169409502974,0.6509140025522465,0.1981222758083495,0.3464011667412453,0.7195677754023103,0.15437776562422323,0.6737102040139876,0.6230050216278029,0.5384825734599513,0.2805896683736886,0.1853361838943305,0.7720959909842722,0.6968130065132006,0.7334394007192695,0.14183198263146568,0.2774407928537099,0.4647657402343426,0.14730108221879723,0.4378179949949452,0.46885927841031505,0.5913091035648586,0.5038780887982897,0.6992906743565521,0.0533982996072192,0.7126071032002519,0.40168050514592557,0.13420010275278016,0.47284509189744606,0.1287890087671324,0.7573377086130032,0.7580669218913141,0.4224713700923117,0.6310015081456438,0.6228392913372778,0.520177662871443,0.8430368418435839,0.6475331046255325,0.8311539800129271,0.8638359933044963,0.0,0.11258058635376789,0.4471900429241453,0.28115315136147434,0.6446991166575515,0.8234806675616103,0.6600788876182899,0.8085732279288687,0.556994646911616,0.7063756442765043,0.549155604169774,0.7809542750128441,0.7320638393079103,0.7026549992542137,0.8231160609224548,0.8299192893485143,0.1518255191501352,0.25621902915195816,0.7402757752034339,0.5675019473309137,0.42446842009314045,0.5678997000281742,0.6385836689371718,0.6746382936409288,0.7381047083975538,0.7229403868144981,0.7479490876547508,0.5809261008634548,0.6713319743449511,0.6676361888662391,0.7351049901390478,0.3475861383185005,0.5156035068529476,0.16899517724854574,0.4606059099421602,0.6529524851257065,0.6358574056580322,0.728450918974461,0.6859079533966423,0.23756608495334697,0.7656739422264207,0.10832960440179662,0.563018942972207,0.10883508178789847,0.8478678798123933,0.7863736555130182,0.81594822585724,0.7813271681665258,0.8289166210908367,0.4406188369048212,0.8695288287840369,0.696067220205837,0.5164238717910472,0.7110906710419465,0.5441091168232818,0.8463017285669302,0.8291652165266246,0.47373174895175596,0.7253849085997448,0.7060690432390329,0.6176436467293127,0.8504201262864814,0.6722849235154709,0.582144218498815,0.8221133926647775,0.6815161006977245,0.4669368070402228,0.5793765226470442,0.7474436102686488,0.6360065629195049,0.5416397354944563,0.713468900710983,0.7846417739770298,0.9978040736505412,0.7722368617312186,0.6545103498566434,0.6081473010822188,0.5248429705497273,0.7388422081903909,0.8274996271068464,0.25460315881933737,0.5777937983725285,0.5145014004209549,0.7155571023716005,0.5494870647508245,0.08259997679775921,0.8156913439069259,0.5775203433931619,0.7123750807935167,0.8257511725418055,0.6273471552395631,0.6922719965528099,0.816586287475762,0.699506123734235,0.5656291950479789,0.6374401299325477,0.6830739654286614,0.6183728600076236,0.8093604468088633,0.8371617030444655
101,0.80440511112216,0.5474817282354696,0.30033643248976616,0.2369363098493511,0.1484943403105785,0.8315848787682925,0.8046205604998427,0.5672450653805996,0.6802648370042592,0.5612870614362186,0.8051591839440495,0.7830341901589354,0.9607053481164753,0.6292696266096556,0.7211256401332472,0.22347072374417865,0.0847710436036394,0.7889341885016325,0.2889921941033162,0.6768507930194402,0.7688228177463995,0.30376704950363775,0.9549876530933559,0.37101211488423746,0.19038267124082264,0.5440345381925455,0.9936110973002537,0.5660269477452395,0.5634829877856776,0.12161288718739127,0.9015810669716104,0.3994182866802566,0.29035118248562286,0.6935481197898541,0.8077528629907689,0.5463547622598983,0.34412237524652367,0.3059298297949916,0.7441538640017236,0.6744062712341935,0.17877326438953234,0.6020815724489965,0.6474502394802699,0.4703508510250419,0.40042095493793406,0.6674538855466614,0.7888596098708961,0.578257843185999,0.6862808465503241,0.8292232221283085,0.45460647342514793,0.548575548152936,0.6897197500787219,0.12601302640083523,0.16734616085781995,0.6014849434031058,0.4560980460398748,0.5966041863471387,0.6086859245264258,0.13404265897678114,0.9234988978935681,0.24383897644972574,0.6347635857405658,0.22592353204395166,0.38871210991232874,0.7540728218896569,0.10788213261737845,0.6814166625234094,0.6177679444472066,0.6432406901009298,0.22041299988398877,0.1724423672914699,0.78585989161239,0.7202141235353585,0.7593016125557268,0.06301894297220678,0.21237508079351652,0.41457432174878595,0.22753940237657233,0.5225890385985847,0.4234160327483054,0.5743714678731833,0.5636570045907291,0.7357927708447273,0.10572763884055092,0.8076699978455063,0.334568023997746,0.11064154195462295,0.472364474054923,0.13821077578349006,0.7632542799847529,0.7789572250120155,0.3511990586519498,0.6333631647856278,0.7098062612903762,0.6627720048393245,0.8458708298115647,0.6437378809725054,0.8403768706806543,0.8646397852135435,0.11258058635376789,0.0,0.442334145411757,0.2674223967914615,0.6595236911450306,0.8349077710933227,0.6763701751769171,0.8130976648602065,0.4910008452244816,0.714173254445715,0.6974593546462486,0.794975057591276,0.7527801256235602,0.7057458691725087,0.8360927426705779,0.8375677422562522,0.0659606556290292,0.20452775153714842,0.7549926250020718,0.6751603440560832,0.475679079865427,0.6823364656358243,0.6140224398813371,0.6575763602313596,0.7752862990768823,0.7468884137953894,0.7831584878768293,0.5033808979267143,0.6919653955153383,0.6273057226669319,0.7527469795654552,0.36359568438323464,0.6093985647756841,0.2443775998939327,0.3751305126037885,0.6782097814017468,0.5822933757602877,0.7435572349558329,0.7890087671323688,0.18551020069938184,0.778244584762757,0.13601484943403097,0.4910919968842705,0.09836092742670599,0.8540744791925621,0.8016291287558628,0.8306236430832464,0.7981736521984123,0.8352558047034258,0.4862195263428297,0.9270372395962811,0.7108006430335272,0.44076799416629375,0.7379969837087124,0.6160277763966922,0.8460199870730374,0.8356701304297387,0.5940270803294718,0.7467392565339167,0.7243242347403835,0.557085798571405,0.9223885049470492,0.6597308540081871,0.5431561676527619,0.8260246275211721,0.7705712723114404,0.5156035068529474,0.5235834203417359,0.7692868625598701,0.6248280548235801,0.6306949071081722,0.7438306899351995,0.8025406453537514,0.9975637647292795,0.7809791345564229,0.7051160940685128,0.562123999403371,0.4407762806808201,0.7570642536336367,0.8354546810520559,0.28890932895805366,0.5582956296922389,0.4472811945839341,0.7473607451233861,0.7023069656441108,0.11378213096007572,0.8361838943303668,0.5279504134970749,0.7384941745802881,0.8308059464028241,0.5817713253451333,0.7654999254213692,0.828253699928736,0.7187474104642106,0.5392780788544722,0.6472679361606921,0.680670876216046,0.605636487180762,0.8347917598899551,0.8487213908085981
102,0.8412635277349643,0.7296110310081374,0.25959164056414585,0.2917350304115084,0.46368020683140254,0.8399542584398151,0.8169591806294437,0.7167503604633819,0.7533933276985035,0.6919405359717596,0.8202240673527901,0.8364076302225758,0.9472729080694079,0.733008501963904,0.7901357331079402,0.5256136164006696,0.4537115298563118,0.8518619798140508,0.5942673892507334,0.7892656490826829,0.7704055420209153,0.5760039112348564,0.9409420109713453,0.5998110674688013,0.5082948010407862,0.43092361490909703,0.9879514078788181,0.4491125142942376,0.7295281658628747,0.402973201412022,0.8967500290028009,0.3291403569830459,0.3199257528298447,0.7794046967964335,0.81078572730738,0.6983377251860323,0.6270654137456704,0.5775037703641094,0.7886110144351083,0.7708115812327019,0.36347138666534085,0.7466315318450754,0.51147682261887,0.6955783158487876,0.6381279106382274,0.6984123038167687,0.8455227962014618,0.7095410928255358,0.7633039990719104,0.8531132435075159,0.28878503124015975,0.7049752233215665,0.7840534314456653,0.48607865559588326,0.35351099620477644,0.7171729727042212,0.4366495964467426,0.7293044299706657,0.5413579940005635,0.38106365700459066,0.9109945474734418,0.3224697127894065,0.7430517575697311,0.3367142312600474,0.2297684747841362,0.7949336250186447,0.4545650408525166,0.7236033079765989,0.7119441820381511,0.6450885828402857,0.5221664263577455,0.4939425578813039,0.8197683090538458,0.7717893899468006,0.8206466795936294,0.42103780307926886,0.508990868260992,0.6203036178922422,0.3716087439301281,0.46126883110426087,0.6257064253633636,0.6974593546462486,0.1525381593993934,0.7784434611113873,0.4030643530718109,0.8032201395449047,0.5772054558411641,0.44082599976797754,0.6157128888446941,0.42035830888811543,0.8071645204594045,0.8028969654783805,0.5750012429771789,0.729379008601402,0.7193357529955751,0.6456686388571239,0.8614826231790385,0.7410629940834287,0.8508758845854257,0.8857869702845589,0.4471900429241453,0.442334145411757,-2.220446049250313e-16,0.5077396045675269,0.7427202969886806,0.8427385273206384,0.7509073733406255,0.8495334692321717,0.6802648370042593,0.7938646646447571,0.7009231177182254,0.8086229470160261,0.7910969687929863,0.7990520227381959,0.8419678814696963,0.8450421783589387,0.42076434809990226,0.5103664296723511,0.802656656557119,0.6140224398813371,0.33039162067651107,0.37548683272841776,0.7481313909743283,0.7616549826811846,0.8294138119624124,0.782197252191783,0.8009579210792357,0.6990255058917119,0.7649447289481099,0.7552329339233332,0.8229254710883509,0.15925023616566403,0.35422363645403465,0.25302872105934804,0.5928421087522167,0.7402840617179602,0.7388090621322859,0.8254611445333864,0.769759193887867,0.4861780937701984,0.833573642254595,0.4186264273521272,0.6881701718623112,0.40412502693117225,0.855350602429606,0.8181358656921726,0.8360513100979465,0.807885447223189,0.8458459702679859,0.29482590032980327,0.9155521304628846,0.7878237955551136,0.6618439152123834,0.7917350304115083,0.35253318749067764,0.8679792505676263,0.8532955468270936,0.5194235900495534,0.8226685891380368,0.7973698602893651,0.7385936127546031,0.9160078887618291,0.7664528745918893,0.7091516266428015,0.8447604368650459,0.7778468320654968,0.4994779495848456,0.7284260594308821,0.8096919073899137,0.7339863106780027,0.6340758050348863,0.7797775899501151,0.844354397653259,0.9939674174248828,0.8052751951474171,0.7471121496875984,0.7163277482225427,0.6533088052503355,0.812666766104841,0.8556157708944464,0.32229569598435504,0.6934818276736439,0.6863139926084292,0.7941878387112813,0.7047432009148312,0.4116408956064901,0.8401862808465503,0.6828833755945574,0.7911549743946702,0.8563864167453886,0.7342431926283167,0.7864730936873333,0.835744709060475,0.7917764629841397,0.6892059861780938,0.7422148196025788,0.7733555411922637,0.7109332272659474,0.8773595850113526,0.8534115580304613
103,0.657750377036411,0.3490528513896486,0.38758514393675736,0.3864001723595022,0.16127214571007153,0.7984636802068314,0.7579757702315252,0.41123485639470314,0.5353254114254462,0.36515354911417164,0.7351878552843103,0.7348978272758913,0.9113260080544922,0.507905334858052,0.6390228542070634,0.14121878055652237,0.2011219940668556,0.6894462950993554,0.13023914880922782,0.5127446593413878,0.7336217040388472,0.1569217255837848,0.9106382273488126,0.24794080114022443,0.1321284741212152,0.5855251164255291,0.9805101178342366,0.6280515089742952,0.3883640763022257,0.3149704171431412,0.848017037073866,0.4567361076583968,0.4345365352425462,0.5760784898655928,0.7745156532259402,0.37309203003032876,0.17501118679461047,0.15630852350884183,0.6332637266113128,0.603622864150881,0.34853080097449407,0.5033311788395565,0.6522812774490794,0.3091781434892855,0.21351861979814046,0.6213477187225509,0.7422811117187889,0.41597474270372403,0.5509620643364987,0.7888430368418435,0.5019141848555662,0.352002850560997,0.5654137456702961,0.18459868410149327,0.36484694807670004,0.4480186943767712,0.5655960489898739,0.5350519564460796,0.6165746863554252,0.30916157046023296,0.8758017202804157,0.36252672400934727,0.4906279520708,0.3895241883359022,0.4579045062065994,0.6615041681168067,0.19157592933260414,0.5024942408724042,0.4466265599363596,0.6052635940270803,0.14424335835860724,0.13023914880922782,0.7001193258091782,0.5692586884104808,0.6333548782711017,0.26028770778435173,0.07606191683654018,0.20579558825966626,0.3552180181971859,0.5353088383963938,0.22178856129534796,0.4252142064005038,0.6158289000480618,0.6030096620759378,0.270272957788495,0.7536253501052387,0.1392714496428512,0.15888562952650864,0.2575614445052121,0.26877309865924204,0.7096488175143771,0.6949319677157394,0.17188717081821037,0.5054690995873317,0.6940038780887983,0.6423126004739887,0.8287177447422066,0.5318616483534696,0.7891579243938415,0.8267372677704304,0.28115315136147434,0.2674223967914615,0.5077396045675269,0.0,0.5373224614262748,0.7914781484611944,0.546379621803477,0.7708115812327019,0.300875055933973,0.6426523475695654,0.669094615422861,0.7021578083826381,0.658802764381246,0.6022141566814168,0.7901440196224664,0.7983891015760951,0.2270090654468917,0.08979267140655278,0.6770165233099654,0.6929680637730158,0.5381096803062696,0.6949402542302656,0.42462586386913936,0.57688228177464,0.6827590778766635,0.6545269228856959,0.667603042808134,0.38065761779280405,0.5656789141351365,0.4732594176237591,0.6373406917582327,0.4711214968759839,0.5989161238999652,0.4321085864863522,0.17728169177480568,0.5148328610020054,0.49235154709226203,0.6405972919670528,0.7319809741626477,0.10885994133147714,0.6827176453040322,0.2943535690018064,0.34937602545617263,0.2665274532226255,0.8159399393427137,0.7213245164818773,0.7607351795687698,0.6879961550572598,0.8042310943171084,0.5536303220139545,0.8699431545103499,0.6140058668522848,0.28081340426589774,0.6369926581481298,0.6299325477717562,0.8212847412121513,0.8038167685907954,0.5963638774258773,0.6170801637415271,0.5791445002403088,0.42943204229437004,0.8645403470392284,0.508990868260992,0.3777407646795605,0.7847992177530287,0.7550257710601767,0.5788544722318898,0.33409569266974914,0.6755332372097649,0.5158355292596828,0.6226818475612788,0.6402575448714761,0.7182916521652662,0.9913571653491109,0.7322544291420143,0.5614030726395864,0.3947115464293409,0.2745487992840452,0.6808200334775187,0.7947927542716983,0.4263163128324964,0.40373556074843797,0.2815094714861035,0.6470939193556406,0.6686802896965479,0.2840451449311391,0.74748504284128,0.3825386565902651,0.6570874558743103,0.7745322262549927,0.45694327052155326,0.7258820994713204,0.7940469679643349,0.6245711728732661,0.3469812227580834,0.5137556141135915,0.5830143025240724,0.4988978935680074,0.7227000778932366,0.8089129750244453
104,0.2861333465917565,0.22205372976018833,0.6571206019324152,0.6959594955169957,0.5560168381975175,0.5853593861350039,0.4869238800775617,0.18634713866653407,0.04112597159382836,0.19568604053762906,0.3420093140423275,0.30520061651668073,0.9453835827574206,0.059845207908649445,0.20055022456454374,0.4766900346376307,0.5815227299093456,0.2602711347552993,0.4861200881685146,0.08182104443229077,0.883557897876995,0.4371716468618969,0.9388703823397803,0.33400454100996047,0.5287790649497008,0.8176469613351232,0.9782810454266727,0.8250551053215998,0.19714446709425082,0.691791378710287,0.9078042393808317,0.7422562521752101,0.7275891214637299,0.06820630106564562,0.8879580370904391,0.21483617560781587,0.37948921924460133,0.43074959810404545,0.16432158305573508,0.1461575432141733,0.6983211521569797,0.0972091019075556,0.8333996254495434,0.2933591872586553,0.35909610699547545,0.8295381096803063,0.3349740632095328,0.158355292596828,0.059538606871177846,0.36647110492384694,0.7684582111072441,0.21553224282802175,0.09728368053829195,0.5414491456603523,0.6820712971709839,0.1229718755696978,0.7865476723180695,0.07690714131821885,0.8090455592568654,0.6520326820132916,0.9115828900048062,0.6961335123220471,0.11204196290956103,0.7123667942789904,0.732909063789589,0.2263627173138434,0.5864117734798389,0.054110939856477636,0.10367258323803852,0.8040073584248995,0.49281559190573254,0.5198047697177615,0.323000049719087,0.12746316644293088,0.18149124115414572,0.6575432141732545,0.5138716253169592,0.34953346923217155,0.728865244700774,0.7922405077976102,0.3329107210924941,0.1350121811763535,0.8252788412138087,0.15287790649497013,0.6404398481910538,0.8867979250567627,0.41658794477866723,0.6082384527420077,0.2817580669218913,0.6068546048161223,0.253376754669451,0.2298596264439251,0.3720976482871774,0.10911682328179118,0.842373920681483,0.8273587563599,0.5308424070667396,0.03782793881237678,0.4554268383632476,0.4569847030941845,0.6446991166575515,0.6595236911450306,0.7427202969886806,0.5373224614262748,0.0,0.4799632078755034,0.10088831435721513,0.3766552312766205,0.25352591193092355,0.1607418087803908,0.8542733555411923,0.26418236961169395,0.2510316710585194,0.13459785545004055,0.5347370688940818,0.4914151709507947,0.616127214571007,0.5018313197103036,0.263710038283697,0.8648883806493313,0.7769933210692919,0.8453984984835679,0.12665108801935732,0.059712623676229204,0.20132087041548574,0.19580205174099663,0.23479838910157624,0.20563814448366735,0.07571388322643735,0.17791146687880155,0.17221034488473475,0.7521172044614595,0.818500472331328,0.7255672119193225,0.36610649828469155,0.052751951474171,0.08666036891562678,0.20752746979565462,0.8491854356220687,0.540065297734467,0.23657170321019572,0.6842506504913903,0.2239430550721756,0.6670561328494009,0.5038200831966059,0.36751520575415575,0.4656938298612837,0.29065778352309446,0.5479126269908351,0.7880475314473228,0.9190158935348614,0.11860488241435896,0.31105918228674656,0.2047680604584099,0.8584331858333748,0.43605296740085187,0.5084273852732064,0.8013556737764962,0.15383914218001626,0.12130628614991967,0.17349475463630482,0.9229271283912561,0.1065811498367557,0.23817928702829017,0.4841976167984223,0.8793732080412338,0.8063358690067783,0.25642619201511463,0.21583884386549324,0.05736754006529776,0.8437246225492634,0.2578266129700524,0.33605131009794664,0.9866918576708265,0.38415452692288565,0.0880773628996172,0.20474320091483134,0.30268980261522405,0.2792638260494871,0.39717264124364005,0.7266776048658413,0.19764165796582644,0.28476607169492363,0.219750078721888,0.854555097035085,0.6954374451018412,0.3731914682046438,0.1818227017351961,0.26638658247567915,0.4401962246639819,0.1098874691327334,0.8362087538739456,0.5545169790682642,0.12339448781053697,0.21090836772236854,0.1352276305540363,0.07276388405508882,0.04637962180347677,0.2830673362170404,0.5319610865277846
105,0.23523757437146797,0.5825005386234442,0.8117635360214787,0.8486053796052305,0.7518686090256717,0.17386764778998653,0.08797792472530197,0.5828154261754421,0.44391686968627264,0.5568703491937221,0.15163492931603106,0.21038631730721424,0.9467922902268848,0.4997016854770546,0.2804570841412686,0.7537413613086064,0.8034770214952187,0.2974361524055752,0.7692371434727125,0.5104824408757188,0.9100415983029219,0.7258406668986891,0.9402376572366132,0.6912113226934486,0.7718805416065895,0.8893501715308507,0.9726876481214473,0.8832430103249971,0.5606407133031703,0.8478098742107095,0.9184192644889707,0.8546545352094002,0.8452990603092528,0.43562206864548636,0.9010175839838248,0.6044432290889806,0.6994481181325511,0.7365717032101957,0.32576774557085797,0.37545368667031276,0.8471055204759774,0.5001160112033677,0.8804421684151214,0.5971096637332406,0.7064419363927146,0.8802267190374385,0.1793698934354232,0.5543843948358441,0.45339664230431387,0.1623991116856428,0.853975041018247,0.5732445018976119,0.4280979134556422,0.7455874310147665,0.8551434395664496,0.5362866471104926,0.8683604302358342,0.4619814713535193,0.8714347271250766,0.8339713949518555,0.9169276918742439,0.8464343127993504,0.5274532226254992,0.8478347337542883,0.8377334725467774,0.26795273372114226,0.7962926134009514,0.43138765972256754,0.5264837004259268,0.8486882447504931,0.7439384146240409,0.7404912245811167,0.21707353452990608,0.38068247733638283,0.35808515222327186,0.8413961119673843,0.7945275858068579,0.6832396957191866,0.8498897893568008,0.8588806576177928,0.6712491091996884,0.5494870647508245,0.8872039642685494,0.33868642171729735,0.8018860107061768,0.9036609821177017,0.6975836523641425,0.811423788925902,0.6439367573211356,0.7548931868277566,0.26029599429887806,0.2711264687846998,0.6923962942707038,0.48089129750244464,0.8856792455957176,0.8811879547224847,0.07056795770562996,0.47256335040355324,0.11030179485904645,0.08678466663352058,0.8234806675616103,0.8349077710933227,0.8427385273206384,0.7914781484611944,0.4799632078755034,0.0,0.4105967947761813,0.20886159863438236,0.616375810006795,0.3466331891479806,0.8887038233978025,0.1965892706209913,0.2640663584083264,0.38084820762690796,0.13067004756459344,0.06956528944795237,0.8184176071860654,0.7642569482424303,0.24711214968759843,0.8905102835645271,0.8656755995293259,0.891778120287045,0.5591905732610749,0.4762922819403702,0.32159134224962294,0.28099570758547543,0.24978869387958036,0.5852765209897415,0.44820928421087514,0.4970914334012828,0.35541689454581604,0.8526243391504666,0.8686338852152008,0.846865211554716,0.6898771938547209,0.46548666699812724,0.5173022423308309,0.47122093505029916,0.8773347254677738,0.7727671986608993,0.26525961650010776,0.8284608627918925,0.6029930890468851,0.8195114271035318,0.062356021810106244,0.16921062662622843,0.08893916041034844,0.22218631399260846,0.13483816437130203,0.8599661910207329,0.9238883640763023,0.3617146455857738,0.6774888546379623,0.30994878934022774,0.9119143505858566,0.11060010938199172,0.08064435936956205,0.8664793914383732,0.4010258704983509,0.4054591557699,0.6210162581415005,0.9223056398017866,0.4874127844346111,0.5898755365518156,0.07364225459487217,0.8963522763055404,0.8774590231856677,0.6198727191368767,0.29414640613865006,0.4817448084986493,0.8732329007772751,0.2506256318467326,0.1672715822270836,0.9813636288304414,0.14290094300535305,0.3966423043139594,0.5647259649646166,0.6698901208173818,0.23584248993188484,0.13574139445466438,0.858789505958004,0.5927426705779015,0.6166575515006879,0.2839954258439814,0.885438936674456,0.8385206914267721,0.14359701022555904,0.6032168249390941,0.24176734781816078,0.09480601269494038,0.5204428313362834,0.8678798123933111,0.14129335918725872,0.3769121132269345,0.598940983443544,0.4977046354762259,0.4027991846069706,0.4925587099554185,0.29640862460431894,0.08096753343608598
106,0.21297170983940727,0.26219360612539155,0.6774225625217523,0.7163443212515952,0.5923946369677986,0.5357728832098643,0.42586884104807843,0.22551749283216505,0.085077644641111,0.24056580321185317,0.27199655280995705,0.21976665175094057,0.9687681267505261,0.10157609506289467,0.14194799383483325,0.512686653739704,0.613028058138186,0.1674787450902402,0.4890286547672318,0.13054574984669953,0.9096438456056614,0.436981057027793,0.9672848406503257,0.3740946982880061,0.5734350917317158,0.8315020136230299,0.9936691029019374,0.8408574885231774,0.22787914947214905,0.6914267720711313,0.932166592088036,0.7931354513664464,0.7300833623361342,0.07829098924410416,0.9165465122060359,0.25860554533552105,0.4049702514128508,0.4636636338023501,0.09667876497787475,0.09245264256948238,0.6944679229022689,0.1484280481943686,0.8437577686073684,0.3168265963970236,0.3785694161321864,0.849384311970699,0.25548152935912083,0.21280597954888214,0.0851936558444788,0.2831253418187242,0.7814597523989459,0.25725484346774063,0.058080180314555974,0.5712308788677307,0.7081738179287028,0.1620013589883822,0.7936409287525481,0.05615770894446381,0.8374020119657271,0.6702464409420109,0.9359949617991681,0.711364126021313,0.144972571636918,0.7199323820414657,0.7463083577785512,0.14948043553920343,0.6256069871890485,0.06586121745471418,0.1572200401067303,0.8317754686023965,0.5117005585110791,0.5553124844627852,0.23955484843964936,0.08255854422512798,0.110989575564726,0.6589270620991399,0.5304695139130577,0.39239960887651437,0.7455211388985565,0.8252291221266511,0.37116955866023627,0.20154460630769488,0.8203566515852103,0.09151626642801525,0.6681499527668672,0.9167536750691924,0.4346525464459139,0.6232121844909595,0.34248164537032433,0.6042360662258242,0.1864465768408492,0.16856427849318023,0.4176237590944496,0.1339680803460448,0.8585243374931636,0.8405094549130745,0.43078274416215057,0.08052006165166803,0.3887286829413813,0.38044216841512124,0.6600788876182899,0.6763701751769171,0.7509073733406255,0.546379621803477,0.10088831435721513,0.4105967947761813,-2.220446049250313e-16,0.27377815343310297,0.3269361441190607,0.08528480750426759,0.8756939955915743,0.20092311771822535,0.15964798886292453,0.08845025605329881,0.46291784749498666,0.3936674455990321,0.633653192794047,0.547141981139893,0.1924211538142827,0.89289679974809,0.7949667710767497,0.8730174513995923,0.1790052867962677,0.10177497141152492,0.10659772286580815,0.14054757287989528,0.1757818326455527,0.2434909428396228,0.056290293176884165,0.18123435920383169,0.10999519382157463,0.7682676212731402,0.8457879646663021,0.7425462801836292,0.4110608395896518,0.12963423324881085,0.125971593828204,0.19757536584961644,0.8773595850113526,0.5816470276272394,0.16816652579591973,0.7050829480104079,0.259243606954043,0.7095659523691145,0.4142511476822619,0.3023749150632262,0.3996337360579393,0.23682029864598353,0.5087588458542568,0.8022008982581748,0.9468088632559373,0.07875503405757478,0.32931437378809725,0.11096471602114721,0.8673411889491043,0.3440560831303138,0.4062546611644211,0.8101559522033842,0.10717777888264646,0.07844014650557685,0.21293856378130227,0.9564377931354514,0.13747327599065273,0.29910174182535343,0.4108205306683902,0.9128092941546927,0.8251545434959148,0.28986227812857357,0.1271399923764065,0.08059464028240437,0.871376721523393,0.19886806211571284,0.25829894429804934,0.9976134838164372,0.3336813669434362,0.0730290525199292,0.21978322477999312,0.32857687399526014,0.1873663799532641,0.29959893269692905,0.7470044249987571,0.2320306932498053,0.3070650822850892,0.13814448366727994,0.8737632377069557,0.7119690415817299,0.3002949999171348,0.2312351878552843,0.17569896750029002,0.3548534115580304,0.15708745587431006,0.8637365551301812,0.5162084224133645,0.057442118696033995,0.26620427915610145,0.19735162995740718,0.0861466050149986,0.12132285917897212,0.19424418701005997,0.47682261887005084
107,0.09303269858632057,0.49560814730108227,0.7879563797875337,0.8286928851986278,0.757362568156582,0.35942756757652594,0.2131954457316163,0.4609788030958417,0.34080776943601987,0.4819934039344371,0.09611528199008923,0.08629576227647118,0.977079500820365,0.37763303999071907,0.1658628747576194,0.7083726942773332,0.7650441671224251,0.16565571189446304,0.6817729826480385,0.37673809642188305,0.9424501566151247,0.6487346492318401,0.9769303435588923,0.6131357828270273,0.7512636934652547,0.9037769933210693,0.9953512653507682,0.9005701121994067,0.45740731533502377,0.8288834750327319,0.95008203649381,0.8833175889557335,0.8397470955766586,0.31677687730986603,0.9482590032980328,0.5126452211670727,0.6105586768093605,0.6532673726777043,0.2151262036162349,0.24690498682444195,0.8344437262798522,0.40636238585326245,0.8976118265135319,0.5098112331990918,0.6165746863554252,0.9054260097117951,0.08395067866553962,0.46154228608362746,0.33900130926929517,0.14776512703226774,0.8634216675781833,0.4634150383665623,0.2947430351845407,0.734698950927261,0.8510416148759509,0.4178309219576062,0.8769701188286183,0.31844246672964416,0.8980261522398449,0.8092030030328644,0.9524105470756891,0.8496660534645918,0.4015976400006629,0.8492102951656475,0.8483402111403902,0.1536982714330698,0.7774076467956048,0.33541324847942455,0.42167586469779084,0.8846351447654088,0.6950065463464759,0.7029533137771591,0.08134042658976803,0.2634614428479092,0.2402757752034339,0.8230083362336134,0.7353867316329405,0.6247866222509488,0.8671340260859478,0.8963771358491192,0.6057359253550771,0.4531314738394736,0.8977941298331096,0.21909544407431347,0.8011982300004972,0.9481927111818227,0.6241154145743217,0.7991597474270373,0.5878287674638294,0.7575780175342648,0.14883408740615534,0.17623759094449698,0.6409701851207346,0.38982250285884745,0.9126104178060626,0.9030560665572847,0.24198279719584348,0.34769386300734184,0.14877608180447144,0.16847312683339144,0.8085732279288687,0.8130976648602065,0.8495334692321717,0.7708115812327019,0.3766552312766205,0.20886159863438236,0.27377815343310297,0.0,0.5599860786555959,0.20459404365335843,0.9226619599264158,0.10102089858963526,0.12613732411872913,0.263768043885381,0.24739389118149124,0.22692620030162913,0.7991680339415634,0.7194766237425214,0.12320389797643316,0.9308987553655181,0.8746996138484231,0.9288188402194268,0.4263245993470227,0.35311324350751594,0.1930923614909098,0.1854936276703293,0.15646596728484075,0.4808747244733921,0.31362800178988715,0.3833175889557334,0.21789389946800575,0.8612588872868295,0.907845671953463,0.8399708314688676,0.6443593695619748,0.38255522961931754,0.38586983542982156,0.35656043355044,0.9163144897993007,0.7384195959495519,0.1683985482026551,0.8427965329223222,0.4993205058088467,0.8425893700591658,0.23047282851886852,0.08524337493163603,0.16482706044183693,0.1236762293044299,0.2807471121496876,0.8811133760917483,0.9626195329720413,0.2510896766602032,0.5566797593596181,0.16675781832645553,0.9304927161537315,0.17888927559290013,0.1697492500704353,0.8923664628184094,0.2763055403636123,0.28933194119889294,0.48016208422413365,0.9702348398216742,0.3715838843865493,0.5237408641177348,0.20901075589585505,0.9448449593132137,0.8995342978836243,0.4871641889988232,0.18245247683919186,0.35445565886077,0.9213361176022142,0.15507383284442888,0.10917482888347496,0.9977875006214886,0.14430965047481736,0.30152969058154755,0.4547224846285156,0.5749515238900214,0.11082384527420075,0.1465304363678549,0.862965909279239,0.4947960688775087,0.5181971858996669,0.16669981272477186,0.9191567642818078,0.8436831899766322,0.14604981852533183,0.5025439599595618,0.12038648303750477,0.13003198594607135,0.4114585922869124,0.9083511493395648,0.32554400967864894,0.25042675549810234,0.5187275228293475,0.4289514244518471,0.3131556704618903,0.3978521354347935,0.13478015876961824,0.2696597557135517
108,0.5247766784335173,0.09615671456272079,0.574305175756973,0.6167901357331079,0.3523425976565737,0.6821210162581416,0.628424402127977,0.12264870150317375,0.25039360943999733,0.09314042327516203,0.5559174000232022,0.5036129203334494,0.9434362518437495,0.22364474054923011,0.4144334510018396,0.27555146754172255,0.4080694078456719,0.469273604136628,0.2824292745985184,0.23087886773065514,0.8849748918609855,0.20151146024958977,0.9409834435439766,0.09789688261323515,0.3250468188070734,0.760519730191087,0.9770877873348912,0.8111586204610617,0.10611710502328497,0.552337625747858,0.9144748835744709,0.7067568239447124,0.6547506587779048,0.318914798057641,0.8837319146820465,0.0636321450471502,0.16397354944563225,0.22723280133910073,0.35912925305358057,0.3474286945425016,0.597283680538292,0.17988365733605127,0.8073716833225609,0.1426606340840917,0.12261555544506864,0.7918013225277184,0.524544656026782,0.12452974030063468,0.2775650905716036,0.5737168332256086,0.684018628084655,0.08325461144533397,0.31947828104542675,0.33513150698553174,0.6188451913356205,0.1657385770397255,0.7153002204212864,0.24905948060126948,0.7498384129667379,0.5413248479424585,0.9173503041150832,0.6182982813768874,0.20296988680621153,0.6289713120867101,0.6691111884519134,0.41450802963257594,0.3832512968395234,0.27165680571438044,0.18236132517940296,0.7740516084124696,0.29096438456056606,0.3579691410199042,0.5105404464774027,0.3224117071877226,0.369346525464459,0.4594789439665887,0.2910969687929863,0.11403901291038954,0.6335703276487844,0.7539982432589205,0.10090488738626768,0.12375909444969257,0.75882928122773,0.3938994680057675,0.5442251280266495,0.8866736273388688,0.2458111669069757,0.4064618240275776,0.08792820563814441,0.49706657385770403,0.4672516945922206,0.44285619582691127,0.14462453802681519,0.2137423556903495,0.8277979416297917,0.8177546860239647,0.7020335106647442,0.2609257694028737,0.6089013739041085,0.642644061055039,0.556994646911616,0.4910008452244816,0.6802648370042593,0.300875055933973,0.25352591193092355,0.616375810006795,0.3269361441190607,0.5599860786555959,0.0,0.3786274217338703,0.8379820679825651,0.5016324433616732,0.4485987503936095,0.3274333349906362,0.6511708845025606,0.6686057110658115,0.4483418684432954,0.2930525862211837,0.4559074562057708,0.8387941464061387,0.7200152471867283,0.8164785627869207,0.16703127330582201,0.29295314804686845,0.4012330333615075,0.4016556456023467,0.4339730522547607,0.08255025771060176,0.2967317986708431,0.17612986625565563,0.3988465171779446,0.6752597822303983,0.8022589038598585,0.6662854869984587,0.13444869818856797,0.2590778766635178,0.19173337310860306,0.3761994729776761,0.8465668970317705,0.3326041200550225,0.44460465039195207,0.5714380417308872,0.072482142561196,0.548003778650624,0.6625731284906942,0.5517741427600723,0.6305706093902782,0.5110790699216097,0.6775800062977511,0.7288403851571952,0.9255870995541856,0.32557715573675405,0.08214421849881504,0.4448200997696349,0.817381792870283,0.6323190639553191,0.630852350884171,0.756467624587746,0.32478165034223305,0.3053166277200483,0.14449195379439495,0.9202920167719054,0.21206847975604504,0.08318831932912385,0.6325676593911069,0.877086130031986,0.748786025621903,0.08645320605246998,0.42060690432390324,0.24570344221813412,0.8090372727423392,0.46426854936276707,0.5270803294718176,0.9811316064237061,0.570891131772154,0.3198014551119508,0.11570460233016777,0.07234127181424943,0.4725467773745007,0.5891960423606624,0.6571951805631515,0.10900081207842349,0.11375727141649672,0.4103233397968147,0.8434014484827392,0.5219012578929051,0.5617511062496894,0.0789124778335738,0.46251180828319993,0.609232834485159,0.16937635691675368,0.8298861432904092,0.6788809890783739,0.3633388024329207,0.06102189297137839,0.2193523260246275,0.30550721755415244,0.23444206897694686,0.48380815061568794,0.6826513531878221
109,0.14654700939690746,0.3113823563532706,0.7223437577686074,0.7628233812293873,0.6707353452990603,0.4648651784086577,0.3589469497340029,0.2767861582061354,0.12878900876713228,0.2806808200334774,0.2028041565156864,0.15741062994083432,0.9633073136777209,0.15964798886292442,0.06443593695619765,0.5875553124844628,0.6804637133528895,0.10785727307379966,0.5464210543761083,0.17241750774789122,0.919065612622019,0.5225807520840584,0.960058999983427,0.4055254478861101,0.6337443444538358,0.8730920300303286,0.990975985680903,0.8596347304396825,0.26757984056746054,0.7624587745902319,0.931909710137722,0.8406337526309684,0.7634697293624356,0.10009280896269412,0.9267057790152307,0.30976648602064993,0.45238568753211017,0.5056845489650144,0.0491473176552476,0.0993801687134358,0.7412287243739538,0.20342564510515593,0.8642668920598617,0.37095410928255357,0.44334510018396067,0.868128407829099,0.18250219592634942,0.26528447604368655,0.12200235337012555,0.22374417872354535,0.8307230812575614,0.2924062380881354,0.09599098427219521,0.6458509421767017,0.7638260494870648,0.22251777457365884,0.8478678798123933,0.12097482556886918,0.8682029864598353,0.7405658032118532,0.9345531082715988,0.7633122855864367,0.20704685195313144,0.7734052602794212,0.7823546959677821,0.08928719402045104,0.6986774722816089,0.11674041664595036,0.22129965693829856,0.8580520061651669,0.5762027875834868,0.6058436500439185,0.1624322577437478,0.05912428114486479,0.07065910936541864,0.752995575001243,0.6212979996353933,0.4399227696846153,0.782097814017468,0.8663799532640581,0.4176734781816074,0.2490346210576907,0.8675069192396295,0.06481711662440537,0.699630421452129,0.9272941215465951,0.5088499975140457,0.7139578050680323,0.3830358474618406,0.6791544440577405,0.12607931851704524,0.11698072556721195,0.47324284459470656,0.1906395531911368,0.8859775601186629,0.8753625350105239,0.36291619019208143,0.145734930973334,0.31993403934437104,0.3095427501284409,0.7063756442765043,0.714173254445715,0.7938646646447571,0.6426523475695654,0.1607418087803908,0.3466331891479806,0.08528480750426759,0.20459404365335843,0.3786274217338703,-2.220446049250313e-16,0.88766800908202,0.13922173055569365,0.11570460233016777,0.08577371186131677,0.4079451101277781,0.3218316511708845,0.7160294336995974,0.6233281956943271,0.12053564029897734,0.8999237640663584,0.8365733605131009,0.8990039609539436,0.2176038714595867,0.13520277101045752,0.05237077180596317,0.08306402161123005,0.1098874691327334,0.2956959843550606,0.10588508261654983,0.2017600556853777,0.08100067949419121,0.8212433086395201,0.8782876746382937,0.782702729577885,0.47057458691725085,0.17141483949021374,0.18305739239960894,0.1736107658396725,0.8871542451813919,0.639553191136744,0.10126120751089673,0.7302739521702382,0.3049105885082617,0.7274399642022572,0.35057757006248036,0.23193125507549017,0.3433600159101079,0.1815741062994083,0.4337907489351829,0.8444289762839955,0.9454001557864731,0.047871194418203755,0.4035698304579127,0.07601219774938262,0.8884552279620147,0.2780125623560217,0.3477933011816571,0.8563781302308623,0.10291851041614875,0.07341023218813725,0.2884701436881617,0.9529574570344223,0.17194517641989426,0.32401100449129083,0.34310313395979386,0.9225956678102057,0.8647143638442799,0.32502195926349453,0.0733439400719268,0.1353187822138252,0.8815857074197452,0.1281758066921892,0.18952916024461786,0.9957490180480287,0.2786340509454913,0.1135666815823928,0.2713419181623825,0.3892838794146407,0.12304645420043425,0.2353701586038881,0.8008336233613418,0.2947430351845406,0.36159863438240614,0.07547357430517565,0.8897064916554799,0.7742670577901524,0.22942044117403337,0.3037173304164801,0.11756078158405003,0.2854289928570244,0.2137092096322445,0.8806990503654353,0.44447206615953194,0.048973300850196355,0.3147549677654584,0.241742488274582,0.10014252804985158,0.1756658214421849,0.1446328245413414,0.4055751669732677
110,0.9536618107691543,0.8733654850096952,0.5256799085168796,0.5425429655778187,0.6785743880409022,0.889167868211273,0.875652563018943,0.8808067750542767,0.8704983509836093,0.8417772916355923,0.8900130926929515,0.9108868227846004,0.7747228160890967,0.8711115530585526,0.879828966340178,0.748562289729694,0.6894711546429342,0.9489716435472912,0.7689554019788197,0.8865161835628698,0.2655827905666319,0.7803162133943221,0.8354132484794246,0.8244501897611827,0.7156814000894944,0.24479192562024554,0.9832198080843236,0.10856162680853176,0.8839225045161505,0.6455194815956513,0.7424054094366828,0.4078871045260942,0.509115165978886,0.8825386565902651,0.2575945905633171,0.8537761646696167,0.846069706160195,0.7880143853892176,0.8723876762955967,0.8651701221432241,0.5994298878005933,0.8663053746333218,0.06973930625300384,0.8832595833540497,0.8077280034471901,0.068504615588591,0.9231508642834652,0.8420507466149589,0.8822403420673197,0.9261671555710238,0.33250468188070736,0.8346177430849036,0.9101244634481845,0.6934072490429075,0.5099272444024595,0.8546711082384528,0.26477071214305836,0.8712192777473939,0.27331410861963235,0.6263610600109383,0.8405426009711795,0.5518238618472298,0.8884220819039096,0.5584199274101328,0.4071413182187308,0.8773844445549313,0.7122507830756226,0.8559389449609704,0.8479341719286034,0.07660882679527337,0.7544954341304961,0.7118861764364672,0.8981173038996338,0.8888861267173802,0.924327549346194,0.6623493925984854,0.7344503554914732,0.7833325046818806,0.5297817332073784,0.25961650010772475,0.7936492152670744,0.8416198478595933,0.33890187109498005,0.8693299524354067,0.609622300667893,0.2538490859974477,0.7711679013573312,0.629029317688394,0.7512471204362022,0.6419811398929383,0.8885795256799086,0.8811630951789059,0.778335736422546,0.8405674605147583,0.20971510963058715,0.06354927990188763,0.9157261472679362,0.8588143655015827,0.9144251644873134,0.9393758597258821,0.549155604169774,0.6974593546462486,0.7009231177182254,0.669094615422861,0.8542733555411923,0.8887038233978025,0.8756939955915743,0.9226619599264158,0.8379820679825651,0.88766800908202,-2.220446049250313e-16,0.8810139379174332,0.8853892175872985,0.901630786058768,0.8918609854323075,0.9014319097101378,0.6803559886640481,0.7457863073633968,0.8820000331460581,0.10464210543761077,0.26290624637465,0.09853494423175724,0.8785777026467128,0.8720562157145462,0.9123866819138534,0.862999055337344,0.8722882381212815,0.8547871194418204,0.8821657634365833,0.9002717976764614,0.9271201047415436,0.5790947811531514,0.18189728036593245,0.4762591358822652,0.7893236546843667,0.8394653540827657,0.8694625366678268,0.9237226337857771,0.36101857836556783,0.7193440395101013,0.9108288171829166,0.6218697691377053,0.8541241982797196,0.5833126170470178,0.9178640680157113,0.873738378163377,0.891048907008734,0.8755696978736804,0.8967831750609059,0.2705629857969142,0.7705795588259667,0.8787185733936592,0.8416032748305408,0.8798041067965992,0.1617527635525945,0.9260262848240773,0.9159167371020402,0.1166906975587928,0.9200351348215914,0.889391604103482,0.8826132352210014,0.7077843517459688,0.8944049453918693,0.8233563698437164,0.8983493263063691,0.2015777523657999,0.26026284824077295,0.861946667992509,0.8998077528629909,0.8653275659192231,0.15368998491854358,0.8537015860388804,0.9225459487230482,0.9923929796648934,0.8606788312699913,0.8441389482755763,0.8684930144682543,0.8276322113392665,0.9076467956048327,0.9283962279785877,0.4985581464724307,0.8491440030494374,0.8499229354149058,0.8810636570045908,0.02847246391222924,0.6110475811664098,0.8963191302474354,0.8512736372826862,0.8818757354281643,0.917184573824558,0.8680289696547838,0.535855748355127,0.8784368318997663,0.8920598617809377,0.8267787003430617,0.8283448515885249,0.8740035466282173,0.8333416198478596,0.9476789472811946,0.9023931453951839
111,0.08811050895772199,0.4339150466530768,0.7671323687830425,0.8105371318715922,0.7070882845257628,0.34101493229917634,0.23048940154792086,0.4147814846119424,0.24223967914615763,0.39336913107608673,0.07403172077760678,0.05983692139412322,0.9491456603523426,0.3004358706640813,0.09720081539302938,0.6469364755796416,0.7434826563250965,0.10079716269742622,0.6322113392664779,0.2962428943137937,0.9021114039012911,0.597540562488606,0.9439914483170089,0.5370904390195397,0.6743896982051409,0.8712938563781303,0.978579359949618,0.8658164702762724,0.39747924228111176,0.8154178889275593,0.9183529723727606,0.8188070733687995,0.810371401581067,0.2176287310031655,0.9037687068065431,0.4416380781915511,0.5615356568720065,0.6237756674787451,0.11553887203964275,0.16906146936475597,0.8068910654800379,0.32861830656789137,0.8690896435141451,0.44075970765176753,0.54265069026666,0.8716750360463382,0.08371036974427803,0.39312882215482525,0.2407066739587993,0.10371401581066975,0.8268864250319031,0.41842755100349693,0.22842605943088223,0.686662026218532,0.8139346028273589,0.3637697011882861,0.8512984968262649,0.26137324118729177,0.8611180165398831,0.7903428959710967,0.918717579011916,0.8059381163095178,0.3481413347917599,0.8070650822850893,0.8075042675549811,0.061792538822320386,0.7360910853676728,0.22910555362203544,0.3505527105189016,0.8481413347917599,0.6344735577321468,0.6728566930177828,0.07433832181507816,0.19086328908334582,0.18304081937055638,0.8058718241933079,0.696034074147732,0.5546827093587896,0.8171497704635478,0.8380980791859329,0.5344636139147152,0.3783208206963987,0.8738543893667445,0.1308109183115398,0.7595336349624621,0.9054425827408477,0.587563598998989,0.7604782976184559,0.49514410248761165,0.6828833755945574,0.05805532077097719,0.0546247037571056,0.5472828518868393,0.31764696133512316,0.8801024213195446,0.8721556538888613,0.25276355259450767,0.2593679046719368,0.18259334758613832,0.19708646149256703,0.7809542750128441,0.794975057591276,0.8086229470160261,0.7021578083826381,0.26418236961169395,0.1965892706209913,0.20092311771822535,0.10102089858963526,0.5016324433616732,0.13922173055569365,0.8810139379174332,-2.220446049250313e-16,0.06682245313976043,0.19858632062182013,0.29120469348182776,0.2090521884684864,0.7677455708579857,0.6812343592038317,0.06412933591872583,0.8922255920714629,0.831377715905136,0.8886706773396974,0.36730804289099916,0.26549992542136924,0.1201876066888744,0.10403718987719379,0.05638973135119896,0.4323820414657187,0.2211919322494572,0.33431114204743206,0.14841147516531594,0.8156084787616633,0.8588475115596879,0.8032035665158521,0.5773877591607418,0.29329289514244516,0.32061353353552424,0.3115646596728484,0.8695205422695106,0.6846732627322296,0.10225558925404798,0.7940801140224398,0.43896153399956905,0.7911964069673015,0.2399691741659623,0.09845207908649478,0.21109067104194634,0.0971759558494506,0.3132551086362054,0.8370125457829928,0.9273521271482789,0.16883773347254682,0.5362535010523874,0.1053878917449742,0.897678118629742,0.17076849135716532,0.22551749283216505,0.855251164255291,0.22206201627471456,0.20622648701503177,0.4325063391836126,0.9305921543280467,0.3103299690084358,0.43855549478778244,0.22236033079765982,0.8979267140655298,0.8598998989045228,0.45697641657965826,0.10550390294834189,0.27401017583983833,0.8762160460067288,0.08956064899981764,0.1011286232784766,0.9875868012396626,0.14266063408409158,0.2113558395067867,0.3997083146886756,0.513225277183911,0.07114801372246804,0.12523409403536678,0.8202489268963689,0.43080760370572924,0.4509852665771723,0.08304744858217716,0.8772601468370373,0.8131805300054691,0.09444140605578477,0.43182684499245927,0.08527652098974114,0.16818309882497218,0.3513565024279488,0.8582094499411658,0.3210610053199423,0.16489335255804694,0.43451167569896754,0.36154891529524846,0.22874923349740628,0.3086146605014999,0.11762707370026027,0.28015048310379687
112,0.0888480087505592,0.4012413198760336,0.7202638426225162,0.7658562455459985,0.6839026168812874,0.415751006811515,0.28179949949452265,0.3694293906097217,0.2257495152389002,0.38785859891612384,0.11334294569018388,0.07997315169293495,0.9643514145080297,0.25266411442019254,0.06920896932332321,0.6198064270206665,0.6966224166790964,0.08780390792025061,0.6081970201693763,0.27463166442930764,0.9070998856460996,0.5719766651750942,0.9610036626394207,0.5183131971030346,0.6520658280713967,0.8520442831336283,0.9923598336067884,0.8486799582359668,0.3662473690316379,0.7690465536386086,0.9316776877309866,0.8250385322925472,0.768582508825138,0.19002635111619348,0.9113674406271235,0.40488738626758813,0.5418966174447704,0.5792605114436765,0.09559323157493504,0.13318086146605013,0.76922057044366,0.30069275261439543,0.8537761646696167,0.445557599562472,0.5282238684764414,0.8684515818956231,0.10765839672516941,0.35545004060392116,0.21452128805581805,0.14556920068280887,0.8130479457730491,0.38359933044962624,0.18880823348083342,0.6617610500671208,0.7836391057193524,0.3035433136114287,0.8178789837418585,0.21557367540065298,0.8439566449559985,0.7480153797709608,0.9331195412585559,0.7747642486617279,0.28982084555594234,0.7741096140141535,0.7825204262583073,0.0516498450421784,0.7137092096322445,0.20744460465039194,0.30626957689056833,0.8450753244170437,0.5937950579227367,0.6200715954855069,0.0845224481678516,0.15671456272062834,0.15281990089328623,0.7589701519746765,0.6402741179005287,0.5381262533353222,0.8039824988813205,0.8474369810570278,0.5182966240739819,0.3493594524271201,0.8475529922603955,0.09945474734417203,0.7251280266494307,0.9128175806692189,0.5410348199340393,0.725583784948375,0.4909262665937453,0.6840434876282337,0.052147035913754025,0.07798438820663256,0.554699282387842,0.26559936359568437,0.8746913273338969,0.8527320638393079,0.28750062148858957,0.22779628432688637,0.2471370092311772,0.23513813619715274,0.7320638393079103,0.7527801256235602,0.7910969687929863,0.658802764381246,0.2510316710585194,0.2640663584083264,0.15964798886292453,0.12613732411872913,0.4485987503936095,0.11570460233016777,0.8853892175872985,0.06682245313976043,0.0,0.15732776479557176,0.3416861399758033,0.25771888828121126,0.7266941778948939,0.6236347967317988,0.056530602098145644,0.8922338785859892,0.8240690100929747,0.8885463796218035,0.3256020152803327,0.2242828021677522,0.10597623427633862,0.07831584878768283,0.07958368551020079,0.3886458177961186,0.1892639917797776,0.3118132551086362,0.13582425959992717,0.8035764596695338,0.8654932962097484,0.7664860206499942,0.5590745620577073,0.27058784534049285,0.28133545468105203,0.29485075987338205,0.8797129551368104,0.6621919488224863,0.11723760751752599,0.7763386864217173,0.4072904754802035,0.7755348945126701,0.283630819204826,0.1356170967367707,0.2562853212681683,0.09428396227978597,0.3709292497389748,0.8290740648668358,0.9428396227978588,0.15344967599728188,0.4830872238519035,0.05322428280216762,0.888082334808333,0.21152985631183818,0.26854107625250667,0.8393327698503457,0.1816403984156184,0.18086146605014997,0.36743234060889307,0.9524519796483204,0.2664694476209417,0.43727108503621204,0.2743913555080463,0.909088649132402,0.8446775717197833,0.41623162465403796,0.08743101476656878,0.23213841793864665,0.8831518586652083,0.08385952700575094,0.11913521934403948,0.997066573857704,0.19136876646944756,0.18762326190357814,0.36555130181143203,0.4799052022738196,0.05725981537645641,0.16253998243258916,0.788727025638476,0.3818177298264803,0.4468834418866736,0.05627372014783161,0.8830689935199457,0.7802084887054808,0.1491904075307845,0.37147615969770786,0.06006065728633203,0.2088698851489087,0.2995740731533503,0.868004110111205,0.3762326190357812,0.1335703276487843,0.4110608395896518,0.33136942939060976,0.20987255340658617,0.26912113226934486,0.08990039609539435,0.3325792605114437
113,0.19109531149008108,0.27089444637796445,0.722907240756393,0.7569979615174266,0.6262699083511494,0.4882911549743947,0.3893667445599033,0.23626510217272412,0.1061171050232852,0.2636768922255921,0.25060905881768014,0.21474502394802708,0.973383715341653,0.13670263013971062,0.12880558179618484,0.560789870564643,0.6425529093952502,0.14399476292281943,0.5634747012711514,0.1381693432108586,0.9285288122110078,0.4832363811133761,0.9727705132667098,0.39230845721672547,0.6025041846898357,0.865833043305325,0.9956495798737136,0.8647640829314374,0.23918195528596764,0.7427202969886807,0.9436268416778535,0.8280216775220007,0.7754768889109863,0.10551218946286811,0.9296226321284742,0.28127744907936825,0.42470872901440193,0.4789273935597209,0.13376920399741477,0.1422048757851473,0.7543131308109183,0.16559770629277915,0.8733406254661165,0.3270935878950596,0.407149604733257,0.8839225045161505,0.22558378494837494,0.23465751835462967,0.09225376622085224,0.263734897827276,0.8198346011700559,0.27285835032068806,0.08133214007524159,0.618033112912047,0.7545782992757587,0.17693365816470275,0.8200251910041599,0.09970334277995996,0.8657253186164836,0.721689123121033,0.9458061949982599,0.7605611627637184,0.15956512371766185,0.779421269825486,0.7867714082102786,0.160683803178707,0.6791875901158455,0.12506007723031531,0.18031455609141678,0.860446808863256,0.5430650159929731,0.6042194931967716,0.22251777457365884,0.03254942905914904,0.0429738643331844,0.7000696067220207,0.5801140224398814,0.42021743814116896,0.799980112365137,0.8550854339647658,0.39451267008071067,0.21557367540065298,0.8609025671622003,0.11321864797228987,0.7122756426192015,0.9361855516332721,0.47915941596645617,0.6808448930210975,0.3609522862493577,0.6769253716501765,0.18076202787583484,0.16611147019340722,0.4408508593115563,0.1424203251628301,0.8907588790003149,0.868285851605098,0.40051210659772285,0.13137440129932543,0.34064203914549473,0.34377434163642084,0.7026549992542137,0.7057458691725087,0.7990520227381959,0.6022141566814168,0.13459785545004055,0.38084820762690796,0.08845025605329881,0.263768043885381,0.3274333349906362,0.08577371186131677,0.901630786058768,0.19858632062182013,0.15732776479557176,0.0,0.4492699580702364,0.3636205439268134,0.6789638542236365,0.5945988498317838,0.18639685775369164,0.9078208124098842,0.8320406370672369,0.9039924426987521,0.1831651170884503,0.12062679195876636,0.08695868343857205,0.13924659009927232,0.1675450372064502,0.2616218366230796,0.10743466083296038,0.17842523077942962,0.07536584961633441,0.8117138169343211,0.8796383765060741,0.7789903710701205,0.4501814746681252,0.1408293143737882,0.14468254362849886,0.1894462950993553,0.8954407597076518,0.6233364822088533,0.11866288801604263,0.7615223984487645,0.2766452874591889,0.7586966969953098,0.3839805101178343,0.2766452874591889,0.3808564941414343,0.25505891711828166,0.4560648999817696,0.8393161968212931,0.9539435522630472,0.07460349027991842,0.36883276156383105,0.11413016457017844,0.8999900561825684,0.31730721423954655,0.37526309683620873,0.8513647889424751,0.03834998922753119,0.08410812244153842,0.24277830259036437,0.9644922852549761,0.13067833407911966,0.3219808084323572,0.373837816337692,0.9276338686421718,0.8514973731748952,0.2961848887121099,0.10123634796731795,0.10861134589568944,0.8985316296259468,0.21400752415518975,0.22876580652645884,0.9982515454349592,0.3120535640298978,0.12947678947281183,0.24102156151079734,0.36066225824093867,0.16777705961318545,0.2763966920234012,0.7912875586270903,0.25510863620543944,0.3272427451565323,0.13689321997381465,0.8991365451863638,0.7740598949269958,0.2692288569581862,0.2555975405624886,0.16553141417656914,0.3172657816669152,0.1703044465436948,0.8826380947645802,0.4662075937619118,0.09315699630421459,0.2896551152654172,0.20888645817796114,0.09191401912527564,0.15813155670461887,0.19498997331742318,0.4279819022522746
114,0.3169757536584963,0.6207179436185553,0.8076037057292962,0.8383052420490894,0.7526972604782975,0.14747509902384848,0.0848621952634282,0.6425943419678815,0.5145594060226387,0.5744377599893933,0.21247451896783176,0.2862907903677554,0.949924592717811,0.5683803178706972,0.3376008883143572,0.7631714148394901,0.8022837634034372,0.3725534065861217,0.7845671953462935,0.558999983426971,0.907050166558942,0.7499958567427369,0.9426324599347023,0.7223769038267125,0.7803825055105322,0.8810968030626958,0.969812227580835,0.8834253136445749,0.6007474436102687,0.8438903528397886,0.9212283929133728,0.8451996221349376,0.8437246225492634,0.5233182518768955,0.9038018528646481,0.6345315633338307,0.7337874343293723,0.7376655231276621,0.40831800328145973,0.45868343857206784,0.8513482159134225,0.5558096753343609,0.8816022804487977,0.6248031952800013,0.7250783075622732,0.8812211007805897,0.25110624968925577,0.6146356419562804,0.5140124960639056,0.2603954324731931,0.8487793964102819,0.5970433716170305,0.49180463713352895,0.7632211339266478,0.8564361358325461,0.6036062911218284,0.8643248976615456,0.5394189496014187,0.8696199804438257,0.8326372661131275,0.9197699663567511,0.849450604086909,0.5890551716137158,0.8505941430915329,0.8390013092692952,0.3485390874890204,0.7934254793748654,0.49006446908301426,0.591035648585492,0.842788246407796,0.7529790019721905,0.7485540032151676,0.27768938828949774,0.4507366711413844,0.41865128689570597,0.8374102984802533,0.7957042708695868,0.705886739919455,0.8499477949584846,0.8512404912245812,0.6860239646000099,0.6233033361507483,0.8883806493312782,0.39052685659357955,0.8014551119508113,0.9078125258953579,0.7034090720761035,0.8114900810421121,0.6741742488274582,0.7530535806029269,0.3440312235867349,0.3478927393559721,0.7377152422148197,0.5369247087290143,0.8900296657220041,0.8843699763005685,0.16544854903130646,0.5224564543661645,0.11839771955120248,0.16501765027594095,0.8231160609224548,0.8360927426705779,0.8419678814696963,0.7901440196224664,0.5347370688940818,0.13067004756459344,0.46291784749498666,0.24739389118149124,0.6511708845025606,0.4079451101277781,0.8918609854323075,0.29120469348182776,0.3416861399758033,0.4492699580702364,0.0,0.1769750907373342,0.8185999105056432,0.768325626874824,0.31347884452841435,0.8946535408276571,0.8622035499428231,0.8914383731914683,0.6119756707933509,0.5099521039460383,0.39597938315185877,0.34846450885828406,0.32892490760536297,0.6280349359452428,0.5242297684747842,0.5461310263676892,0.40703359352988944,0.8516050978637366,0.8683604302358342,0.8472463912229238,0.6900594971742986,0.5403718987719386,0.5783655678748405,0.5386234442068978,0.8791080395763934,0.7835562405740898,0.3260826331228559,0.8356784169442649,0.618737466646779,0.8304081937055636,0.13630487744245023,0.2315997944944398,0.1080810089660088,0.26954374451018415,0.05754155687034923,0.8622615555445069,0.9300866769419447,0.4394421518420921,0.6822204544324566,0.4071744642768358,0.9092626659374534,0.23125176088433674,0.11550572598153763,0.8681035482855202,0.47317655247849644,0.4592303485308009,0.6588193374102985,0.9159250236165664,0.5530751255406952,0.6086859245264258,0.11336780523376255,0.8940486252672402,0.8717993337642321,0.6381030510946486,0.3660319196539552,0.534455327400189,0.866918576708265,0.29319345696813004,0.25241551898440473,0.9744443892010143,0.18517045360380513,0.4712623676229304,0.5899169691244469,0.6784003712358508,0.3022754768889111,0.23810470839755382,0.8642503190308093,0.6298662556555461,0.6365203268201329,0.3628996171630289,0.8883889358458046,0.835869006778369,0.2183993768541076,0.6249357795124215,0.3170503322892324,0.15240557516697328,0.5907953396642305,0.868070402227415,0.07753691642221439,0.42649032963754785,0.6160029168531131,0.5566714728450919,0.48283034190158935,0.5568454896501434,0.36120088168514564,0.11874575316130542
115,0.25232436732461594,0.5885994133147715,0.8178126916256485,0.8472298181938713,0.7795952866305376,0.16013689321997393,0.13361176022141563,0.5720015247186728,0.45108470475148743,0.575415568703492,0.15742720296988677,0.23459122623841966,0.9614179883657337,0.49005618256848804,0.2800676179585343,0.7739770297817332,0.8044465436947911,0.28571902086544354,0.7543628498980759,0.4999751404564212,0.9212781120005304,0.7365385571520907,0.9590480452112233,0.6960755067203634,0.7803327864233747,0.887891744974229,0.9894678400371236,0.8892093007839043,0.5579641691111885,0.8536104343790916,0.9312965080627786,0.8693630984935117,0.8412552412204379,0.4280399078539585,0.927385273206384,0.6071943519116989,0.6913273338968164,0.7451068131722435,0.3262069308407497,0.3729014401962246,0.8509587497306883,0.5024942408724042,0.8861515769237144,0.5990652811614379,0.7169078042393808,0.8843036841843583,0.19339067601385507,0.5550887485705762,0.44836672798687416,0.15224813139097426,0.8591541125971593,0.5724987155902486,0.4253965097200816,0.7730737996983709,0.8570493379074894,0.5397172641243639,0.8698934354231923,0.44391686968627253,0.8804753144732262,0.8403851571951806,0.9339067601385506,0.8455145096869355,0.5190589834103978,0.8465337509736655,0.8399376854107626,0.27316495135815966,0.8207129717098395,0.44597192528878504,0.5292182502195926,0.8726611312749633,0.7440958584000398,0.7525978223039825,0.2346326588110509,0.3797212416513366,0.34919372213659494,0.8476192843766056,0.7969886806211572,0.6889076716551483,0.8564609953761249,0.8798455393692306,0.6832396957191866,0.5638641674538856,0.8865493296209749,0.33430285553290573,0.8146803891347222,0.9274764248661728,0.6988266295430816,0.8069159250236166,0.6748205969605066,0.7573542816420558,0.24521453786108482,0.266195992641575,0.6967881469696218,0.48619466679925094,0.898506770082368,0.8887701155140125,0.044208554997596794,0.4739637713584912,0.14765740234342628,0.11823198926067713,0.8299192893485143,0.8375677422562522,0.8450421783589387,0.7983891015760951,0.4914151709507947,0.06956528944795237,0.3936674455990321,0.22692620030162913,0.6686057110658115,0.3218316511708845,0.9014319097101378,0.2090521884684864,0.25771888828121126,0.3636205439268134,0.1769750907373342,0.0,0.8234889540761365,0.7888264638127911,0.263900628117801,0.9120717943618556,0.8686338852152008,0.910364772369446,0.5525116425529094,0.46554467259981114,0.3082831999204494,0.2921742156814,0.25793433765889384,0.5722584066689869,0.4311639238303584,0.498342697094748,0.3422910555362204,0.8554500406039212,0.8877094416546513,0.8534695636321451,0.6961583718656259,0.4851339929398897,0.4849268300767331,0.47030113193788425,0.8934934287939807,0.7973367142312601,0.2570973996917416,0.8468154924675583,0.605346459172343,0.8381892308457217,0.028024992127811177,0.21122325527436647,0.14846948076699973,0.25793433765889395,0.1787235453023749,0.8686173121861482,0.9422844263245994,0.36491324019291005,0.6712159631415834,0.3004938762657652,0.9151709507946768,0.07254843467740602,0.09994365170122144,0.87523823729263,0.38979764331526856,0.39895424186678596,0.6074346608329605,0.9513830192744328,0.4861863802847246,0.6141633106282836,0.10058999983426964,0.9255539534960805,0.884991464890038,0.6140555859394422,0.2827358756359899,0.4701685477054641,0.9001392134440412,0.26737267770430406,0.17390908036261787,0.9953346923217157,0.196829579542253,0.4118066258970152,0.5610301794859047,0.6734284625200948,0.24239712292215643,0.12660136893219986,0.8597921742156814,0.592916687382953,0.6235022124993785,0.28415286961998043,0.8976946916587945,0.8498234972405907,0.155040686786324,0.6125805863537679,0.2520426258307231,0.11309435025439607,0.5194898821657634,0.88773430119823,0.1759144168779727,0.3649629592800676,0.6204776346972938,0.527221200218764,0.4209549379340062,0.5088499975140457,0.30438025157858095,0.08279056663186324
116,0.7699497837219709,0.505353088383964,0.23743350072092684,0.21876398349326298,0.12152173552760248,0.8190142362319561,0.7893236546843667,0.5261025207577189,0.6334377434163643,0.5149903047780042,0.7693614411906065,0.7687565256301895,0.9479606887750875,0.5845224481678516,0.6750526193672417,0.21716468618969487,0.08144815127860916,0.7585806857919422,0.29870398912809304,0.6120999685112448,0.7581083544639454,0.2743747824789937,0.946833722799516,0.3765889391604105,0.18428379654949534,0.4936939624455162,0.9924841313246823,0.5212383367308042,0.5338006927526143,0.1082633122855865,0.8939823331510302,0.35474568686918917,0.2486700144185353,0.6699729859626444,0.7959031472182171,0.5020136230298812,0.33431114204743195,0.2939558163045459,0.7085384245678583,0.656225658363579,0.1403735560748438,0.6000762359336416,0.6201461741162433,0.465287790649497,0.37763303999071907,0.6771573940569118,0.7646795604832696,0.5570526525132999,0.6422214488141997,0.8103299690084357,0.4145908947778385,0.5065132004176403,0.6539054342962264,0.1572200401067303,0.15441919819685457,0.5358391753260744,0.41172376075175254,0.574205737582658,0.5826248363413381,0.08774590231856683,0.9103399128258672,0.19308407497638336,0.5866437958865742,0.1939210129435356,0.3261157791809609,0.7214488141997712,0.12354364507200999,0.6370092311771822,0.5643282122673561,0.6283415369827143,0.21957606191683654,0.18251876895540198,0.7648121447156897,0.6798422247634202,0.718598253202738,0.07874674754304878,0.20098112331990914,0.3778319163393493,0.1988846351447654,0.4625615273703575,0.38624272858350317,0.5239977460680489,0.5366181076915428,0.6917582326521818,0.1284824077296608,0.7913869968014056,0.29772618041399435,0.08610517244236715,0.42327516200135906,0.10747609340559183,0.7521503505195645,0.7536253501052388,0.3436914764911583,0.6089593795057924,0.7140903893004524,0.6304794577304894,0.8297286995144103,0.6176850793019439,0.8153018777241917,0.8354463945375297,0.1518255191501352,0.0659606556290292,0.42076434809990226,0.2270090654468917,0.616127214571007,0.8184176071860654,0.633653192794047,0.7991680339415634,0.4483418684432954,0.7160294336995974,0.6803559886640481,0.7677455708579857,0.7266941778948939,0.6789638542236365,0.8185999105056432,0.8234889540761365,0.0,0.21089179469331598,0.7393642586055453,0.5977974444389202,0.45429987238767633,0.667313014799715,0.5695321433898475,0.6329736986028938,0.745695155703608,0.7250617345332206,0.7492169243772684,0.4768723379572084,0.6553887203964268,0.5980708994182867,0.700210477468967,0.3151444339481928,0.5818293309468171,0.2278377168995177,0.36647939143837305,0.6327333896816321,0.582144218498815,0.7196340675185203,0.7682759077876664,0.17197832247799927,0.7560532988614329,0.11860488241435885,0.48004607302076596,0.08261654982681199,0.8409154941248613,0.7779048376671804,0.7984305341487263,0.7647707121430585,0.8238121281426607,0.47741096140141526,0.9113923001707022,0.6688957390742306,0.4334012827524487,0.7054309816205109,0.5823928139346028,0.8227100217106681,0.8190473822900612,0.5468685261605264,0.6856842175044333,0.6690283233066507,0.5293591209665391,0.9064203914549462,0.6217537579343376,0.5058585657700658,0.8122110078058967,0.7741261870432059,0.472621356005237,0.4834932630636901,0.7477999303932781,0.5852516614461625,0.6127960357314507,0.7021826679262169,0.7788909328958054,0.997033427799599,0.7640663584083263,0.6637829596115282,0.5351762541639735,0.4373208041233696,0.7332819569432706,0.8145892374749333,0.24140274117900518,0.5100764016639321,0.43322726594739724,0.7169078042393808,0.6875486832728418,0.1026284824077296,0.8114569349840071,0.4961053381726579,0.7023152521586371,0.8145726644458808,0.5713137440129933,0.7795704270869587,0.8145395183877758,0.6958683438572069,0.49416629377351295,0.6037140158106697,0.647102205870167,0.5702364971245795,0.8095841827010724,0.8250551053215998
117,0.6501599297303569,0.3705646430998193,0.41282586718374514,0.3786522812774491,0.13103465420374882,0.7707867216891231,0.7313014799714944,0.4140605578481579,0.5297403006347471,0.3666782677870034,0.7044946054790434,0.6681002336797097,0.9402708032947182,0.498566432986957,0.6158040405044831,0.036071197732809646,0.15153549114171594,0.6578912477833574,0.11963241021561521,0.526326256649928,0.7934917714910755,0.1216211737019175,0.9334592883541325,0.24919206483368972,0.04056248860604239,0.6316229967351132,0.9765988829778419,0.677961185965959,0.3946784003712359,0.3161885347785014,0.8949518553506025,0.5034471900429243,0.4155355574338322,0.5577652927625583,0.7902351712822553,0.37241253583917533,0.1754172260063972,0.12873928967997472,0.5940519398730506,0.5756227315666484,0.3456305208903032,0.4789853991614047,0.7132617378478265,0.3148129733671423,0.20775120568786354,0.6755415237242911,0.683347420408028,0.4175657534927658,0.5522630471171216,0.7462503521768674,0.5382671240822685,0.3658744758779562,0.5527685245032234,0.11465221498533285,0.3625432970383998,0.4522448167851638,0.5983277813686008,0.5080047730323671,0.6798670843069988,0.30366761132932263,0.9003878088798289,0.3729180132252772,0.48491854356220687,0.38464343127993506,0.4831866620262184,0.6046089593795059,0.14562720628449255,0.4863438240607235,0.46190689272278285,0.659531977659557,0.04845953694956817,0.08088466829082364,0.6655645602346743,0.5859145826082632,0.6229718755696979,0.22436566731301477,0.0560665572846748,0.21017915444405766,0.39257362568156573,0.587687896716883,0.23090372727423392,0.41604103481993404,0.662564841976168,0.5914499743118049,0.2657568073716833,0.7927211256401333,0.13140754735743043,0.13876597225674925,0.28997000281741503,0.2506836374484164,0.6475993967417425,0.6407878818011568,0.17808548368385302,0.5022456454366164,0.7427783025903645,0.7254014816287973,0.8059629758530967,0.505353088383964,0.7560035797742755,0.7863073633968081,0.25621902915195816,0.20452775153714842,0.5103664296723511,0.08979267140655278,0.5018313197103036,0.7642569482424303,0.547141981139893,0.7194766237425214,0.2930525862211837,0.6233281956943271,0.7457863073633968,0.6812343592038317,0.6236347967317988,0.5945988498317838,0.768325626874824,0.7888264638127911,0.21089179469331598,0.0,0.6185965958998326,0.7551915013507019,0.5835363529392268,0.7544954341304961,0.43711364126021324,0.5476888910986262,0.6500439185269892,0.6025621902915196,0.6243060044084257,0.38224862858184594,0.5517990023036511,0.4744526757155405,0.6283498234972407,0.4778170006132021,0.6834385720678168,0.430542435240889,0.18934685692504016,0.5042344089229189,0.4855731782097814,0.6262781948656756,0.7812194434776845,0.02997232304148245,0.6623079600258539,0.30278095427501284,0.35238403022920495,0.27184739554848436,0.7890916322776313,0.6937304231094317,0.7509570924277831,0.664346442599314,0.7753360181640399,0.59875039360944,0.9014153366810852,0.5814067187059779,0.2894728119458394,0.608694211040952,0.7116127214571006,0.7897628399542584,0.774225625217521,0.6604434942574454,0.6096223006678931,0.5780755398664215,0.4312550754901473,0.9014816287972953,0.5018230331957771,0.38249722401763375,0.7523243673246159,0.7859593297867051,0.6238336730804289,0.350536137489849,0.6441687797278709,0.504524436931338,0.7055552793384048,0.6138318500472331,0.6829911002833988,0.983866156217372,0.6999701685477056,0.5445814481512786,0.39471983294386725,0.26574023434263083,0.63617229321003,0.7540976814332356,0.419612522580752,0.4012081738179287,0.2893568007424716,0.6097051658131556,0.7525895357894563,0.2862825038532292,0.72459768971975,0.3834336001591011,0.6061668241104428,0.749937851141053,0.4524602661628465,0.7831087687896717,0.7684167785346128,0.587812194434777,0.3591375395681069,0.5021876398349328,0.5499925421369264,0.472621356005237,0.705944745521139,0.7821972521917833
118,0.0932232884204246,0.41071280597954885,0.7316578000961236,0.7743582094499412,0.6751437710270306,0.41015760950628954,0.26626228475778513,0.38783373937254506,0.2395714214687017,0.381105089577222,0.11125474402956625,0.0670876216046008,0.9520045078639023,0.2823629824823083,0.07143804173088719,0.6100531994232585,0.7132451648187739,0.10922454797063252,0.6187623261903579,0.29310230530834125,0.9075805034886227,0.5831054541838612,0.9456404647077347,0.5350188103879746,0.666550655463299,0.8676146439284708,0.978579359949618,0.8502875420540613,0.3723793897810703,0.7745405127695189,0.920822353701586,0.8254279984752813,0.7973532872603126,0.2100051376390062,0.9030063474701272,0.4131490412502693,0.5485921211819884,0.5930492716153732,0.09953761248943471,0.13560052370771802,0.7817580669218914,0.30706508228508933,0.8651452625996454,0.4467840037123585,0.5444405774043322,0.8659739140522714,0.1127711761878718,0.3600573426805218,0.240946982880061,0.18154096024130317,0.8165199953595519,0.37958037090439023,0.2140240971842423,0.662374252142064,0.7969638210775785,0.3310711148676644,0.8339051028356453,0.23821243308639517,0.8568338885298066,0.7518686090256717,0.9219161736190524,0.7930774457647625,0.31970201693763567,0.7970715457664198,0.7979333432771508,0.03946038217405001,0.7011468536104344,0.2199323820414657,0.3257677455708581,0.8371368435008867,0.627057127231144,0.6240822685162168,0.06045840998359264,0.1770745289116492,0.1725666650093638,0.7703641094482839,0.6585293094018794,0.5322759740797827,0.8072639586337195,0.8350320688112167,0.513863338802433,0.3529557997315169,0.8687084638459371,0.11229884485987507,0.7249540098443793,0.9078290989244104,0.5496610815558759,0.7330167884784302,0.48539916140472994,0.6927028953081755,0.08049520210808925,0.09483915875304516,0.5556107989857306,0.2918344685858234,0.8755614113591542,0.8636454034703923,0.3001955617428198,0.23832844428976285,0.22647044200268485,0.23167437312517603,0.7402757752034339,0.7549926250020718,0.802656656557119,0.6770165233099654,0.263710038283697,0.24711214968759843,0.1924211538142827,0.12320389797643316,0.4559074562057708,0.12053564029897734,0.8820000331460581,0.06412933591872583,0.056530602098145644,0.18639685775369164,0.31347884452841435,0.263900628117801,0.7393642586055453,0.6185965958998326,-2.220446049250313e-16,0.8801769999502809,0.8290077727506258,0.8766883773347255,0.3463017285669303,0.24319262831667732,0.12402426291453272,0.08713270024362363,0.07527469795654562,0.40467193688990544,0.2179104724970582,0.30992392979664896,0.16998127247717065,0.8186496295928007,0.8595021462072623,0.7722865808183762,0.5464542004342134,0.2757834899484578,0.30149654452344254,0.2943452824872802,0.8726694177894894,0.6640978471635262,0.13798703989128092,0.7662705712723115,0.4155438439483583,0.77336382770679,0.28774093040985105,0.1105918228674655,0.22497886938795797,0.08090124131987597,0.34959976134838167,0.8376091748288835,0.927575863040488,0.14566035234259767,0.48971643547291144,0.07663368633885204,0.899111685642785,0.23116060922454795,0.25867183745173095,0.8475861383185005,0.2054475546495632,0.19198196854439098,0.39854820265499924,0.933218979432871,0.2852798355955517,0.4248578862758746,0.264662987454217,0.8979515736091086,0.8547374003546628,0.4163310628283532,0.11567145627206288,0.26317141483949014,0.8743930128109515,0.06638326786986859,0.1227232801339101,0.9873713518619799,0.1720446145942094,0.1909793002867134,0.3774921692437727,0.4918792157642652,0.056538888612671645,0.17719054011501678,0.8166111470193408,0.3979184275510035,0.4543578779893601,0.055188186744891565,0.8811548086643796,0.784998094101659,0.13061204196290954,0.4069838744427319,0.0563648718076204,0.1961252258075208,0.3312948507598733,0.8621621173701918,0.36371998210112855,0.1506985531745637,0.41524552942541304,0.32744990801968865,0.20738659904870826,0.28159233663136607,0.092088035930327,0.32062182005005047
119,0.9663981835960159,0.8815525613616401,0.4530403221796846,0.4762591358822652,0.6327831087687896,0.8875354248495998,0.8736389399890618,0.9023019937353951,0.8804753144732262,0.8558975123883393,0.9028654767231807,0.9149969339896253,0.7695188849666054,0.8840219426904656,0.9002137920747775,0.770911019407017,0.691948822486286,0.9525762773662143,0.832239513415867,0.9161487595087755,0.31317224349094275,0.8160393775170288,0.8462851555378776,0.8429374036692687,0.711049238469315,0.1797676461326837,0.9667627902351713,0.07680770314390362,0.8981090173851075,0.5696315815641625,0.7257826612970053,0.3376091748288834,0.4421601286067055,0.8944380914499744,0.28709458227680273,0.8748156250517908,0.8003778650623975,0.7564759111022722,0.8739786870846384,0.8771607086627223,0.5125872155653889,0.8675069192396295,0.09526177099388455,0.900611544772038,0.8134539849848357,0.08745587431014756,0.929075722169741,0.8600739157095743,0.8982581746465802,0.9341719286033909,0.29485075987338205,0.8415701287724358,0.9165216526624572,0.6797676461326837,0.5266411442019259,0.8864084588740285,0.19479938348331927,0.8858366893717164,0.26485357728832093,0.5514509686935483,0.818500472331328,0.4625615273703575,0.8997414607467807,0.46447571222592354,0.35697475927675293,0.8783125341818725,0.6437047349144004,0.8576128208952751,0.8611925951706194,0.08496991995226955,0.7531198727191369,0.7272576608826795,0.8988299441488921,0.8973549445632178,0.9385306352442035,0.5841246954705912,0.7462089196042361,0.8078688741941364,0.4922438224034207,0.1672135766253997,0.8192545451532177,0.8567427368700178,0.41925620245612294,0.8839059314870978,0.5466696498118961,0.2856361557201811,0.7622433252125492,0.6049818525331876,0.7733555411922637,0.5581961915179237,0.892449327963672,0.8851571951805632,0.8072390990901408,0.8573476524304346,0.22625499262500215,0.13767215233928298,0.9264820431230216,0.871699895589917,0.921617859096107,0.9450686952054227,0.5675019473309137,0.6751603440560832,0.6140224398813371,0.6929680637730158,0.8648883806493313,0.8905102835645271,0.89289679974809,0.9308987553655181,0.8387941464061387,0.8999237640663584,0.10464210543761077,0.8922255920714629,0.8922338785859892,0.9078208124098842,0.8946535408276571,0.9120717943618556,0.5977974444389202,0.7551915013507019,0.8801769999502809,0.0,0.21973350569283545,0.020998027809542852,0.8911400586685229,0.8731417491174862,0.9165050796334047,0.8620626791958768,0.8650789704834353,0.872942872768856,0.8915212383367308,0.907240756393046,0.9418701005982864,0.46797262135600526,0.1600125955020798,0.42643232403586406,0.7930608727357099,0.8467906329239796,0.8845688526491987,0.9269875205091235,0.4365833043305325,0.701453454647906,0.9243606954042991,0.5631763867482059,0.8761331808614661,0.5901489915311822,0.9209549379340063,0.8845191335620413,0.8908085980874725,0.8694459636387744,0.8921427269262004,0.22362816752017756,0.8035350270969026,0.8821160443494258,0.8429871227564262,0.9062878072225261,0.10942342431926289,0.9372130794345284,0.9318765640796169,0.12880558179618484,0.9253053580602927,0.902492583569499,0.9000232022406736,0.7383615903478677,0.9089477783854556,0.8220139544904623,0.9030560665572847,0.22900611544772032,0.1621588027643811,0.8714264406105504,0.9155769900064635,0.8833507350138385,0.08618803758762983,0.8542899285702448,0.9284625200947978,0.9841396111967385,0.8516713899799467,0.8557897876994979,0.885662672566665,0.8514393675732114,0.921584713038002,0.9365915908450588,0.4295397669832115,0.8692222277465653,0.8785031240159765,0.8848423076285653,0.12814266063408408,0.5237077180596298,0.8977526972604783,0.8682278460034141,0.9001723595021462,0.9264820431230216,0.8859692736041367,0.40945325577155733,0.8745421700724242,0.9052768524503224,0.8422330499345366,0.8239778584331859,0.8665871161272146,0.8317257495152389,0.9610533817265782,0.9055088748570577
120,0.8615903478678798,0.7520674853743019,0.25877127562604607,0.28189065115431156,0.5187938149455575,0.8611180165398831,0.8401697078174978,0.7738361590347869,0.8015296905815477,0.7404912245811167,0.850022373589221,0.8633636619764995,0.8883309302441208,0.7818989376688378,0.8254031389317026,0.5772634614428479,0.49358623775667476,0.8802764381245961,0.6628714430136395,0.8191468204643764,0.5044498583006016,0.6431743979847198,0.9199356966472763,0.6610152637597574,0.5761945010689604,0.077909809575896,0.9904207892076435,0.1951474170934221,0.7705878453404928,0.4028157576360232,0.7831916339349343,0.1153068496329075,0.22627985216858082,0.8080926100863455,0.4903876431495384,0.7408889772783772,0.6758729843053415,0.6376638658247569,0.8165117088450256,0.8075125540695073,0.33280299640365263,0.7871194418203815,0.20909362104111762,0.7341769005121066,0.6932663782959612,0.35830060160095456,0.8714595866686555,0.7546694509355475,0.7988365733605132,0.8797543877094417,0.10489070087339858,0.7571222592353205,0.8206632526226819,0.5626377633039992,0.3402940055353918,0.7654170602761067,0.07650110210643202,0.7580172028041565,0.2611743648386615,0.37977924725302037,0.8846931503670926,0.2866802565504898,0.7975273040653641,0.29228194037024147,0.1324350751586867,0.8224117071877227,0.5408110840418303,0.7745405127695189,0.7649364424335836,0.22909726710750933,0.5977394388372363,0.521420640050382,0.8514145080296326,0.8157990685957673,0.8525166144616252,0.45050464873464924,0.5644442234707239,0.6652248131390974,0.29323488954076127,0.09754056248860599,0.6802399774606804,0.7386764778998658,0.20995541855184874,0.8110260362286414,0.37876829248081667,0.49398399045393526,0.6365451863637117,0.4625283813122525,0.6481711662440544,0.43543976532590856,0.829911002833988,0.8265466779363264,0.6456852118861764,0.7623841959594955,0.4024014319097101,0.3307147947430351,0.8836987686239414,0.7809957075854754,0.8789423092858681,0.9064369644839988,0.42446842009314045,0.475679079865427,0.33039162067651107,0.5381096803062696,0.7769933210692919,0.8656755995293259,0.7949667710767497,0.8746996138484231,0.7200152471867283,0.8365733605131009,0.26290624637465,0.831377715905136,0.8240690100929747,0.8320406370672369,0.8622035499428231,0.8686338852152008,0.45429987238767633,0.5835363529392268,0.8290077727506258,0.21973350569283545,0.0,0.22163111751934905,0.7697426208588144,0.803261572117536,0.852574620063309,0.8145726644458808,0.827325610301795,0.7360247932514625,0.8037670495036378,0.8175558096753344,0.8630736339680805,0.3289580536634682,0.1387493992276969,0.23627338868725045,0.6465138633388023,0.7719551202373258,0.7743996420225725,0.8558560798157079,0.614080445483021,0.5561079898573063,0.8607616964152538,0.37313346260296,0.7340691758232651,0.429075722169741,0.8795555113608116,0.8344188667362734,0.8564112762889674,0.8265798239944315,0.8678549528497324,0.05277681101775,0.8759840235999934,0.8164454167288155,0.7062927791312418,0.8109348845688527,0.14174083097167667,0.8869885148908667,0.8788262980825006,0.1704204577470625,0.852798355955518,0.819776595568372,0.7762723943055073,0.8409320671539138,0.8105868509587498,0.7397205787301745,0.8691227895722502,0.46993652529872876,0.053713187159217024,0.7794875619416961,0.8389930227547688,0.7739107376655232,0.20913505361374884,0.8034190158935349,0.8691062165431976,0.9954589900396096,0.8250136727489683,0.7766701470027677,0.767911301148511,0.7123170751918328,0.8424982183993769,0.8832927294121546,0.23933111254744033,0.7396791461575432,0.7188468486385258,0.8231160609224548,0.28761663269195714,0.39012081738179283,0.867714082102786,0.7357513382720959,0.8161885347785015,0.8839970831468869,0.7765707088284526,0.6241734201760055,0.8524917549180464,0.8170503322892325,0.7277382787252026,0.7693863007341852,0.8131473839473641,0.7572797030113194,0.9088317671820879,0.8783539667545038
121,0.9664479026831735,0.8553008833424485,0.4389449609705166,0.5072175541523725,0.6768922255920715,0.8852069142677208,0.8706309352160295,0.8649795323091201,0.8653192794046968,0.8535358557483552,0.9013241850212964,0.9121960920797495,0.7817746399509439,0.8807902020252242,0.8827209599098428,0.7735046984537364,0.6942607600391124,0.9490130761199225,0.7696183231409205,0.9026334543164455,0.337020832297519,0.8200086179751073,0.8427633868642173,0.842340774623378,0.7302490926266594,0.17105851936558458,0.9658181275791777,0.07997315169293484,0.894902136263445,0.6220272129137042,0.7282188965677256,0.28263643746167477,0.4643099819353983,0.882124330863952,0.3184590397586967,0.8723213841793865,0.8273421833308474,0.8099322163111752,0.8699514410248762,0.8767629559654619,0.523682858516051,0.8572399277415934,0.09778087140986758,0.898283034190159,0.8548451250435042,0.2153416529939176,0.9227116790135734,0.8347088947446926,0.881834302855533,0.9320754404282471,0.2704138285354414,0.841478977112647,0.9038847180099107,0.7325113110923285,0.526516846484032,0.8650292513962777,0.18190556688045878,0.8842539650972009,0.22748139677488866,0.6010291851041615,0.8138351646530437,0.47360745123386205,0.8964600009943818,0.470069109531149,0.3331676030428081,0.8742107094913738,0.7064419363927146,0.8568421750443329,0.8581763038830608,0.09855151726080957,0.7715988001126965,0.7268433351563666,0.8958219393758597,0.8961948325295415,0.9315368169840402,0.6513780473657171,0.7488688907671655,0.7853792737698669,0.5179651634929316,0.19174165962312917,0.8038416281343742,0.8202074943237376,0.38040902235701624,0.8757354281642056,0.5946734284625201,0.3220802466066722,0.7957457034422182,0.6481380201859495,0.77221200218764,0.6357248214256119,0.88977278377169,0.882223769038267,0.8067253351895127,0.8379986410116177,0.31347055801388823,0.17339531646198958,0.9249656109647161,0.8532209681963573,0.9241783920847214,0.9441903246656392,0.5678997000281742,0.6823364656358243,0.37548683272841776,0.6949402542302656,0.8453984984835679,0.891778120287045,0.8730174513995923,0.9288188402194268,0.8164785627869207,0.8990039609539436,0.09853494423175724,0.8886706773396974,0.8885463796218035,0.9039924426987521,0.8914383731914683,0.910364772369446,0.667313014799715,0.7544954341304961,0.8766883773347255,0.020998027809542852,0.22163111751934905,0.0,0.9047796615787468,0.8729594457979085,0.9134142097151097,0.8588723711032666,0.861756078158405,0.872172226917914,0.8882066325262269,0.9033709541092826,0.9359038101393792,0.41864300038117963,0.11702215813984318,0.4522365302706376,0.7661959926415751,0.8350817878983742,0.8623112746316645,0.9227696846152572,0.42685493627670323,0.7280945988498317,0.9219658927062099,0.5814315782495567,0.8737466646779032,0.585873150035632,0.9210958086809526,0.8736969455907457,0.8898142163443213,0.8686338852152008,0.8898722219460051,0.19760851190772144,0.7837385438936675,0.8702414690332954,0.8326206930840749,0.8952335968444953,0.1318218730837435,0.9358126584795904,0.9293657501781601,0.12575614445052108,0.921394123203898,0.8961865460150152,0.8999486236099372,0.7444024594375114,0.8900048061784253,0.8179369893435423,0.9009347188385622,0.2657650938862095,0.1482457448747907,0.8713352889507615,0.9094781153151362,0.8563781302308623,0.10765011021064319,0.8531712491091997,0.925504234408923,0.9829877856775883,0.8446195661180994,0.8400288370705514,0.882952982316578,0.822577437478248,0.9160410348199342,0.9345282487280201,0.4075142113724126,0.8670345879116326,0.8770695570029335,0.8808316345978555,0.11650839423921511,0.6002171066805879,0.8955401978819669,0.8653109928901705,0.8947612655164985,0.9245429987238768,0.8598916123899965,0.5568537761646697,0.8720313561709674,0.8958219393758597,0.8397139495185535,0.8116889573907424,0.8660402061684815,0.8218316511708845,0.9592717811034323,0.9040587348149622
122,0.3576045343807488,0.12685825088251368,0.6379041747460183,0.6789721407381627,0.523939740466365,0.6287641492235536,0.551475828237127,0.06521486932166598,0.13692636603191954,0.1255158355292596,0.4251313412552412,0.38598584663318913,0.9778335736422546,0.07931851704536041,0.28712772833490774,0.4117403337808052,0.5421534993950845,0.3140671870597789,0.37140158106697163,0.06786655397006924,0.9284873796383765,0.3146223835330383,0.9742040802797528,0.24915063226105838,0.4871061833971395,0.8079103067667678,0.993080760370573,0.8570327648784369,0.09604898987387922,0.6149919620809097,0.9481844246672965,0.7822469712789407,0.7101128623278476,0.16766104840981788,0.9324400470674026,0.11906064071330313,0.2656159366247369,0.34871310429407176,0.2540313893170254,0.24075639304595697,0.6516183562869786,0.060151808946121044,0.8533866984868825,0.1849135716534911,0.24791594159664554,0.8524337493163626,0.4042410381345398,0.08536767264953005,0.1329571255738412,0.41634763585740575,0.7768773098659242,0.11850544424004383,0.15175094051939875,0.4711629294486154,0.6736190523541987,0.03963439897910137,0.8063110094631996,0.11263859195545167,0.819743449510267,0.6083378909163228,0.95320605247021,0.6666749531811929,0.039468668688576236,0.672318069573576,0.7370606075672451,0.3099653623692802,0.5517409967019673,0.1561510797328427,0.05116922719965522,0.8401199887303403,0.42721954291585873,0.48597921742156813,0.3953744675914418,0.17536750691923964,0.20729544738891925,0.5985183712027048,0.40492053232569325,0.2605611627637183,0.7138169343210858,0.7966406470110543,0.2380964218830276,0.05785644442234705,0.8371368435008867,0.2508990868260992,0.6209085334526592,0.9329620974825569,0.34273852732063836,0.5684134639288023,0.20759376191186463,0.5513266709756544,0.33198263146555296,0.3242181673544473,0.28928222211173527,0.12576443096504752,0.8789505958003945,0.8587480733853727,0.5848621952634283,0.13565852930940192,0.5230530834120553,0.5127280863123354,0.6385836689371718,0.6140224398813371,0.7481313909743283,0.42462586386913936,0.12665108801935732,0.5591905732610749,0.1790052867962677,0.4263245993470227,0.16703127330582201,0.2176038714595867,0.8785777026467128,0.36730804289099916,0.3256020152803327,0.1831651170884503,0.6119756707933509,0.5525116425529094,0.5695321433898475,0.43711364126021324,0.3463017285669303,0.8911400586685229,0.7697426208588144,0.9047796615787468,0.0,0.1553804338819006,0.2538407994829215,0.2895059580039443,0.3366810852019424,0.10188269610036627,0.15549644508526828,0.1027859261837285,0.23336482208853304,0.7293955816304546,0.8506770082367955,0.7348066756161025,0.3008999154775518,0.13137440129932532,0.05585110790699199,0.21186131689288845,0.8849500323174067,0.4919455078804753,0.28734317771259055,0.6650922289066773,0.12075937619118648,0.6516763618886624,0.563781302308623,0.45580801803145565,0.5293176883939078,0.3960622482971212,0.6030013755614114,0.7954971080064304,0.9563466414756626,0.20166061751106246,0.19650640547572884,0.2698337725186033,0.883748487711099,0.4916306203284775,0.544051111221598,0.8264140937039063,0.1626145610633255,0.15316793450338917,0.07316992326687544,0.9612936906478398,0.060483269527171646,0.172417507747891,0.5389631913024744,0.9294900478960539,0.8257594590563317,0.13227763138268778,0.27367871525878773,0.09665390543429642,0.8763734897827276,0.3644326223503871,0.39888794975057595,0.9946054790434048,0.4903213510333284,0.2037239596281013,0.10951457597905168,0.20377367871525887,0.3390427418419264,0.4452592850395267,0.6889656772568322,0.09443311954125844,0.18511244800212134,0.29877856775882927,0.8742852881221101,0.6278774921692438,0.4577470624306005,0.08513565024279479,0.3285022953645238,0.4924261257229984,0.039750410182469054,0.8816602860504815,0.6086859245264258,0.20226553307147954,0.13056232287575198,0.12347735295579976,0.17371849052851396,0.09986078655595876,0.3361921808448931,0.5883010987918262
123,0.29080694078456726,0.25781003994100005,0.6911947496643962,0.7308954407597077,0.5827325610301795,0.5710237160045741,0.4752150350519565,0.21726412436401,0.07026964318268436,0.23891678682112727,0.3171663434926001,0.28293475198462026,0.954034703922836,0.0918477270090654,0.19142677207113146,0.5186197981405061,0.6167569896750029,0.23237872685990824,0.514658844196954,0.09718424236397682,0.8987719385472083,0.4674008518536933,0.9487893402277136,0.3644077628068082,0.57171978322478,0.8433517293955817,0.984951689620312,0.8394653540827657,0.2278625764430965,0.7028041565156864,0.9174580288039245,0.7941298331095975,0.7442450156615126,0.03881403404100159,0.9045062065993802,0.23382058038747733,0.4140108387610004,0.4550539452095659,0.1447819818028141,0.11164421021230042,0.7272659473972058,0.13706723677886612,0.8514393675732114,0.3427882464077959,0.3891347221531679,0.8515470922620528,0.32962097482556885,0.2038233978024162,0.08482904920532319,0.3453156333383052,0.7828436003248314,0.25824093869636555,0.11668241104426658,0.5810172525232438,0.7192446013357863,0.15947397205787306,0.8012479490876547,0.09686106829745278,0.838644989144666,0.6840517741427601,0.9230845721672551,0.7405492301828005,0.14089560648999822,0.7491920648336897,0.7606937469961386,0.2056215714546148,0.6072772170569616,0.05022456454366164,0.1332057210096289,0.8292397951573609,0.5162001358988382,0.5578647309368734,0.28722716650922286,0.1348547374003547,0.17563267538408,0.6817895556770911,0.562728914963788,0.3877591607418087,0.7608097581995061,0.8283199920449461,0.3731748951755912,0.17303899633736064,0.8398962528381313,0.12393311125474393,0.6762955965461808,0.9057491837783191,0.4455327400188932,0.6520078224697128,0.320348365070684,0.6443842291055537,0.21663434926001424,0.20174348265632513,0.41536982714330695,0.1358408326289796,0.8638028472463913,0.8425396509720082,0.5084688178458376,0.05110293508344521,0.4511012777805399,0.4452841445831055,0.6746382936409288,0.6575763602313596,0.7616549826811846,0.57688228177464,0.059712623676229204,0.4762922819403702,0.10177497141152492,0.35311324350751594,0.29295314804686845,0.13520277101045752,0.8720562157145462,0.26549992542136924,0.2242828021677522,0.12062679195876636,0.5099521039460383,0.46554467259981114,0.6329736986028938,0.5476888910986262,0.24319262831667732,0.8731417491174862,0.803261572117536,0.8729594457979085,0.1553804338819006,0.0,0.17448084986492984,0.19096272725766084,0.22879066607003762,0.23588392250451617,0.057284674920035195,0.18246076335371808,0.16906975587928197,0.7784186015678086,0.8461028522183001,0.74748504284128,0.41536982714330695,0.09374533883557878,0.12493577951242152,0.18752382372926302,0.8668025655048974,0.5819287691211323,0.23388687250368756,0.7263544307993173,0.24972240176337035,0.7111321036145777,0.46306700475645934,0.35511029350834455,0.45657037736787154,0.2833242181673543,0.5663501218117636,0.8091118513730755,0.9309401879381495,0.10687117784517486,0.3472629642519762,0.17896385422363636,0.8776578995342978,0.41533668108520194,0.48723876762955964,0.8182850229536454,0.13681035482855197,0.12143058386781347,0.20127943784285451,0.9371467873183182,0.1269908351149338,0.24363181358656916,0.46717711596148426,0.9011335951871924,0.8238204146571869,0.29053348580520066,0.19866089925255637,0.08858284028571894,0.8677306551318384,0.25027759823662965,0.33164288436997635,0.9915726147267937,0.39306253003861524,0.08732329007772743,0.2438555494787782,0.3301347387261969,0.24169276918742444,0.3719733505692835,0.7712590530171199,0.2192943204229436,0.3186662026218532,0.19203168763154843,0.8710949800295,0.7206284492616716,0.35382588375677426,0.2139578050680323,0.22448167851638257,0.42168415121231706,0.1503339465354082,0.8535358557483552,0.5522381875735428,0.10368086975256463,0.24022605611627634,0.16364208886458187,0.07657568073716836,0.09044730605412765,0.2508410812244154,0.5288453570659108
124,0.12438886955368833,0.34147897711264685,0.7568902368285852,0.7897876994978372,0.6879464359701023,0.4401133595187192,0.33100482275145426,0.30314556091416833,0.16874658181275803,0.3364656358242596,0.1749863272510317,0.133015131175525,0.9753227597407979,0.20040935381759717,0.07964169111188435,0.626767099222725,0.7034007855615771,0.08929548053497738,0.6294519299292332,0.20309418452410544,0.9356386416745389,0.5575498433848756,0.9748670014418536,0.4665804869155936,0.6655479872056216,0.8871293856378131,0.9952103946038218,0.876895540197882,0.3164122706707104,0.795422529375694,0.9464525431313082,0.8614660501499859,0.8117055304197949,0.15006049155604162,0.9390029665722005,0.35195313147383944,0.49999171348547367,0.5637150101924129,0.09428396227978597,0.14396161686471431,0.8020268814531232,0.24446046503919516,0.8859195545169791,0.4012578929050863,0.4759276753012148,0.8948938497489187,0.15441091168232823,0.3022174712872272,0.15974742703723943,0.18484727953728108,0.8435920383168432,0.3507681598965843,0.12249954424170106,0.683347420408028,0.8102636768922256,0.2558378494837502,0.8529309401879381,0.15260445151560353,0.8831850047233133,0.774639950943834,0.9484413066176105,0.8154096024130331,0.23720147831419136,0.8200086179751074,0.8241601617527636,0.10370572929614341,0.7348149621306286,0.15966456189197697,0.258091781434893,0.8731086030593812,0.6082881718291653,0.6553390013092693,0.14884237392068145,0.09193887866885442,0.06558776247534759,0.767977593264721,0.6376638658247569,0.4987735958501136,0.8415286961998045,0.8735975074164305,0.4658761331808614,0.2946187374666469,0.8818425893700592,0.07952567990851678,0.7432506339183613,0.9419943983161803,0.542112066822453,0.7468304081937055,0.4349260014252805,0.7252606108818509,0.10331626311340902,0.10230530834120555,0.5192247137009232,0.21817564096189856,0.9017385107476094,0.8855135153051924,0.33419513084406427,0.1828005104492949,0.2875669136047996,0.27735792770844725,0.7381047083975538,0.7752862990768823,0.8294138119624124,0.6827590778766635,0.20132087041548574,0.32159134224962294,0.10659772286580815,0.1930923614909098,0.4012330333615075,0.05237077180596317,0.9123866819138534,0.1201876066888744,0.10597623427633862,0.08695868343857205,0.39597938315185877,0.3082831999204494,0.745695155703608,0.6500439185269892,0.12402426291453272,0.9165050796334047,0.852574620063309,0.9134142097151097,0.2538407994829215,0.17448084986492984,0.0,0.08886458177961198,0.09532806311009479,0.3411475165315965,0.14415220669881834,0.2529955750012429,0.06835545832711842,0.8413298198511742,0.8948607036908136,0.7990934553108272,0.527892407895391,0.2119690415817299,0.2235784484330201,0.20528182435903808,0.9061635095046322,0.6881121662606275,0.06162680853179525,0.7944281476325428,0.3545468105205589,0.8106034239878023,0.3136528613334659,0.19644011335951883,0.3192296856096388,0.1822453139760355,0.4123203897976433,0.862965909279239,0.9583022589038599,0.08567427368700176,0.44597192528878504,0.08687581829330937,0.9165465122060359,0.24234740383499886,0.3053746333217322,0.8754454001557865,0.10430235834203416,0.11765193324383905,0.30339415634995615,0.9673262732229571,0.20658280713966093,0.4002552246474088,0.31495384411408867,0.9366081638741113,0.8802018594938597,0.3699182949667712,0.03932779794162977,0.17943618555163332,0.9104476375147086,0.15593563035516,0.1562090853345265,0.9981438207461178,0.24420358308888113,0.14498085815144424,0.3145975239894595,0.43411392300170704,0.09878353966754483,0.1911616036062912,0.8358358607202638,0.33408740615522303,0.4025754487147616,0.08025489318682799,0.9093869636553473,0.8175060905881768,0.20284558908831762,0.33121198561461074,0.11660783241353023,0.24993785114105305,0.24958153101642377,0.8964600009943818,0.4230182800510448,0.09783059049702525,0.3672334642602628,0.28315020136230296,0.14466597059944641,0.21660948971643545,0.11621836623079607,0.3777987702812443
125,0.14819602578763313,0.3754039675831551,0.716145444902965,0.775816636006563,0.6594491125142943,0.40284061717960196,0.2820646679593628,0.33617560781584044,0.18247733638277064,0.3397139495185534,0.16786821127297447,0.1318218730837435,0.9406519829629262,0.2220371567311359,0.0513432440047068,0.5906130363446527,0.7033759260179984,0.12423142577768942,0.5665904307330252,0.2346989509272609,0.8863587397868709,0.5489815873647227,0.9339399061966556,0.48870548070070763,0.6352939226702464,0.8431859991050565,0.9719004292414525,0.8328775750343891,0.3353386698486882,0.77540231028025,0.9034455327400189,0.8048111503339466,0.7795870001160112,0.17139826646116108,0.8836241899932051,0.3710618339713949,0.5253070153631979,0.5779926747211588,0.06637498135534237,0.14823745836026458,0.767530121480303,0.2524652380715622,0.8463845937121928,0.42866968295795416,0.4844959313213676,0.8391504665307679,0.1519581033825551,0.3103133959793831,0.1924791594159665,0.18523674572001514,0.8015048310379688,0.3576708264969588,0.17531778783208196,0.6407961683156831,0.7844926167155573,0.280249921278112,0.818558477933012,0.1879795820282072,0.8368053829198363,0.7508410812244154,0.9074396327416762,0.7818906511543116,0.26442267853295554,0.7825784318599911,0.7797858764646415,0.06528116143787599,0.6710502328510581,0.155140124960639,0.25936790467193693,0.8119541258555827,0.60397918427551,0.6106332554400968,0.13408409154941248,0.12000530336929671,0.1285486998458708,0.7693614411906065,0.6246540380185287,0.4958567427368701,0.7838794146406138,0.8175309501317556,0.48285520144516814,0.30293839805101186,0.8517791146687881,0.07400686123402755,0.70897760983775,0.8840882348066756,0.5338752713833508,0.713725782661297,0.4117320472662789,0.6778866073352228,0.09881668572565006,0.09174000232022417,0.5178325792605115,0.2209101907555644,0.8529060806443594,0.848845688526492,0.33886872503687493,0.19462536667826769,0.2752531530187772,0.2757752034339316,0.7229403868144981,0.7468884137953894,0.782197252191783,0.6545269228856959,0.19580205174099663,0.28099570758547543,0.14054757287989528,0.1854936276703293,0.4016556456023467,0.08306402161123005,0.862999055337344,0.10403718987719379,0.07831584878768283,0.13924659009927232,0.34846450885828406,0.2921742156814,0.7250617345332206,0.6025621902915196,0.08713270024362363,0.8620626791958768,0.8145726644458808,0.8588723711032666,0.2895059580039443,0.19096272725766084,0.08886458177961198,0.0,0.0623725948391588,0.35961815741062997,0.17895556770911014,0.28305904970251405,0.10900909859294994,0.8021014600838596,0.8326621256567063,0.7556969787368037,0.5058585657700658,0.1966472762226752,0.24289431379373205,0.2609837750045576,0.8533618389433038,0.6283829695553456,0.09799632078755038,0.7503770364109449,0.3698685758796135,0.755100349690913,0.3156747708778733,0.1666003745504565,0.2727506256318468,0.12444687515537223,0.3740946982880061,0.8169840401730225,0.9149803609605728,0.0930409851008468,0.44885563234392345,0.08788677306551318,0.8807984885397504,0.2581580735511029,0.3102388173486468,0.8271267339531646,0.16012860670544748,0.14359701022555893,0.3516050978637365,0.9144500240308922,0.23136777208770443,0.3768126750526193,0.29194219327466475,0.8763652032682014,0.8393990619665557,0.40029665722004015,0.06755995293259764,0.19900064634813308,0.8485805200616516,0.08475447057458696,0.16299574073153345,0.9827889093289581,0.19828800609887476,0.1312418170669054,0.3364407762806809,0.44976714894181213,0.11440361954954514,0.2119027494655198,0.8032367125739572,0.3530469513913057,0.4156681416662523,0.08139014567692537,0.8620792522249292,0.7529541424286117,0.17657733804007358,0.33899302275476884,0.10141865128689576,0.24614262748802607,0.26338686421717283,0.8401945673610766,0.37603374268715095,0.12065993801687136,0.35137307545700125,0.24136959512090028,0.14761596977079494,0.219592634945889,0.12019589320340074,0.3520608561626809
126,0.11715474237226342,0.4006529773446693,0.7336962826695834,0.7872685990818542,0.6744974228939823,0.38068247733638283,0.2538490859974477,0.3799781236016506,0.21956777540231032,0.36760635741394454,0.12845754818608202,0.08839225045161503,0.9410083030875553,0.268648800941348,0.06432821226735597,0.6148262317903843,0.7215399658595603,0.09584182701072275,0.6332968726694178,0.28332421816735454,0.8950430070103913,0.5907787666351779,0.9337078837899203,0.5300634747012711,0.6471436384427982,0.864117734798389,0.9681797842191618,0.8514973731748952,0.36871675036046336,0.8005435953529227,0.9088566267256667,0.8239861449477122,0.7974858714927329,0.20300303286431653,0.8857123916538225,0.40439848191053884,0.5554616417242579,0.6000182303319578,0.08556654899816041,0.14243689819188254,0.7995575001242978,0.29218250219592634,0.8561958269112846,0.45503737218051343,0.5358474618406006,0.8550357148776082,0.11994729776761281,0.35091731715805696,0.22225260610881847,0.16467790318036424,0.8212433086395201,0.38590298148792657,0.20214952186811186,0.674331692603457,0.8073053912063508,0.31923797212416516,0.8373854389366745,0.22613069490710824,0.8453570659109366,0.7745570857985714,0.908964351414508,0.8043139594623709,0.31455609141682817,0.803394156349956,0.8010656457680772,0.058196191517923546,0.6965312650193076,0.1950562654336333,0.31430749598104046,0.8179618488871211,0.620394769552031,0.6320953280631101,0.09972820232353863,0.16565571189446304,0.1531182154162316,0.7914118563449842,0.6593911069126105,0.5293674074810655,0.8091781434892856,0.828858615489153,0.507938480916157,0.34083262897959854,0.8640680157112316,0.10058999983426975,0.7327930525862212,0.8912312103283117,0.5561245628863588,0.744675914416878,0.4651469199025505,0.7069722733223952,0.06382273488125423,0.06812343592038317,0.554442400437528,0.2730240806112133,0.8639768640514427,0.8595518652944198,0.30195230282238694,0.23036510383002706,0.24538026815161018,0.24447703806824772,0.7479490876547508,0.7831584878768293,0.8009579210792357,0.667603042808134,0.23479838910157624,0.24978869387958036,0.1757818326455527,0.15646596728484075,0.4339730522547607,0.1098874691327334,0.8722882381212815,0.05638973135119896,0.07958368551020079,0.1675450372064502,0.32892490760536297,0.25793433765889384,0.7492169243772684,0.6243060044084257,0.07527469795654562,0.8650789704834353,0.827325610301795,0.861756078158405,0.3366810852019424,0.22879066607003762,0.09532806311009479,0.0623725948391588,0.0,0.40090985929498335,0.210187440958584,0.3072059530320357,0.1450554367821807,0.8188070733687995,0.8445118414292581,0.7794875619416961,0.5324914234574654,0.24068181441522074,0.29062463746498945,0.2759575067535094,0.8608114155024114,0.6753095013175558,0.10992890170536485,0.783788262980825,0.4009595783821409,0.7750128440975157,0.2816917748056813,0.12065165150234503,0.24503223454150702,0.09757370854671121,0.34830706508228504,0.8348911980642701,0.9156184225790948,0.1305706093902782,0.49680140539286366,0.08245910605081297,0.8927973615737749,0.21649347851306788,0.2839539932713502,0.8435257462006331,0.19112845754818608,0.18563449841727575,0.3898887949750576,0.9114503057723861,0.28094598849831787,0.4072987619947297,0.25863869139362594,0.876862394139777,0.8534115580304613,0.42550423440892293,0.08380152140406683,0.25058419927410136,0.8521437213079435,0.07569731019738479,0.13371948491025687,0.9779330118165698,0.16602860504814454,0.16486020649994204,0.3707220868758183,0.4809161570460232,0.08801107078340697,0.1710668058801108,0.8231823530386649,0.39242446842009315,0.4593215001905898,0.05603341122657002,0.8702829016059266,0.7906909295811996,0.1331725749515239,0.3901208173817927,0.07974112928619959,0.20906876149753895,0.31601451797345004,0.8483153515968114,0.34713866653408254,0.14048956727821138,0.3951092991266014,0.3022257578017533,0.1786655397006911,0.2632542799847528,0.11978985399161401,0.3225608644491954
127,0.43855549478778233,0.08907174464276835,0.5807603705729296,0.6296176602197584,0.4340724904290758,0.671298828286846,0.5865526442267853,0.041938050017401585,0.2140489567278212,0.05976234276338677,0.4811316064237061,0.4435356900180647,0.9692901771656806,0.15243043471055207,0.348746250352177,0.3440975157029451,0.4430136396029103,0.3921261538971478,0.3389267306385588,0.1618107691542784,0.8964517144798555,0.2642983808150615,0.9651883524751819,0.1333880243292066,0.3983244667627902,0.7698171994895507,0.9946054790434048,0.8217239264820432,0.05443411392300179,0.5693746996138485,0.9343873779810736,0.6874658181275792,0.6659623129319345,0.24920863786274217,0.9021942690465536,0.034306170138716174,0.22716650922289072,0.2651518918112663,0.3380317870697227,0.2984222476342001,0.5999436517012215,0.12415684714695319,0.8137771590513598,0.13449841727572553,0.18581680173685344,0.8354215349939509,0.4553025406453538,0.05987835396675456,0.21338603556572044,0.5068032284260594,0.7255423523757437,0.05257793466911964,0.2350055519647326,0.40869918294966767,0.6193838147798273,0.08497820646679599,0.767977593264721,0.19271118182270186,0.7891164918212101,0.5601683819751737,0.935100018230332,0.6341752432092014,0.10590994216012861,0.6431246788975622,0.6884021942690466,0.37250368749896423,0.4622217802747808,0.23972886524470083,0.10300966207593765,0.8042393808316346,0.33721970864614936,0.3853892175872984,0.4439748752879564,0.2523823729262997,0.29102239016224996,0.5085765425346791,0.36282503853229253,0.17453885546661363,0.668141666252341,0.7665025936790468,0.15273703574802366,0.07664197285337837,0.7647872851721109,0.3326041200550225,0.5476308854969424,0.9025174431130778,0.2702895308175475,0.4769966356751023,0.12196092079749421,0.47842191617361907,0.41833639934370803,0.41674538855466614,0.207858930376705,0.15410431064485652,0.8469397901854522,0.8250882513797047,0.6085533402940055,0.20601103763734896,0.557060939027826,0.559190573261075,0.5809261008634548,0.5033808979267143,0.6990255058917119,0.38065761779280405,0.20563814448366735,0.5852765209897415,0.2434909428396228,0.4808747244733921,0.08255025771060176,0.2956959843550606,0.8547871194418204,0.4323820414657187,0.3886458177961186,0.2616218366230796,0.6280349359452428,0.5722584066689869,0.4768723379572084,0.38224862858184594,0.40467193688990544,0.872942872768856,0.7360247932514625,0.872172226917914,0.10188269610036627,0.23588392250451617,0.3411475165315965,0.35961815741062997,0.40090985929498335,0.0,0.2509902384858881,0.10041598302921828,0.32511311092328343,0.7101045758133214,0.8049023019937354,0.6898689073401947,0.21406552975687365,0.18765640796168315,0.12118198843202577,0.24957324450189766,0.865128689570593,0.4046885099189579,0.3672500372893154,0.5852433749316364,0.04246838694708244,0.5568454896501434,0.6099123286763122,0.5070932564344786,0.5805614942242994,0.4783059049702514,0.6514360529674009,0.7454217007242414,0.9460050713468902,0.2933426142296027,0.10959744112431435,0.34904456487512214,0.8194285619582691,0.552147035913754,0.5839175326074346,0.7677289978289332,0.24362352707204293,0.23569333267041226,0.07230812575614443,0.953554086080313,0.1391471519249574,0.09344702431263363,0.5756310180811747,0.8993768541076252,0.7623510499013905,0.069291834468586,0.35492799018876675,0.17011385670959078,0.8390841744145578,0.4074230597126237,0.4538358275742058,0.997862079252225,0.5146919902550591,0.29494191153317095,0.06255489815873638,0.11552229901059019,0.39570592817249217,0.5150814564377932,0.6748868890767166,0.03569001806460159,0.11799996685394187,0.3728268615654884,0.8588723711032666,0.5631183811465221,0.5139793500058005,0.054442400437528016,0.37253683355706935,0.5271466215880277,0.08912146372992602,0.8487545368667032,0.6661611892805648,0.2911964069673014,0.03837484877110997,0.16882116044349427,0.24640779595286633,0.16935978388770123,0.44089229188418766,0.6362551583552927
128,0.24475049304761431,0.24457647624256285,0.6837534596198147,0.7172889839075888,0.6021478645652067,0.5634747012711514,0.46117767944447197,0.21651005154212033,0.06135335355242877,0.24373125176088428,0.3042393808316346,0.2524983841296674,0.9646000099438174,0.09451598468652123,0.1570957423888365,0.5076898854803693,0.6234276338686422,0.19515570360794854,0.530568952087373,0.10435207742919184,0.9111022721622831,0.4590480452112232,0.9607964997762642,0.38016871343575476,0.5587679610202358,0.8414292580254894,0.9876116607832414,0.8489036941281759,0.22616384096521314,0.7120850527850975,0.934047630885497,0.7882132617378479,0.7388339216758647,0.05107807553986643,0.9128921592999553,0.25529922603954325,0.41356336697658236,0.4660004308987553,0.1274134473557733,0.09362932763221121,0.716021147185071,0.14445880773628983,0.848522514459968,0.31372743996420227,0.38090621322859186,0.8655430152969058,0.2892905086262616,0.2122756426192015,0.07031936226984203,0.31439864764082937,0.7945192992923317,0.25082450819536284,0.06418734152040961,0.5835446394537529,0.7192611743648387,0.16802565504897327,0.8065513183844613,0.06441107741261876,0.8328527154908103,0.6887585143936759,0.93446195661181,0.7265781666915262,0.13677720877044697,0.7273736720860472,0.7464326554964451,0.1827093587895059,0.6230464542004344,0.05358888944132323,0.15181723263560887,0.8387444273189811,0.49823497240590653,0.5599860786555959,0.25324417043703074,0.10499842556224004,0.14828717744742204,0.6946750857654254,0.5457498466994812,0.40550887485705767,0.757329422098477,0.8312617047017684,0.38914300866769425,0.19665556273720142,0.8383301015926681,0.11253915378113666,0.6738842208190391,0.9130496030759542,0.4513415867018016,0.6488092278625766,0.3444869818856793,0.6335454681052056,0.19518884966605343,0.18293309468171493,0.4229519879348349,0.11722932100299976,0.8722302325195976,0.8547291138401366,0.47131208671008795,0.05892540479623465,0.42146870183463414,0.4145494622052073,0.6713319743449511,0.6919653955153383,0.7649447289481099,0.5656789141351365,0.07571388322643735,0.44820928421087514,0.056290293176884165,0.31362800178988715,0.2967317986708431,0.10588508261654983,0.8821657634365833,0.2211919322494572,0.1892639917797776,0.10743466083296038,0.5242297684747842,0.4311639238303584,0.6553887203964268,0.5517990023036511,0.2179104724970582,0.8915212383367308,0.8037670495036378,0.8882066325262269,0.15549644508526828,0.057284674920035195,0.14415220669881834,0.17895556770911014,0.210187440958584,0.2509902384858881,0.0,0.17008071065148578,0.12466232453305481,0.7780539949286531,0.8548202654999255,0.7498052669086329,0.4281310595137473,0.11067468801272806,0.12754603158819344,0.15900992724440255,0.8788594441406056,0.5595966124728617,0.19721904572498716,0.7219957241585044,0.259243606954043,0.714106962329505,0.4360363943717993,0.31307280531662773,0.4465354082765708,0.263958633719485,0.5304032217968477,0.8117055304197949,0.9417209433368137,0.09708480418966159,0.35664329869570266,0.1452791726743896,0.8803841628134375,0.3844445549313047,0.4534049288188402,0.8248562289729694,0.12372594839158757,0.10315053282288411,0.21094980029499988,0.9520873730091649,0.10922454797063252,0.3018197185899666,0.4453172906412105,0.9109779744443892,0.8155007540728219,0.28547042542965584,0.15726975919388786,0.08041233696282679,0.8780307926879796,0.2450488075705597,0.2923233729428728,0.9929730356817316,0.3606125391537812,0.08861598634382395,0.2296110310081373,0.3427882464077958,0.22347901025870498,0.34084091549412476,0.7467641160774955,0.23345597374832194,0.3224282802167753,0.16912776148096587,0.8811050895772221,0.7303816768590795,0.32613235221001347,0.22788743598667538,0.2013374434445384,0.39128921592999555,0.14663816105669625,0.8602147864565207,0.5411011120502496,0.07623593364159165,0.26856593579608556,0.20013589883823069,0.07212582243656684,0.11694757950910684,0.21403238369876865,0.5086262616218367
129,0.34327715076484533,0.12593016125557255,0.6658545882430932,0.7117204461459421,0.5472331327996819,0.5805863537678781,0.4965445234425496,0.10756724506538062,0.16691526210245455,0.1061833971394952,0.38258837567742243,0.3510747609340559,0.968602396460001,0.12648535772883218,0.25282155819619145,0.42634117237607516,0.5633504035532574,0.29785047813188814,0.4290425761116359,0.11730389963373611,0.9280399078539585,0.35279006944099167,0.9677240259202176,0.23028223868476438,0.47884452841445824,0.8618472298181938,0.9901721937718557,0.8648303750476475,0.09749084340144842,0.6844992459271781,0.9403453819254546,0.7727837716899518,0.7286249357795125,0.19372213659490556,0.928437660551219,0.12446344818442467,0.30709822834319433,0.3544722318898226,0.25979880342730244,0.21457929365750172,0.6991000845224482,0.1237673809642188,0.8743764397818989,0.17018843534032713,0.2659473972057873,0.8829695553456306,0.35936956197484216,0.09145826082633124,0.1458840882348067,0.4090057839871394,0.8030875553124845,0.10252075771888824,0.1565488324301033,0.4879348348497655,0.7001441853527569,0.10239646000099434,0.8230497688062448,0.13082749134059224,0.8647392233878586,0.6627802913538507,0.9438422910555363,0.7215399658595603,0.08468817845837684,0.7246805548650127,0.7550091980311241,0.2839042741841926,0.5596048989873879,0.19963042145212873,0.11861316892888507,0.8582840285719021,0.4193142080578067,0.5017401680505146,0.3513233563698437,0.16804222807802582,0.20100598286348803,0.6286895705928173,0.45976068546048166,0.26743068330598785,0.7208853312119856,0.843011982300005,0.24987155902484293,0.14043984819105393,0.8616732130131425,0.25365020964881746,0.6660451780771972,0.934495102669915,0.35541689454581615,0.5465950711811598,0.21160443494257453,0.6095394355226305,0.32799681797842184,0.3304330532491424,0.29893601153482807,0.11329322660302621,0.890634581282421,0.8698602893650873,0.5298397388090621,0.1742819735162996,0.46343989791014106,0.4728865244700774,0.6676361888662391,0.6273057226669319,0.7552329339233332,0.4732594176237591,0.17791146687880155,0.4970914334012828,0.18123435920383169,0.3833175889557334,0.17612986625565563,0.2017600556853777,0.9002717976764614,0.33431114204743206,0.3118132551086362,0.17842523077942962,0.5461310263676892,0.498342697094748,0.5980708994182867,0.4744526757155405,0.30992392979664896,0.907240756393046,0.8175558096753344,0.9033709541092826,0.1027859261837285,0.18246076335371808,0.2529955750012429,0.28305904970251405,0.3072059530320357,0.10041598302921828,0.17008071065148578,0.0,0.2343592038316843,0.7709027328924908,0.8745587431014767,0.7657485208571571,0.3058718241933077,0.17975107310363125,0.08802764381245964,0.18705149240126617,0.8952998889607054,0.4914814630670048,0.2783771689951773,0.7079417955219676,0.13307313677720867,0.6539054342962264,0.505353088383964,0.4102321881370259,0.4827889093289581,0.3918361258887286,0.5504980195230282,0.8294220984769387,0.9511924294403289,0.19172508659407694,0.20012761232370457,0.27034753641923137,0.8968246076335372,0.44830043587066415,0.4913571653491109,0.8471303800195562,0.16023633139428894,0.15545501251263694,0.13024743532375416,0.9601998707303734,0.0654966108155588,0.14761596977079505,0.4774523939740467,0.9306170138716254,0.812219294320423,0.13170586188037592,0.26782843600324824,0.1341835297237276,0.8973052254760603,0.3200831966058437,0.3544473723462437,0.9952766867200319,0.4386300734185187,0.23155836192180845,0.0954275012844098,0.20211637581000674,0.2956628382969555,0.4161570460233016,0.749871559024843,0.12791063822734883,0.1876729809907356,0.28309219576061917,0.8979515736091086,0.6897114635641957,0.42223106117105025,0.14056414590894784,0.2899368567593099,0.43684018628084653,0.08411640895606476,0.8799201179999669,0.562795207079998,0.2105520475977395,0.12699912162946014,0.16528281874078132,0.16810023367970972,0.1499030477800427,0.3468237789820845,0.5352922653673411
130,0.125209234491788,0.3292315086428347,0.7538490859974478,0.7957208438986394,0.6578995342978836,0.4666053464591725,0.3572647872851721,0.27883292729412157,0.14467425711397275,0.327748222542634,0.21440527685245037,0.17181259218747402,0.978355624057409,0.1743151195744046,0.11891148345183045,0.5976648602064999,0.6955368832761564,0.09666219194882242,0.573725119740135,0.17344503554914725,0.9490047896053962,0.5175674107956711,0.9785710734350918,0.45586602363313944,0.6496378793152024,0.8946369677986046,0.9938348331924626,0.8900793848091616,0.2959031472182171,0.7751454283299359,0.9598849831783756,0.8639934370804951,0.8052420490893121,0.1382853544142263,0.9558660236331395,0.34224962296358896,0.47667346160857815,0.539236646281841,0.1171796019158422,0.1428512239181955,0.7687979582028207,0.22693448681615547,0.8955236248529144,0.37382124330863953,0.44716518338056654,0.9122955302540646,0.17672649530154616,0.28320820696398685,0.12993254777175622,0.2014285951043271,0.8538258837567743,0.3307065082285089,0.09082848572233537,0.6510631598137192,0.7902517443113077,0.23122690134075807,0.8495583287757504,0.1317307214239547,0.8983824723644741,0.7547523160808101,0.9580205174099671,0.7850146671307114,0.2194103316263113,0.7939641028190723,0.8175060905881768,0.14417706624239712,0.6954042990437364,0.1447239762011303,0.23821243308639528,0.8887701155140125,0.5916322776313827,0.6362551583552927,0.18806244717346987,0.07522497886938795,0.06119590977642997,0.7457780208488705,0.6194583934105637,0.46989509272609753,0.8195777192197418,0.8885132335636985,0.4489550705182386,0.27444107459520384,0.8862510150980295,0.1063325544009679,0.7435572349558329,0.9562472033013474,0.5133081423291734,0.7058618803758763,0.4306750194733091,0.6783672251777457,0.13125010358143163,0.12630305440925438,0.5008700840252573,0.21219277747393883,0.9190407530784402,0.9005121065977229,0.3739372545120072,0.15871989923598329,0.30630272294867333,0.29758530966704777,0.7351049901390478,0.7527469795654552,0.8229254710883509,0.6373406917582327,0.17221034488473475,0.35541689454581604,0.10999519382157463,0.21789389946800575,0.3988465171779446,0.08100067949419121,0.9271201047415436,0.14841147516531594,0.13582425959992717,0.07536584961633441,0.40703359352988944,0.3422910555362204,0.700210477468967,0.6283498234972407,0.16998127247717065,0.9418701005982864,0.8630736339680805,0.9359038101393792,0.23336482208853304,0.16906975587928197,0.06835545832711842,0.10900909859294994,0.1450554367821807,0.32511311092328343,0.12466232453305481,0.2343592038316843,-2.220446049250313e-16,0.8436666169475796,0.9092543794229272,0.8101973847760156,0.48849831783755115,0.18753211024378924,0.20735345299060304,0.20520724572830173,0.9184358375180232,0.6587033262069308,0.09295811995558423,0.7789075059248579,0.3432937237938978,0.7907489351828834,0.3508675980708995,0.25205091234524934,0.34184358375180224,0.196862725600358,0.43194285619582695,0.8650955435124879,0.968188070733688,0.08236795439102396,0.4052188468486385,0.1079898573062199,0.9320671539137209,0.27555146754172266,0.34669119474966437,0.8803261572117536,0.0863371948491024,0.11810769154278322,0.27791312418170666,0.9732594176237591,0.18727522829347532,0.38249722401763375,0.3349657766950065,0.95218681118348,0.8918029798306237,0.3441969538772601,0.07560615853759578,0.1531430749598105,0.9260842904257612,0.18025655048973288,0.18389433036676117,0.9968262649364426,0.28032449990884833,0.1388322643729596,0.2970135401647359,0.41594988316014514,0.12162946021644372,0.23061369926581488,0.8204892358176303,0.3199008932862659,0.3799366910290194,0.1238585326240077,0.9252059198859776,0.8006430335272379,0.24447703806824772,0.304827723362999,0.13563366976582314,0.28027478082169077,0.23081257561444513,0.9049619648983245,0.44471237508079364,0.08613831850047238,0.3507515868675317,0.24909262665937448,0.12081738179287027,0.19434362518437498,0.13244336167321302,0.39377517028787357
131,0.8520359966191021,0.7025224150217935,0.1354679394752979,0.176337029118812,0.4174994613765558,0.8530718109348846,0.8241684482672897,0.7047432009148312,0.7761149505295083,0.6865294419861119,0.8329852997232305,0.8510499013904772,0.925537380467028,0.7473193125507549,0.8100896600871742,0.5207411458592287,0.3878088798289663,0.8644409088649133,0.5747112149687599,0.7969721075921047,0.6575680737168332,0.5688277896551153,0.9321914516316148,0.610890137390411,0.49067767115795746,0.3471883856212401,0.991837783191634,0.3690316379124612,0.7098559803775336,0.24660667230149658,0.8273338968163211,0.1158289000480619,0.15922537662208525,0.7956048326952717,0.6679013573310795,0.6791875901158455,0.6228641508808566,0.5738162713999237,0.8045791279272113,0.7871608743930127,0.19988730340244287,0.7577354613102637,0.5172276637000945,0.7074446046503919,0.6246788975621074,0.5737831253418189,0.8599910505643117,0.7161951639901225,0.7778716916090754,0.8646812177861748,0.26571537479905194,0.7045360380516748,0.7888264638127911,0.45669467508576544,0.2407315335023783,0.7300087837053978,0.32012462917847495,0.7415270388968992,0.4854405939773613,0.2344835015495782,0.8956230630272295,0.1664429307744577,0.7572134108951093,0.16964152538159394,0.21315401315898508,0.8109846036560103,0.4219327466481049,0.7354613102636769,0.7292712839125607,0.5319528000132584,0.522630471171216,0.4404199605561908,0.8343111420474321,0.7814431793698935,0.8432274316776878,0.3250716783506521,0.49217753028721056,0.609299126601369,0.24398813371119843,0.3685758796135169,0.6139395747360745,0.6964649729030975,0.4566863885712391,0.796474916720529,0.31552561361640064,0.669674671439699,0.5666650093637614,0.3752216642635774,0.586312335305524,0.3078854472231889,0.8211272974361524,0.8178044051111222,0.5630769485738909,0.7409967019672186,0.5996370506637498,0.5599695056265435,0.8691559356303552,0.7542799847528133,0.8659407679941663,0.8931122491257728,0.3475861383185005,0.36359568438323464,0.15925023616566403,0.4711214968759839,0.7521172044614595,0.8526243391504666,0.7682676212731402,0.8612588872868295,0.6752597822303983,0.8212433086395201,0.5790947811531514,0.8156084787616633,0.8035764596695338,0.8117138169343211,0.8516050978637366,0.8554500406039212,0.3151444339481928,0.4778170006132021,0.8186496295928007,0.46797262135600526,0.3289580536634682,0.41864300038117963,0.7293955816304546,0.7784186015678086,0.8413298198511742,0.8021014600838596,0.8188070733687995,0.7101045758133214,0.7780539949286531,0.7709027328924908,0.8436666169475796,0.0,0.2602214156681417,0.12773662142229736,0.6004325560582707,0.7398117303899634,0.7411044266560599,0.8382223769038268,0.7122010639884653,0.476441439201843,0.8450753244170437,0.2508493677389416,0.6747543048442963,0.33022589038598593,0.8641591673710204,0.8270355822933758,0.8480004640448136,0.820315219012579,0.8601484943403106,0.3379323488954077,0.8936260130264009,0.802880392449328,0.658612174547142,0.7927874177563434,0.27769767480402385,0.8746664677903181,0.8598501798173653,0.4749415800725898,0.835330383334162,0.8145975239894596,0.7492003513482159,0.863222791229553,0.7773745007374998,0.7199903876431495,0.8513067833407912,0.6605097863736555,0.26849964367987533,0.7241750774789109,0.8248893750310744,0.74626692520592,0.5104741543611926,0.7857107343509174,0.8597175955849451,0.9966771076749698,0.8171000513763901,0.7600059662904589,0.7117701652330997,0.6462238353303833,0.8318003281459752,0.8671008800278427,0.170950794676743,0.6820795836855102,0.6675864697790816,0.8101642387179104,0.5911848058469646,0.26690863289083344,0.8527403503538342,0.6820878702000365,0.7912875586270903,0.8657833242181674,0.7330582210510614,0.7188054160658943,0.8465254644591392,0.8073385372644558,0.6709342216476906,0.7520426258307231,0.7884204246010043,0.7286415088085649,0.8920515752664115,0.8646066391554386
132,0.9305010026682577,0.8405840335438108,0.3432440047067403,0.3887038233978025,0.6048161222426625,0.8641011617693366,0.8516879630089992,0.8289911997215732,0.8390427418419265,0.7964086246043189,0.86892391322362,0.8926896368849335,0.7695603175392367,0.839249904705083,0.8516879630089992,0.6824027577520343,0.5859808747244735,0.9299623792240508,0.7418336399343709,0.8759425910273622,0.3998491854356221,0.7200649662738858,0.8105454183861184,0.7775485175425513,0.6608578199837585,0.0940187938149456,0.9653706557947597,0.11843086560930738,0.8429954092709525,0.5357728832098643,0.7302988117138169,0.24138616814995284,0.3655430152969058,0.8545468105205589,0.3837733472546777,0.8088549694227614,0.7380715623394488,0.7487363065347453,0.8505278509753228,0.8269029980609556,0.48065098858118294,0.8365899335421535,0.15586105172442355,0.8182850229536454,0.7494323737549512,0.16098211770165238,0.902459437511394,0.8073136777208771,0.854712540811084,0.9113923001707022,0.19044067684250643,0.8123104459802117,0.8839059314870978,0.6587447587795621,0.45571686637166675,0.8105205588425397,0.09984421352690631,0.8462354364507201,0.16351779114668785,0.5135898838230664,0.8064601667246722,0.4294237557798438,0.8564361358325462,0.4386052138749399,0.23318251876895535,0.8557566416413929,0.630429738643332,0.82633951507317,0.8167105851936559,0.162979167702481,0.7007573874277002,0.6292779131241818,0.8773678715258788,0.8723296706939128,0.904754802035168,0.5688195031405889,0.6622333813951176,0.7208024660667232,0.43316097383118723,0.1052055884253964,0.7383781633769204,0.7925553953496081,0.2352790069440992,0.8489782727589121,0.5215200782246971,0.4298712275642619,0.7443775998939326,0.5721921145527769,0.6917499461376556,0.5516995641293359,0.8712607103200252,0.8637116955866024,0.6987189048542404,0.8108023003364326,0.36831899766320286,0.2432754934619401,0.9020948308722386,0.826148925239066,0.8996254495434131,0.9190573261074927,0.5156035068529476,0.6093985647756841,0.35422363645403465,0.5989161238999652,0.818500472331328,0.8686338852152008,0.8457879646663021,0.907845671953463,0.8022589038598585,0.8782876746382937,0.18189728036593245,0.8588475115596879,0.8654932962097484,0.8796383765060741,0.8683604302358342,0.8877094416546513,0.5818293309468171,0.6834385720678168,0.8595021462072623,0.1600125955020798,0.1387493992276969,0.11702215813984318,0.8506770082367955,0.8461028522183001,0.8948607036908136,0.8326621256567063,0.8445118414292581,0.8049023019937354,0.8548202654999255,0.8745587431014767,0.9092543794229272,0.2602214156681417,-2.220446049250313e-16,0.36028107857273073,0.703525083279471,0.8104459802118034,0.8241767347818161,0.9049288188402195,0.4509272609754884,0.6571288884469415,0.8955319113674407,0.5214537861084871,0.8077860090488739,0.5201942359004955,0.9056000265168465,0.8485308009744942,0.8653109928901705,0.8486965312650194,0.8686836043023584,0.1114536203781964,0.7658313860024197,0.8515056596894215,0.7952816586287477,0.856974759276753,0.08857455377119283,0.9124446875155372,0.9022108420756062,0.10625797577023155,0.8994597192528879,0.8695205422695106,0.8302756094731434,0.7075191832811283,0.8627918924741875,0.779230679991382,0.8787848655098693,0.37860256219029154,0.09813719153449663,0.8415286961998045,0.8828286845986841,0.8289580536634681,0.07834899484578783,0.8218067916273057,0.9065695487164189,0.9855731782097815,0.826629543081589,0.8143074959810405,0.8321317887270256,0.7674804023931454,0.8892341603274831,0.9133479175988997,0.36813669434362517,0.8071562339448782,0.7928288503289747,0.8624355723495584,0.21119010921626158,0.5199373539501815,0.8741692769187425,0.80664247004425,0.8658247567907987,0.9023185667644475,0.8324466762790235,0.48412303816768587,0.8513482159134225,0.8689984918543563,0.7851803974212367,0.7867216891231211,0.8419181623825387,0.7911964069673015,0.9362601302640083,0.8807321964235404
133,0.8518536932995244,0.7123750807935167,0.08092610086345475,0.06362385853262398,0.33207378312534186,0.8448764480684134,0.8177463995094384,0.7135849119143506,0.7452145378610848,0.6864962959280068,0.8162465403801853,0.8112912046934818,0.9109614014153367,0.7304065364026584,0.7700823679543911,0.4481678516382439,0.29427899037106997,0.8301595982697758,0.5494704917217719,0.7728417772916356,0.556480883010988,0.5173519614179884,0.9062960937370524,0.5979051691277615,0.4053928636536901,0.2528629907688228,0.9875536551815576,0.38804090223570153,0.720578730174514,0.16535739737151767,0.8618223702746151,0.10634084091549423,0.029259682792224018,0.7592684664976218,0.5639387460846219,0.6878718573393658,0.5747526475413912,0.5218929713783789,0.7598236629708812,0.7517774573658829,0.1153731417491175,0.7332736704287444,0.4209963705066375,0.6858085152223272,0.5896766602031853,0.46846152571305466,0.8168348829115498,0.7021163758100069,0.7516200135898838,0.8525663335487828,0.1737019174994614,0.687556969787368,0.7709027328924908,0.3325461144533386,0.10754238552180184,0.7165514841147518,0.2666186048824144,0.729055834534878,0.3864996105338172,0.1451217288983907,0.8761248943469397,0.0639636056282008,0.7460183297701322,0.07350967036245215,0.11013606456852121,0.765491638906843,0.30701536319793177,0.7368534447040886,0.7101128623278476,0.4374782478993685,0.44998259831949483,0.3885546661363297,0.7974278658910489,0.7715242214819603,0.8064518802101461,0.2289978289331942,0.4311390642867797,0.5994796068877509,0.08857455377119283,0.26908798621123975,0.5961152819900895,0.6889325311987272,0.3591706856262119,0.7542882712673395,0.1744725633504035,0.5658363579111354,0.54449029649149,0.29601087190705855,0.5902898622781285,0.23011650839423925,0.7872188799946966,0.7864233746001756,0.5623311622665275,0.7132617378478265,0.4888546379621803,0.4574238883640762,0.8691227895722502,0.7291386996801406,0.8539253219310894,0.8870548070070767,0.16899517724854574,0.2443775998939327,0.25302872105934804,0.4321085864863522,0.7255672119193225,0.846865211554716,0.7425462801836292,0.8399708314688676,0.6662854869984587,0.782702729577885,0.4762591358822652,0.8032035665158521,0.7664860206499942,0.7789903710701205,0.8472463912229238,0.8534695636321451,0.2278377168995177,0.430542435240889,0.7722865808183762,0.42643232403586406,0.23627338868725045,0.4522365302706376,0.7348066756161025,0.74748504284128,0.7990934553108272,0.7556969787368037,0.7794875619416961,0.6898689073401947,0.7498052669086329,0.7657485208571571,0.8101973847760156,0.12773662142229736,0.36028107857273073,0.0,0.5789207643480999,0.733008501963904,0.7285669301778287,0.8028472463912231,0.6329322660302623,0.40445648751222274,0.8005104492948177,0.16443759425910276,0.6840600606572863,0.17375163658661907,0.8714513001541292,0.8119126932829512,0.8395647922570808,0.8063441555213047,0.8517708281542617,0.24310147665688864,0.8808233480833292,0.765425346790633,0.6386251015098029,0.7686570874558745,0.3648386615621736,0.8741609904042162,0.8543562206864549,0.37612489434693974,0.7998143820746118,0.7737864399476293,0.7282106100531994,0.877691045592403,0.7577603208538425,0.694409917300585,0.8451001839606225,0.5567791975339333,0.2712093339299624,0.7039808415784152,0.7857438804090224,0.7229818193871294,0.4173088715424518,0.7479490876547508,0.8121198561461079,0.9917549180463714,0.801861151162598,0.7287823795555114,0.7175044332852716,0.6475413911400587,0.791851041614876,0.8573393659159085,0.03346094565703783,0.6894462950993554,0.6607583818094434,0.766701470027677,0.48828286845986835,0.14976217703309636,0.8402194269046555,0.6847395548484396,0.7693863007341852,0.8491605760784899,0.7245396841180662,0.7202969886806212,0.8421418982747477,0.7697923399459718,0.6764033212350222,0.7172392648204312,0.7581166409784716,0.7038814034041002,0.8438986393543149,0.8596678764977875
134,0.6010043255605827,0.17335388388935846,0.49683455145096866,0.5327234458642006,0.2650275940933724,0.7218299938679793,0.6602694774523941,0.2427534430467856,0.39050199705000077,0.20548898722219455,0.6063657004590729,0.5998939326140639,0.9309733339962545,0.3375677422562521,0.4961467707452891,0.16396526293110592,0.35790284890369417,0.5671704867498633,0.17151427766452865,0.35405790616350963,0.8269610036626395,0.11893634299540923,0.922827690216941,0.09433368136694364,0.20992227249374362,0.7133943220802466,0.9692404580785231,0.7425959992707867,0.22815260445151564,0.4721241651336614,0.8798206798256518,0.6056862062679196,0.5493296209748255,0.42144384229105547,0.819486567559953,0.2020998027809543,0.1724175077478911,0.16121414010838753,0.4942408724042493,0.4294154692653176,0.49162233381395115,0.29610202356684723,0.7570642536336366,0.14924841313246806,0.09286696829579544,0.7455791445002403,0.6101609241121,0.25034389035283977,0.39239960887651426,0.669194053597176,0.6229718755696978,0.17932017434826553,0.42136926366031924,0.3008667694194467,0.5151560350685296,0.2935994961799169,0.6915510697890255,0.3695785478711944,0.732436732461592,0.4583934105636487,0.8931288221548253,0.5195893203400785,0.30839092460929085,0.5317042045774707,0.5784235734765243,0.5202771010457581,0.28510581879050023,0.3837070551384676,0.28835413248479425,0.6870929249738975,0.19241286729975648,0.23089544075970758,0.592311771822536,0.44018793814945556,0.47716236596562756,0.3785611296176601,0.1895125872155654,0.05048144649397557,0.5152803327864233,0.659598269775767,0.07297933343277163,0.24347436981057036,0.7100134241535325,0.49406685559919783,0.3919769966356751,0.8255522961931753,0.14198942640746437,0.31221929432042284,0.125109796317473,0.3953910406204941,0.5771308772104278,0.5747112149687599,0.0373390344553276,0.32447504930476134,0.7837053978355625,0.7657733804007358,0.7364722650358806,0.3650458244253302,0.6762458774590232,0.7047266278857787,0.4606059099421602,0.3751305126037885,0.5928421087522167,0.17728169177480568,0.36610649828469155,0.6898771938547209,0.4110608395896518,0.6443593695619748,0.13444869818856797,0.47057458691725085,0.7893236546843667,0.5773877591607418,0.5590745620577073,0.4501814746681252,0.6900594971742986,0.6961583718656259,0.36647939143837305,0.18934685692504016,0.5464542004342134,0.7930608727357099,0.6465138633388023,0.7661959926415751,0.3008999154775518,0.41536982714330695,0.527892407895391,0.5058585657700658,0.5324914234574654,0.21406552975687365,0.4281310595137473,0.3058718241933077,0.48849831783755115,0.6004325560582707,0.703525083279471,0.5789207643480999,-2.220446049250313e-16,0.3451747625913588,0.3202572134108951,0.5067617958534281,0.8072639586337195,0.22047100548567256,0.5398415618422578,0.4344702431263362,0.1893219973814615,0.3995508709126768,0.6987520509123453,0.5839092460929085,0.6799913820248926,0.6020401398763653,0.7127231144036195,0.6654816950894116,0.8955650574255457,0.4512338620129601,0.10794013821906234,0.5225724655695322,0.7286663683521437,0.7047846334874626,0.7259815376456356,0.7036825270554699,0.4383234723810471,0.4065281161437876,0.2642652347569565,0.884353403271516,0.3399293988962362,0.19396244551616704,0.6671307114801373,0.813495417557467,0.6855682063010657,0.1922719965528099,0.5508046205605,0.3619963870796665,0.7330830805946402,0.5029499991713485,0.607931851704536,0.9764331526873167,0.5876050315716204,0.4292911715474237,0.22699249241783925,0.10648171166244058,0.5492467558295631,0.6751189114834518,0.5695321433898475,0.22724108785362707,0.12217637017517702,0.5270140373556076,0.7965163492931604,0.4401962246639818,0.6365617593927642,0.20388968991862644,0.5216278029135385,0.6662440544258275,0.29050862626162177,0.7805896683736887,0.7089361772651187,0.46490661098128894,0.1896037388753542,0.31853361838943295,0.4065861217454714,0.31482954639619476,0.616980725567212,0.718250219592635
135,0.3178126916256485,0.2255340658612175,0.6720031820215782,0.7171066805880111,0.5496279354977709,0.5821607915278675,0.47700492218962864,0.19145163161471035,0.05809675334360842,0.21149671025373307,0.352035996619102,0.3233812293872951,0.9327963671920317,0.0686869189081688,0.21433898473624025,0.4592634945889059,0.5986758149787037,0.28001789887137674,0.49657766950065463,0.081854190490396,0.8771109895755648,0.43228260329140356,0.9250567626245049,0.3147715407945111,0.5061403072639588,0.8256517343674904,0.9651552064170769,0.8187905003397471,0.20923449178806408,0.7072208687581829,0.8977609837750046,0.7460763353718158,0.7227580834949203,0.09464028240441502,0.8685841661280433,0.22416679096438452,0.38282868459868413,0.43691476491158276,0.1813006513200418,0.17169658098410656,0.7110740980128938,0.06997132865973921,0.8258257511725418,0.31117519349011424,0.3623858532624008,0.8266212565670628,0.34196788146969614,0.15996287641492235,0.07151262036162342,0.39815044995773885,0.7666848969986245,0.22185485341155786,0.13428296789804273,0.540736505411094,0.6864134307827442,0.1139644342796533,0.785669301778286,0.1078075539866421,0.8150201362302989,0.6790301463398466,0.8952916024461791,0.7163940403387528,0.09914814630670044,0.7235370158603889,0.7257578017534265,0.23970400570112194,0.5607898705646432,0.0660186612307132,0.09082019920780915,0.7866802565504898,0.47507416430501004,0.5252158637034091,0.3293558063607286,0.12747973947198332,0.17561610235502745,0.6845821110724407,0.5164404448200999,0.35341984454498754,0.7280863123353055,0.7720462718971146,0.34620229039261496,0.1292779131241817,0.832811282918179,0.1831071114867664,0.6507731318053,0.8725368335570692,0.43328527154908114,0.6088930873895821,0.2772584895341321,0.6031671058519366,0.2906660700376208,0.2682427617295613,0.38372362816752026,0.07836556787484039,0.8329107210924941,0.8284360032483137,0.5227299093455311,0.07018677803742202,0.46203119044067686,0.46306700475645934,0.6529524851257065,0.6782097814017468,0.7402840617179602,0.5148328610020054,0.052751951474171,0.46548666699812724,0.12963423324881085,0.38255522961931754,0.2590778766635178,0.17141483949021374,0.8394653540827657,0.29329289514244516,0.27058784534049285,0.1408293143737882,0.5403718987719386,0.4851339929398897,0.6327333896816321,0.5042344089229189,0.2757834899484578,0.8467906329239796,0.7719551202373258,0.8350817878983742,0.13137440129932532,0.09374533883557878,0.2119690415817299,0.1966472762226752,0.24068181441522074,0.18765640796168315,0.11067468801272806,0.17975107310363125,0.18753211024378924,0.7398117303899634,0.8104459802118034,0.733008501963904,0.3451747625913588,0.0,0.07669997845506238,0.18596595899832602,0.8394819271118183,0.5126037885944414,0.25263925487661376,0.6939707320306934,0.2286663683521437,0.6633354878271103,0.5113690979300287,0.3500638061618523,0.45803709043901963,0.30309584182701066,0.5360297651601784,0.7892076434809991,0.9054260097117951,0.12745487992840465,0.3023086229470161,0.23063855880939355,0.8602479325146257,0.4534960804786291,0.500571769502312,0.8034190158935349,0.1507897048343525,0.11956611809940498,0.17947761812426466,0.8912892159299957,0.09788859609870904,0.21917002270504982,0.48117303899633734,0.860861134589569,0.7909312385024612,0.2601634100664578,0.23063027229486732,0.08291486434975714,0.8170669053182851,0.24518139180297982,0.34570509952103956,0.972521917830922,0.36883276156383105,0.13362004673594197,0.21820878702000357,0.30766171133097997,0.2845174762591358,0.41107741261870423,0.7399360281078573,0.1962495235254148,0.30180314556091425,0.23238701337443457,0.8477187225509207,0.7085218515388059,0.3735643613583255,0.18533618389433038,0.26372661131274977,0.4389698205140954,0.11350867598070913,0.8198014551119508,0.5478877674472563,0.14837004259268471,0.21097465983857866,0.057922736538557174,0.07028621621173703,0.058105039858134755,0.3159730854008187,0.5458244253302177
136,0.3282039808415784,0.15934967433997915,0.6433898473624025,0.6772236861731219,0.537869371385008,0.6116773562704054,0.5123469066441274,0.10432721788561294,0.09270952451979642,0.14413563366976578,0.3758680123966257,0.3408243424650723,0.9643514145080297,0.030577238601899204,0.22705878453404926,0.43595352922653674,0.5372395962810124,0.2843185999105057,0.4297220703027892,0.059140854173917234,0.9019042410381346,0.36981885679245585,0.9616914433451001,0.2500455758298945,0.5038532292547109,0.8092692951490744,0.9910837103697443,0.8353055237905832,0.13165614279321836,0.6261041780606242,0.9262417342017601,0.7699000646348133,0.7119607550672037,0.12772833490777113,0.9064866835711562,0.1306617610500671,0.30747112149687594,0.3773678715258788,0.21786075340990074,0.1985200285056099,0.6723014965445234,0.04299043736223662,0.8389764497257164,0.2396294270703856,0.2931188783373937,0.8491771491075424,0.35241717628731006,0.08775418883309305,0.09344702431263363,0.40731533502378237,0.7482059696050647,0.15116259798803422,0.11803311291204699,0.5122557549843385,0.6624736903163793,0.04360363943718004,0.7892987951407879,0.08014716849798642,0.8057558129899403,0.6107575531579907,0.9314208057806725,0.6927194683372281,0.03347751868609039,0.7011799996685395,0.7285006380616186,0.2661214140108388,0.5668390261688129,0.11684814133479171,0.03917864068015697,0.8242347403834999,0.44560731864962966,0.4659009927244402,0.34628515553787764,0.1389897081489584,0.17862410712805987,0.6163178044051111,0.4690250087008403,0.28287674638293636,0.714935613782131,0.8034190158935349,0.2602545617262466,0.07166177762309622,0.8131142378892591,0.2113558395067867,0.6364291751603441,0.9065944082599977,0.3780722252606109,0.5809426738925073,0.23337310860305938,0.5422943701420309,0.30887154245181403,0.29913488788345843,0.3240358640348697,0.08060292679693082,0.8576128208952751,0.8373440063640432,0.523425976565737,0.08961865460150165,0.4896832894148063,0.4700028174149389,0.6358574056580322,0.5822933757602877,0.7388090621322859,0.49235154709226203,0.08666036891562678,0.5173022423308309,0.125971593828204,0.38586983542982156,0.19173337310860306,0.18305739239960894,0.8694625366678268,0.32061353353552424,0.28133545468105203,0.14468254362849886,0.5783655678748405,0.4849268300767331,0.582144218498815,0.4855731782097814,0.30149654452344254,0.8845688526491987,0.7743996420225725,0.8623112746316645,0.05585110790699199,0.12493577951242152,0.2235784484330201,0.24289431379373205,0.29062463746498945,0.12118198843202577,0.12754603158819344,0.08802764381245964,0.20735345299060304,0.7411044266560599,0.8241767347818161,0.7285669301778287,0.3202572134108951,0.07669997845506238,0.0,0.1938630073418518,0.8708795306518173,0.5127446593413879,0.2527966986526128,0.6776297253849086,0.14760768325626872,0.6493727108503622,0.526707436318136,0.39267306385588097,0.5114271035317125,0.3602976516017833,0.5855002568819503,0.7827690216940951,0.9374616748703161,0.16271399923764052,0.2271582227083644,0.2316329405525448,0.8681532673726777,0.4594457979084837,0.5157526641144202,0.8015959826977577,0.13211190109216253,0.1137489849019706,0.10971345232768204,0.9435854091052222,0.04297386433318395,0.15129518222045435,0.5012595502079916,0.9042327516200136,0.8058303916206765,0.18232817912129795,0.238494174580288,0.054260097117950434,0.864366330234177,0.3161636752349226,0.353560715291934,0.99579045062066,0.4343542319229685,0.17485374301861156,0.13552594507698168,0.2221946005071347,0.2926051144367656,0.4179635061900264,0.7261638409652131,0.10997862079252219,0.21505162498549857,0.2528878503124017,0.8676395034720497,0.6372909726710752,0.41432572631299824,0.12106597722865797,0.2803990785395847,0.44698288006098874,0.03671754586585785,0.8543893667445599,0.5950463216162019,0.1702713004855898,0.15279504134970745,0.10406204942077268,0.12446344818442467,0.06570377367871538,0.33066507565587766,0.5638310213957805
137,0.29978123601650664,0.3152687316660866,0.7495566714728451,0.7831750609058818,0.6622085218515389,0.5871409867581499,0.4841313246822121,0.2696183231409204,0.2024726959346359,0.3034687349806924,0.3637365551301812,0.32021578083826374,0.981065314307496,0.21816735444737234,0.22817746399509442,0.6007723031538474,0.6843418021511791,0.26396692023401114,0.6034571338603557,0.17447256335040362,0.9462619532972042,0.521702381544275,0.9816950894114918,0.3856129534795074,0.6519415303535028,0.8901373904108454,0.9975223321566483,0.8856875321102438,0.27352955799731515,0.7617378478264472,0.9544987487363066,0.8548451250435042,0.8028886789638543,0.20150317373506366,0.9505460813072806,0.2976598882977842,0.47048343525746195,0.5195313147383949,0.2217968478098743,0.20336763950347203,0.7756426192015116,0.19764165796582644,0.8968411806625897,0.37343177712590525,0.4467922902268848,0.9062629476789473,0.32894148063441553,0.2884950032317407,0.1659540264174083,0.3676892225592071,0.8391338935017153,0.32915693001209834,0.1939210129435356,0.6576012197749384,0.786017335388389,0.20285387560284396,0.8422247634200103,0.17846666335206085,0.8933774175906131,0.7430103249970998,0.9578216410613368,0.7909643845605662,0.2143555577652927,0.8052586221183646,0.8133545468105206,0.26279852168580853,0.7105520475977394,0.21130612041962904,0.22726594739720585,0.8838313528563616,0.5733687996155057,0.6335454681052056,0.32652181839274763,0.14658015545501257,0.18818674489136367,0.738461028522183,0.613094350254396,0.43219145163161465,0.8270853013805333,0.8802515785810173,0.4396493147052487,0.2707618621455443,0.8860521387493993,0.2420490893120535,0.7386350453272346,0.9525099852500042,0.5167719054011504,0.720835612124828,0.41006645784650064,0.6947082318235305,0.31047083975538203,0.31258390095957833,0.44867332902434587,0.18504615588591133,0.9130827491340593,0.8887038233978025,0.496237922405078,0.22943701420308582,0.4398564775684052,0.444024594375114,0.728450918974461,0.7435572349558329,0.8254611445333864,0.6405972919670528,0.20752746979565462,0.47122093505029916,0.19757536584961644,0.35656043355044,0.3761994729776761,0.1736107658396725,0.9237226337857771,0.3115646596728484,0.29485075987338205,0.1894462950993553,0.5386234442068978,0.47030113193788425,0.7196340675185203,0.6262781948656756,0.2943452824872802,0.9269875205091235,0.8558560798157079,0.9227696846152572,0.21186131689288845,0.18752382372926302,0.20528182435903808,0.2609837750045576,0.2759575067535094,0.24957324450189766,0.15900992724440255,0.18705149240126617,0.20520724572830173,0.8382223769038268,0.9049288188402195,0.8028472463912231,0.5067617958534281,0.18596595899832602,0.1938630073418518,0.0,0.9175574669782397,0.6623659656275378,0.2627322295695984,0.7881303965925853,0.33106282835313816,0.788312699912163,0.48350154957821645,0.38565438605213875,0.4692653176221018,0.36688543065016,0.553166277200484,0.864623212184491,0.9674588574553772,0.16256484197616805,0.41974510681317234,0.2576111635923698,0.9249904705082947,0.41741659623129324,0.46431826844992463,0.8792737698669186,0.16935978388770112,0.17574040007292124,0.2659722567493661,0.975389051857008,0.20044249987570228,0.2732478165034222,0.4612854041333134,0.9452758580685792,0.8774838827292465,0.3398796798090786,0.24258771275626045,0.1869023351397936,0.9214189827474768,0.3051591839440495,0.3278559472314755,0.9988564609953762,0.41966224166790955,0.14111934238220714,0.26639486899020537,0.37480733853726445,0.27178110343227435,0.37958865741891645,0.8182187308374352,0.27396045675268066,0.36966141301645694,0.2648121447156897,0.9209963705066375,0.8011070783407084,0.39557334394007193,0.3054077793798372,0.27150764845290776,0.4119806427020667,0.23490611379041748,0.9070418800444158,0.5665821442184988,0.18783042476673462,0.33804836009877515,0.18397719551202374,0.14356386416745393,0.2186479722898954,0.3138020185949386,0.5236165663998409
138,0.9443809144997432,0.879986410116177,0.6359899898904523,0.7296690366098212,0.7500124297717894,0.8735395018147467,0.8653524254628019,0.8948275576327086,0.8656258804421685,0.849168862593016,0.88250551053216,0.900478960539618,0.700591657137175,0.8711198395730788,0.8787185733936592,0.8000464044813471,0.7716153731417491,0.9426158869056498,0.8378660567791976,0.8900959578382142,0.2762475347619284,0.8415949883160145,0.7703723959628102,0.8328195694327053,0.779255539534961,0.5339498500140871,0.9788528149289846,0.3429705497273736,0.8826215217355275,0.7496561096471603,0.5173188153598833,0.6152239844876448,0.6894131490412503,0.8747327599065281,0.2389582193937585,0.8661645038863753,0.8898307893733738,0.8546793947529789,0.8635211057524984,0.8735146422711679,0.7451813918029798,0.8639271449642851,0.4444886391885845,0.8864664644757122,0.8682278460034141,0.369437677124248,0.9098012893816603,0.8462851555378776,0.8805084605313314,0.9197782528712773,0.5712225923532045,0.8678135202771011,0.9098344354397654,0.788536435804372,0.718059629758531,0.8745090240143191,0.5697144467094251,0.8705232105271881,0.6224415386400173,0.7325941762375909,0.7900280084190988,0.718888281211157,0.8842622516117271,0.718059629758531,0.6414756625068364,0.8683687167503605,0.77961185965959,0.840973499726545,0.8494588906014353,0.44849102570476806,0.824905948060127,0.7580254893186829,0.8871625316959181,0.8869387958037092,0.9169774109614015,0.7768938828949767,0.7932183165117089,0.8149787036576674,0.653797709607385,0.5270140373556076,0.8400454100996039,0.8495666152902765,0.6767596413596513,0.8643083246324931,0.6853859029814879,0.27423391173204736,0.835330383334162,0.7421982465735263,0.7824624206566235,0.7394305507217553,0.8824060723578449,0.8748321980808433,0.8154344619566118,0.8390510283564527,0.2677621438870381,0.38123767380964213,0.9080196887585144,0.8511327665357398,0.9061800825336848,0.927227829430385,0.6859079533966423,0.7890087671323688,0.769759193887867,0.7319809741626477,0.8491854356220687,0.8773347254677738,0.8773595850113526,0.9163144897993007,0.8465668970317705,0.8871542451813919,0.36101857836556783,0.8695205422695106,0.8797129551368104,0.8954407597076518,0.8791080395763934,0.8934934287939807,0.7682759077876664,0.7812194434776845,0.8726694177894894,0.4365833043305325,0.614080445483021,0.42685493627670323,0.8849500323174067,0.8668025655048974,0.9061635095046322,0.8533618389433038,0.8608114155024114,0.865128689570593,0.8788594441406056,0.8952998889607054,0.9184358375180232,0.7122010639884653,0.4509272609754884,0.6329322660302623,0.8072639586337195,0.8394819271118183,0.8708795306518173,0.9175574669782397,0.0,0.7884701436881619,0.9028323306650757,0.7168912312103284,0.8695205422695106,0.7257495152389002,0.9066192678035765,0.8670843069987901,0.8757188551351531,0.8582260229702183,0.8803261572117536,0.576467956048327,0.7054641276786158,0.8641591673710204,0.8607699829297801,0.8845854256782513,0.4524271201047415,0.9194965113773845,0.9096769916637664,0.46894214355557773,0.913778816354265,0.8805664661330153,0.8940320522381876,0.3478098742107095,0.8900545252655828,0.8165282818740782,0.8880409022357016,0.31714977046354764,0.4989310396261124,0.8994100001657304,0.8960125292099637,0.8703077611495054,0.4790434047630886,0.8404680223404433,0.9148809227862577,0.9895921377550175,0.8430285553290575,0.8425065049139031,0.8772270007789325,0.8517542551252093,0.9013076119922439,0.9219244601335788,0.7007242413695951,0.8622781285735595,0.8757768607368369,0.8745007374997928,0.3715673113574969,0.7184159498831602,0.8861432904091882,0.8576211074098012,0.8787517194517642,0.9096272725766089,0.8714927327267605,0.08296458343691482,0.8658164702762724,0.8846600043089876,0.8278559472314755,0.8218233646563583,0.8596761630123138,0.8307230812575614,0.9418286680256551,0.8907340194567362
139,0.6808366065065713,0.3969654783804837,0.3864664644757122,0.35633669765823106,0.11958269112845754,0.7798190225227465,0.7440544258274084,0.4345945408442301,0.5527022323870133,0.38700508791991917,0.7359667876497789,0.7219542915858732,0.9437677124247998,0.5283978852814929,0.6309352160294337,0.0727555975405626,0.11991415170950792,0.6878138517376822,0.1442267853295548,0.5440925437942292,0.8176221017915445,0.14437594259102737,0.9377848489368402,0.2724440245943751,0.05423523757437143,0.6137241253583918,0.9804023931453952,0.6595071181159782,0.4032798024494937,0.28884303684184354,0.8969571918659573,0.47581166409784714,0.40176337029118814,0.5910770811581233,0.8244336167321302,0.39147151924957324,0.20255556107989858,0.15148577205455838,0.6364043156167654,0.5970848041896617,0.3120867100880027,0.49722401763370294,0.6910373058883973,0.3451913356204114,0.2384113094350253,0.7181259218747411,0.7268184756127878,0.4371053547456869,0.5828071396609158,0.7608843368302425,0.5252075771888829,0.3926564908268284,0.5601103763734898,0.06277034753641919,0.33718656258804414,0.4742620858814365,0.5737168332256086,0.5331874906776712,0.6535988332587548,0.2624836341338106,0.9051939873050598,0.3578614163310627,0.5097946601700394,0.3538341702713006,0.47465155206417076,0.6471436384427982,0.11538971477816995,0.5189263991779778,0.4878436831899766,0.6505659689421435,0.0733439400719268,0.07239927741593322,0.6919156764281809,0.5798902865476724,0.6331145693498401,0.19510598452079098,0.059381163095178824,0.25603672583238046,0.35017981736521997,0.5782495566714728,0.2521006314324069,0.443328527154908,0.6234276338686422,0.6282586718374517,0.2179104724970582,0.8276736439118978,0.16074180878039068,0.11266345149903045,0.30278924078953906,0.2303485308009745,0.6878055652231558,0.6848389930227547,0.20244783639105723,0.5048393244833359,0.7457200152471868,0.6914516316147103,0.8138683107111487,0.5282901605926515,0.7674721158786191,0.8076865708745589,0.23756608495334697,0.18551020069938184,0.4861780937701984,0.10885994133147714,0.540065297734467,0.7727671986608993,0.5816470276272394,0.7384195959495519,0.3326041200550225,0.639553191136744,0.7193440395101013,0.6846732627322296,0.6621919488224863,0.6233364822088533,0.7835562405740898,0.7973367142312601,0.17197832247799927,0.02997232304148245,0.6640978471635262,0.701453454647906,0.5561079898573063,0.7280945988498317,0.4919455078804753,0.5819287691211323,0.6881121662606275,0.6283829695553456,0.6753095013175558,0.4046885099189579,0.5595966124728617,0.4914814630670048,0.6587033262069308,0.476441439201843,0.6571288884469415,0.40445648751222274,0.22047100548567256,0.5126037885944414,0.5127446593413879,0.6623659656275378,0.7884701436881619,0.0,0.7111155305855251,0.26059430882182333,0.370804952021081,0.2502693117221034,0.8057309534463614,0.7006165166807539,0.7621936061253916,0.673817928702829,0.7859759028157577,0.5706093902782612,0.9103896319130248,0.606398846517178,0.3192545451532177,0.6581232701900928,0.6720529011087356,0.8052586221183646,0.781874078125259,0.6366943436251844,0.635534231591508,0.5981371915344968,0.4549710800643034,0.9048293806659043,0.5111785080959247,0.4112431429092295,0.7665274532226255,0.8014219658927062,0.5572266693183514,0.3769038267124082,0.6810106233116227,0.5331792041631449,0.6467210262019589,0.6558196191517924,0.7118364573493098,0.9854985995790451,0.7216974096355591,0.5577404332189795,0.4136628051508975,0.2859178972140738,0.6749448946784005,0.7677621438870383,0.4207229155272709,0.4228028306733622,0.30884668290823514,0.648411475165316,0.7189297137837882,0.24702928454233586,0.738204146571869,0.4071661777623097,0.6566234110608395,0.761124645751504,0.45826082633122855,0.7792141069623295,0.7802002021909545,0.6166078324135302,0.3884220819039096,0.5355242877740765,0.5758050348862263,0.5071346890071099,0.743532375412254,0.7935249175491805
140,0.11524055751669726,0.380914499743118,0.7605611627637183,0.8134374119557832,0.700881685145594,0.38506604352077434,0.2815923366313662,0.3406420391454945,0.2096073849417459,0.3663468072059529,0.14780655960489897,0.11961583718656266,0.9697293624355724,0.24187507250700213,0.11107244070998856,0.6458095096040704,0.7362236696000928,0.10788213261737845,0.6093488456885265,0.2505096206433651,0.9333847097233962,0.5744874790765508,0.9679229022688477,0.4962296358905517,0.7005999436517013,0.89079202505842,0.9915974742703724,0.8817431511957441,0.33927476424866176,0.8019274432788082,0.943005353088384,0.8584414723479011,0.8219808084323572,0.19768309053845767,0.9380417308871543,0.3861184308656094,0.533883557897877,0.596231293193457,0.13036344652712173,0.2004507863902285,0.807280531662772,0.27251031671058523,0.886615621737185,0.4329123783953993,0.5030742968892425,0.898092444356055,0.12056049984255623,0.3402940055353917,0.19675500091151643,0.15793268035598873,0.8478761663269196,0.3789920283730257,0.1731550075407282,0.6700475645933808,0.8252788412138087,0.2805233762574786,0.8600904887386268,0.21588027643812457,0.8842456785826746,0.7837716899517725,0.9443063358690068,0.8236049652795042,0.2666186048824144,0.8250716783506522,0.821143870465205,0.1319793168597425,0.755290939525017,0.19643182684499239,0.28387941464061384,0.8722550920631764,0.6280846550324003,0.6617859096106996,0.1428512239181955,0.12143058386781358,0.10839589651800674,0.7772336299905533,0.6547340857488523,0.5162912875586271,0.8212515951540463,0.885596380450455,0.5113359518719236,0.3213344602993089,0.8826712408226852,0.12897131208670998,0.7617212747973948,0.9392101294353569,0.5685460481612226,0.725360049056166,0.46263610600109384,0.7317655247849649,0.11248114817945276,0.1009794660170038,0.5460398747079004,0.25759459056331724,0.9045559256865378,0.8915129518222046,0.2877243573807985,0.23010822187971303,0.23305822105106155,0.23973715175922694,0.7656739422264207,0.778244584762757,0.833573642254595,0.6827176453040322,0.23657170321019572,0.26525961650010776,0.16816652579591973,0.1683985482026551,0.44460465039195207,0.10126120751089673,0.9108288171829166,0.10225558925404798,0.11723760751752599,0.11866288801604263,0.3260826331228559,0.2570973996917416,0.7560532988614329,0.6623079600258539,0.13798703989128092,0.9243606954042991,0.8607616964152538,0.9219658927062099,0.28734317771259055,0.23388687250368756,0.06162680853179525,0.09799632078755038,0.10992890170536485,0.3672500372893154,0.19721904572498716,0.2783771689951773,0.09295811995558423,0.8450753244170437,0.8955319113674407,0.8005104492948177,0.5398415618422578,0.25263925487661376,0.2527966986526128,0.2627322295695984,0.9028323306650757,0.7111155305855251,0.0,0.8086312335305524,0.3848423076285653,0.8176303883060707,0.2778882646381279,0.1843915212383368,0.2647209930559008,0.18219559488887782,0.3537430186115116,0.8663882397785843,0.9533054906445251,0.13202074943237374,0.4625283813122525,0.13372777142478331,0.9198528315020137,0.21598800112696592,0.26222675218349656,0.876895540197882,0.13891512951822205,0.1608992525563897,0.34990636238585326,0.9616997298596265,0.23280962561527363,0.4275095709242779,0.2586884104807836,0.9361606920896933,0.8814282636437462,0.40286547672318074,0.04260925769402879,0.21748786025621913,0.9092875254810322,0.16355922371931908,0.12772833490777102,0.996519663898971,0.2140158106697161,0.16750360463381897,0.35167967649447285,0.46600871741328165,0.10991232867631218,0.17855781501184975,0.843650043918527,0.36276703293060875,0.43548119789854,0.12028704486318964,0.9076053630322014,0.824491622333814,0.16645950380351016,0.3551185800228708,0.11550572598153774,0.2093587895059581,0.28329935862377564,0.8879663236049653,0.3659739140522713,0.15379770960738504,0.3965180065960655,0.2935829231508643,0.19353983327532776,0.26207759492202387,0.12304645420043414,0.3223371285569864
141,0.8401945673610766,0.6295347950744958,0.2163443212515952,0.18838562123999414,0.1904903959296641,0.8281211156963157,0.8014882580089163,0.6408127413447358,0.6913439069258689,0.611884519133562,0.8153598833258755,0.8178044051111222,0.9130496030759542,0.6910953114900811,0.7282769021694095,0.2962677538573726,0.171713154013159,0.8143157824955667,0.41478977112646875,0.705663004027246,0.7011054210378032,0.38598584663318913,0.9104559240292349,0.490437362236696,0.26546677936326424,0.47033427799598937,0.9774689670030992,0.45042178358938656,0.6433401282752449,0.08490362783605965,0.8411806625897015,0.27251031671058523,0.2190125789290508,0.7284674920035135,0.7274813967748885,0.6073849417458028,0.43795057922736536,0.3879000314887552,0.7439964202257248,0.6770828154261754,0.11612721457100716,0.6848307065082285,0.5782412701569466,0.5747609340559174,0.49024677240259207,0.5989492699580702,0.8306816486849302,0.6537645635492799,0.7254594872304811,0.8542650690266661,0.37876000596629045,0.5835694989973318,0.73498897893568,0.2067651104592385,0.09128424402127955,0.635376787815509,0.3769618323140921,0.6879547224846285,0.5193738709623958,0.10654800377865059,0.8784616914433451,0.1384096521321202,0.6994895507051824,0.14406934155355566,0.3245827739936028,0.7506670644193639,0.17561610235502745,0.7002601965561246,0.666741245297403,0.5653888861267173,0.3221051061502511,0.2690051210659772,0.794270703856544,0.7629311059182287,0.7945524453504367,0.13071148013722478,0.3117801090505312,0.49139859792174223,0.0973582591690284,0.42642403752133784,0.4817696680422281,0.6210825502577106,0.5119325809178144,0.7465818127579178,0.08156416248197695,0.7344669285205256,0.43439566449559985,0.15797411292861996,0.4851754255125209,0.10160095460647334,0.7916107326936145,0.7887767447256335,0.45084439583022584,0.672608097581995,0.6409370390626294,0.6026864880094135,0.8679626775385738,0.6888165199953595,0.8526409121795191,0.8874111271317059,0.10832960440179662,0.13601484943403097,0.4186264273521272,0.2943535690018064,0.6842506504913903,0.8284608627918925,0.7050829480104079,0.8427965329223222,0.5714380417308872,0.7302739521702382,0.6218697691377053,0.7940801140224398,0.7763386864217173,0.7615223984487645,0.8356784169442649,0.8468154924675583,0.11860488241435885,0.30278095427501284,0.7662705712723115,0.5631763867482059,0.37313346260296,0.5814315782495567,0.6650922289066773,0.7263544307993173,0.7944281476325428,0.7503770364109449,0.783788262980825,0.5852433749316364,0.7219957241585044,0.7079417955219676,0.7789075059248579,0.2508493677389416,0.5214537861084871,0.16443759425910276,0.4344702431263362,0.6939707320306934,0.6776297253849086,0.7881303965925853,0.7168912312103284,0.26059430882182333,0.8086312335305524,0.0,0.5906130363446528,0.036642967235121615,0.864333184176072,0.7966240739820016,0.82545285801886,0.7974030063474702,0.8323803841628135,0.4372379389781069,0.8709789688261325,0.7529127098559805,0.5272129137042378,0.770430401564494,0.5455758298944298,0.8734980692421154,0.8544142262881387,0.5009032300833625,0.7851803974212367,0.7576691691940536,0.6202621853196109,0.8548036924708728,0.7156896866040208,0.5914914068844364,0.8303916206765111,0.7181507814183199,0.40832628979598606,0.5698055983692139,0.7928122772999222,0.6600208820166062,0.5483766718043056,0.7499792837136844,0.8183347420408028,0.9883988796632361,0.7776230961732876,0.7104194633653194,0.6471850710154294,0.5656043355044003,0.7820563814448367,0.8585409105222161,0.1932498052669086,0.6218697691377053,0.5448051840434875,0.7553240855831221,0.6315898506770081,0.061303634465271206,0.8362418999320506,0.5927509570924279,0.7731815243872123,0.8394570675682396,0.6746300071264026,0.7011551401249606,0.8240027179767646,0.7513299855814648,0.5583204892358176,0.6383267869868576,0.7298264803858201,0.6457597905169128,0.8600822022241005,0.8498234972405907
142,0.4514990304778005,0.056207428031621376,0.5747940801140223,0.6019241286729976,0.4266063408409154,0.6547506587779048,0.5805780672533519,0.06623411060839601,0.24032549429059158,0.05160841246954695,0.49018876680090817,0.4614842804819437,0.9681714977046355,0.17046189031969372,0.3579442814763254,0.3112249125772717,0.42634117237607516,0.39535789456238923,0.30824176734781816,0.19149306418734158,0.9004872470541441,0.2365054110939857,0.965826414093704,0.1151576923714348,0.3714513001541292,0.7948673329024346,0.9931056199141518,0.8239281393460283,0.05121894628681278,0.5740400072921328,0.9336913107608678,0.6649016390725733,0.6427352127148279,0.2741593331013109,0.9062878072225261,0.05615770894446381,0.20009446626559946,0.2384693150367092,0.34285453852400605,0.3045542683836324,0.5969356469281891,0.17068562621190275,0.8197185899666882,0.09783887701155158,0.15201610898423912,0.8361341752432092,0.47170155289282223,0.09629758530966703,0.23525414740052042,0.5133495749018049,0.7302573791411856,0.039029483418684396,0.25502577106017665,0.38804918875022776,0.6147185071015431,0.10663915543843938,0.7688311042609258,0.1883773347254678,0.8124596032416845,0.5579724556257146,0.9352823215499098,0.6244385886408459,0.13404265897678125,0.6319461708016374,0.688509918957888,0.37468304081937065,0.44440577404332193,0.26369346525464454,0.13570824839655948,0.8028638194202754,0.3093273007507582,0.3852732063839308,0.46044017965163486,0.2638923416032748,0.3025572183828038,0.49790351182485626,0.33427799598932706,0.14699448118132552,0.6076169641525382,0.7701072274979698,0.13155670461890312,0.10582707701486604,0.8006347470127115,0.3507433003530055,0.5601932415187523,0.9119723561875404,0.23302507499295644,0.4334344288105536,0.1162929448615323,0.4977875006214886,0.4153864001723595,0.4146737599231012,0.17714910754238555,0.18026483700425933,0.8430948474452676,0.8300021544937769,0.6353519282719303,0.22171398266461162,0.5726312998226686,0.5845721672550093,0.563018942972207,0.4910919968842705,0.6881701718623112,0.34937602545617263,0.2239430550721756,0.6029930890468851,0.259243606954043,0.4993205058088467,0.072482142561196,0.3049105885082617,0.8541241982797196,0.43896153399956905,0.4072904754802035,0.2766452874591889,0.618737466646779,0.605346459172343,0.48004607302076596,0.35238403022920495,0.4155438439483583,0.8761331808614661,0.7340691758232651,0.8737466646779032,0.12075937619118648,0.24972240176337035,0.3545468105205589,0.3698685758796135,0.4009595783821409,0.04246838694708244,0.259243606954043,0.13307313677720867,0.3432937237938978,0.6747543048442963,0.8077860090488739,0.6840600606572863,0.1893219973814615,0.2286663683521437,0.14760768325626872,0.33106282835313816,0.8695205422695106,0.370804952021081,0.3848423076285653,0.5906130363446528,0.0,0.5366843998077528,0.6094814299209468,0.5146505576824276,0.5842904257611163,0.4928984570509952,0.6524304347105521,0.7650027345497937,0.9450189761182652,0.2949584845622235,0.09737483219808096,0.36650425098195194,0.8222708364407763,0.5556770911019406,0.5979217421568142,0.7893650872569979,0.26480385820116337,0.24702099802780964,0.10467525149571588,0.9538524006032583,0.16917748056812343,0.12211007805896679,0.586163178044051,0.9048045211223256,0.7641243640100102,0.04249324649066122,0.3710535474568687,0.19000977808714103,0.8463514476540878,0.40565803211853024,0.4706243060044084,0.9967102537330748,0.5356485854919704,0.3017617129882828,0.0545004060392118,0.08756359899898902,0.40544258274084755,0.5267654419198198,0.6670064137622433,0.07014534546479056,0.07954225293756945,0.3663302341769006,0.8543562206864549,0.575224978869388,0.5306766767762143,0.07094085085931157,0.39422264207229163,0.5490810255390377,0.11518255191501359,0.8481910538789175,0.6591093654187177,0.3015794096687051,0.0532408558312204,0.212673395316462,0.26791958766303714,0.18756525630189436,0.45494622052072464,0.6367937817994995
143,0.8334659175657535,0.561013606456852,0.23951341586701802,0.19760851190772144,0.16226652745322256,0.8176055287624919,0.7947181756409619,0.5875801720280416,0.6971941861814084,0.5525779346691194,0.810180811746963,0.8184756127877493,0.9099421601286068,0.6666169475795092,0.7256500770645851,0.2924062380881354,0.14694476209416796,0.8177215399658596,0.3821491904075308,0.7001607583818095,0.6961252258075209,0.36925537380467033,0.905583453487794,0.4624786622250948,0.23986144947712096,0.4766568885795257,0.9733671423126005,0.4764082931437379,0.5750841081224416,0.09091135086759805,0.8412138086478066,0.30080047730323667,0.22527718391090334,0.7276388405508876,0.7296358905517162,0.5490395929664065,0.39903710701204864,0.3735395018147467,0.7527801256235603,0.6738842208190391,0.12090853345265906,0.6558444786953712,0.5545335520973168,0.5354994282304978,0.44132319063955316,0.6052055884253965,0.8279305258622119,0.5966290458907175,0.7165017650275941,0.8489451267008072,0.3862593016125557,0.5726147267936161,0.7173635625383251,0.17917101708679306,0.10398747079003634,0.6294104973566018,0.3831187126071033,0.6622996735113276,0.5191667080992393,0.0990487081323852,0.8740035466282173,0.1438373191468204,0.6573194782810454,0.1515520641707685,0.33997083146886753,0.7620775949220239,0.13726611312749637,0.6875403967583156,0.632476507731318,0.5674190821856511,0.3073633968080347,0.2376738096421882,0.8010573592535508,0.7527966986526128,0.7918013225277184,0.095245197964832,0.28292646547009404,0.443485970930907,0.14195628034935948,0.4266063408409154,0.4429556340012264,0.5889060143522432,0.5146671307114801,0.7484297054972737,0.0609638873696946,0.7362568156581979,0.39481098460365605,0.14666302060027525,0.44573161636752345,0.0907456205770728,0.794784467757172,0.7906577835230945,0.41135086759807094,0.6681002336797096,0.6636255158355293,0.5644027908980924,0.8546545352094002,0.6755829562969224,0.8435506057442119,0.8766800908201993,0.10883508178789847,0.09836092742670599,0.40412502693117225,0.2665274532226255,0.6670561328494009,0.8195114271035318,0.7095659523691145,0.8425893700591658,0.548003778650624,0.7274399642022572,0.5833126170470178,0.7911964069673015,0.7755348945126701,0.7586966969953098,0.8304081937055636,0.8381892308457217,0.08261654982681199,0.27184739554848436,0.77336382770679,0.5901489915311822,0.429075722169741,0.585873150035632,0.6516763618886624,0.7111321036145777,0.8106034239878023,0.755100349690913,0.7750128440975157,0.5568454896501434,0.714106962329505,0.6539054342962264,0.7907489351828834,0.33022589038598593,0.5201942359004955,0.17375163658661907,0.3995508709126768,0.6633354878271103,0.6493727108503622,0.788312699912163,0.7257495152389002,0.2502693117221034,0.8176303883060707,0.036642967235121615,0.5366843998077528,0.0,0.8626510217272411,0.7908732329007773,0.8153101642387179,0.7900114353900463,0.8228591789721408,0.44257445433301845,0.8748073385372646,0.7444438920101427,0.4875619416960838,0.7653010490727391,0.5495616433815609,0.8627173138434512,0.8454896501433566,0.5005386234442069,0.7769850345547656,0.7474933293558064,0.59148312036991,0.8522182999386798,0.6802399774606804,0.5521304628847015,0.8275576327085302,0.6965975571355176,0.4334675748686587,0.558461359982764,0.7988945789621968,0.6699066938464343,0.541979482590033,0.7371268996834552,0.8237872685990819,0.9866255655546164,0.7628731003165449,0.7038731168895739,0.5739322826032913,0.49584845622234375,0.7934006198312866,0.851779114668788,0.21415668141666244,0.575481860819702,0.5099355309169857,0.7669666384925173,0.5903644409088649,0.04777175624388863,0.8252291221266511,0.553323720976483,0.7646961335123221,0.8442632459934702,0.6322361988100567,0.6964483998740449,0.8067916273057227,0.7500952949170521,0.5369992873597507,0.6526375975737086,0.7053895490478794,0.6421800162415685,0.8624935779512422,0.836349624620892
144,0.25177745736588275,0.5882348066756161,0.8341951308440644,0.861814083760089,0.7970964053099985,0.15279504134970745,0.11484280481943687,0.5974494108288172,0.47640000662921156,0.5749598104045477,0.17626245048807565,0.23391173204726623,0.9674091383682196,0.5070518238618472,0.3004358706640813,0.7557798438820664,0.8206549661081556,0.30137224680554864,0.76724837998641,0.5097946601700394,0.933252125490976,0.7011219940668556,0.9636304877442451,0.6864631498699019,0.7978919107045195,0.9087654750658778,0.9887303402442865,0.9114005866852285,0.5735013838479259,0.8696034074147732,0.9432539485241718,0.879066607003762,0.8583088881154809,0.43553091698569746,0.9383151858665209,0.6281178010905053,0.7001193258091782,0.7073534529906031,0.34300369578547873,0.40072755597540566,0.8672583238038416,0.5345547655745041,0.902492583569499,0.5888231492069806,0.6881453123187327,0.9070418800444158,0.188161885347785,0.5826745554284958,0.46655562737201484,0.15475894529243117,0.8694128175806692,0.5851687963008999,0.4288022671903744,0.782926465470094,0.8716253169591806,0.559638045045493,0.8862427285835033,0.46909958733157664,0.8979598601236348,0.8579028489036942,0.9411160277763967,0.8630902069971329,0.5388057475264754,0.8643911897777556,0.8542899285702448,0.30278095427501284,0.8382140903893005,0.45930492716153726,0.558395067866554,0.8937668837733473,0.7476756326753842,0.75984852251446,0.24248827458194533,0.39459553522597335,0.3642005999436517,0.8639768640514427,0.794336995972754,0.6901755083776662,0.867142312600474,0.9010341570128773,0.6645204594043653,0.6012943535690018,0.9045144931139065,0.35014667130711485,0.8326621256567063,0.9386963655347288,0.6757321135583951,0.8374600175674108,0.6709093621041118,0.7758000629775104,0.27481396774888545,0.2728086312335305,0.6966389897081491,0.5082450819536287,0.9130164570178492,0.9055751669732677,0.03317920416314479,0.4802698089129751,0.11794196125225809,0.09689421435555778,0.8478678798123933,0.8540744791925621,0.855350602429606,0.8159399393427137,0.5038200831966059,0.062356021810106244,0.4142511476822619,0.23047282851886852,0.6625731284906942,0.35057757006248036,0.9178640680157113,0.2399691741659623,0.283630819204826,0.3839805101178343,0.13630487744245023,0.028024992127811177,0.8409154941248613,0.7890916322776313,0.28774093040985105,0.9209549379340063,0.8795555113608116,0.9210958086809526,0.563781302308623,0.46306700475645934,0.3136528613334659,0.3156747708778733,0.2816917748056813,0.6099123286763122,0.4360363943717993,0.505353088383964,0.3508675980708995,0.8641591673710204,0.9056000265168465,0.8714513001541292,0.6987520509123453,0.5113690979300287,0.526707436318136,0.48350154957821645,0.9066192678035765,0.8057309534463614,0.2778882646381279,0.864333184176072,0.6094814299209468,0.8626510217272411,0.0,0.2268847677289978,0.13897313511990594,0.27349641193921015,0.1531762210179154,0.8835164653043637,0.9458890601435225,0.39134722153167933,0.6617196174944895,0.3272841777291635,0.9260594308821823,0.08181275791776477,0.07918593281294017,0.8941977825287128,0.4076302225757801,0.4193059215432805,0.6325759459056333,0.952725434627687,0.5037372180513433,0.6367109166542368,0.06496627388587795,0.934975720512438,0.9008269941497208,0.6226238419595951,0.2979582028207296,0.4862526724009347,0.9177646298413962,0.2965826414093704,0.1765856245545998,0.9938679792505677,0.19556174281973515,0.43288751885182053,0.5708082666268914,0.6670478463348747,0.2569316694012165,0.13158985067700824,0.8746581812757919,0.6097300253567345,0.6067468801272808,0.30802631797013535,0.9125606987189049,0.8671340260859478,0.17822635443079926,0.6181491241154147,0.2696846152571305,0.11063325544009683,0.548227514542833,0.9025340161421302,0.1595485506886093,0.3759343045128358,0.6214554434113924,0.5539452095659524,0.44900478960539614,0.5292762558212765,0.31077744079285363,0.052768524503223446
145,0.11712988282868464,0.4668788014385389,0.7728334907771094,0.8168183098824973,0.7065496610815558,0.32885861548915296,0.16921062662622843,0.48819171680007956,0.336159034786788,0.468602396460001,0.08197020169376357,0.08684267223520437,0.9463779645005718,0.37315003563201243,0.16513366147930864,0.6622582409386963,0.755100349690913,0.19696216377467313,0.6881950314058901,0.3964268549362767,0.90532657153748,0.63617229321003,0.9382737532938896,0.6137572714164969,0.6894131490412503,0.8664711049238469,0.9684449526840021,0.8648220885331213,0.47311026036228643,0.8205223818757355,0.9180878039079203,0.8364656358242596,0.8173900793848092,0.2954473889192728,0.8977609837750046,0.5164238717910472,0.6388156913439069,0.6695918062944365,0.19909179800792187,0.22404249324649061,0.8160559505460814,0.4038101393791743,0.8644740549230183,0.5178077197169328,0.6179833938248894,0.8699763005684549,0.11285404133313459,0.4502146207262301,0.35222658645320604,0.1341503836656226,0.8324052437063922,0.492094665141948,0.32863487959694393,0.6868857621107409,0.8180778600904888,0.4480435539203501,0.851936558444787,0.3351232204710055,0.8586072026384263,0.7979333432771508,0.9159167371020402,0.8109597441124314,0.4212283929133728,0.8121778617477917,0.808424070667396,0.14263577454051268,0.7324450189761182,0.32246142627488017,0.4237723528729347,0.8230414822917185,0.6911201710336599,0.6843086560930741,0.07886275874641602,0.2637017517691709,0.2641740830971677,0.8120535640298978,0.7157476922057044,0.6137075523293394,0.8168680289696548,0.8308142329173505,0.595468933857041,0.44944397487528787,0.8743847262964252,0.21643547291138399,0.7653424816453703,0.9008518536932996,0.6318550191418485,0.7702315252158638,0.565886076998293,0.704129998839888,0.14381245960324163,0.1474170934221648,0.6238916786821127,0.3830938530635244,0.8707718059629759,0.8682112729743616,0.23762409055503064,0.35955186529441985,0.16149588160228046,0.16391554384394846,0.7863736555130182,0.8016291287558628,0.8181358656921726,0.7213245164818773,0.36751520575415575,0.16921062662622843,0.3023749150632262,0.08524337493163603,0.5517741427600723,0.23193125507549017,0.873738378163377,0.09845207908649478,0.1356170967367707,0.2766452874591889,0.2315997944944398,0.21122325527436647,0.7779048376671804,0.6937304231094317,0.1105918228674655,0.8845191335620413,0.8344188667362734,0.8736969455907457,0.45580801803145565,0.35511029350834455,0.19644011335951883,0.1666003745504565,0.12065165150234503,0.5070932564344786,0.31307280531662773,0.4102321881370259,0.25205091234524934,0.8270355822933758,0.8485308009744942,0.8119126932829512,0.5839092460929085,0.3500638061618523,0.39267306385588097,0.38565438605213875,0.8670843069987901,0.7006165166807539,0.1843915212383368,0.7966240739820016,0.5146505576824276,0.7908732329007773,0.2268847677289978,0.0,0.1241319876033743,0.07859759028157598,0.2385604666964981,0.8433020103084241,0.9247335885579808,0.23788925901987112,0.5934967433997912,0.1895374467591442,0.8906097217388423,0.16948408160559514,0.19494025423026562,0.8547539733837154,0.29711297833905104,0.2916190192081407,0.504623875105653,0.909088649132402,0.3935348613666121,0.4926167155571024,0.18541904903959294,0.8915875304529409,0.8554417540893949,0.5333449344536703,0.182676212731401,0.36401829662407403,0.845945408442301,0.140895606489998,0.12779462702398114,0.9732759906528117,0.06668158239281397,0.2737284343459454,0.47658230994878936,0.5808018031455608,0.12060193241518757,0.1334128838727855,0.8238618472298183,0.5048061784252308,0.5277183910903396,0.1647276222675218,0.876290624637465,0.7965494953512654,0.09841893302838955,0.5041929763502876,0.12571471187788985,0.1339349342879398,0.4266560599280731,0.8518868393576294,0.2776396692023402,0.2619035781169724,0.5085931155637315,0.4023682858516051,0.28308390924609295,0.3835330383334161,0.17026301397106358,0.24644094201097144
146,0.23688659076219376,0.5687200649662739,0.801604269212284,0.8400868426722352,0.7291635592237193,0.21204362021246626,0.08006430335272396,0.5808100896600872,0.4369313379406353,0.5410679659921445,0.148121447156897,0.20272129137042383,0.9471071777788826,0.49808581514443395,0.285702447836391,0.7329256368186414,0.7818243590381015,0.2858847511559688,0.7343509173171581,0.5016987354778832,0.9093206715391372,0.7200318202157808,0.9401133595187193,0.6785412419827972,0.7590695901489914,0.8880989078373855,0.9677157394056912,0.8814945557599563,0.5430152969058155,0.8441886673627339,0.9177231972687648,0.8501383847925886,0.8398548202654998,0.4304015644939425,0.9003463763071977,0.5822436566731302,0.6876564079616831,0.7128805581796185,0.32391985283150204,0.3720313561709674,0.844569847030942,0.512081738179287,0.8760420292016772,0.5936790467193689,0.6970698884635145,0.8785694161321865,0.16301231376058622,0.5541192263710037,0.44750493047614315,0.2005999436517012,0.8504947049172178,0.5611130446311673,0.41472347901025874,0.7445930492716154,0.8508510250418468,0.5356817315500755,0.8666036891562671,0.4626609655446726,0.8703989128092942,0.8209532806311011,0.9174331692603458,0.8397388090621323,0.5255058917118283,0.8407746233779148,0.8353469563632145,0.2619615837186562,0.7686405144268218,0.4255208074379755,0.525016987354779,0.8401697078174978,0.7350304115083114,0.7292298513399293,0.18933857041051394,0.3669600092808962,0.3533866984868824,0.8349326306369015,0.7668754868327285,0.6666335206085616,0.8347420408027975,0.8504201262864814,0.6505742554566698,0.563847594424833,0.8864333184176072,0.33179204163144904,0.794908765475066,0.903893004524437,0.6722849235154709,0.7973201412022076,0.6389648486053796,0.7435572349558329,0.25808349492036653,0.2690382671240823,0.7056547175127198,0.4753724788279554,0.8842456785826746,0.8824060723578449,0.14564377931354522,0.4465685543346757,0.07457034422181319,0.13227763138268778,0.81594822585724,0.8306236430832464,0.8360513100979465,0.7607351795687698,0.4656938298612837,0.08893916041034844,0.3996337360579393,0.16482706044183693,0.6305706093902782,0.3433600159101079,0.891048907008734,0.21109067104194634,0.2562853212681683,0.3808564941414343,0.1080810089660088,0.14846948076699973,0.7984305341487263,0.7509570924277831,0.22497886938795797,0.8908085980874725,0.8564112762889674,0.8898142163443213,0.5293176883939078,0.45657037736787154,0.3192296856096388,0.2727506256318468,0.24503223454150702,0.5805614942242994,0.4465354082765708,0.4827889093289581,0.34184358375180224,0.8480004640448136,0.8653109928901705,0.8395647922570808,0.6799913820248926,0.45803709043901963,0.5114271035317125,0.4692653176221018,0.8757188551351531,0.7621936061253916,0.2647209930559008,0.82545285801886,0.5842904257611163,0.8153101642387179,0.13897313511990594,0.1241319876033743,0.0,0.19276918742438554,0.12448830772800346,0.8584663318914798,0.924103813453985,0.36114287608346185,0.6415005220504152,0.3060872735709905,0.9112099968511245,0.18493014468254365,0.0860305938116308,0.8696945590745622,0.39938514062215147,0.39434693979018554,0.6154560068943802,0.9070915991315733,0.4890369412817581,0.5648254031389317,0.08935348613666116,0.8949269958070237,0.8765143605296741,0.6069291834468586,0.2826778700343061,0.4682295033063193,0.8566350121811764,0.23372942872768854,0.16766104840981788,0.971022058701669,0.10362286415088096,0.3939740466365038,0.5403056066557286,0.644301363960291,0.23805498931039637,0.18170669053182853,0.8525994796068879,0.5764099504466432,0.6051475828237127,0.27689388289497674,0.8852814928984571,0.8395067866553971,0.1357165349110857,0.5684217504433287,0.24562886358739788,0.09860952286249358,0.5287210593480172,0.8653441389482757,0.1518918112663451,0.3717247551334958,0.5705099521039461,0.4864681217786174,0.40372727423391164,0.49657766950065474,0.27734964119392114,0.14089560648999822
147,0.15139462039476947,0.47792472530204344,0.7651270322676876,0.8098824972240177,0.6900429241452462,0.3815028422744825,0.22280780258207789,0.4579459387792306,0.27028124430302125,0.45304860869421093,0.10548732991928944,0.09555179900230382,0.9417872354530238,0.329819851174199,0.13634631001508146,0.6564079616831568,0.73696116939293,0.16268913969406185,0.6514857720545585,0.3340542600971179,0.8953578945623892,0.6401166741245299,0.931942856195827,0.6044432290889806,0.6698321152156981,0.8644574818939658,0.9667379306915925,0.8575879613516963,0.44606307694857383,0.8152024395498766,0.90953612091682,0.8296541208836739,0.8101393791743317,0.2495566714728451,0.8903362667594757,0.48938497489186106,0.6251180828319992,0.6471602114718507,0.1411359154112597,0.18193871293856378,0.8123518785528431,0.35869006778368884,0.863156499113343,0.5141450802963258,0.6188120452775153,0.8574056580321185,0.1428843699763006,0.43123850246109485,0.2758414955501417,0.15668970317704978,0.8159316528281875,0.48035267405823756,0.265458492848738,0.680157112315418,0.8218399376854109,0.4019291005817134,0.8407829098924411,0.29123783953993265,0.8529309401879381,0.7886441604932134,0.909154941248612,0.8150035632012463,0.3834667462172061,0.8166857256500771,0.8056895208737301,0.10420292016771915,0.7121762044448864,0.2626659374533883,0.3813536850130098,0.8161305291768177,0.6530767828436004,0.6601866123071314,0.07710601766684899,0.2313594855731782,0.2390742305971263,0.8056066557284676,0.6958269112845755,0.5977808714098676,0.8140257544871476,0.8282619864432622,0.5811581232701901,0.4100333117883955,0.8674157675798406,0.15523956313495413,0.7617709938845523,0.8943220802466068,0.6081887336548502,0.7565836357911135,0.5454681052055884,0.7203384212532524,0.10426092576940293,0.11650839423921522,0.6182237027461509,0.3526823447521503,0.8698602893650873,0.8653192794046968,0.2925388223205554,0.28418601567808555,0.20270471834137127,0.21707353452990596,0.7813271681665258,0.7981736521984123,0.807885447223189,0.6879961550572598,0.29065778352309446,0.22218631399260846,0.23682029864598353,0.1236762293044299,0.5110790699216097,0.1815741062994083,0.8755696978736804,0.0971759558494506,0.09428396227978597,0.25505891711828166,0.26954374451018415,0.25793433765889395,0.7647707121430585,0.664346442599314,0.08090124131987597,0.8694459636387744,0.8265798239944315,0.8686338852152008,0.3960622482971212,0.2833242181673543,0.1822453139760355,0.12444687515537223,0.09757370854671121,0.4783059049702514,0.263958633719485,0.3918361258887286,0.196862725600358,0.820315219012579,0.8486965312650194,0.8063441555213047,0.6020401398763653,0.30309584182701066,0.3602976516017833,0.36688543065016,0.8582260229702183,0.673817928702829,0.18219559488887782,0.7974030063474702,0.4928984570509952,0.7900114353900463,0.27349641193921015,0.07859759028157598,0.19276918742438554,2.220446049250313e-16,0.29769303435588923,0.8311456934984007,0.9169194053597176,0.1892059861780938,0.5781086859245266,0.13473872619698712,0.8935265748520858,0.22042957291304122,0.24418701005982868,0.84406436964484,0.27459851837120264,0.24699613848423074,0.45470591159946305,0.9003795223653027,0.3498317837551169,0.4714446709425082,0.23881734864681214,0.881071943519117,0.8533204063706724,0.5051044929481763,0.16406470110542115,0.3111006148593779,0.8457796781517758,0.091292530535806,0.16376638658247566,0.9717844180380849,0.12629476789472804,0.20369910008452252,0.4493859692736041,0.5634995608147302,0.11967384278824644,0.17208604716684073,0.8325378279388124,0.47397205787301744,0.5227962014617412,0.11500853510996212,0.8701586038880327,0.8094433119541259,0.1053878917449742,0.4670611047581166,0.11795024776678431,0.18806244717346987,0.390443991448317,0.850693581265848,0.327648784368319,0.19224713700923113,0.47591110227216227,0.3677472281608909,0.23571819221399104,0.3230414822917185,0.11577089444637789,0.30073418518702666
148,0.33547125408110845,0.6257395714214686,0.816329405525448,0.844926167155571,0.7565504897330086,0.10298480253235875,0.09123452493412221,0.6441936392714496,0.5294419861118017,0.6033825552296193,0.25737914118563454,0.3167354447372347,0.9479524022605612,0.5663169757536586,0.37864399476292276,0.7522497886938796,0.8132633951507318,0.4050696895871658,0.7795538540579062,0.5792936575017817,0.9119723561875404,0.7467226835048641,0.939881337111984,0.7100299971825851,0.7817912129799964,0.8858449758862428,0.9690913008170504,0.8873116889573908,0.6179751073103631,0.8515968113492103,0.9183446858582344,0.8575050962064337,0.8463017285669302,0.5366098211770166,0.9052934254793749,0.6661197567079336,0.7508327947098892,0.757329422098477,0.4281227729992212,0.47943287094582276,0.8472629642519764,0.5827242745156533,0.8838313528563616,0.63719153449676,0.7374915063226106,0.8747741924791594,0.27865891048907,0.6153565687200651,0.5230945159846865,0.2649032963754785,0.8575962478662226,0.6235270720429573,0.5169707817497805,0.7654999254213692,0.859203831684317,0.6091168232817913,0.8721142213162301,0.5480617842523078,0.8741941364623214,0.8384461127960358,0.9198611180165399,0.8493263063690151,0.5836772236861731,0.850660435207743,0.8433185833374766,0.37692039974146074,0.7964169111188452,0.4940834286282504,0.5862128971312087,0.8470060823016623,0.7546445913919687,0.7481562505179071,0.31356170967367714,0.4612522580752084,0.44728948109846045,0.8443212515951541,0.801446825436285,0.7236033079765989,0.848621952634283,0.8519945640464708,0.703334493445367,0.6233447687233796,0.8877923067999139,0.4408177132534513,0.8034770214952187,0.9091383682195595,0.7171729727042212,0.8168265963970235,0.6948573890850032,0.7541722600639719,0.36608163874111266,0.3606042526392549,0.7380052702232387,0.537231309766486,0.8919604236066226,0.8860852848075043,0.15264588408823476,0.5545832711844745,0.13789588823149213,0.17347818160725237,0.8289166210908367,0.8352558047034258,0.8458459702679859,0.8042310943171084,0.5479126269908351,0.13483816437130203,0.5087588458542568,0.2807471121496876,0.6775800062977511,0.4337907489351829,0.8967831750609059,0.3132551086362054,0.3709292497389748,0.4560648999817696,0.05754155687034923,0.1787235453023749,0.8238121281426607,0.7753360181640399,0.34959976134838167,0.8921427269262004,0.8678549528497324,0.8898722219460051,0.6030013755614114,0.5663501218117636,0.4123203897976433,0.3740946982880061,0.34830706508228504,0.6514360529674009,0.5304032217968477,0.5504980195230282,0.43194285619582695,0.8601484943403106,0.8686836043023584,0.8517708281542617,0.7127231144036195,0.5360297651601784,0.5855002568819503,0.553166277200484,0.8803261572117536,0.7859759028157577,0.3537430186115116,0.8323803841628135,0.6524304347105521,0.8228591789721408,0.1531762210179154,0.2385604666964981,0.12448830772800346,0.29769303435588923,0.0,0.8655181557533271,0.9279819022522747,0.44916223338139516,0.7107343509173172,0.42225592071462914,0.9152455294254132,0.2327433334990635,0.1257892905086262,0.8708795306518173,0.4783390510283565,0.5012346906644127,0.683538010242132,0.9129004458144816,0.5491638906843004,0.6283663965262931,0.10314224630835778,0.8982996072192115,0.8817348646812178,0.6693514973731749,0.3863090206997133,0.5558925404796236,0.8701917499461377,0.3445947065745205,0.27254346276869024,0.9733339962544955,0.21073435091731718,0.4771375064220488,0.6153648552345912,0.7116790135733109,0.34514990304778004,0.24277830259036448,0.8692885198627753,0.6509222890667727,0.6532590861631782,0.3975289613682693,0.8918526989177812,0.8408657750377038,0.2419579376522647,0.6529276255821276,0.35397504101824695,0.18071230878867728,0.5814067187059779,0.8705563565852931,0.0679162730572268,0.4798969157592934,0.6485772054558412,0.5529508278228012,0.4920780921128953,0.5616019489882166,0.39423092858681774,0.10794013821906234
149,0.8712109912328677,0.784492616715557,0.22285752166923545,0.2790898092444356,0.5373390344553275,0.8587729329289514,0.837244568189728,0.7816586287475763,0.8083163459785545,0.7561113044631168,0.8477352955799732,0.8634050945491308,0.8536767264953016,0.7824955667147285,0.8198097416264771,0.5936956197484213,0.4986575846467459,0.8923913223619881,0.6317555809675335,0.8227017351961418,0.4840070269643183,0.6624488307728005,0.8909080362617876,0.6858085152223272,0.576277366214223,0.07916935978388762,0.9882662954308159,0.18539418949601405,0.794850759873382,0.42793218316511705,0.7988945789621968,0.13437411955783174,0.24572001524718678,0.8143157824955668,0.4946303385869836,0.7658976781186297,0.6915013507018677,0.6665838015214041,0.8246490661098129,0.8112497721208506,0.3655347287823796,0.797461011949154,0.24639950943834,0.7577851803974213,0.7153665125374965,0.2656988017699995,0.8711695586602364,0.7560035797742755,0.8084323571819222,0.8850743300353006,0.07931023053083397,0.7707287160874393,0.834435439765326,0.5755067203632809,0.36086942110409503,0.762748802598651,0.04584928487379636,0.7804156515686372,0.292837136843501,0.4056083130313727,0.8628333250468188,0.30450454929647497,0.7999718258506107,0.3237541225409768,0.12909560980460388,0.8303004690167222,0.5439682460763353,0.7886193009496346,0.7626410779098096,0.25318616483534706,0.6149588160228046,0.5600192247137009,0.8507018677803742,0.8299690084356718,0.8624770049221897,0.47400520393112244,0.5877210427749879,0.6767513548451252,0.3136528613334659,0.06635012181176358,0.6820630106564577,0.7588209947132039,0.22873266046835372,0.8174646580155456,0.3952004507863902,0.4944480352674059,0.6370755232933922,0.45831883193291234,0.6539551533833841,0.44382571802648363,0.8407331908052835,0.835330383334162,0.6684234077462339,0.7728169177480568,0.41797179270455265,0.32413530220918474,0.8832678698685759,0.7894810984603656,0.884800875055934,0.9057823298364243,0.4406188369048212,0.4862195263428297,0.29482590032980327,0.5536303220139545,0.7880475314473228,0.8599661910207329,0.8022008982581748,0.8811133760917483,0.7288403851571952,0.8444289762839955,0.2705629857969142,0.8370125457829928,0.8290740648668358,0.8393161968212931,0.8622615555445069,0.8686173121861482,0.47741096140141526,0.59875039360944,0.8376091748288835,0.22362816752017756,0.05277681101775,0.19760851190772144,0.7954971080064304,0.8091118513730755,0.862965909279239,0.8169840401730225,0.8348911980642701,0.7454217007242414,0.8117055304197949,0.8294220984769387,0.8650955435124879,0.3379323488954077,0.1114536203781964,0.24310147665688864,0.6654816950894116,0.7892076434809991,0.7827690216940951,0.864623212184491,0.576467956048327,0.5706093902782612,0.8663882397785843,0.4372379389781069,0.7650027345497937,0.44257445433301845,0.8835164653043637,0.8433020103084241,0.8584663318914798,0.8311456934984007,0.8655181557533271,0.0,0.8472049586502926,0.8146803891347222,0.7230232519597607,0.8252788412138087,0.11682328179121293,0.8919107045194651,0.8807239099090141,0.20719600921460413,0.8613831850047234,0.8369793997248878,0.786050481446494,0.8088549694227615,0.8208206963986808,0.7423971229221564,0.8679543910240475,0.4850511277946269,0.04724970582873422,0.7941961252258076,0.8499477949584846,0.7846583470060823,0.18881651999535953,0.7992674721158786,0.8782213825220836,0.9946883441886674,0.8214587580172028,0.7900777275062564,0.7793632642238022,0.7188799946966307,0.8528646480717281,0.8875685709077048,0.22716650922289072,0.7589204328875189,0.7581746465801555,0.8310131092659806,0.31213642917516027,0.41779777589950107,0.8688990536800412,0.7574371467873183,0.8210775783489949,0.8836324765077314,0.7896219692073121,0.5836357911135419,0.8497820646679595,0.8334327715076485,0.7333896816321119,0.7635940270803295,0.8031952800013259,0.7554318102719635,0.9137871028687914,0.8775584613599828
150,0.9812559041416,0.9447952402260562,0.8918361258887287,0.9093040985100846,0.878105371318716,0.925984852251446,0.9213361176022142,0.9615091400255225,0.9312136429175161,0.9260262848240775,0.9349508609688593,0.9506372329670694,0.10605081290707508,0.9413397636686058,0.9401962246639819,0.9130247435323755,0.9180960904224466,0.9865509869238801,0.9246258638691394,0.9552279620146175,0.7226089262334476,0.948167851638244,0.3014219658927061,0.9390278261157792,0.8894081771325345,0.8454399310561992,0.9422761398100731,0.7986211239828304,0.9472811945839341,0.9215929995525283,0.18174812310445976,0.8645983526409122,0.902716319461708,0.9349591474833856,0.7196506405475729,0.9380748769452593,0.962735544175409,0.9583105454183862,0.9244518470640879,0.936981057027793,0.912626990835115,0.9286779694724805,0.8026069374699614,0.9640945325577156,0.9556340012264042,0.7140406702132949,0.9558411640895607,0.9237723528729346,0.9426158869056498,0.9670279587000116,0.8506355756641641,0.9393924327549347,0.9649231840103416,0.9131904738229006,0.8961368269278576,0.952534844793583,0.8489865592734385,0.946767430683306,0.85649414143423,0.9064369644839988,0.42437726843335155,0.896244551616699,0.9505460813072806,0.9002386516183563,0.8653524254628019,0.9273521271482789,0.8919769966356751,0.9127264290094301,0.9262251611727076,0.7735212714827889,0.935514343956645,0.8915626709093623,0.9418701005982864,0.9496594242529708,0.9702679858797792,0.9231094317108338,0.932166592088036,0.9123701088848009,0.8677389416463647,0.8185336183894331,0.9337576028770779,0.9301446825436285,0.9055254478861102,0.9255290939525017,0.8679875370821525,0.713311456934984,0.9474717844180381,0.8890767165514842,0.8883557897876995,0.8855135153051924,0.9367407481065315,0.9293823232072126,0.9155355574338322,0.9167536750691924,0.6623245330549066,0.7947430351845407,0.9530071761215798,0.9240458078523012,0.9492202389830791,0.9614759939674175,0.8695288287840369,0.9270372395962811,0.9155521304628846,0.8699431545103499,0.9190158935348614,0.9238883640763023,0.9468088632559373,0.9626195329720413,0.9255870995541856,0.9454001557864731,0.7705795588259667,0.9273521271482789,0.9428396227978588,0.9539435522630472,0.9300866769419447,0.9422844263245994,0.9113923001707022,0.9014153366810852,0.927575863040488,0.8035350270969026,0.8759840235999934,0.7837385438936675,0.9563466414756626,0.9309401879381495,0.9583022589038599,0.9149803609605728,0.9156184225790948,0.9460050713468902,0.9417209433368137,0.9511924294403289,0.968188070733688,0.8936260130264009,0.7658313860024197,0.8808233480833292,0.8955650574255457,0.9054260097117951,0.9374616748703161,0.9674588574553772,0.7054641276786158,0.9103896319130248,0.9533054906445251,0.8709789688261325,0.9450189761182652,0.8748073385372646,0.9458890601435225,0.9247335885579808,0.924103813453985,0.9169194053597176,0.9279819022522747,0.8472049586502926,0.0,0.9274267057790153,0.9498831601451798,0.9506620925106481,0.8074296889242447,0.9623377914781485,0.9541092825535724,0.8029466845655381,0.968030626957689,0.9366164503886376,0.9628598418933029,0.40011435390046235,0.9473309136710917,0.8982001690448964,0.937486534413895,0.720098112331991,0.8432108586486352,0.9620394769552031,0.9516979068264307,0.943867150599115,0.7708613003198594,0.906030925272212,0.9582939723893336,0.9917632045608976,0.9010175839838248,0.9129253053580603,0.9556505742554567,0.9393095676096721,0.9533552097316828,0.9689752896136827,0.8990785395846799,0.9405856908467161,0.9519050696895872,0.9303684184358376,0.7958285685874809,0.8918526989177812,0.9314208057806725,0.9339067601385506,0.9419032466563914,0.9528911649182121,0.9431047912626991,0.6122159797146125,0.9114254462288073,0.9421932746648105,0.9151212317075192,0.8904025588756856,0.9186181408376008,0.9108619632410216,0.9758530966704785,0.9351248777739108
151,0.18930542435240882,0.28611677356270404,0.7180099106713733,0.7713750642204876,0.5976400006629212,0.4685029582856859,0.37305888397222364,0.256691360479955,0.09280896269411165,0.2626327913952833,0.23440892291884197,0.19561146190689271,0.9490047896053962,0.13526077661214142,0.0923946369677986,0.552395631349542,0.6395946237093755,0.15799897247219885,0.5762525066706442,0.14851091333963107,0.9005535391703542,0.5127612323704405,0.939848191053879,0.42217305556936635,0.5964218830275609,0.851141053050266,0.9763585740565804,0.8466994812641907,0.2658811050895773,0.7520011932580918,0.9181209499660253,0.8113740698387444,0.7823132633951508,0.0804786290790368,0.8996668821160444,0.2851886839357629,0.46071363463100146,0.5221415668141667,0.06587779048376663,0.09895755647259641,0.7620195893203401,0.16733787434329384,0.8615986343824061,0.36390228542070635,0.4314953844114089,0.8619963870796666,0.2334725467773745,0.22681018909826145,0.10126949402542307,0.27003264886723355,0.8042890999187922,0.2925636818641343,0.0877127562604616,0.6205273537844511,0.7632625664992791,0.21152156979731185,0.8193042642403752,0.11162763718324809,0.8499146489003796,0.7258903859858468,0.9188915958169674,0.7711513283282786,0.18513730754570012,0.779901887668009,0.7831584878768293,0.11242314257776886,0.6364788942475017,0.07389913654518643,0.18546876812675062,0.8298944298049356,0.5620577072871609,0.5981206185054443,0.19856974759276746,0.06054127512885521,0.07716402326853278,0.7227000778932366,0.6056282006662358,0.4308241767347818,0.7887518851820547,0.8139843219145163,0.415751006811515,0.2193523260246275,0.8570990569946471,0.0691758232652182,0.6971941861814084,0.9026168812873929,0.4913654518636371,0.6894711546429342,0.36028107857273073,0.6698404017302243,0.16664180712308796,0.15015164321583052,0.4634233248810885,0.1540048724705414,0.8728848671671722,0.8549362767032931,0.40789539104062045,0.11127131705861881,0.35122391819552856,0.34815790782081246,0.696067220205837,0.7108006430335272,0.7878237955551136,0.6140058668522848,0.11860488241435896,0.3617146455857738,0.07875503405757478,0.2510896766602032,0.32557715573675405,0.047871194418203755,0.8787185733936592,0.16883773347254682,0.15344967599728188,0.07460349027991842,0.4394421518420921,0.36491324019291005,0.6688957390742306,0.5814067187059779,0.14566035234259767,0.8821160443494258,0.8164454167288155,0.8702414690332954,0.20166061751106246,0.10687117784517486,0.08567427368700176,0.0930409851008468,0.1305706093902782,0.2933426142296027,0.09708480418966159,0.19172508659407694,0.08236795439102396,0.802880392449328,0.8515056596894215,0.765425346790633,0.4512338620129601,0.12745487992840465,0.16271399923764052,0.16256484197616805,0.8641591673710204,0.606398846517178,0.13202074943237374,0.7529127098559805,0.2949584845622235,0.7444438920101427,0.39134722153167933,0.23788925901987112,0.36114287608346185,0.1892059861780938,0.44916223338139516,0.8146803891347222,0.9274267057790153,0.0,0.38298612837468304,0.1163840965213212,0.8936094399973483,0.32319063955319116,0.38948275576327085,0.8329355806360729,0.08954407597076519,0.0650408525166144,0.2571802648370042,0.9281227729992211,0.14976217703309636,0.31902252274648235,0.3656341669566947,0.8930210974659839,0.8435008866570544,0.3303087555312485,0.10480783572813601,0.11683156830573926,0.8675152057541557,0.17830093306153572,0.2296110310081374,0.9852417176287311,0.28443461111387314,0.09882497224017639,0.26898854803692474,0.37826281509471493,0.1606506571206019,0.2816669152621025,0.7999303932779795,0.2708861598634382,0.3562869785710735,0.10599280730539118,0.8771441356336698,0.7589701519746764,0.25484346774059885,0.2726594739720578,0.14846948076699984,0.32440875718855133,0.1898771938547208,0.8558477933011817,0.45262599645337176,0.05878453404928796,0.2844511841429258,0.2098808399211124,0.06055784815790777,0.13895656209085339,0.19189081688460208,0.4273687001773314
152,0.5262019589320339,0.12800178988713773,0.5464790599777921,0.5646016672467227,0.3843534032715159,0.716626062745488,0.6602114718507102,0.13875768574222314,0.32490594806012685,0.13083577785511857,0.5734268052171896,0.5317622101791545,0.9765988829778419,0.2679113011485109,0.4475215035051956,0.25974079782561865,0.38449427401846226,0.4676080147168499,0.24197451068131715,0.2697840534314456,0.8926647773413547,0.16275543181027197,0.9741377881635427,0.04486318964517155,0.32735046984537364,0.7504267554981023,0.9971742985465454,0.800585027925554,0.1336283332504682,0.5014998591292531,0.937552826530105,0.6663932116873001,0.6090836772236863,0.35330383334161986,0.9003215167636189,0.10973002535673448,0.14065529756873674,0.17554981023881733,0.4401962246639819,0.3726114121878056,0.5418386118430867,0.23155007540728223,0.803899633736058,0.10495699298960881,0.07261472679361602,0.8242430268980262,0.5409933873614081,0.17051989592137762,0.31984288768458213,0.5786555958832595,0.6761215797411293,0.11330979963207866,0.3250053862344421,0.3360430235834203,0.5665904307330252,0.2003844942740185,0.7346740913836822,0.2701983791577587,0.763958633719485,0.4827806228144318,0.9413729097267108,0.5798322809459885,0.21952634282967898,0.588897727837717,0.6493478513067834,0.4640365269560318,0.40443991448317007,0.3525829065778352,0.22577437478247908,0.7689554019788197,0.2557964169111189,0.31871592170901075,0.526616284658347,0.3544473723462438,0.37851969704502897,0.4743532375412254,0.2593927642155157,0.07917764629841395,0.5980046073020766,0.7409221233364822,0.06315981371915336,0.18797129551368097,0.7507499295646266,0.41358822652016114,0.5103581431578249,0.9009015727804571,0.15869503969240462,0.40280747112149695,0.10800643033527246,0.4350502991431744,0.5059745769734335,0.511286232784766,0.11314406934155352,0.27692702895308174,0.8365236414259434,0.8129153615406288,0.699381826016341,0.30661761050067127,0.6496213062861499,0.6444173751636587,0.5164238717910472,0.44076799416629375,0.6618439152123834,0.28081340426589774,0.31105918228674656,0.6774888546379623,0.32931437378809725,0.5566797593596181,0.08214421849881504,0.4035698304579127,0.8416032748305408,0.5362535010523874,0.4830872238519035,0.36883276156383105,0.6822204544324566,0.6712159631415834,0.4334012827524487,0.2894728119458394,0.48971643547291144,0.8429871227564262,0.7062927791312418,0.8326206930840749,0.19650640547572884,0.3472629642519762,0.44597192528878504,0.44885563234392345,0.49680140539286366,0.10959744112431435,0.35664329869570266,0.20012761232370457,0.4052188468486385,0.658612174547142,0.7952816586287477,0.6386251015098029,0.10794013821906234,0.3023086229470161,0.2271582227083644,0.41974510681317234,0.8607699829297801,0.3192545451532177,0.4625283813122525,0.5272129137042378,0.09737483219808096,0.4875619416960838,0.6617196174944895,0.5934967433997912,0.6415005220504152,0.5781086859245266,0.7107343509173172,0.7230232519597607,0.9498831601451798,0.38298612837468304,0.0,0.4251976333714512,0.7791146687880144,0.6203036178922422,0.6646281840932067,0.7602959942988781,0.3535275692338289,0.33341619847859594,0.15843815774209047,0.961940038780888,0.25830723081257567,0.14988647475099037,0.6537728500638063,0.896211405558594,0.7122093505029915,0.09280896269411165,0.46659705994464606,0.2734798389101576,0.8152190125789291,0.48029466845655366,0.5323505527105189,0.998757022821061,0.5977560118662889,0.37652264704420024,0.12929448615323436,0.057152090687615176,0.49058651949816867,0.5845804537695355,0.6208919604236066,0.12653507681598963,0.08274913405923201,0.46261124645751517,0.828411143704735,0.530121480302955,0.589825817464658,0.14391189777755686,0.4773612423142578,0.6128126087605033,0.20313561709673666,0.8450007457863074,0.7158139843219145,0.37591773148378327,0.11870432058867408,0.3165531414176569,0.34263908914632335,0.28416115613450665,0.5323256931669401,0.7036991000845224
153,0.1208919604236065,0.3595352922653674,0.7173304164802201,0.7500372893153682,0.6644044482009976,0.45495450703525087,0.33375594557417254,0.3317423225442915,0.17458028803924497,0.3512073451664761,0.16535739737151756,0.12007159548550694,0.9703425645105156,0.2131291536154063,0.054815293591209624,0.5926846649762176,0.6629957407315334,0.07592933260412005,0.6032251114536205,0.22101791544440574,0.9107542385521802,0.5379356635012182,0.9684366661694758,0.4804603987470789,0.6494887220537298,0.8445532740018894,0.9938348331924626,0.8545716700641377,0.3248810885165482,0.737566084953347,0.9372545120071596,0.8080014584265567,0.771068463183016,0.14926498616152073,0.9185435622068646,0.3638028472463912,0.5037952236530271,0.5443494257445434,0.061941696083793185,0.08583171746300078,0.7582160791527868,0.25370821525050125,0.8555411922637101,0.40565803211853035,0.49367738941646366,0.8618306567891414,0.15601020898589646,0.3210195727473111,0.16035234259765652,0.1855267737284343,0.8104128341536982,0.34858052006165163,0.1484860537960523,0.6440942010971344,0.770049221896286,0.28001789887137674,0.8129899401713652,0.17421568140008947,0.8535275692338289,0.7207527469795655,0.9396327416761961,0.7705215532242828,0.24248827458194533,0.7697840534314457,0.7845506223172409,0.054616417242579374,0.6992326687548684,0.16476905484015303,0.2676544191981969,0.8504449858300602,0.5883756774225626,0.610127778053995,0.12745487992840454,0.11238171000513764,0.12873928967997483,0.7286000762359336,0.6145693498400702,0.48708961036808707,0.7766452874591889,0.8338222376903827,0.46236265102172724,0.31242645718357953,0.8523177381129949,0.06140307263958622,0.7277134191816238,0.9199854157344338,0.515810669716104,0.705596711911036,0.4518719236314821,0.6507731318053,0.06524801537977076,0.09311556373158325,0.5223072971046918,0.2501698735477883,0.8814365501582725,0.8645652065828072,0.33549611362468723,0.18885795256799076,0.28073053912063506,0.28280216775220013,0.7110906710419465,0.7379969837087124,0.7917350304115083,0.6369926581481298,0.2047680604584099,0.30994878934022774,0.11096471602114721,0.16675781832645553,0.4448200997696349,0.07601219774938262,0.8798041067965992,0.1053878917449742,0.05322428280216762,0.11413016457017844,0.4071744642768358,0.3004938762657652,0.7054309816205109,0.608694211040952,0.07663368633885204,0.9062878072225261,0.8109348845688527,0.8952335968444953,0.2698337725186033,0.17896385422363636,0.08687581829330937,0.08788677306551318,0.08245910605081297,0.34904456487512214,0.1452791726743896,0.27034753641923137,0.1079898573062199,0.7927874177563434,0.856974759276753,0.7686570874558745,0.5225724655695322,0.23063855880939355,0.2316329405525448,0.2576111635923698,0.8845854256782513,0.6581232701900928,0.13372777142478331,0.770430401564494,0.36650425098195194,0.7653010490727391,0.3272841777291635,0.1895374467591442,0.3060872735709905,0.13473872619698712,0.42225592071462914,0.8252788412138087,0.9506620925106481,0.1163840965213212,0.4251976333714512,0.0,0.890278261157792,0.25254810321682486,0.31167238436168976,0.8438157742090522,0.1412022075274697,0.14971245794593868,0.31666915262102446,0.9583105454183862,0.23470723744178723,0.40470508294801044,0.3253782793881238,0.9124861200881687,0.8454150715126204,0.37793135451366444,0.0863289083345764,0.19097101377218717,0.8777904837667181,0.10591822867465495,0.16416413927973617,0.9974394670113857,0.2459686106829745,0.12653507681598974,0.3242761729561312,0.43877094416546514,0.08081837617461318,0.20652480153797703,0.7851141053050266,0.3399376854107625,0.4084588740284062,0.02988117138169355,0.8830524204908932,0.7472364474054924,0.18764812144715703,0.3302590364440908,0.07219211455277685,0.25143771027030615,0.26804388538093105,0.8745836026450554,0.4281559190573261,0.0857157062596332,0.3743267206947414,0.30020384825734603,0.16712242496561092,0.23262732229569594,0.10050713468900718,0.3825966621919489
154,0.9540678499809411,0.85642784931802,0.36294933625018644,0.3872039642685494,0.6303800195561743,0.9087157559787203,0.89602081572449,0.8501715308506936,0.8770281244303022,0.82742504847611,0.9064286779694725,0.9255953860687118,0.8003115729461874,0.8593778484893684,0.8800609887469133,0.7074528911649183,0.6130114851091335,0.949443974875288,0.6930592154328047,0.9036692686322279,0.38688079020202515,0.7339945971925289,0.8681864134307828,0.7931851704536039,0.6817729826480385,0.0791859328129404,0.9951358159730854,0.08012230895440764,0.8605462470375711,0.5336763950347205,0.7824872802002022,0.25033560383831355,0.36356253832512964,0.8897479242281112,0.38809890783738543,0.829720412999884,0.7611577918096091,0.7391405227133363,0.8875022787914948,0.8589635227630554,0.4739969174165962,0.8711861316892889,0.14234574653209364,0.8334990636238586,0.7695271714811317,0.23735063557566416,0.9339316196821295,0.8352558047034258,0.8771441356336698,0.9327549346194004,0.18778070567957705,0.8468900710982947,0.897644972571637,0.6709756542203219,0.46457515040023867,0.838678135202771,0.10733522265864515,0.8690316379124613,0.19683786605677922,0.5117668506272892,0.8673660484926831,0.4276338686421717,0.8737300916488507,0.4230762856527287,0.23784782644723979,0.8926647773413547,0.659250236165664,0.872876580652646,0.8447438638359933,0.1691691940535971,0.6990006463481331,0.6538225691509637,0.9110194070170206,0.8952916024461791,0.9250484761099786,0.5674190821856511,0.6730141367937819,0.7483965594391687,0.44254959478943967,0.15389714778169994,0.7479490876547508,0.8284277167337875,0.24169276918742433,0.8822403420673197,0.5433716170304447,0.4297220703027892,0.7262301330814234,0.5782992757586304,0.7297850478131889,0.5600938033444374,0.8976946916587945,0.893725451200716,0.7185733936591592,0.8436334708894745,0.36641309932216304,0.2236364540347039,0.9265400487247055,0.8623112746316643,0.9329455244535044,0.950811249772121,0.5441091168232818,0.6160277763966922,0.35253318749067764,0.6299325477717562,0.8584331858333748,0.9119143505858566,0.8673411889491043,0.9304927161537315,0.817381792870283,0.8884552279620147,0.1617527635525945,0.897678118629742,0.888082334808333,0.8999900561825684,0.9092626659374534,0.9151709507946768,0.5823928139346028,0.7116127214571006,0.899111685642785,0.10942342431926289,0.14174083097167667,0.1318218730837435,0.883748487711099,0.8776578995342978,0.9165465122060359,0.8807984885397504,0.8927973615737749,0.8194285619582691,0.8803841628134375,0.8968246076335372,0.9320671539137209,0.27769767480402385,0.08857455377119283,0.3648386615621736,0.7286663683521437,0.8602479325146257,0.8681532673726777,0.9249904705082947,0.4524271201047415,0.6720529011087356,0.9198528315020137,0.5455758298944298,0.8222708364407763,0.5495616433815609,0.9260594308821823,0.8906097217388423,0.9112099968511245,0.8935265748520858,0.9152455294254132,0.11682328179121293,0.8074296889242447,0.8936094399973483,0.7791146687880144,0.890278261157792,-2.220446049250313e-16,0.9357877989360116,0.9286696829579543,0.10829645834369139,0.9193473541159118,0.900578398713933,0.8429705497273737,0.7726429009430054,0.8908748902036826,0.8262152173552761,0.9189910339912826,0.380914499743118,0.09261008634548118,0.8669268632227913,0.9044647740267489,0.8515139462039477,0.11591176519332447,0.8721639404033876,0.9367656076501103,0.998723876762956,0.8814199771292199,0.857737118613169,0.8473209698536602,0.7874674754304845,0.9136876646944763,0.935100018230332,0.3592535507714745,0.8239612854041334,0.8025903644409089,0.8937668837733473,0.20142030858980098,0.5304529408840054,0.9192810619997017,0.8272841777291636,0.8942557881303966,0.9341885016324434,0.853146389565621,0.6127131705861881,0.902840617179602,0.8981421634432126,0.8166277200483933,0.8414292580254893,0.8884137953893834,0.8361176022141568,0.9610285221829994,0.9225210891794694
155,0.18933857041051394,0.5690763850909031,0.833573642254595,0.85968444952684,0.7846749200351348,0.22401763370291194,0.1773479838910157,0.5342730240806113,0.41203036178922425,0.5354745686869189,0.11973184838993034,0.1822784600341404,0.9752647541391141,0.44245015661512455,0.2386764778998658,0.7769684615257131,0.8073965428661397,0.22156482540313882,0.7201229718755697,0.44085914582608265,0.9454250153300519,0.7205704436599878,0.9755216360894281,0.6848887121099123,0.8016125557268102,0.913041316561428,0.9946717711596149,0.9130578895904805,0.519191567642818,0.8602230729710469,0.951963075291271,0.8945126700807107,0.8600490561659955,0.3898390758879,0.9484661661611893,0.5717363562538325,0.6708182104443229,0.725964964616583,0.28155919057326106,0.3338885298065928,0.8626095891546098,0.47994663484645095,0.9073982001690449,0.5690680985763767,0.6916173619052354,0.9081605595054609,0.15399658595601506,0.5293094018793816,0.3975786804554269,0.07859759028157576,0.8769203997414607,0.5236745720015247,0.35342813105951376,0.7690051210659772,0.8753128159233664,0.4818111006148593,0.8897562107426376,0.3905931487097898,0.9055171613715839,0.8411060839589652,0.9529077379472647,0.8721556538888613,0.4735908782048095,0.8713104294071828,0.8612837468304082,0.24184192644889713,0.8295878287674638,0.3997248877177282,0.49921278112000533,0.8975869669699531,0.7507996486517841,0.7633868642171731,0.19112017103365986,0.33243838976449724,0.29272941215465953,0.8502626825104825,0.7989608710784071,0.6883110426092577,0.8813868310711149,0.9099007275559754,0.6700392780788544,0.526649430716452,0.9065364026583139,0.2924062380881355,0.8353718159067933,0.948615323422662,0.6926200301629128,0.8289000480617843,0.6361474336664512,0.7813768872536834,0.2068811216626063,0.2120270471834137,0.7046354762259899,0.45596546180745456,0.9193473541159118,0.9111685642784932,0.09880011269659761,0.4220736173950512,0.1486683571156301,0.09678648966671644,0.8463017285669302,0.8460199870730374,0.8679792505676263,0.8212847412121513,0.43605296740085187,0.11060010938199172,0.3440560831303138,0.17888927559290013,0.6323190639553191,0.2780125623560217,0.9260262848240773,0.17076849135716532,0.21152985631183818,0.31730721423954655,0.23125176088433674,0.07254843467740602,0.8227100217106681,0.7897628399542584,0.23116060922454795,0.9372130794345284,0.8869885148908667,0.9358126584795904,0.4916306203284775,0.41533668108520194,0.24234740383499886,0.2581580735511029,0.21649347851306788,0.552147035913754,0.3844445549313047,0.44830043587066415,0.27555146754172266,0.8746664677903181,0.9124446875155372,0.8741609904042162,0.7047846334874626,0.4534960804786291,0.4594457979084837,0.41741659623129324,0.9194965113773845,0.8052586221183646,0.21598800112696592,0.8734980692421154,0.5556770911019406,0.8627173138434512,0.08181275791776477,0.16948408160559514,0.18493014468254365,0.22042957291304122,0.2327433334990635,0.8919107045194651,0.9623377914781485,0.32319063955319116,0.6203036178922422,0.25254810321682486,0.9357877989360116,0.0,0.12679195876630378,0.9021114039012911,0.33587729329289506,0.3593281294022108,0.5464376274051609,0.9692404580785231,0.4435439765325908,0.588102222443196,0.13347088947446917,0.9472646215548816,0.9091466547340858,0.55195644607965,0.22503687498964187,0.4177729163559224,0.9244269875205092,0.24575316130529168,0.12323704403453828,0.9976880624471735,0.1849135716534911,0.37060607567245063,0.5129518222045444,0.6268499643679877,0.1902418004938763,0.05693664130993237,0.8845439931056199,0.5557019506455195,0.5905053116558113,0.23922338785859898,0.9219576061916837,0.8673660484926831,0.10984603656010206,0.5743466083296044,0.21317887270256386,0.11762707370026027,0.4812890501997049,0.9124198279719585,0.2289066772734053,0.32036493809973643,0.5898589635227631,0.5004723313279968,0.384958318831933,0.45749018048028645,0.24241369595120899,0.14513830192744326
156,0.22913041316561433,0.5815807355110294,0.8130479457730491,0.8399956910124464,0.7744907936823614,0.19751736024793254,0.08221879712955138,0.580834949203666,0.47115464293408915,0.5703276487843685,0.1535739737151759,0.2059613185501914,0.9685609638873697,0.5008120784235734,0.28042393808316346,0.75984852251446,0.7945524453504367,0.28918278393742036,0.7677289978289332,0.5095129186761465,0.9376522647044201,0.7076103349409172,0.9672848406503257,0.6768839390775452,0.7779794162979168,0.9039427236115944,0.9902882049752234,0.8997746068048857,0.5602015280332786,0.8458874028406171,0.9469000149157262,0.8694211040951955,0.847602711347553,0.45072009811233205,0.9403370954109282,0.6106415419546232,0.686504582442533,0.7213659490545087,0.3444289762839954,0.39245761447819816,0.8500638061618522,0.5219758365236415,0.8966754503720645,0.5853510996204776,0.6928354795405958,0.9044896335703277,0.17343674903462114,0.5703607948424734,0.45963638774258775,0.15297734466928514,0.8687416099040421,0.5735759624786623,0.4218250219592635,0.7653673411889491,0.8607865559588326,0.5181640398415619,0.8788511576260793,0.46435141450802964,0.8930459570095627,0.8346508891430087,0.9458559140854174,0.8544307993171912,0.5196556124562888,0.850759873382058,0.8496660534645918,0.2922239347685577,0.8085317953562373,0.45899832612406577,0.546379621803477,0.882058038747742,0.7350138384792588,0.7435406619267804,0.21824193307810869,0.37404497920084856,0.3517874011833143,0.8407829098924411,0.7824541341420972,0.6970118828618307,0.8641094482838629,0.8967003099156433,0.6745554284956662,0.5798405674605148,0.8977858433185834,0.3502626825104824,0.815567046189032,0.9418949601418652,0.6851207345166477,0.815343310296823,0.6592668091947166,0.7621273140091815,0.27473110260362277,0.28459205488987216,0.6983708712441373,0.49459719252887846,0.9126518503786938,0.8989293823232073,0.08903859858466323,0.4862443858864085,0.061055039029483615,0.07958368551020079,0.8291652165266246,0.8356701304297387,0.8532955468270936,0.8038167685907954,0.5084273852732064,0.08064435936956205,0.4062546611644211,0.1697492500704353,0.630852350884171,0.3477933011816571,0.9159167371020402,0.22551749283216505,0.26854107625250667,0.37526309683620873,0.11550572598153763,0.09994365170122144,0.8190473822900612,0.774225625217521,0.25867183745173095,0.9318765640796169,0.8788262980825006,0.9293657501781601,0.544051111221598,0.48723876762955964,0.3053746333217322,0.3102388173486468,0.2839539932713502,0.5839175326074346,0.4534049288188402,0.4913571653491109,0.34669119474966437,0.8598501798173653,0.9022108420756062,0.8543562206864549,0.7259815376456356,0.500571769502312,0.5157526641144202,0.46431826844992463,0.9096769916637664,0.781874078125259,0.26222675218349656,0.8544142262881387,0.5979217421568142,0.8454896501433566,0.07918593281294017,0.19494025423026562,0.0860305938116308,0.24418701005982868,0.1257892905086262,0.8807239099090141,0.9541092825535724,0.38948275576327085,0.6646281840932067,0.31167238436168976,0.9286696829579543,0.12679195876630378,0.0,0.8865410431064487,0.39603738875354244,0.4130578895904805,0.6139892938232321,0.9611279603573145,0.49078539584679903,0.6178673826215217,0.04891529524851279,0.9390609721738843,0.8837319146820465,0.607451233862013,0.28810553704900643,0.48028638194202755,0.9147980576409951,0.2854538524006033,0.17151427766452865,0.9953678383798207,0.15589419778252878,0.4286779694724805,0.5608810222244319,0.6522232718473956,0.2349144003049437,0.1298662556555461,0.8670511609406852,0.5988083992111239,0.5987586801239664,0.296698652612738,0.9122375246523808,0.8589386632194767,0.16752846417739764,0.6086030593811631,0.2422065330880525,0.06933326704121723,0.5258787848655099,0.8970814895838513,0.16573029052519928,0.38194202754437423,0.6102189297137838,0.5367838379820681,0.43951673047282847,0.5097449410828817,0.28128573559389447,0.09589154609788042
157,0.8941977825287128,0.8151692934917715,0.4343127993503373,0.4169691244468753,0.5811415502411377,0.8629741957937653,0.8475861383185005,0.8118298281376888,0.8134788445284145,0.7736207096571042,0.8581100117668508,0.8745504565869504,0.7837799764662988,0.8089212615389715,0.844221813420839,0.6762790235171282,0.5801554550125128,0.9031886507897049,0.6690366098211771,0.8515139462039477,0.35162167089278906,0.7119027494655198,0.8504366993155339,0.7387427700160758,0.6475248181110063,0.17123253617063594,0.9880922786257645,0.07256500770645835,0.8206383930791031,0.5193987305059746,0.7594176237590945,0.33761746134340975,0.40960241303303,0.8321235022124994,0.3695536883276156,0.7881718291652167,0.7444438920101427,0.7195677754023103,0.8336150748272262,0.8217322129965694,0.4865592734384063,0.8015214040670214,0.06981388488374018,0.8032118530303785,0.7405160841246955,0.12653507681598963,0.8824806509885812,0.7830010441008304,0.8260080544921196,0.8954739057657568,0.2781948656755996,0.7888347503273173,0.8489285536717546,0.6024876116607834,0.42140240971842413,0.7956545517824293,0.1665672284923515,0.8067501947330914,0.16425529093952496,0.5024776678433518,0.8445532740018894,0.43720479292000203,0.8263726611312749,0.4486567559952932,0.3159067932846086,0.8393161968212931,0.6294850759873383,0.807885447223189,0.7882878403685842,0.059157427202970014,0.6783672251777457,0.6242728583503208,0.8594275675765259,0.8458542567825122,0.8803924493279637,0.5376373489782729,0.6405227133363165,0.7193108934519963,0.4344702431263363,0.24484993122192944,0.7253849085997448,0.7789655115265417,0.4138865410431064,0.8253119872719137,0.5125209234491788,0.3216742073948855,0.6965229785047813,0.5339912825867184,0.685452195097698,0.5336681085201943,0.851936558444787,0.8460448466166162,0.7042211504996768,0.7862410712805981,0.3033775833209035,0.11219940668555983,0.8935680074247171,0.8080263179701355,0.8941812094996603,0.9154195462304646,0.47373174895175596,0.5940270803294718,0.5194235900495534,0.5963638774258773,0.8013556737764962,0.8664793914383732,0.8101559522033842,0.8923664628184094,0.756467624587746,0.8563781302308623,0.1166906975587928,0.855251164255291,0.8393327698503457,0.8513647889424751,0.8681035482855202,0.87523823729263,0.5468685261605264,0.6604434942574454,0.8475861383185005,0.12880558179618484,0.1704204577470625,0.12575614445052108,0.8264140937039063,0.8182850229536454,0.8754454001557865,0.8271267339531646,0.8435257462006331,0.7677289978289332,0.8248562289729694,0.8471303800195562,0.8803261572117536,0.4749415800725898,0.10625797577023155,0.37612489434693974,0.7036825270554699,0.8034190158935349,0.8015959826977577,0.8792737698669186,0.46894214355557773,0.6366943436251844,0.876895540197882,0.5009032300833625,0.7893650872569979,0.5005386234442069,0.8941977825287128,0.8547539733837154,0.8696945590745622,0.84406436964484,0.8708795306518173,0.20719600921460413,0.8029466845655381,0.8329355806360729,0.7602959942988781,0.8438157742090522,0.10829645834369139,0.9021114039012911,0.8865410431064487,0.0,0.8732991928934852,0.8503041150831138,0.7985879779247254,0.753219310893452,0.8356286978571074,0.7561610235502743,0.8745007374997928,0.29154444057740436,0.19082185651071437,0.8129236480551552,0.8601484943403106,0.7994083428628251,0.11370755232933916,0.8146803891347222,0.8876762955965463,0.9949783721970865,0.8262317903843286,0.8011070783407084,0.8053746333217322,0.7608926233447687,0.8670594474552114,0.898092444356055,0.4139114005866853,0.7845174762591359,0.7836308192048261,0.8427799598932697,0.12008816851455939,0.47881966887087957,0.8778816354265069,0.7869785710734352,0.8443046785661016,0.891653822569151,0.8082583403768707,0.5858814365501583,0.8581597308540082,0.8479424584431297,0.7559041415999603,0.7777059613185502,0.8201577752365801,0.7725683223122691,0.924103813453985,0.8845937121927775
158,0.19955584282139238,0.271706524801538,0.7467392565339167,0.7802830673362171,0.649049536783838,0.5130429738643332,0.4113757271416496,0.21489418120949955,0.11918493843119704,0.2527469795654551,0.2731815243872122,0.23078771607086623,0.982532027378644,0.12547440295662848,0.1474750990238486,0.5682808796963822,0.6523807156233945,0.15502411375727143,0.5709657104028902,0.11863802847246396,0.9451847064087904,0.4871061833971395,0.9827143306982218,0.37420242297684747,0.613251794030395,0.8860355657203468,0.9983344105802218,0.8825883756774227,0.23547788329272934,0.7654253467906329,0.9551699564129336,0.8517791146687881,0.7991348878834585,0.12743002038482576,0.9474634979035119,0.26828419430219264,0.403097499129916,0.48533286928851993,0.15218183927476425,0.16660037455045662,0.7692951490743964,0.15302706375644282,0.8926979233994599,0.3048525829065778,0.40372727423391175,0.9024014319097102,0.24063209532806318,0.22280780258207789,0.10195727473110261,0.278020848870548,0.8431114204743201,0.26102520757718883,0.09095278344022917,0.6271317058618804,0.7687896716882945,0.1635923697774243,0.8380815061568803,0.1127960357314507,0.8859609870896104,0.7449162233381397,0.9593546462486949,0.7771921974179222,0.1462238353303833,0.8000298314522946,0.8095676096720198,0.18101890982614888,0.6943519116989012,0.14846119425247362,0.16730472828518872,0.8798206798256518,0.5591325676593911,0.623038167685908,0.24325063391836133,0.04962793549777078,0.04484661661611877,0.7013705895026434,0.5935050299143174,0.4100001657302905,0.8225608644491954,0.8751305126037886,0.39610368086975256,0.2030196058933691,0.8788428711115531,0.13288254694310486,0.7360413662805151,0.9520956595236912,0.49391769833772514,0.6883359021528366,0.35682560201528035,0.6967964334841479,0.20441174033378084,0.18955401978819675,0.4326969290177166,0.1301977162365966,0.9092378063938747,0.8860189926912942,0.4190904721655977,0.1476905484015314,0.36043852234872975,0.36164006695503736,0.7253849085997448,0.7467392565339167,0.8226685891380368,0.6170801637415271,0.15383914218001626,0.4010258704983509,0.10717777888264646,0.2763055403636123,0.32478165034223305,0.10291851041614875,0.9200351348215914,0.22206201627471456,0.1816403984156184,0.03834998922753119,0.47317655247849644,0.38979764331526856,0.6856842175044333,0.6096223006678931,0.2054475546495632,0.9253053580602927,0.852798355955518,0.921394123203898,0.1626145610633255,0.13681035482855197,0.10430235834203416,0.16012860670544748,0.19112845754818608,0.24362352707204293,0.12372594839158757,0.16023633139428894,0.0863371948491024,0.835330383334162,0.8994597192528879,0.7998143820746118,0.4383234723810471,0.1507897048343525,0.13211190109216253,0.16935978388770112,0.913778816354265,0.635534231591508,0.13891512951822205,0.7851803974212367,0.26480385820116337,0.7769850345547656,0.4076302225757801,0.29711297833905104,0.39938514062215147,0.27459851837120264,0.4783390510283565,0.8613831850047234,0.968030626957689,0.08954407597076519,0.3535275692338289,0.1412022075274697,0.9193473541159118,0.33587729329289506,0.39603738875354244,0.8732991928934852,0.0,0.0777523657998972,0.22263378577702642,0.9760685460481613,0.11450305772386016,0.30982449162233383,0.3960622482971212,0.9432042294370142,0.8746664677903181,0.27373672086047174,0.13082749134059235,0.11753592204047147,0.9176486186380285,0.2375412254097682,0.24614262748802596,0.999138202489269,0.33752630968362096,0.15257959197202475,0.22840119988730345,0.35372644558245914,0.18386947082318228,0.28909163227763135,0.8121861482623178,0.24427816171961758,0.32082898291320705,0.15668970317704956,0.9173751636586619,0.7955634001226405,0.29445300717612155,0.24322577437478232,0.18952087373009174,0.3389267306385588,0.1590845058751389,0.9023434263080263,0.4908351149339565,0.11921808448930227,0.280473657170321,0.19082185651071448,0.1057193523260247,0.14870978968826132,0.20269643182684494,0.45004889043570495
159,0.2190125789290509,0.23978687084638461,0.7240176337029118,0.7722617212747974,0.623386201296011,0.5258704983509837,0.4139776927028953,0.21026201958932034,0.09631415833871959,0.227464823745836,0.2698669185767083,0.2313263395150732,0.9587082981156466,0.09988564609953765,0.13734897827275894,0.5404879099753062,0.64662987454217,0.1828336565073998,0.5486086942110411,0.1045592402923482,0.9155521304628846,0.47847992177530296,0.9526757155405294,0.36518669517227664,0.5869918294966772,0.8690482109415139,0.9854157344337825,0.8550688609357133,0.21391637249540096,0.7547771756243888,0.9290508626261622,0.8291072109249408,0.7798521685808516,0.08172989277250198,0.9167122424965611,0.2445018976118265,0.40308921261538977,0.47560450123469067,0.11171878884303688,0.12005502245645439,0.7646795604832696,0.12391653822569149,0.869595120900247,0.30124794908765473,0.3894661827342183,0.8743930128109515,0.2549511924294403,0.1941613218647973,0.0992890170536469,0.2853295546827095,0.8182187308374352,0.2360745123386201,0.09958733157659228,0.6131109232834485,0.748280548235801,0.1592999552528216,0.8218813702580421,0.096106995475563,0.8595435787798937,0.730456255489816,0.9301944016307861,0.7527884121380866,0.1346144284790931,0.7799930393277978,0.778940651982963,0.1572531861648354,0.6621339432208024,0.09785545004060403,0.13837650607401508,0.8488954076136496,0.5404713369462536,0.5946900014915726,0.24135302209184772,0.06839689089974965,0.0909859294983344,0.7201146853610435,0.5736422545948724,0.38565438605213875,0.7830507631879879,0.8553257428860273,0.364399476292282,0.1861068297452726,0.8686504582442534,0.11698072556721195,0.7086627222857521,0.9187838711281261,0.43883723628167526,0.6638906843003696,0.3225525779346692,0.6773645569200684,0.19123618223702754,0.18862593016125562,0.4061635095046322,0.12844097515702946,0.8827126733953166,0.8688410480783573,0.4423424319262832,0.10150151643215832,0.37904174746018326,0.37851969704502886,0.7060690432390329,0.7243242347403835,0.7973698602893651,0.5791445002403088,0.12130628614991967,0.4054591557699,0.07844014650557685,0.28933194119889294,0.3053166277200483,0.07341023218813725,0.889391604103482,0.20622648701503177,0.18086146605014997,0.08410812244153842,0.4592303485308009,0.39895424186678596,0.6690283233066507,0.5780755398664215,0.19198196854439098,0.902492583569499,0.819776595568372,0.8961865460150152,0.15316793450338917,0.12143058386781347,0.11765193324383905,0.14359701022555893,0.18563449841727575,0.23569333267041226,0.10315053282288411,0.15545501251263694,0.11810769154278322,0.8145975239894596,0.8695205422695106,0.7737864399476293,0.4065281161437876,0.11956611809940498,0.1137489849019706,0.17574040007292124,0.8805664661330153,0.5981371915344968,0.1608992525563897,0.7576691691940536,0.24702099802780964,0.7474933293558064,0.4193059215432805,0.2916190192081407,0.39434693979018554,0.24699613848423074,0.5012346906644127,0.8369793997248878,0.9366164503886376,0.0650408525166144,0.33341619847859594,0.14971245794593868,0.900578398713933,0.3593281294022108,0.4130578895904805,0.8503041150831138,0.0777523657998972,0.0,0.21385836689371718,0.9450272626327914,0.1034239878022506,0.2790649497008568,0.40223570161918487,0.9144251644873134,0.8446941447488359,0.26912113226934486,0.1414756625068363,0.09488887784020283,0.8863255937287658,0.2155488158570742,0.2614975389051857,0.9917549180463714,0.33329190076070203,0.09678648966671644,0.22028041565156864,0.32744162150516254,0.1915593563035516,0.31353685013009824,0.7951159283382224,0.2301910870249756,0.30774457647624265,0.1463398465337511,0.88773430119823,0.764662987454217,0.2976764613268368,0.21322859178972142,0.1802234044316281,0.3540247601054045,0.1448151278609191,0.8670843069987901,0.5112116541540297,0.071620345050465,0.24690498682444195,0.17836722517774573,0.07944281476325443,0.12497721208505275,0.21406552975687365,0.4647077346326589
160,0.4087986211239828,0.10680488572896474,0.6183977195512024,0.666517509405194,0.48663385206914267,0.7051740996701967,0.623899965196639,0.05846135998276403,0.17742256252175204,0.1171796019158422,0.47847992177530296,0.4265980543263892,0.979184275510035,0.12065165150234503,0.33930791030676677,0.3949187092924974,0.494613765557931,0.3600490561659955,0.39249076053630316,0.11605263594027082,0.9258688410480784,0.30968362087538737,0.9751901755083777,0.18340542600971188,0.44918709292497394,0.8097747725351763,0.9975140456421221,0.8547042542965578,0.09488887784020283,0.601426937801422,0.9496511377384445,0.7250783075622732,0.7026964318268452,0.21112381710005135,0.931818558477933,0.07219211455277685,0.2518851820547241,0.3066590430733025,0.3027478082169077,0.3032284260594309,0.6341089510929914,0.10769154278327453,0.841263527734964,0.18391918991033984,0.22550091980311238,0.8695702613566683,0.46732627322295694,0.09380334443726279,0.17792803990785389,0.46742571139727207,0.7657568073716834,0.10533817265781664,0.18822817746399512,0.4612771176187873,0.6573609108536766,0.08565770065794942,0.8017782860173354,0.16158703326206925,0.8154344619566118,0.5959909842721955,0.9518553506024297,0.6713402608594773,0.08785362700740817,0.6805962975853097,0.7277797112978339,0.36127546031588187,0.5141036477236947,0.20037620775949216,0.09930559008269946,0.8391670395598204,0.3887866885430651,0.4380500174016805,0.4335255804703425,0.23528729345862542,0.26603026235105,0.5583122027212915,0.41224581116690695,0.2231475496776546,0.7045526110807272,0.8073136777208771,0.20180148825800903,0.07136346310015085,0.8036841843583752,0.2978007590447306,0.5810835446394538,0.9321831651170885,0.32493080760370563,0.5293922670246443,0.16558941977825292,0.5179320174348265,0.3802432920664909,0.38057475264754137,0.2570311075755316,0.1754503720645023,0.8753211024378926,0.8530635244203583,0.6399426573194783,0.17199489550705171,0.586668655430153,0.5775949220238984,0.6176436467293127,0.557085798571405,0.7385936127546031,0.42943204229437004,0.17349475463630482,0.6210162581415005,0.21293856378130227,0.48016208422413365,0.14449195379439495,0.2884701436881617,0.8826132352210014,0.4325063391836126,0.36743234060889307,0.24277830259036437,0.6588193374102985,0.6074346608329605,0.5293591209665391,0.4312550754901473,0.39854820265499924,0.9000232022406736,0.7762723943055073,0.8999486236099372,0.07316992326687544,0.20127943784285451,0.30339415634995615,0.3516050978637365,0.3898887949750576,0.07230812575614443,0.21094980029499988,0.13024743532375416,0.27791312418170666,0.7492003513482159,0.8302756094731434,0.7282106100531994,0.2642652347569565,0.17947761812426466,0.10971345232768204,0.2659722567493661,0.8940320522381876,0.4549710800643034,0.34990636238585326,0.6202621853196109,0.10467525149571588,0.59148312036991,0.6325759459056333,0.504623875105653,0.6154560068943802,0.45470591159946305,0.683538010242132,0.786050481446494,0.9628598418933029,0.2571802648370042,0.15843815774209047,0.31666915262102446,0.8429705497273737,0.5464376274051609,0.6139892938232321,0.7985879779247254,0.22263378577702642,0.21385836689371718,0.0,0.9704005701121995,0.12260726893054252,0.12545782992757604,0.6079401382190623,0.9287608346177431,0.794975057591276,0.11047581166409781,0.32613235221001347,0.14807172806973934,0.8659822005667976,0.43877094416546514,0.4643679875370821,0.9987155902484298,0.5557848157907821,0.263071976665175,0.1156465967284841,0.16792621687465825,0.3891595816967468,0.4940585690846716,0.7122259235320441,0.07301247949087664,0.1777125905301712,0.34742869454250147,0.8871045260942343,0.5972588209947132,0.5048890435704936,0.057152090687615176,0.38442798190225225,0.5570775120568787,0.09487230481115039,0.86892391322362,0.701486600706011,0.25094880591325675,0.08343691476491155,0.18063773015794105,0.22105934801703708,0.14399476292281943,0.3921261538971478,0.6683488291154974
161,0.9886806211571288,0.9458393410563649,0.8855632343923499,0.8831104260925771,0.8630073418518703,0.9160824673925654,0.9149969339896253,0.9719998674157676,0.928752548103217,0.9313876597225675,0.9443892010142694,0.9505875138799119,0.3982913207046853,0.951134423838645,0.9393841462404084,0.9133562041134258,0.9106713734069176,0.9910919968842706,0.9125606987189049,0.9594623709375363,0.5660352342597657,0.9533469232171564,0.5450869255373805,0.9465934138782546,0.8891430086676942,0.8012810951457598,0.9357960854505378,0.7263212847412122,0.9583768375345962,0.9086826099206152,0.16984868824475052,0.8312202721291371,0.8738378163376921,0.9409088649132402,0.5802880392449329,0.9473060541275129,0.9692487445930493,0.9643431279935034,0.9315782495566715,0.9359535292265369,0.8868973632310778,0.922222774656524,0.7482308291486435,0.9696713568338886,0.9607384941745803,0.6723097830590496,0.9573410232188138,0.9318434180215118,0.9526757155405294,0.9742869454250154,0.8137937320804124,0.9413646232121845,0.9717512719799798,0.9097764298380816,0.8620295331377716,0.9602247302739522,0.7951242148527486,0.95008203649381,0.8236795439102405,0.8924824740217769,0.6693100648005437,0.8693713850080379,0.9610616682411045,0.873962114055586,0.8451664760768326,0.9333184176071861,0.8751553721473674,0.908168846019987,0.9337161703044466,0.6821293027726678,0.93867150599115,0.8774838827292465,0.9446709425081623,0.9573410232188138,0.9775518321483618,0.9119972157311192,0.9324649066109814,0.9171431412519266,0.8294718175640963,0.7667180430567295,0.9377599893932614,0.9301861151162598,0.8768706806543032,0.9348845688526493,0.8608279885314639,0.5463961948325295,0.9534877939641029,0.8930459570095627,0.8866984868824476,0.8722550920631764,0.9469663070319363,0.9393924327549347,0.9194633653192794,0.9244435605495617,0.60289365087257,0.6092742670577901,0.9611031008137358,0.9300038117966821,0.9468088632559373,0.9624869487396212,0.8504201262864814,0.9223885049470492,0.9160078887618291,0.8645403470392284,0.9229271283912561,0.9223056398017866,0.9564377931354514,0.9702348398216742,0.9202920167719054,0.9529574570344223,0.7077843517459688,0.9305921543280467,0.9524519796483204,0.9644922852549761,0.9159250236165664,0.9513830192744328,0.9064203914549462,0.9014816287972953,0.933218979432871,0.7383615903478677,0.8409320671539138,0.7444024594375114,0.9612936906478398,0.9371467873183182,0.9673262732229571,0.9144500240308922,0.9114503057723861,0.953554086080313,0.9520873730091649,0.9601998707303734,0.9732594176237591,0.863222791229553,0.7075191832811283,0.877691045592403,0.884353403271516,0.8912892159299957,0.9435854091052222,0.975389051857008,0.3478098742107095,0.9048293806659043,0.9616997298596265,0.8548036924708728,0.9538524006032583,0.8522182999386798,0.952725434627687,0.909088649132402,0.9070915991315733,0.9003795223653027,0.9129004458144816,0.8088549694227615,0.40011435390046235,0.9281227729992211,0.961940038780888,0.9583105454183862,0.7726429009430054,0.9692404580785231,0.9611279603573145,0.753219310893452,0.9760685460481613,0.9450272626327914,0.9704005701121995,0.0,0.9545567543379904,0.8825800891628963,0.9346276869023352,0.5988829778418601,0.8235386731632941,0.9666467790318037,0.9584099835927014,0.953081754752316,0.6564162481976832,0.8873614080445483,0.9605561908550027,0.9661744477038069,0.8788014385389218,0.9094035366843998,0.9642188302756095,0.9472066159531978,0.9615837186562588,0.9759856809028987,0.871376721523393,0.9492119524685527,0.9613848423076286,0.9403785279835596,0.6729727042211505,0.8597673146721028,0.9220819039095776,0.9392598485225145,0.9502063342117039,0.956106332554401,0.9525099852500042,0.20080710651485778,0.8935100018230332,0.9505295082782281,0.921137241253584,0.8623527072042958,0.9031886507897049,0.9108951092991266,0.9815790782081241,0.936757321135584
162,0.31197069888463513,0.16263113409237806,0.67671820878702,0.7099802780954275,0.5724158504449859,0.5884336830242465,0.5025108139014568,0.11508311374069824,0.09220404713369479,0.15489981603937752,0.36399343708049525,0.3195942922487942,0.965793268035599,0.06418734152040961,0.23387858598916123,0.4632410215615108,0.5729710469182453,0.2645635492799019,0.4561974842141898,0.04695139130578918,0.922670246440942,0.39576393377417585,0.9617245894032053,0.26863222791229546,0.5272709193059215,0.8564112762889674,0.986832728417773,0.8614080445483021,0.13755614113591552,0.6876398349326306,0.936119259517062,0.8051343244004707,0.7439549876530933,0.12175375793433774,0.9281310595137474,0.15141947993834837,0.3333996254495435,0.40036294933625016,0.2119027494655199,0.18660402061684822,0.7015860388803262,0.04448200997696361,0.869818856792456,0.21891314075473578,0.3115315136147433,0.8690316379124613,0.33949021362634446,0.12188634216675787,0.08762160460067281,0.38384792588541405,0.7940718275079137,0.1593662473690316,0.10646513863338802,0.5525033560383832,0.696257810039941,0.06268748239115685,0.8188070733687995,0.09434196788146976,0.8585160509786374,0.6687217222691793,0.9396824607633538,0.7219460050713469,0.041142544622880806,0.7349309733339964,0.7628482407729661,0.2537247882795539,0.5749763834336001,0.13148212598816678,0.05619914151709504,0.8500306601037472,0.4660584365004392,0.5283978852814929,0.3309468171497705,0.12004673594192816,0.1597971461243971,0.6705779015230614,0.49351165912593853,0.31516100697724525,0.7552246474088069,0.8328692885198627,0.2982730903727273,0.09826977576691676,0.8552180181971859,0.2096653905434296,0.6711413845108471,0.9274018462354365,0.3642005999436517,0.6100697724523111,0.25460315881933737,0.6030759541921478,0.2964334841478977,0.29224050779761024,0.32916521652662456,0.07232469878519698,0.8826463812791064,0.8607948424733589,0.5180231690946155,0.1085450537794792,0.4545401813089378,0.4622797858764647,0.6722849235154709,0.6597308540081871,0.7664528745918893,0.508990868260992,0.1065811498367557,0.4874127844346111,0.13747327599065273,0.3715838843865493,0.21206847975604504,0.17194517641989426,0.8944049453918693,0.3103299690084358,0.2664694476209417,0.13067833407911966,0.5530751255406952,0.4861863802847246,0.6217537579343376,0.5018230331957771,0.2852798355955517,0.9089477783854556,0.8105868509587498,0.8900048061784253,0.060483269527171646,0.1269908351149338,0.20658280713966093,0.23136777208770443,0.28094598849831787,0.1391471519249574,0.10922454797063252,0.0654966108155588,0.18727522829347532,0.7773745007374998,0.8627918924741875,0.7577603208538425,0.3399293988962362,0.09788859609870904,0.04297386433318395,0.20044249987570228,0.8900545252655828,0.5111785080959247,0.23280962561527363,0.7156896866040208,0.16917748056812343,0.6802399774606804,0.5037372180513433,0.3935348613666121,0.4890369412817581,0.3498317837551169,0.5491638906843004,0.8208206963986808,0.9473309136710917,0.14976217703309636,0.25830723081257567,0.23470723744178723,0.8908748902036826,0.4435439765325908,0.49078539584679903,0.8356286978571074,0.11450305772386016,0.1034239878022506,0.12260726893054252,0.9545567543379904,0.0,0.19365584447869533,0.4813719153449676,0.9248910323339797,0.8426556621753758,0.18756525630189436,0.22935414905782325,0.08056149422429937,0.8892507333565356,0.3059878353966755,0.3455062231724092,0.9919372213659491,0.4278327449908019,0.15184209217918754,0.14691161603606284,0.25224150217935337,0.27763138268781384,0.39491042277797117,0.7452228243756112,0.14014153366810844,0.23053912063507842,0.24653209367076023,0.8933857041051393,0.6762624504880757,0.3911234856394703,0.12994083428628256,0.2625499262500208,0.4385803543313611,0.05821276454697644,0.8764232088698852,0.5626957689056828,0.15912593844777,0.1780523376257478,0.14440080213460615,0.10972173884220815,0.0932564344785296,0.30082533684681545,0.528273587563599
163,0.47967317986708435,0.11738676477899879,0.5893451996221348,0.6580569780738825,0.42666434644259943,0.6355176585624556,0.577039725550639,0.14100333117883945,0.2501118679461046,0.09692736041366279,0.5069440991730059,0.47477584978206466,0.9285619582691129,0.2093339299623792,0.3641343078274416,0.35118248562289733,0.4791345564228774,0.44505212217637025,0.3594441406055784,0.22151510631598126,0.8512487777391073,0.30465370655794766,0.91782263544308,0.16968295795422528,0.3965511526541706,0.7734052602794212,0.963340459735826,0.7958202820729545,0.1347635857405658,0.6124811481794528,0.8901705364689505,0.6777540231028025,0.6878884303684185,0.29329289514244516,0.8416612804322245,0.09628101228061459,0.2671075092394637,0.30746283498234983,0.36865045824425335,0.30174513995923036,0.6345315633338304,0.14972074446046502,0.8007424717015529,0.1922637100382838,0.21106581149836767,0.8057889590480452,0.48487711098957553,0.08874028406171797,0.27432506339183615,0.5503405757470293,0.7266444588077363,0.10566963323886702,0.2928785694161322,0.401473342282769,0.6325842324201595,0.1586618936342995,0.7589535789456239,0.2157062596330731,0.7754437428528813,0.5913008170503322,0.8920018561792539,0.6547423722633786,0.16669981272477186,0.6658794477866721,0.6948573890850032,0.39757039394090055,0.44340310578564446,0.2603705729296144,0.1467127396874326,0.7580503488622616,0.37527138335073507,0.41667909643845613,0.46891728401199884,0.3126750526193671,0.349740632095328,0.5484015313478844,0.3937917433169261,0.18331427434992298,0.6306120419629095,0.7331327996817979,0.17888927559290013,0.14176569051525545,0.7774987984553937,0.36944596363877424,0.5737582657982401,0.8474535540860804,0.3195528596761631,0.4638127910638228,0.11820712971709846,0.5078473292563682,0.45513681035482856,0.4522779628432688,0.2226835048641841,0.18500472331327988,0.8146555295911434,0.8047034256451052,0.6539717264124364,0.24132816254826905,0.574015147748554,0.5855665489981604,0.582144218498815,0.5431561676527619,0.7091516266428015,0.3777407646795605,0.23817928702829017,0.5898755365518156,0.29910174182535343,0.5237408641177348,0.08318831932912385,0.32401100449129083,0.8233563698437164,0.43855549478778244,0.43727108503621204,0.3219808084323572,0.6086859245264258,0.6141633106282836,0.5058585657700658,0.38249722401763375,0.4248578862758746,0.8220139544904623,0.7397205787301745,0.8179369893435423,0.172417507747891,0.24363181358656916,0.4002552246474088,0.3768126750526193,0.4072987619947297,0.09344702431263363,0.3018197185899666,0.14761596977079505,0.38249722401763375,0.7199903876431495,0.779230679991382,0.694409917300585,0.19396244551616704,0.21917002270504982,0.15129518222045435,0.2732478165034222,0.8165282818740782,0.4112431429092295,0.4275095709242779,0.5914914068844364,0.12211007805896679,0.5521304628847015,0.6367109166542368,0.4926167155571024,0.5648254031389317,0.4714446709425082,0.6283663965262931,0.7423971229221564,0.8982001690448964,0.31902252274648235,0.14988647475099037,0.40470508294801044,0.8262152173552761,0.588102222443196,0.6178673826215217,0.7561610235502743,0.30982449162233383,0.2790649497008568,0.12545782992757604,0.8825800891628963,0.19365584447869533,0.0,0.584505875138799,0.8335487827110161,0.7374169276918743,0.1459172342929118,0.4029732014120221,0.23524586088599408,0.7883126999121629,0.3756857090770479,0.48732991928934843,0.9715523956313497,0.491199721573112,0.3038416281343742,0.1292199075224979,0.16238253865659025,0.43838147798273086,0.5564560234674092,0.6969953098327781,0.10711977328096256,0.1833474204080281,0.40449792008485386,0.8233812293872952,0.5951871923631483,0.5161918493843118,0.1201213145726645,0.40841744145577497,0.5582293375760288,0.14991962080909516,0.7942044117403337,0.6185551633272013,0.3376257478579361,0.07308705812161276,0.13965262931105926,0.27536916422214497,0.1673627338868724,0.49220238983078946,0.6352939226702464
164,0.23839473640597297,0.5545584116408957,0.8048940154792092,0.8378909163227763,0.7523823729262998,0.16650922289066772,0.05981206185054444,0.5615439433865328,0.4490545086925538,0.5434379091466548,0.15971428097913454,0.22330499345365362,0.9570261356668159,0.49441488920930077,0.2888596098708961,0.7210924940751421,0.7951407878818012,0.2992508990868261,0.7302159465685543,0.4840401730224233,0.9220404713369463,0.7085632841114371,0.951515603506853,0.6729229851339931,0.7631797013540165,0.8899385140622152,0.9778004275841496,0.8903445532740019,0.5420292016771906,0.8421584713038002,0.9277498798455394,0.862551583552926,0.8433268698520029,0.4323820414657187,0.9177066242397123,0.5873978687084639,0.6793781799499494,0.7158222708364408,0.328253699928736,0.3826712408226851,0.8397470955766586,0.5034803361010292,0.8888944132319064,0.5779926747211588,0.6885927841031505,0.8826380947645802,0.16960009280896282,0.5380516747045857,0.4512670080710651,0.16017003927807882,0.8595518652944198,0.5526193672417508,0.4315865360711977,0.737789820845556,0.8565521470359139,0.5372395962810124,0.8729677323124347,0.4613931288221549,0.880176999950281,0.8290906378958883,0.9302689802615224,0.8436334708894745,0.5182551915013507,0.8463680206831403,0.8382969555345631,0.28176635343641765,0.795198793483485,0.4298546545352093,0.5227216228310048,0.8579774275344305,0.7249042907572216,0.730746283498235,0.2225094880591325,0.36518669517227664,0.35225973251131104,0.8354381080230033,0.7721042774987985,0.6825104824408759,0.852160294336996,0.8661645038863754,0.6565654054591559,0.5520807437975439,0.8904605644773695,0.3442466729644177,0.8026980891297503,0.9201594325394853,0.6784169442649033,0.8020434544821757,0.6474916720529011,0.7475430484429639,0.2645718357944281,0.27162365965627533,0.6820712971709839,0.46965478380483594,0.8990951126137325,0.8914963787931521,0.09920615190838422,0.47473441720943343,0.06909295811995564,0.08559969505626563,0.8221133926647775,0.8260246275211721,0.8447604368650459,0.7847992177530287,0.4841976167984223,0.07364225459487217,0.4108205306683902,0.20901075589585505,0.6325676593911069,0.34310313395979386,0.8983493263063691,0.22236033079765982,0.2743913555080463,0.373837816337692,0.11336780523376255,0.10058999983426964,0.8122110078058967,0.7523243673246159,0.264662987454217,0.9030560665572847,0.8691227895722502,0.9009347188385622,0.5389631913024744,0.46717711596148426,0.31495384411408867,0.29194219327466475,0.25863869139362594,0.5756310180811747,0.4453172906412105,0.4774523939740467,0.3349657766950065,0.8513067833407912,0.8787848655098693,0.8451001839606225,0.6671307114801373,0.48117303899633734,0.5012595502079916,0.4612854041333134,0.8880409022357016,0.7665274532226255,0.2586884104807836,0.8303916206765111,0.586163178044051,0.8275576327085302,0.06496627388587795,0.18541904903959294,0.08935348613666116,0.23881734864681214,0.10314224630835778,0.8679543910240475,0.937486534413895,0.3656341669566947,0.6537728500638063,0.3253782793881238,0.9189910339912826,0.13347088947446917,0.04891529524851279,0.8745007374997928,0.3960622482971212,0.40223570161918487,0.6079401382190623,0.9346276869023352,0.4813719153449676,0.584505875138799,0.0,0.9138865410431065,0.8851903412386682,0.5987586801239664,0.2822469712789406,0.4609705165813156,0.8864084588740284,0.27291635592237196,0.17093422164769057,0.9826646116110642,0.15784981521072594,0.39876365203268194,0.5469265317622102,0.6527867548351812,0.2504101824690499,0.13416695669467504,0.865485009695222,0.5775452029367407,0.59868410149323,0.2940138219062297,0.896658877343012,0.83054906445251,0.1591507979913489,0.5764513830192743,0.250352176867366,0.08702497555478195,0.5184623543645073,0.88040073584249,0.1277200483932448,0.37239596281012277,0.5863620543926813,0.5088251379704668,0.4224962296358905,0.49841727572548433,0.3133628333250469,0.0759459056331726
165,0.9715192495732445,0.9124529740300635,0.6550572598153765,0.6787981239331113,0.7625499262500208,0.898092444356055,0.8874442731898109,0.9236149090969357,0.8939823331510302,0.8839225045161505,0.9145991812923648,0.9297220703027893,0.7264870150317374,0.9079451101277781,0.903511824856229,0.8330598783539668,0.7791395283315932,0.9723147549677655,0.8736555130181144,0.9230431395946237,0.11931752266361717,0.8745918891595816,0.8028223868476442,0.8666119756707934,0.8066176105006713,0.3995177248545716,0.9581613881569135,0.30893783456802404,0.9198694045310662,0.7406320953280632,0.685866520824011,0.5770148660070601,0.6407133031704205,0.9086080312898789,0.058767961020235626,0.9024097184242363,0.924932464906611,0.876895540197882,0.8923747493329356,0.9041333134456985,0.7097316826596397,0.8938000298314523,0.25268897396377143,0.9191567642818078,0.9002800841909876,0.1114784799217754,0.9364175740400074,0.8809310727721706,0.9146157543214174,0.9481181325510863,0.5279006944099174,0.9011750277598237,0.9423755779843883,0.7744907936823614,0.6771076749697542,0.8955236248529144,0.37754188833093016,0.8972057873017452,0.5370572929614346,0.7230978305904971,0.7945441588359106,0.6206019324151876,0.9215764265234757,0.6816984040173022,0.584655032400272,0.8964517144798555,0.7765872818575051,0.8630736339680805,0.8863587397868709,0.16735444737234628,0.8383549611362469,0.761282089527503,0.9173751636586619,0.9225790947811532,0.9517807719716933,0.7692785760453438,0.8271350204676909,0.8427053812625334,0.6607003762077595,0.4513167271582228,0.8561709673677058,0.8835910439351001,0.6374649894761266,0.8937917433169261,0.703972555063889,0.06881950314058882,0.8489202671572285,0.7312683339133893,0.795961152819901,0.7284923515470922,0.9100830308755532,0.9025837352292879,0.8379572084389864,0.872528547042543,0.15245529425413085,0.1511543114735081,0.9366081638741113,0.883781633769204,0.9290922951987934,0.9509438340045411,0.6815161006977245,0.7705712723114404,0.7778468320654968,0.7550257710601767,0.8793732080412338,0.8963522763055404,0.9128092941546927,0.9448449593132137,0.877086130031986,0.9225956678102057,0.2015777523657999,0.8979267140655298,0.909088649132402,0.9276338686421718,0.8940486252672402,0.9255539534960805,0.7741261870432059,0.7859593297867051,0.8979515736091086,0.22900611544772032,0.46993652529872876,0.2657650938862095,0.9294900478960539,0.9011335951871924,0.9366081638741113,0.8763652032682014,0.876862394139777,0.8993768541076252,0.9109779744443892,0.9306170138716254,0.95218681118348,0.6605097863736555,0.37860256219029154,0.5567791975339333,0.813495417557467,0.860861134589569,0.9042327516200136,0.9452758580685792,0.31714977046354764,0.8014219658927062,0.9361606920896933,0.7181507814183199,0.9048045211223256,0.6965975571355176,0.934975720512438,0.8915875304529409,0.8949269958070237,0.881071943519117,0.8982996072192115,0.4850511277946269,0.720098112331991,0.8930210974659839,0.896211405558594,0.9124861200881687,0.380914499743118,0.9472646215548816,0.9390609721738843,0.29154444057740436,0.9432042294370142,0.9144251644873134,0.9287608346177431,0.5988829778418601,0.9248910323339797,0.8335487827110161,0.9138865410431065,0.0,0.39914483170089,0.9337658893916042,0.9269958070236498,0.9061220769320009,0.2849400884999751,0.853817597242248,0.9406271234193474,0.9793582923150865,0.8598833258754703,0.8670097283680539,0.9131656142793219,0.8832927294121546,0.9333101310926599,0.9501649016390726,0.6318301595982697,0.8985316296259468,0.9116657551500688,0.902840617179602,0.18299110028339882,0.7118115978057309,0.9037935663501219,0.8884386549329621,0.9142677207113143,0.9365750178160063,0.9067518520359966,0.2845754818608197,0.880657617792804,0.9152372429108869,0.859841893302839,0.8343857206781684,0.8767629559654618,0.8611925951706194,0.9694227613981008,0.9150963721639405
166,0.8901042443527404,0.8111089013739042,0.24926664346442606,0.3216742073948855,0.49171348547374005,0.875113939574736,0.8579194219327467,0.8116309517890585,0.8262566499279074,0.7558544225128027,0.8685095874973069,0.8856792455957176,0.8622781285735595,0.7878320820696398,0.8355706922554236,0.6450388637531281,0.5356320124629178,0.9089477783854556,0.709582525398167,0.8498815028422745,0.4665059082848573,0.6863554251810603,0.911193423822072,0.7214488141997712,0.5664578465006049,0.02739521702381542,0.9888546379621804,0.14439251562007982,0.7907903677555147,0.4323820414657187,0.7687482391156633,0.1733290243457798,0.2729080694078456,0.8204892358176303,0.45623063027229493,0.7653010490727391,0.7563433268698521,0.631225244037853,0.8408160559505461,0.8290574918377832,0.33828866902003674,0.8166691526210246,0.20781749780407355,0.7851472513631317,0.7304894015479209,0.22107592104608953,0.8951507316992326,0.7876497787500623,0.8322809459884983,0.9028820497522333,0.10859477286663677,0.7683421999038765,0.853975041018247,0.5942010971345233,0.3380649331278278,0.8046454200434214,0.05092891827839363,0.7862162117370192,0.19893435423192296,0.4129915974742703,0.8795057922736539,0.294370142030859,0.7987868542733556,0.2900860140207825,0.17717396708596422,0.8465254644591392,0.5243623527072042,0.8119292663120039,0.768615654883243,0.19769966356751023,0.5994796068877509,0.5981869106216544,0.8688493345928836,0.8440395101012613,0.8886706773396974,0.45575001242977176,0.6119342382207197,0.7132368783042478,0.34536535242546273,0.06609323986144955,0.7138169343210858,0.7816337692039974,0.23913223619881008,0.8259003298032782,0.45161504168116806,0.451929929233166,0.6511294519299292,0.4514078788180116,0.6760055685377616,0.4124198279719584,0.8584911914350586,0.8551102935083446,0.6858996668821161,0.7927957042708695,0.3743101476656888,0.27784683206549654,0.898921095808681,0.8129982266858914,0.8979764331526874,0.9223470723744179,0.4669368070402228,0.5156035068529474,0.4994779495848456,0.5788544722318898,0.8063358690067783,0.8774590231856677,0.8251545434959148,0.8995342978836243,0.748786025621903,0.8647143638442799,0.26026284824077295,0.8598998989045228,0.8446775717197833,0.8514973731748952,0.8717993337642321,0.884991464890038,0.472621356005237,0.6238336730804289,0.8547374003546628,0.1621588027643811,0.053713187159217024,0.1482457448747907,0.8257594590563317,0.8238204146571869,0.8802018594938597,0.8393990619665557,0.8534115580304613,0.7623510499013905,0.8155007540728219,0.812219294320423,0.8918029798306237,0.26849964367987533,0.09813719153449663,0.2712093339299624,0.6855682063010657,0.7909312385024612,0.8058303916206765,0.8774838827292465,0.4989310396261124,0.5572266693183514,0.8814282636437462,0.40832628979598606,0.7641243640100102,0.4334675748686587,0.9008269941497208,0.8554417540893949,0.8765143605296741,0.8533204063706724,0.8817348646812178,0.04724970582873422,0.8432108586486352,0.8435008866570544,0.7122093505029915,0.8454150715126204,0.09261008634548118,0.9091466547340858,0.8837319146820465,0.19082185651071437,0.8746664677903181,0.8446941447488359,0.794975057591276,0.8235386731632941,0.8426556621753758,0.7374169276918743,0.8851903412386682,0.39914483170089,-2.220446049250313e-16,0.7969472480485259,0.8651452625996454,0.8065430318699349,0.18340542600971188,0.8307479408011403,0.8948855632343924,0.9925918560135236,0.8429954092709525,0.795579973151693,0.775949220238983,0.7271499361938383,0.8724291088682279,0.9054591557699001,0.2310197384776015,0.7580089162896303,0.7636520326820133,0.8475612787749217,0.27735792770844714,0.4069258688410481,0.8858449758862428,0.762143887038234,0.853055237905832,0.9003380897926714,0.8086478065596049,0.5504483004358707,0.8694128175806692,0.8429622632128474,0.7418999320505809,0.78898390758879,0.8237044034538192,0.7726594739720579,0.9298297949916307,0.8921012943535691
167,0.4543578779893601,0.053232569316693956,0.6062994083428629,0.6272311440361955,0.43466911947496645,0.6773645569200684,0.6184888712109913,0.0715043338470972,0.26798587977924715,0.08426556621753756,0.48680786887419414,0.4522116707270588,0.9810570277929698,0.2028373025737915,0.373232900777275,0.32472364474054916,0.4511427103531712,0.3994928653109928,0.31062828353138106,0.19674671439699032,0.932199738146141,0.226859908185419,0.9810901738510748,0.12705712723114404,0.38253037007573876,0.8242595999270788,0.9947960688775088,0.8588557980742141,0.06146936475579645,0.5462967566582144,0.9552113889855649,0.6960506471767844,0.6723429291171548,0.29522365302706377,0.9411491738345018,0.07115630023699437,0.18058801107078348,0.23149206980559844,0.37126071032002517,0.3209698536601534,0.5673113574968097,0.1686139975803378,0.8363744841644708,0.06422877409304095,0.12402426291453295,0.8693962445516167,0.4657104028903363,0.1230630272294867,0.2650938862095825,0.5003066010374717,0.7669583519779911,0.05674605147582823,0.26614627355441756,0.41598302921825014,0.5926432324035864,0.147168497986377,0.8007590447306054,0.23663799532640573,0.8310131092659806,0.5369495682725931,0.9539269792339946,0.6191932249457234,0.14998591292530528,0.626767099222725,0.7164603324549628,0.392200732527884,0.45353751305126033,0.2837219708646149,0.16732130131424128,0.8321152156979732,0.3137605860223073,0.395192164271864,0.45623063027229493,0.28993685675931,0.3104542667263295,0.5226387576857422,0.31920482606606004,0.14437594259102737,0.6256152737035747,0.8053497737781535,0.12727257660882685,0.13676063574139452,0.8227348812542469,0.37009231177182256,0.5259533634962462,0.9430633586900679,0.2326770413828536,0.4774523939740466,0.14428479093123836,0.47783357364225454,0.43555577652927624,0.4410248761166078,0.1728152604451516,0.2143306982217139,0.8640763022257578,0.8385538374848771,0.6481463067004757,0.25284641773977024,0.5801471684979864,0.5751338272095992,0.5793765226470442,0.5235834203417359,0.7284260594308821,0.33409569266974914,0.25642619201511463,0.6198727191368767,0.28986227812857357,0.4871641889988232,0.08645320605246998,0.32502195926349453,0.861946667992509,0.45697641657965826,0.41623162465403796,0.2961848887121099,0.6381030510946486,0.6140555859394422,0.4834932630636901,0.350536137489849,0.4163310628283532,0.8714264406105504,0.7794875619416961,0.8713352889507615,0.13227763138268778,0.29053348580520066,0.3699182949667712,0.40029665722004015,0.42550423440892293,0.069291834468586,0.28547042542965584,0.13170586188037592,0.3441969538772601,0.7241750774789109,0.8415286961998045,0.7039808415784152,0.1922719965528099,0.2601634100664578,0.18232817912129795,0.3398796798090786,0.8994100001657304,0.3769038267124082,0.40286547672318074,0.5698055983692139,0.04249324649066122,0.558461359982764,0.6226238419595951,0.5333449344536703,0.6069291834468586,0.5051044929481763,0.6693514973731749,0.7941961252258076,0.9620394769552031,0.3303087555312485,0.09280896269411165,0.37793135451366444,0.8669268632227913,0.55195644607965,0.607451233862013,0.8129236480551552,0.27373672086047174,0.26912113226934486,0.11047581166409781,0.9666467790318037,0.18756525630189436,0.1459172342929118,0.5987586801239664,0.9337658893916042,0.7969472480485259,0.0,0.3950181474668125,0.22714164967931194,0.8594855731782098,0.43699763005684555,0.461335123220471,0.9952518271764531,0.5556273720147832,0.3317588955733439,0.07627736621422321,0.115770894446378,0.40356983045791284,0.5050630603755448,0.6736521984123038,0.08308059464028239,0.07957539899567445,0.3918526989177812,0.8630570609390279,0.5701619184938431,0.5177082815426175,0.08772932928951438,0.4014236231956114,0.5555196473259417,0.151121165415403,0.8759923101145197,0.6768507930194402,0.3216742073948855,0.08539253219310905,0.2583403768706807,0.30006297751039956,0.22980990735676754,0.4485656043355044,0.6543280465370656
168,0.10474154361192589,0.36503753791080407,0.7422728252042625,0.7860421949319677,0.7050332289232504,0.41834468585823426,0.2973201412022075,0.3296044017965163,0.18799615505725975,0.3539667545037206,0.15513183844611278,0.11929266312003839,0.9725467773745008,0.21782760735179563,0.09026500273454985,0.6279354977709276,0.7135600523707718,0.08744758779562123,0.6470193407249043,0.2216228310048226,0.9248578862758747,0.5502908566598719,0.9713783788262981,0.4856394703259914,0.6717214405276852,0.8719319179966523,0.994928653109929,0.8639768640514427,0.32361325179403044,0.7874011833142744,0.9436517012214323,0.8458045376953546,0.7864813802018595,0.16823281791212985,0.9285785312981654,0.3741444173751637,0.5227547688891099,0.5778269444306336,0.08434014484827401,0.16193506687217218,0.7832164934785131,0.2618704320588673,0.8670180148825801,0.3972140738162714,0.4829960721921146,0.8855798074214025,0.1455194815956511,0.3271847395548484,0.174008518536933,0.15441919819685435,0.8338388107194352,0.36969455907456195,0.14098675814978712,0.6793450338918444,0.8050846053133132,0.26657717230978295,0.8385206914267721,0.17408309716766934,0.865766751189115,0.7679610202356685,0.9425827408475447,0.7911301148510914,0.253633636619765,0.79000314887552,0.8004110111205025,0.0975157029450272,0.7344006364043156,0.17487860256219023,0.2741924791594159,0.8620461061668242,0.6091748288834751,0.642992094665142,0.12312931934569682,0.11014435108304732,0.09041415999602243,0.777125905301712,0.6527204627189711,0.5092228906677273,0.8262980825005386,0.8636536899849185,0.4889789356800742,0.31041283415369825,0.8642254594872305,0.08733157659225377,0.7533270355822934,0.9286862559870068,0.5457167006413763,0.7480070932564344,0.457382455791445,0.6862062679195876,0.07488523177381123,0.0696067220205836,0.5146754172260064,0.2385936127546031,0.8884137953893834,0.873390344553274,0.31659457399028823,0.19262003016291285,0.26390062811780113,0.2548931868277564,0.7474436102686488,0.7692868625598701,0.8096919073899137,0.6755332372097649,0.21583884386549324,0.29414640613865006,0.1271399923764065,0.18245247683919186,0.42060690432390324,0.0733439400719268,0.8998077528629909,0.10550390294834189,0.08743101476656878,0.10123634796731795,0.3660319196539552,0.2827358756359899,0.7477999303932781,0.6441687797278709,0.11567145627206288,0.9155769900064635,0.8389930227547688,0.9094781153151362,0.27367871525878773,0.19866089925255637,0.03932779794162977,0.06755995293259764,0.08380152140406683,0.35492799018876675,0.15726975919388786,0.26782843600324824,0.07560615853759578,0.8248893750310744,0.8828286845986841,0.7857438804090224,0.5508046205605,0.23063027229486732,0.238494174580288,0.24258771275626045,0.8960125292099637,0.6810106233116227,0.04260925769402879,0.7928122772999222,0.3710535474568687,0.7988945789621968,0.2979582028207296,0.182676212731401,0.2826778700343061,0.16406470110542115,0.3863090206997133,0.8499477949584846,0.9516979068264307,0.10480783572813601,0.46659705994464606,0.0863289083345764,0.9044647740267489,0.22503687498964187,0.28810553704900643,0.8601484943403106,0.13082749134059235,0.1414756625068363,0.32613235221001347,0.9584099835927014,0.22935414905782325,0.4029732014120221,0.2822469712789406,0.9269958070236498,0.8651452625996454,0.3950181474668125,0.0,0.19335752995574995,0.8946121082550258,0.1280266494307164,0.144939425578813,0.9978869387958038,0.21719783224779987,0.1487677952899451,0.32376240905550313,0.45099355309169853,0.0930989907025308,0.17620444488639186,0.8027726677604866,0.3542070634249821,0.39806758481247617,0.08012230895440764,0.8986476408293144,0.8039576393377418,0.18180612870614354,0.3360430235834203,0.10724407099885647,0.23411060839589648,0.2696514691990255,0.8815194153035351,0.3883640763022258,0.10671373406917573,0.3800609887469133,0.2652761895291602,0.16489335255804705,0.23921510134407276,0.12312103283117048,0.34248993188485044
169,0.27833573642254583,0.20161918493843123,0.648320323505527,0.6721937718556821,0.5583867813520277,0.5900744129004458,0.4745189678317506,0.1557450405210561,0.05424352408889799,0.1800742471701553,0.3407911964069674,0.3075457001276123,0.9659672848406504,0.031397603539998986,0.2029864598352641,0.47335885579807424,0.5743797543877095,0.24245512852384032,0.4661164421021231,0.07645138301927445,0.9030063474701271,0.3985896352276306,0.9641193921012944,0.2994829214935615,0.5247518188899385,0.8176303883060707,0.9919786539385804,0.8314522945358724,0.16137158388438655,0.6681250932232885,0.9292580254893187,0.7511393957473608,0.6944762094167951,0.081083544639454,0.9094532557715574,0.19145163161471024,0.3465503240027179,0.4080279752730407,0.16631034654203758,0.15486666998127263,0.6670561328494009,0.10059828634879597,0.8345514509686935,0.2573045625548983,0.3303999071910373,0.8329438671505991,0.31570791693597844,0.13337145130015415,0.06677273405260276,0.34456984703094184,0.7552246474088069,0.19516399012247476,0.07138832264372963,0.5344967599728203,0.666741245297403,0.08972637929034277,0.7835396675450372,0.02906909295811999,0.8209698536601535,0.6372661131274964,0.932580917814349,0.6907058453073468,0.08666865543015301,0.6997050000828651,0.7253849085997448,0.22487943121364296,0.574876945259285,0.0730953446361392,0.08620461061668239,0.8188982250285886,0.4681052055884254,0.5162084224133645,0.31442350718440815,0.10513929630918639,0.14232088698851486,0.6373904108453903,0.4980775286299076,0.33856212399940344,0.7279785876464642,0.8086395200450787,0.3103631150665407,0.12361822370274611,0.81187126071032,0.15764265234756947,0.641301645701785,0.909851008468818,0.38439483584414724,0.5923863504532725,0.27466481048741276,0.5818376174613435,0.24277001607583815,0.24348265632509647,0.35274863686836044,0.09072076103349402,0.8549942823049769,0.8339465354082766,0.5082948010407862,0.05426009711795021,0.44573161636752345,0.4432042294370142,0.6360065629195049,0.6248280548235801,0.7339863106780027,0.5158355292596828,0.05736754006529776,0.4817448084986493,0.08059464028240437,0.35445565886077,0.24570344221813412,0.1353187822138252,0.8653275659192231,0.27401017583983833,0.23213841793864665,0.10861134589568944,0.534455327400189,0.4701685477054641,0.5852516614461625,0.504524436931338,0.26317141483949014,0.8833507350138385,0.7739107376655232,0.8563781302308623,0.09665390543429642,0.08858284028571894,0.17943618555163332,0.19900064634813308,0.25058419927410136,0.17011385670959078,0.08041233696282679,0.1341835297237276,0.1531430749598105,0.74626692520592,0.8289580536634681,0.7229818193871294,0.3619963870796665,0.08291486434975714,0.054260097117950434,0.1869023351397936,0.8703077611495054,0.5331792041631449,0.21748786025621913,0.6600208820166062,0.19000977808714103,0.6699066938464343,0.4862526724009347,0.36401829662407403,0.4682295033063193,0.3111006148593779,0.5558925404796236,0.7846583470060823,0.943867150599115,0.11683156830573926,0.2734798389101576,0.19097101377218717,0.8515139462039477,0.4177729163559224,0.48028638194202755,0.7994083428628251,0.11753592204047147,0.09488887784020283,0.14807172806973934,0.953081754752316,0.08056149422429937,0.23524586088599408,0.4609705165813156,0.9061220769320009,0.8065430318699349,0.22714164967931194,0.19335752995574995,0.0,0.8599744775352591,0.2741841926448897,0.32778965511526537,0.9964699448118133,0.39947629228194037,0.10708662722285767,0.15639138865410418,0.27343011982300003,0.25536551815575337,0.37495649579873724,0.7261969870233183,0.16568885795256805,0.23673743350072085,0.21220106398846528,0.8640597291967053,0.6702961600291685,0.37477419247915944,0.15649911334294564,0.24225625217521007,0.41987769104559236,0.08355292596827923,0.8570576244220156,0.5650325660020883,0.1221432241170719,0.1948076699978455,0.1510383002701403,0.08061949982598315,0.055279338404680356,0.27003264886723344,0.5198710618339715
170,0.949825154543496,0.8641674538855467,0.4453835827574205,0.47210759210460895,0.5969687929862941,0.8642171729727043,0.8559057989028656,0.8725119740134906,0.854165630852351,0.8304744858217736,0.8884552279620147,0.9033046619930725,0.7659888297784185,0.8658579028489037,0.8588889441323191,0.6790301463398466,0.6230133081423292,0.946800576741411,0.6962826695835199,0.8833424484993123,0.3776993321069291,0.7420242297684748,0.8107028621621174,0.8092941546926532,0.6458758017202804,0.1736439118977775,0.9390941182319893,0.10936541871757899,0.8778153433102969,0.576020484263909,0.7209267637846168,0.3319660584365004,0.43785942756757656,0.8754785462138917,0.3474949866587116,0.8459205488987223,0.7886938795803708,0.7468552677372844,0.8671340260859478,0.8393659159084506,0.5288867896385423,0.8477767281526045,0.12613732411872913,0.8620875387394555,0.795422529375694,0.19993702248960044,0.9131739007938481,0.8372031356170968,0.8786274217338703,0.9249076053630322,0.2585061071612058,0.8299192893485143,0.9058486219526343,0.6471767845009033,0.4788279553854058,0.834725467773745,0.1918991033991282,0.8672334642602629,0.227464823745836,0.5569200682808797,0.788312699912163,0.4805432638923416,0.8834750327317324,0.48781882364639784,0.3323886706773398,0.8713932945524454,0.6223006678930708,0.8424319262831668,0.8427716733787435,0.12176204444886396,0.6959594955169957,0.6793533204063706,0.8904771375064221,0.8888861267173802,0.9220819039095776,0.5951789058486219,0.6690200367921245,0.7730655131838446,0.4784219161736192,0.15147748554003215,0.7775236579989725,0.825991481463067,0.2905500588342531,0.8667528464177399,0.5383334161984785,0.3485059414309153,0.7451399592303485,0.5724241369595121,0.7335968444952684,0.5744957655910772,0.8865493296209749,0.8789423092858681,0.7537993669102903,0.8363579111354182,0.3016705613284941,0.1888082334808333,0.9134307827441622,0.8516050978637366,0.9047713750642206,0.9332769850345548,0.5416397354944563,0.6306949071081722,0.6340758050348863,0.6226818475612788,0.8437246225492634,0.8732329007772751,0.871376721523393,0.9213361176022142,0.8090372727423392,0.8815857074197452,0.15368998491854358,0.8762160460067288,0.8831518586652083,0.8985316296259468,0.866918576708265,0.9001392134440412,0.6127960357314507,0.7055552793384048,0.8743930128109515,0.08618803758762983,0.20913505361374884,0.10765011021064319,0.8763734897827276,0.8677306551318384,0.9104476375147086,0.8485805200616516,0.8521437213079435,0.8390841744145578,0.8780307926879796,0.8973052254760603,0.9260842904257612,0.5104741543611926,0.07834899484578783,0.4173088715424518,0.7330830805946402,0.8170669053182851,0.864366330234177,0.9214189827474768,0.4790434047630886,0.6467210262019589,0.9092875254810322,0.5483766718043056,0.8463514476540878,0.541979482590033,0.9177646298413962,0.845945408442301,0.8566350121811764,0.8457796781517758,0.8701917499461377,0.18881651999535953,0.7708613003198594,0.8675152057541557,0.8152190125789291,0.8777904837667181,0.11591176519332447,0.9244269875205092,0.9147980576409951,0.11370755232933916,0.9176486186380285,0.8863255937287658,0.8659822005667976,0.6564162481976832,0.8892507333565356,0.7883126999121629,0.8864084588740284,0.2849400884999751,0.18340542600971188,0.8594855731782098,0.8946121082550258,0.8599744775352591,0.0,0.8206632526226819,0.9190821856510715,0.9600507134689008,0.8186993486799583,0.8296789804272526,0.8627090273289248,0.8184010341570129,0.9059066275543182,0.926780357645967,0.42605114436765623,0.8416281343741197,0.8399625449543413,0.8786439947629229,0.17714910754238555,0.5369578547871194,0.8747244733920019,0.8411889491042278,0.886839357629394,0.913488788345846,0.8630404879099753,0.5721423954656193,0.8393079103067668,0.887825452858019,0.817224349094284,0.778178292646547,0.8474369810570278,0.8218316511708845,0.9466514194799384,0.8924990470508295
171,0.13332173221299648,0.3964848605379605,0.7073120204179718,0.7639172011468536,0.6261041780606242,0.3897147781700061,0.2627322295695985,0.4084588740284061,0.24163476358574054,0.359145826082633,0.12380052702232391,0.10730207660054036,0.9322991763204561,0.30757055967119107,0.11929266312003839,0.5951706193340958,0.6803725616931007,0.134548136362883,0.5931901423623196,0.30481115033394657,0.8708795306518173,0.5728716087439301,0.9235817630388305,0.5189181126634514,0.6412933591872586,0.8253037007573875,0.9645254313130811,0.8233480833291901,0.38195031405890056,0.7489683289414807,0.8933525580470343,0.7935580636072855,0.7718888281211157,0.22559207146290117,0.8647557964169111,0.4242115381428264,0.5555030742968892,0.5915079799134888,0.1274134473557732,0.1599131573277648,0.7659888297784188,0.3076037057292962,0.8392996237922405,0.4427070385654386,0.5267903014633986,0.8295132501367275,0.13195445731616373,0.3665208240110045,0.2528298447107178,0.21713982664611609,0.7810288536435805,0.384867167172144,0.23066341835297244,0.6370920963224449,0.778244584762757,0.35488655761613563,0.8069987901688792,0.27230315384742876,0.8244004706740251,0.7203135617096736,0.8975289613682693,0.7734052602794212,0.34545650408525164,0.7752531530187773,0.7712590530171199,0.07760320853842462,0.6613964434279653,0.23542816420557178,0.34380748769452596,0.7931354513664464,0.6193589552362486,0.5945905633172575,0.09797974775849783,0.20248098244916224,0.19610865277846845,0.7301165083942394,0.6467127396874327,0.5029002800841911,0.7764298380815062,0.7847992177530287,0.5009612356850461,0.3774838827292464,0.8418767298099075,0.12053564029897745,0.7122259235320441,0.8697442781617197,0.5565306020981455,0.6914847776728152,0.439276421551567,0.6608081008966009,0.10054028074711208,0.12973367142312597,0.5366429672351216,0.28722716650922286,0.8470889474469249,0.8393990619665557,0.3083080594640282,0.241742488274582,0.2486700144185352,0.23449178806410442,0.713468900710983,0.7438306899351995,0.7797775899501151,0.6402575448714761,0.2578266129700524,0.2506256318467326,0.19886806211571284,0.15507383284442888,0.46426854936276707,0.1281758066921892,0.8537015860388804,0.08956064899981764,0.08385952700575094,0.21400752415518975,0.29319345696813004,0.26737267770430406,0.7021826679262169,0.6138318500472331,0.06638326786986859,0.8542899285702448,0.8034190158935349,0.8531712491091997,0.3644326223503871,0.25027759823662965,0.15593563035516,0.08475447057458696,0.07569731019738479,0.4074230597126237,0.2450488075705597,0.3200831966058437,0.18025655048973288,0.7857107343509174,0.8218067916273057,0.7479490876547508,0.5029499991713485,0.24518139180297982,0.3161636752349226,0.3051591839440495,0.8404680223404433,0.6558196191517924,0.16355922371931908,0.7499792837136844,0.40565803211853024,0.7371268996834552,0.2965826414093704,0.140895606489998,0.23372942872768854,0.091292530535806,0.3445947065745205,0.7992674721158786,0.906030925272212,0.17830093306153572,0.48029466845655366,0.10591822867465495,0.8721639404033876,0.24575316130529168,0.2854538524006033,0.8146803891347222,0.2375412254097682,0.2155488158570742,0.43877094416546514,0.8873614080445483,0.3059878353966755,0.3756857090770479,0.27291635592237196,0.853817597242248,0.8307479408011403,0.43699763005684555,0.1280266494307164,0.2741841926448897,0.8206632526226819,0.0,0.14343127993503368,0.9698288006098875,0.13811962412370105,0.1806874492450985,0.37045691841097805,0.47842191617361907,0.08944463779644996,0.21107409801289378,0.7948341868443296,0.40562488606042524,0.4484993122192944,0.08738958219393755,0.8483650706839689,0.7500207162863157,0.14446709425081616,0.4062878072225261,0.07656739422264203,0.2139246590099273,0.3356369843716336,0.8281376887253684,0.3389515901821376,0.16845655380433877,0.3933939906196655,0.2927459851837122,0.20092311771822535,0.2840534314456653,0.1515852102288736,0.33051591839440486
172,0.08485390874890197,0.45880773628996163,0.7707204295729131,0.8117966820795837,0.7301910870249756,0.32186479722898964,0.19391272642900936,0.44409917300585033,0.3093604468088633,0.4380334443726279,0.06841346392880243,0.08466331891479817,0.9698536601534663,0.3490611379041748,0.14327383615903477,0.6716965809841065,0.7495483849583189,0.1293773512984968,0.6571288884469414,0.34481844246672966,0.9424915891877559,0.6287061436218697,0.967516863057061,0.5860057342680522,0.7045277515371484,0.901407050166559,0.9865178408657751,0.8944712375080794,0.42527221200218757,0.817414938928388,0.9515073169923267,0.8745836026450554,0.8316263113409238,0.29597772584895354,0.9458642005999437,0.47516531596479883,0.5849699199522698,0.6341835297237276,0.18864250319030806,0.23720147831419136,0.8175806692189131,0.3682361325179404,0.9029566283829696,0.47945773048940155,0.5881187954722484,0.9066607003762078,0.03815111287890083,0.434751984620229,0.3050597457697344,0.099164719335753,0.8662556555461642,0.42697923399459725,0.2651187457531612,0.7077263461442849,0.8370291188120453,0.39854820265499924,0.873771524221482,0.30625300386151566,0.8971394951855352,0.7982648038582012,0.9511095642950663,0.8338388107194353,0.3834667462172061,0.8264223802184325,0.8400288370705514,0.13652861333465915,0.7513134125524122,0.3070485092560368,0.4020948308722385,0.8825303700757388,0.6560267820149489,0.6698984073319081,0.09644674257113983,0.2382207196009215,0.20282072954473884,0.8084820762690796,0.7079086494638624,0.5904390195396013,0.8550108553340294,0.8891927277548518,0.5701950645519482,0.4256782512139744,0.8955319113674407,0.20122971875569695,0.772949501980477,0.9440825999767978,0.5961567145627207,0.7762143887038234,0.5519730191087024,0.7304065364026583,0.12684996436798746,0.1379207477750708,0.6096140141533669,0.36101857836556783,0.9152786754835182,0.904721655977063,0.1917748056812344,0.33059878353966754,0.13716667495318124,0.1229718755696978,0.7846417739770298,0.8025406453537514,0.844354397653259,0.7182916521652662,0.33605131009794664,0.1672715822270836,0.25829894429804934,0.10917482888347496,0.5270803294718176,0.18952916024461786,0.9225459487230482,0.1011286232784766,0.11913521934403948,0.22876580652645884,0.25241551898440473,0.17390908036261787,0.7788909328958054,0.6829911002833988,0.1227232801339101,0.9284625200947978,0.8691062165431976,0.925504234408923,0.39888794975057595,0.33164288436997635,0.1562090853345265,0.16299574073153345,0.13371948491025687,0.4538358275742058,0.2923233729428728,0.3544473723462437,0.18389433036676117,0.8597175955849451,0.9065695487164189,0.8121198561461079,0.607931851704536,0.34570509952103956,0.353560715291934,0.3278559472314755,0.9148809227862577,0.7118364573493098,0.12772833490777102,0.8183347420408028,0.4706243060044084,0.8237872685990819,0.1765856245545998,0.12779462702398114,0.16766104840981788,0.16376638658247566,0.27254346276869024,0.8782213825220836,0.9582939723893336,0.2296110310081374,0.5323505527105189,0.16416413927973617,0.9367656076501103,0.12323704403453828,0.17151427766452865,0.8876762955965463,0.24614262748802596,0.2614975389051857,0.4643679875370821,0.9605561908550027,0.3455062231724092,0.48732991928934843,0.17093422164769057,0.9406271234193474,0.8948855632343924,0.461335123220471,0.144939425578813,0.32778965511526537,0.9190821856510715,0.14343127993503368,0.0,0.9906693846434313,0.14611611064154195,0.2700906544689172,0.42475016158703327,0.5352922653673413,0.09151626642801503,0.09017385107476095,0.8563781302308623,0.4640448134705579,0.4996851124480022,0.14255290939525023,0.9203334493445368,0.8284608627918925,0.10651485772054559,0.4712955136810355,0.11495052950827822,0.09800460730207639,0.3903196937304232,0.9073236215383086,0.28455890883176715,0.2206947413778817,0.48341039791842755,0.3927144964285122,0.2841114370473491,0.3711529856311838,0.15257959197202475,0.23110260362286417
173,0.9979863769701189,0.9872387676295598,0.9921029516564743,0.9983841296673794,0.98023666285487,0.9774109614014154,0.9771789389946801,0.9966688211604435,0.9812807636851788,0.98852317738113,0.9925255638973136,0.9866255655546164,0.9952021080892955,0.9966356751023385,0.9849765491638907,0.9870316047664032,0.9984918543562207,0.9998757022821062,0.9927244402459438,0.9910008452244817,0.9950198047697179,0.9985830060160096,0.9901141881701719,0.997862079252225,0.9890618008253369,0.9986990172193771,0.9438257180264837,0.9966025290442335,0.9953512653507682,0.9991133429456902,0.9951772485457168,0.9890369412817581,0.9991216294602165,0.988556323439235,0.9842721954291586,0.9922438224034207,0.99796151742654,0.9993205058088467,0.9896915759293327,0.9830292182502196,0.9994199439831619,0.9818856792455958,0.9977377815343311,0.9932879232337295,0.9934536535242547,0.9936773894164637,0.9891198064270207,0.994994945226139,0.9970002817414939,0.9988896070534812,0.9970500008286515,0.9882248628581846,0.9974394670113857,0.9867664363015629,0.9986244385886409,0.9984587082981157,0.9989890452277963,0.9981603937751703,0.9948789340227714,0.9986161520741146,0.99483750145014,0.9956164338156085,0.9980941016589603,0.997290309749913,0.9945391869271947,0.9883740201196572,0.9746349790351183,0.9814962130628615,0.9921775302872106,0.9788279553854058,0.9985995790450621,0.992442698752051,0.9869487396211406,0.9967268267621274,0.999105056431164,0.9984752813271682,0.9980609556008552,0.9921692437726845,0.9916057607848987,0.9770297817332074,0.9896169972985963,0.9839075887900032,0.9993536518669518,0.9925338504118398,0.9910671373406919,0.987793964102819,0.9969588491688626,0.9948457879646664,0.9875785147251364,0.9963373605793931,0.9955335686703459,0.9941414342299343,0.99572415850445,0.9929564626526791,0.9963622201229719,0.9972405906627555,0.9973068827789656,0.9889955087091268,0.9853245827739937,0.9897578680455427,0.9978040736505412,0.9975637647292795,0.9939674174248828,0.9913571653491109,0.9866918576708265,0.9813636288304414,0.9976134838164372,0.9977875006214886,0.9811316064237061,0.9957490180480287,0.9923929796648934,0.9875868012396626,0.997066573857704,0.9982515454349592,0.9744443892010143,0.9953346923217157,0.997033427799599,0.983866156217372,0.9873713518619799,0.9841396111967385,0.9954589900396096,0.9829877856775883,0.9946054790434048,0.9915726147267937,0.9981438207461178,0.9827889093289581,0.9779330118165698,0.997862079252225,0.9929730356817316,0.9952766867200319,0.9968262649364426,0.9966771076749698,0.9855731782097815,0.9917549180463714,0.9764331526873167,0.972521917830922,0.99579045062066,0.9988564609953762,0.9895921377550175,0.9854985995790451,0.996519663898971,0.9883988796632361,0.9967102537330748,0.9866255655546164,0.9938679792505677,0.9732759906528117,0.971022058701669,0.9717844180380849,0.9733339962544955,0.9946883441886674,0.9917632045608976,0.9852417176287311,0.998757022821061,0.9974394670113857,0.998723876762956,0.9976880624471735,0.9953678383798207,0.9949783721970865,0.999138202489269,0.9917549180463714,0.9987155902484298,0.9661744477038069,0.9919372213659491,0.9715523956313497,0.9826646116110642,0.9793582923150865,0.9925918560135236,0.9952518271764531,0.9978869387958038,0.9964699448118133,0.9600507134689008,0.9698288006098875,0.9906693846434313,0.0,0.9655032400271798,0.9796068877508743,0.9994282304976881,0.9973814614097019,0.9958650292513963,0.9992044946054791,0.9986327251031673,0.9970831468867565,0.9981852533187491,0.9925835694989974,0.994356883607617,0.9863769701188287,0.9749995856742737,0.9889955087091268,0.9951192429440329,0.9901970533154345,0.9979035118248563,0.9869238800775618,0.9662075937619119,0.9912908732329008,0.9899401713651205,0.9637630719766652,0.9750161587033263,0.9865758464674589,0.9962793549777093,0.9860123634796732
174,0.17790318036427522,0.5142279454415883,0.7611329322660303,0.7989691575929333,0.6875735428164205,0.30104078622449826,0.13565852930940192,0.5285387560284394,0.3662059364590067,0.48617809377019827,0.11345067037902523,0.15233928305076327,0.9266892059861781,0.41907389913654525,0.2233298529972323,0.6815741062994083,0.7512222608926233,0.23894993287923239,0.6799085168796302,0.42784103150532826,0.879762674223968,0.6584298712275642,0.9162896302557219,0.6329571255738411,0.7086627222857522,0.8460282735875636,0.9570758547539734,0.84195959495517,0.5036212068479756,0.7955965461807455,0.8924824740217769,0.8144152206698819,0.8044216841512124,0.3661479308573228,0.8696034074147732,0.5449294817613815,0.6308192048260661,0.6665009363761415,0.24933293558063607,0.3005933144400802,0.7954473889192728,0.43185170453603805,0.8471303800195562,0.5281492898457051,0.6283581100117669,0.8410066457846501,0.13921344404116742,0.4895175591242811,0.37596745057094083,0.17013042973864334,0.8125839009595783,0.5041183977195511,0.3542733555411923,0.7020666567228493,0.8129982266858914,0.48273919024180045,0.8310379688095594,0.3952004507863902,0.8359518719236315,0.779835595551799,0.8909577553489452,0.8029549710800643,0.4600838595270058,0.8065264588408824,0.7978090455592569,0.19944811813255114,0.7231641227067072,0.3578531298165366,0.4587331576592254,0.7957125573841132,0.6911781766353438,0.6802814100333117,0.14102819072241835,0.31362800178988715,0.29678151775800066,0.7894893849748919,0.7383864498914468,0.6028853643580439,0.8032532856030097,0.7976930343558893,0.5897263792903429,0.5009529491705199,0.8543562206864549,0.26256649927907316,0.7401100449129088,0.8752465238071563,0.6298331095974411,0.7532275974079783,0.5645602346740914,0.7017517691708515,0.1916256484197617,0.18652944198611188,0.619499825983195,0.4091300817050332,0.851936558444787,0.8494754636304878,0.2160791527867547,0.3796963821077578,0.12153830855665482,0.15679742786589113,0.7722368617312186,0.7809791345564229,0.8052751951474171,0.7322544291420143,0.38415452692288565,0.14290094300535305,0.3336813669434362,0.14430965047481736,0.570891131772154,0.2786340509454913,0.8606788312699913,0.14266063408409158,0.19136876646944756,0.3120535640298978,0.18517045360380513,0.196829579542253,0.7640663584083263,0.6999701685477056,0.1720446145942094,0.8516713899799467,0.8250136727489683,0.8446195661180994,0.4903213510333284,0.39306253003861524,0.24420358308888113,0.19828800609887476,0.16602860504814454,0.5146919902550591,0.3606125391537812,0.4386300734185187,0.28032449990884833,0.8171000513763901,0.826629543081589,0.801861151162598,0.5876050315716204,0.36883276156383105,0.4343542319229685,0.41966224166790955,0.8430285553290575,0.7216974096355591,0.2140158106697161,0.7776230961732876,0.5356485854919704,0.7628731003165449,0.19556174281973515,0.06668158239281397,0.10362286415088096,0.12629476789472804,0.21073435091731718,0.8214587580172028,0.9010175839838248,0.28443461111387314,0.5977560118662889,0.2459686106829745,0.8814199771292199,0.1849135716534911,0.15589419778252878,0.8262317903843286,0.33752630968362096,0.33329190076070203,0.5557848157907821,0.8788014385389218,0.4278327449908019,0.491199721573112,0.15784981521072594,0.8598833258754703,0.8429954092709525,0.5556273720147832,0.21719783224779987,0.39947629228194037,0.8186993486799583,0.13811962412370105,0.14611611064154195,0.9655032400271798,0.0,0.30612870614362175,0.49835927012380044,0.5968444952684002,0.17334559737483213,0.1630123137605859,0.8251794030394937,0.5308424070667397,0.541250269311722,0.22080246606672305,0.8548782711016093,0.7937735129849683,0.13910571935232596,0.5353917035416563,0.1776214388703824,0.12809294154692652,0.459072904754802,0.8283531381030511,0.23217156399675176,0.30841578415286963,0.5239231674373125,0.40180480286381937,0.3337973781468039,0.4092543794229272,0.2332322378561129,0.21887170818210444
175,0.22101791544440585,0.2911218283365651,0.6752100631432407,0.7251114536203782,0.5874227282520426,0.5080213460614197,0.3958799449775434,0.2631548418104377,0.07086627222857522,0.27367871525878784,0.27288320986426684,0.244965942425297,0.9425413082749134,0.13526906312666775,0.11988929216592914,0.50726727323953,0.6298248230829149,0.1956031753923665,0.5506637498135535,0.1439533303501881,0.8784202588707138,0.4857803410729379,0.9342465072341272,0.42244651054873295,0.5546495633006845,0.8226934486816155,0.973607451233862,0.8190639553191137,0.2759657932680356,0.7241336449062795,0.9055005883425314,0.7589701519746764,0.72765541357994,0.08263312285586444,0.8717744742206532,0.29879514078788183,0.45429158587315,0.494547473441721,0.09546893385704125,0.0926432324035864,0.7229403868144981,0.18336399343708054,0.8174646580155456,0.36242728583503214,0.4290840086842672,0.8271847395548485,0.2591441687797279,0.23427633868642173,0.10242131954457312,0.2980907870531496,0.7727589121463729,0.2912544125689851,0.12596330731367766,0.5888811548086643,0.7276056944927825,0.21491904075307855,0.7828353138103051,0.11723760751752599,0.808076037057293,0.696000928089627,0.9079368236132518,0.7280531662772005,0.19003463763071982,0.7295778849500323,0.7355773214670445,0.1531430749598104,0.6099951938215749,0.058080180314555974,0.17627073700260198,0.791403569830458,0.5206417076849136,0.558494506040869,0.2500455758298944,0.10874393012810957,0.14391189777755675,0.7081655314141766,0.5612041962909562,0.42060690432390324,0.7442864482341438,0.7720959909842722,0.4155687034919372,0.2005999436517012,0.8236878304247668,0.0872487114469912,0.6544523442549595,0.8746996138484231,0.46863554251810613,0.6596314158338721,0.3557732146704453,0.6266510880193573,0.20104741543611926,0.17666020318533615,0.4485987503936094,0.12194434776844176,0.8388438654932963,0.8277316495135816,0.44888049188750223,0.10693746996138487,0.3797875337675467,0.38721225078307553,0.6545103498566434,0.7051160940685128,0.7471121496875984,0.5614030726395864,0.0880773628996172,0.3966423043139594,0.0730290525199292,0.30152969058154755,0.3198014551119508,0.1135666815823928,0.8441389482755763,0.2113558395067867,0.18762326190357814,0.12947678947281183,0.4712623676229304,0.4118066258970152,0.6637829596115282,0.5445814481512786,0.1909793002867134,0.8557897876994979,0.7766701470027677,0.8400288370705514,0.2037239596281013,0.08732329007772743,0.14498085815144424,0.1312418170669054,0.16486020649994204,0.29494191153317095,0.08861598634382395,0.23155836192180845,0.1388322643729596,0.7600059662904589,0.8143074959810405,0.7287823795555114,0.4292911715474237,0.13362004673594197,0.17485374301861156,0.14111934238220714,0.8425065049139031,0.5577404332189795,0.16750360463381897,0.7104194633653194,0.3017617129882828,0.7038731168895739,0.43288751885182053,0.2737284343459454,0.3939740466365038,0.20369910008452252,0.4771375064220488,0.7900777275062564,0.9129253053580603,0.09882497224017639,0.37652264704420024,0.12653507681598974,0.857737118613169,0.37060607567245063,0.4286779694724805,0.8011070783407084,0.15257959197202475,0.09678648966671644,0.263071976665175,0.9094035366843998,0.15184209217918754,0.3038416281343742,0.39876365203268194,0.8670097283680539,0.795579973151693,0.3317588955733439,0.1487677952899451,0.10708662722285767,0.8296789804272526,0.1806874492450985,0.2700906544689172,0.9796068877508743,0.30612870614362175,0.0,0.2759326472099306,0.3747990520227382,0.2048923581763038,0.32422645386897364,0.7473110260362287,0.2734135467939476,0.3604550953777822,0.1486683571156301,0.848655098692388,0.7222526061088185,0.296856096388737,0.2584646745885745,0.18739952601136922,0.35443908583171746,0.18279222393476857,0.8279139528331594,0.4837418584994778,0.0807852301165084,0.2845506223172408,0.14609125109796306,0.09419281061999718,0.1391388654104312,0.21732212996569378,0.46159200517078514
176,0.3993022754768889,0.0675516664180712,0.6007557301247949,0.6457597905169128,0.4809824491622334,0.6175690680985764,0.5425926846649762,0.08422413364490622,0.20867929531480467,0.05297568736638003,0.4473972057873017,0.4167702480982449,0.9781318881652,0.15168464840318863,0.3160145179734499,0.3585243374931637,0.4957324450189762,0.3555494787782363,0.35090903064353074,0.16591259384477697,0.9091052221614545,0.2615058254197118,0.9759773943883724,0.16688211604434944,0.424228111171879,0.8046371335288951,0.9987321632774823,0.8359933044962629,0.05248678300933041,0.6020898589635229,0.9433202406403819,0.7096902500870084,0.6919405359717596,0.24546313329687264,0.915593563035516,0.0891546097880308,0.23260246275211727,0.2682676212731401,0.30869752564676256,0.27411790052867957,0.6288718739123951,0.16511708845025608,0.8344520127943785,0.10063971892142731,0.18289994862360992,0.8502875420540613,0.43060044084257276,0.09178972140738162,0.20624306004408433,0.4728616649264986,0.7508990868260993,0.047954059563466434,0.21883856212399944,0.43353386698486873,0.6464475712225923,0.08529309401879404,0.7821806791627306,0.16428843699762996,0.8201909212946851,0.5912676709922272,0.9459139196871013,0.6681665257959197,0.12982482308291476,0.6751354845125044,0.7126402492583569,0.3453156333383052,0.4899153118215417,0.23554417540893946,0.14283465088914293,0.8207461177679445,0.3492185816801737,0.4224050779761017,0.41616533253782795,0.23257760320853837,0.2626742239679146,0.5541275128855301,0.3752216642635775,0.18869222227746563,0.649115828900048,0.8058303916206766,0.1682742504847612,0.12636106001093816,0.810371401581067,0.3103133959793831,0.6074595203765392,0.9198196854439086,0.2724688841379539,0.4787036576675119,0.15586105172442377,0.5371152985631185,0.39248247402177694,0.38866239082517107,0.21898771938547212,0.15910107890419134,0.8571239165382257,0.8408740615522299,0.5939525016987355,0.2018512073451666,0.5330963390178822,0.5432390327980245,0.6081473010822188,0.562123999403371,0.7163277482225427,0.3947115464293409,0.20474320091483134,0.5647259649646166,0.21978322477999312,0.4547224846285156,0.11570460233016777,0.2713419181623825,0.8684930144682543,0.3997083146886756,0.36555130181143203,0.24102156151079734,0.5899169691244469,0.5610301794859047,0.5351762541639735,0.39471983294386725,0.3774921692437727,0.885662672566665,0.767911301148511,0.882952982316578,0.10951457597905168,0.2438555494787782,0.3145975239894595,0.3364407762806809,0.3707220868758183,0.06255489815873638,0.2296110310081373,0.0954275012844098,0.2970135401647359,0.7117701652330997,0.8321317887270256,0.7175044332852716,0.22699249241783925,0.21820878702000357,0.13552594507698168,0.26639486899020537,0.8772270007789325,0.4136628051508975,0.35167967649447285,0.6471850710154294,0.0545004060392118,0.5739322826032913,0.5708082666268914,0.47658230994878936,0.5403056066557286,0.4493859692736041,0.6153648552345912,0.7793632642238022,0.9556505742554567,0.26898854803692474,0.12929448615323436,0.3242761729561312,0.8473209698536602,0.5129518222045444,0.5608810222244319,0.8053746333217322,0.22840119988730345,0.22028041565156864,0.1156465967284841,0.9642188302756095,0.14691161603606284,0.1292199075224979,0.5469265317622102,0.9131656142793219,0.775949220238983,0.07627736621422321,0.32376240905550313,0.15639138865410418,0.8627090273289248,0.37045691841097805,0.42475016158703327,0.9994282304976881,0.49835927012380044,0.2759326472099306,0.0,0.1415336681085202,0.3653192794046968,0.48466994812641906,0.6970698884635145,0.09536949568272601,0.10880193572979335,0.3459702679858798,0.8677969472480485,0.6159366247369031,0.4872221946005071,0.09283382223769043,0.3558892258738129,0.5021462072623014,0.09578382140903896,0.8574056580321185,0.6227895722501202,0.2682096156714563,0.07899534297883637,0.20421286398515048,0.24250484761099778,0.17994166293773517,0.40884834021114047,0.6013772187142644
177,0.5248346840352012,0.12668423407746232,0.5483932448333582,0.588168514559406,0.3953164619897579,0.7184325229122127,0.6461409701851208,0.148759508775419,0.31981802814100335,0.11896120253898801,0.5623643083246326,0.5317953562372595,0.9633901788229835,0.25008700840252585,0.4326554964450853,0.27512056878635704,0.41745802880392446,0.48463680206831405,0.22834319428561956,0.26865708745587424,0.8873531215300221,0.1938298612837468,0.9616168647143639,0.07563101808117478,0.33334990636238593,0.7633951507316993,0.9927078672168913,0.7993006181739837,0.1503919521370921,0.5411508311374069,0.9265649082682842,0.6451134423838645,0.6264273521271483,0.3539336084456156,0.8838230663418353,0.11853030378362261,0.11184308656093078,0.21634432125159508,0.4159996022473027,0.3721556538888613,0.5591242811448649,0.23517128225525785,0.7879315202439551,0.11301977162365962,0.09543578779893602,0.7869288519862776,0.5390294834186845,0.17938646646447576,0.31105918228674656,0.5939193556406304,0.703011319378843,0.12556555461641716,0.3294883905931487,0.3272427451565323,0.5774789108205307,0.1984205903312949,0.7404580785230117,0.27573377086130035,0.7747393891181492,0.5188103879746101,0.929523193954159,0.5848870548070071,0.23235386731632934,0.6005485672616384,0.6469033295215367,0.4562223437577686,0.4289514244518471,0.332338951590182,0.21850710154294894,0.7730075075821607,0.2831999204494605,0.2875503405757469,0.5336432489766155,0.34720495865029255,0.38498317837551177,0.453719816370838,0.2510648171166243,0.08368551020069959,0.6075672450653806,0.7378726859908185,0.08060292679693082,0.17155571023716,0.7584398150449958,0.41209665390543426,0.5240557516697326,0.8974792422811118,0.19795654551782438,0.37334062546611646,0.0909859294983344,0.45758961865460157,0.5062646049818527,0.49885646099537617,0.09923929796648923,0.2682344752150351,0.8273338968163212,0.8076865708745589,0.701262864813802,0.29843053414872633,0.6376804388538093,0.6528530469513913,0.5248429705497273,0.4407762806808201,0.6533088052503355,0.2745487992840452,0.30268980261522405,0.6698901208173818,0.32857687399526014,0.5749515238900214,0.07234127181424943,0.3892838794146407,0.8276322113392665,0.513225277183911,0.4799052022738196,0.36066225824093867,0.6784003712358508,0.6734284625200948,0.4373208041233696,0.26574023434263083,0.4918792157642652,0.8514393675732114,0.7123170751918328,0.822577437478248,0.20377367871525887,0.3301347387261969,0.43411392300170704,0.44976714894181213,0.4809161570460232,0.11552229901059019,0.3427882464077958,0.20211637581000674,0.41594988316014514,0.6462238353303833,0.7674804023931454,0.6475413911400587,0.10648171166244058,0.30766171133097997,0.2221946005071347,0.37480733853726445,0.8517542551252093,0.2859178972140738,0.46600871741328165,0.5656043355044003,0.08756359899898902,0.49584845622234375,0.6670478463348747,0.5808018031455608,0.644301363960291,0.5634995608147302,0.7116790135733109,0.7188799946966307,0.9393095676096721,0.37826281509471493,0.057152090687615176,0.43877094416546514,0.7874674754304845,0.6268499643679877,0.6522232718473956,0.7608926233447687,0.35372644558245914,0.32744162150516254,0.16792621687465825,0.9472066159531978,0.25224150217935337,0.16238253865659025,0.6527867548351812,0.8832927294121546,0.7271499361938383,0.115770894446378,0.45099355309169853,0.27343011982300003,0.8184010341570129,0.47842191617361907,0.5352922653673413,0.9973814614097019,0.5968444952684002,0.3747990520227382,0.1415336681085202,0.0,0.4881751437710271,0.6020649994199441,0.6309849351165913,0.13424982183993772,0.0816138815691344,0.4596778203152191,0.8287840368584167,0.5614196456686389,0.6031588193374104,0.1318798786854274,0.46570211637580994,0.6211654154029732,0.1990669384643431,0.8341619847859594,0.7162283100482275,0.3805830391620677,0.12695768905682892,0.2963008999154775,0.35213543479341713,0.2699332106929182,0.5315799068595768,0.6976996635675103
178,0.04526922885695839,0.38525663335487825,0.7440047067402509,0.7884287111155306,0.6955617428197352,0.3993851406221516,0.26397520674853747,0.3736306534745355,0.25109796317472943,0.3916123899965196,0.0959246921559852,0.055237905832048795,0.9699116657551501,0.2799101741825354,0.07433832181507838,0.6215051624985499,0.7096073849417458,0.07863073633968076,0.6287061436218699,0.2725931818558478,0.9271863968577537,0.5744129004458145,0.9687764132650525,0.5272129137042378,0.6689703177049671,0.8811548086643796,0.9911334294569019,0.8701834634316115,0.36096057276388405,0.7841280100764016,0.9436517012214323,0.8497654916389069,0.8028389598766967,0.22217802747808224,0.9373870962395798,0.4132733389681633,0.5355077147450239,0.5721672550091981,0.11679842224763426,0.15950711811597806,0.7897048343525745,0.315890220255556,0.8834833192462587,0.43340956926697494,0.5310827159880012,0.8924410414491457,0.07780208488705476,0.3657170321019573,0.23453322063673565,0.15318450753244173,0.8389930227547688,0.3805167470458576,0.19745935464624864,0.6662191948822487,0.7999635393360844,0.33020931735693326,0.8420838926730639,0.23270190092643228,0.8778402028538757,0.7631299822668589,0.9449941165746863,0.7984056746051476,0.31518586652082403,0.8050348862261556,0.8107525812492749,0.06042526392548764,0.7191865957341024,0.23667942789903706,0.33197434495102673,0.8683355706922555,0.6189446295099355,0.6380781915510698,0.06651585210228883,0.16960837932348893,0.14816287972952824,0.7716153731417492,0.6532507996486518,0.5214372130794345,0.8250633918361259,0.8759840235999934,0.5183214836175608,0.3766386582475678,0.8759177314837833,0.13067833407911966,0.7342846252009481,0.932995243540662,0.5463133296872669,0.7355193158653608,0.497480899584017,0.7093753625350105,0.0861134589568936,0.11161935066872164,0.5561411359154114,0.30088334244849935,0.8961616864714363,0.8835910439351001,0.26127380301297665,0.2658479590314722,0.20777606523144243,0.1981471353519283,0.7388422081903909,0.7570642536336367,0.812666766104841,0.6808200334775187,0.2792638260494871,0.23584248993188484,0.1873663799532641,0.11082384527420075,0.4725467773745007,0.12304645420043425,0.9076467956048327,0.07114801372246804,0.05725981537645641,0.16777705961318545,0.3022754768889111,0.24239712292215643,0.7332819569432706,0.63617229321003,0.056538888612671645,0.921584713038002,0.8424982183993769,0.9160410348199342,0.3390427418419264,0.24169276918742444,0.09878353966754483,0.11440361954954514,0.08801107078340697,0.39570592817249217,0.22347901025870498,0.2956628382969555,0.12162946021644372,0.8318003281459752,0.8892341603274831,0.791851041614876,0.5492467558295631,0.2845174762591358,0.2926051144367656,0.27178110343227435,0.9013076119922439,0.6749448946784005,0.10991232867631218,0.7820563814448367,0.40544258274084755,0.7934006198312866,0.2569316694012165,0.12060193241518757,0.23805498931039637,0.11967384278824644,0.34514990304778004,0.8528646480717281,0.9533552097316828,0.1606506571206019,0.49058651949816867,0.08081837617461318,0.9136876646944763,0.1902418004938763,0.2349144003049437,0.8670594474552114,0.18386947082318228,0.1915593563035516,0.3891595816967468,0.9615837186562588,0.27763138268781384,0.43838147798273086,0.2504101824690499,0.9333101310926599,0.8724291088682279,0.40356983045791284,0.0930989907025308,0.25536551815575337,0.9059066275543182,0.08944463779644996,0.09151626642801503,0.9958650292513963,0.17334559737483213,0.2048923581763038,0.3653192794046968,0.4881751437710271,0.0,0.1545849284873797,0.8223454150715127,0.4021445499593961,0.43864664644757123,0.067700823679544,0.9046056447736953,0.7822221117353619,0.13847594424833032,0.4096272725766088,0.029342547937486807,0.17179601915842158,0.31838446112796037,0.886201296010872,0.35975902815757643,0.15195810338255522,0.42243822403420683,0.3355706922554236,0.2175127197997978,0.2998226685891381,0.09928901705364679,0.30312070137058944
179,0.13943717993337645,0.5288702166094899,0.8112663451499031,0.844031223586735,0.7765127032267688,0.27714247833076455,0.1674207394885563,0.49492865310992884,0.3647806559604899,0.5146671307114801,0.08008087638177641,0.13535192827193032,0.9820099769634897,0.3952584563880741,0.19702845589088325,0.7427783025903645,0.7851223918195529,0.1718291652165268,0.6967301413679379,0.3980510117834237,0.9481844246672965,0.6861896948905353,0.982689471154643,0.6474419529657436,0.7741510465867847,0.9045144931139065,0.9984504217835894,0.9069921609572582,0.4840981786241071,0.8453239198528315,0.955849450604087,0.8896567725683223,0.843650043918527,0.346359734168614,0.953877260146837,0.5341072937900859,0.6365617593927642,0.6860819702016938,0.23701088848008744,0.28813868310711155,0.8468154924675583,0.43883723628167515,0.9029317688393907,0.5371484446212234,0.6489252390659441,0.9110774126187045,0.1114204743200915,0.49248413132468216,0.3505278509753227,0.03125673279305263,0.875843152853047,0.49331278277730817,0.30989078373854384,0.74945723329853,0.8617726511874576,0.43773512984968255,0.8817348646812178,0.3471303800195562,0.9043653358524338,0.8301678847843021,0.9586171464558578,0.8597590281575764,0.4353320406370673,0.8566598717247552,0.8547042542965578,0.19687101211488423,0.8075042675549811,0.3512570642536337,0.45418386118430876,0.8899550870912677,0.7193440395101013,0.7337211422131623,0.15434461956611822,0.2854869984587083,0.24576973433434424,0.835935298894579,0.7672980990735677,0.6581812757917764,0.8739869735991648,0.902716319461708,0.6401746797262136,0.48588806576177923,0.8983990453935266,0.24812310445980212,0.8185501914184856,0.9542750128440975,0.6583552925968279,0.8141086196324102,0.621090836772237,0.7669086328908334,0.1629791677024809,0.17187888430368414,0.6733290243457797,0.41423457465320934,0.9185684217504434,0.9087654750658778,0.15228127744907938,0.37746730970019393,0.1360811415502411,0.09574238883640762,0.8274996271068464,0.8354546810520559,0.8556157708944464,0.7947927542716983,0.39717264124364005,0.13574139445466438,0.29959893269692905,0.1465304363678549,0.5891960423606624,0.2353701586038881,0.9283962279785877,0.12523409403536678,0.16253998243258916,0.2763966920234012,0.23810470839755382,0.12660136893219986,0.8145892374749333,0.7540976814332356,0.17719054011501678,0.9365915908450588,0.8832927294121546,0.9345282487280201,0.4452592850395267,0.3719733505692835,0.1911616036062912,0.2119027494655198,0.1710668058801108,0.5150814564377932,0.34084091549412476,0.4161570460233016,0.23061369926581488,0.8671008800278427,0.9133479175988997,0.8573393659159085,0.6751189114834518,0.41107741261870423,0.4179635061900264,0.37958865741891645,0.9219244601335788,0.7677621438870383,0.17855781501184975,0.8585409105222161,0.5267654419198198,0.851779114668788,0.13158985067700824,0.1334128838727855,0.18170669053182853,0.17208604716684073,0.24277830259036448,0.8875685709077048,0.9689752896136827,0.2816669152621025,0.5845804537695355,0.20652480153797703,0.935100018230332,0.05693664130993237,0.1298662556555461,0.898092444356055,0.28909163227763135,0.31353685013009824,0.4940585690846716,0.9759856809028987,0.39491042277797117,0.5564560234674092,0.13416695669467504,0.9501649016390726,0.9054591557699001,0.5050630603755448,0.17620444488639186,0.37495649579873724,0.926780357645967,0.21107409801289378,0.09017385107476095,0.9992044946054791,0.1630123137605859,0.32422645386897364,0.48466994812641906,0.6020649994199441,0.1545849284873797,0.0,0.8699265814812973,0.5269063126667661,0.5574006861234029,0.2003844942740185,0.9249158918775585,0.8513482159134225,0.08398382472364485,0.5272294867332903,0.16756989675002898,0.09796317472944538,0.4445217852466895,0.913869968014054,0.24715358226022965,0.2750377036410946,0.5478380483600989,0.46341503836656217,0.3428379654949536,0.41481463067004753,0.19952269676328727,0.1932166592088036
180,0.856336697658231,0.6781849218581681,0.08295629692238837,0.055585939442151844,0.3291403569830459,0.8640265831386003,0.8342282769021694,0.6967301413679379,0.7599065281161438,0.6766767762143887,0.8395150731699232,0.8499892275311158,0.9321417325444572,0.7131954457316164,0.7890833457631052,0.465188352475182,0.2909975306186712,0.8462437229652464,0.5367092593513316,0.7580503488622616,0.6406801571123154,0.5010441008303088,0.940900578398714,0.5774291917333731,0.40096786489666725,0.2571554052934254,0.9949120800808764,0.3550357148776082,0.7061519083842954,0.17690879862112407,0.8345597374832199,0.0978223039824988,0.041299988398879606,0.7742753443046786,0.6460498185253318,0.6767264953015464,0.5728301761712988,0.505319942325859,0.7984388206632527,0.7653259086163178,0.10923283448515886,0.7449659424252971,0.4398067584812476,0.6720031820215782,0.5620494207726348,0.5378942309285869,0.8594358540910523,0.6894297220703027,0.752233215664827,0.8666616947579509,0.1836871675036047,0.6572283266212565,0.7560450123469067,0.3852649198694045,0.11721274797394732,0.6907969969671357,0.25271383350735,0.7267107509239463,0.4182701072274979,0.1588441969538772,0.9040918808730672,0.07111486766436304,0.7260063971892142,0.06479225708082681,0.14445052122176372,0.805399492865311,0.3441223752465238,0.7403172077760654,0.6991498036096058,0.4690581547589453,0.4392847080660932,0.3924078953910406,0.8279802449493694,0.783978852814929,0.8244336167321302,0.23158322146538723,0.42585226801902587,0.5615107973284278,0.10313395979383155,0.23863504532723434,0.5810172525232438,0.6635923697774243,0.27750708496991994,0.7798936011534829,0.25837352292878557,0.6479805764099504,0.5012678367225178,0.30878867730655135,0.5785478711944183,0.22553406586121738,0.8218979432870945,0.8207792638260495,0.537579343376589,0.7187556969787368,0.5569200682808797,0.5076318798786854,0.8719816370838099,0.7278377168995177,0.8749730688277897,0.9073982001690449,0.25460315881933737,0.28890932895805366,0.32229569598435504,0.4263163128324964,0.7266776048658413,0.858789505958004,0.7470044249987571,0.862965909279239,0.6571951805631515,0.8008336233613418,0.4985581464724307,0.8202489268963689,0.788727025638476,0.7912875586270903,0.8642503190308093,0.8597921742156814,0.24140274117900518,0.419612522580752,0.8166111470193408,0.4295397669832115,0.23933111254744033,0.4075142113724126,0.6889656772568322,0.7712590530171199,0.8358358607202638,0.8032367125739572,0.8231823530386649,0.6748868890767166,0.7467641160774955,0.749871559024843,0.8204892358176303,0.170950794676743,0.36813669434362517,0.03346094565703783,0.5695321433898475,0.7399360281078573,0.7261638409652131,0.8182187308374352,0.7007242413695951,0.4207229155272709,0.843650043918527,0.1932498052669086,0.6670064137622433,0.21415668141666244,0.8746581812757919,0.8238618472298183,0.8525994796068879,0.8325378279388124,0.8692885198627753,0.22716650922289072,0.8990785395846799,0.7999303932779795,0.6208919604236066,0.7851141053050266,0.3592535507714745,0.8845439931056199,0.8670511609406852,0.4139114005866853,0.8121861482623178,0.7951159283382224,0.7122259235320441,0.871376721523393,0.7452228243756112,0.6969953098327781,0.865485009695222,0.6318301595982697,0.2310197384776015,0.6736521984123038,0.8027726677604866,0.7261969870233183,0.42605114436765623,0.7948341868443296,0.8563781302308623,0.9986327251031673,0.8251794030394937,0.7473110260362287,0.6970698884635145,0.6309849351165913,0.8223454150715127,0.8699265814812973,0.0,0.6722020583702083,0.6427434992293541,0.8040736505411095,0.5264339813387693,0.18005767414110274,0.8645403470392284,0.6768922255920715,0.7969223885049471,0.8687498964185685,0.7053398299607219,0.7282354695967782,0.8600573426805217,0.7900860140207826,0.6706690531828502,0.7348066756161025,0.7846749200351348,0.7166923548616981,0.872081075258125,0.8713021428926565
181,0.4397653259086163,0.11578746747543056,0.5804206234773529,0.6240491224581117,0.4684532391985283,0.65485009695222,0.5859228691227896,0.05646430998193541,0.21009628929879498,0.08521851538805758,0.47915941596645617,0.45062894645254303,0.9634150383665623,0.14503886375312802,0.3477104360363944,0.35796085450537796,0.48331924625863865,0.3966091582558544,0.3606456852118861,0.16081638741112703,0.8939077545202937,0.28639022854207075,0.9607882132617379,0.1580818376174613,0.420664909925587,0.7886524470077397,0.9923349740632096,0.8177463995094384,0.08958550854339642,0.5927012380052703,0.9285702447836393,0.6869603407414773,0.6690614693647559,0.24263743184341802,0.9003298032781452,0.044581448151278624,0.24046636503753793,0.2914035698304579,0.32861830656789137,0.2970964053099985,0.6030428081340427,0.11339266477734133,0.8134291254412569,0.15928338222376892,0.20867929531480467,0.830930244120718,0.46583470060823007,0.0728798952584564,0.20600275112282285,0.5147831419148479,0.7265201610898424,0.06194998259831963,0.22695105984520791,0.416422214488142,0.6208256683073966,0.08201992078092124,0.7645718357944282,0.18042228078025824,0.8015379770960739,0.5689686604020618,0.9313959462370938,0.6343244004706741,0.10141036477236942,0.6433484147897711,0.6877392731069458,0.37465818127579165,0.48620295331377716,0.2293955816304546,0.1063325544009679,0.7986708430699879,0.3594358540910523,0.4232917350304115,0.44025423026566557,0.2390162249954424,0.28329935862377564,0.5427998475281327,0.38541407713087716,0.19724390526856583,0.6383930791030676,0.7804736571703211,0.18427551003496911,0.059861780937702,0.7914864349757206,0.32006662357679116,0.5792853709872553,0.9049122458111669,0.29012744659341383,0.47801587696183234,0.13052917681764709,0.5049470491721773,0.41680339415635004,0.3967583155173271,0.22536833557069225,0.1449642851223919,0.8378909163227763,0.8236215383085567,0.6289878851157626,0.19884320257213406,0.5718689404862527,0.5826248363413381,0.5777937983725285,0.5582956296922389,0.6934818276736439,0.40373556074843797,0.19764165796582644,0.5927426705779015,0.2320306932498053,0.4947960688775087,0.10900081207842349,0.2947430351845406,0.8491440030494374,0.43080760370572924,0.3818177298264803,0.25510863620543944,0.6298662556555461,0.592916687382953,0.5100764016639321,0.4012081738179287,0.3979184275510035,0.8692222277465653,0.7396791461575432,0.8670345879116326,0.09443311954125844,0.2192943204229436,0.33408740615522303,0.3530469513913057,0.39242446842009315,0.03569001806460159,0.23345597374832194,0.12791063822734883,0.3199008932862659,0.6820795836855102,0.8071562339448782,0.6894462950993554,0.22724108785362707,0.1962495235254148,0.10997862079252219,0.27396045675268066,0.8622781285735595,0.4228028306733622,0.36276703293060875,0.6218697691377053,0.07014534546479056,0.575481860819702,0.6097300253567345,0.5048061784252308,0.5764099504466432,0.47397205787301744,0.6509222890667727,0.7589204328875189,0.9405856908467161,0.2708861598634382,0.12653507681598963,0.3399376854107625,0.8239612854041334,0.5557019506455195,0.5988083992111239,0.7845174762591359,0.24427816171961758,0.2301910870249756,0.07301247949087664,0.9492119524685527,0.14014153366810844,0.10711977328096256,0.5775452029367407,0.8985316296259468,0.7580089162896303,0.08308059464028239,0.3542070634249821,0.16568885795256805,0.8416281343741197,0.40562488606042524,0.4640448134705579,0.9970831468867565,0.5308424070667397,0.2734135467939476,0.09536949568272601,0.13424982183993772,0.4021445499593961,0.5269063126667661,0.6722020583702083,0.0,0.1415336681085202,0.3653855715209069,0.8490859974477535,0.6080975819950611,0.5096537894230928,0.04787119441820398,0.38890269974643266,0.5352425462801838,0.08568256020152798,0.8427302408061121,0.657940966870515,0.28736803725616933,0.04589900396095403,0.15061568802930114,0.23241187291801324,0.15870332620693084,0.4295066209251065,0.6380367589784385
182,0.47005253650209655,0.10108719070584538,0.5704188004441573,0.5772717479573741,0.3757354281642056,0.6587033262069308,0.5973996917416597,0.1316727158222709,0.2891744974228939,0.10842904257611163,0.5290525199290674,0.4793500058005602,0.9733671423126005,0.23580934387377983,0.37382124330863964,0.25977394388372366,0.39377517028787357,0.4303601319213113,0.2469215598534944,0.24954838495831888,0.9048045211223256,0.165431976002254,0.9717844180380849,0.1095228624935779,0.31660286050481456,0.7862079252224929,0.9955252821558197,0.8222874094698288,0.11531513614743383,0.5376622085218516,0.9404945391869272,0.6603606291121829,0.6214637299259186,0.3205389549047879,0.9141682825369993,0.12818409320671553,0.12922819403702412,0.16771905401150167,0.39119806427020676,0.3362170403884719,0.5651071446328245,0.2417507747891081,0.808457216725501,0.04242695437445099,0.09933873614080446,0.8310048227514543,0.4846119425247353,0.17553323720976488,0.29245595717529305,0.548036924708729,0.7214239546561925,0.09575067535093384,0.29956578663882394,0.35051127794627024,0.5880690763850909,0.1720197550506306,0.7599811067468802,0.248885463796218,0.8078440146505577,0.5258373522928785,0.941439201842921,0.5934304512835811,0.20627620610218933,0.6055039029483419,0.6739007938480917,0.4166128043222461,0.40856659871724754,0.31191269328295135,0.21941861814083752,0.7940303949352824,0.24682212167917927,0.31642055718523665,0.49196208090952775,0.32425959992707865,0.3538673163294055,0.4573907423059713,0.2697757669169194,0.10805614942242991,0.5855996950562655,0.7645552627653756,0.09161570460233037,0.17812691625648425,0.7924062380881354,0.3959048045211224,0.5087091267670993,0.9173585906296093,0.1674787450902402,0.39310396261124647,0.14293408906345806,0.44851588524834685,0.46432655496445085,0.4571338603556573,0.11695586602363317,0.25621902915195804,0.8393327698503457,0.8287757503438904,0.631581564162482,0.2748554003215168,0.5764182369611695,0.5953280631100947,0.5145014004209549,0.4472811945839341,0.6863139926084292,0.2815094714861035,0.28476607169492363,0.6166575515006879,0.3070650822850892,0.5181971858996669,0.11375727141649672,0.36159863438240614,0.8499229354149058,0.4509852665771723,0.4468834418866736,0.3272427451565323,0.6365203268201329,0.6235022124993785,0.43322726594739724,0.2893568007424716,0.4543578779893601,0.8785031240159765,0.7188468486385258,0.8770695570029335,0.18511244800212134,0.3186662026218532,0.4025754487147616,0.4156681416662523,0.4593215001905898,0.11799996685394187,0.3224282802167753,0.1876729809907356,0.3799366910290194,0.6675864697790816,0.7928288503289747,0.6607583818094434,0.12217637017517702,0.30180314556091425,0.21505162498549857,0.36966141301645694,0.8757768607368369,0.30884668290823514,0.43548119789854,0.5448051840434875,0.07954225293756945,0.5099355309169857,0.6067468801272808,0.5277183910903396,0.6051475828237127,0.5227962014617412,0.6532590861631782,0.7581746465801555,0.9519050696895872,0.3562869785710735,0.08274913405923201,0.4084588740284062,0.8025903644409089,0.5905053116558113,0.5987586801239664,0.7836308192048261,0.32082898291320705,0.30774457647624265,0.1777125905301712,0.9613848423076286,0.23053912063507842,0.1833474204080281,0.59868410149323,0.9116657551500688,0.7636520326820133,0.07957539899567445,0.39806758481247617,0.23673743350072085,0.8399625449543413,0.4484993122192944,0.4996851124480022,0.9981852533187491,0.541250269311722,0.3604550953777822,0.10880193572979335,0.0816138815691344,0.43864664644757123,0.5574006861234029,0.6427434992293541,0.1415336681085202,0.0,0.40946154228608367,0.8515885248346842,0.5098112331990918,0.562795207079998,0.14558577371186132,0.4164636470607732,0.5716617776230962,0.18119292663120046,0.8562455459984422,0.660393775170288,0.34843136280017906,0.13732411872918027,0.28770778435174593,0.33044962627819485,0.26035399990056185,0.49483750145014005,0.6383930791030676
183,0.11853859029814884,0.3691807951739339,0.72351215631681,0.7651353187822139,0.6576923714347271,0.4221564825403139,0.3029466845655381,0.34754470574586915,0.19246258638691394,0.35603009662075935,0.1388074048293806,0.09611528199008956,0.9541672881552562,0.22900611544772043,0.03458791163260899,0.5877293292895143,0.6897197500787219,0.07511725418054682,0.5970516581315567,0.24684698122275806,0.9071496047332571,0.5544424004375279,0.9498997331742323,0.5029914317439799,0.647168497986377,0.8603225111453621,0.9856311838114653,0.8469977957871361,0.3432440047067402,0.7702315252158637,0.9221647690548402,0.8221796847809875,0.7821475331046256,0.1667495318119293,0.9074727787997813,0.37584315285304704,0.5216029433699597,0.5657369197368203,0.05552793384046795,0.09503803510167563,0.7740598949269958,0.26405807189380015,0.8613334659175658,0.4224630835777856,0.5013838479258854,0.8647723694459637,0.13438240607235785,0.3171663434926002,0.1896700309915642,0.18566764447538064,0.8159896584298714,0.35597209101907545,0.16563913886541037,0.6444008021346062,0.7808796963821079,0.2829761845572515,0.8232652181839275,0.18875851439367586,0.8526491986940454,0.7441372909726711,0.9233828866902004,0.7779048376671804,0.2741924791594159,0.7848820828982913,0.7879646663020601,0.035698304579127815,0.6937221365949056,0.17531778783208207,0.27735792770844725,0.8409320671539138,0.5976317141483949,0.612108255025771,0.10738494174580282,0.12715656540545917,0.12390825171116537,0.748023666285487,0.6297419579376523,0.5047978919107046,0.7993006181739837,0.8382140903893005,0.48384129667379305,0.31242645718357953,0.8594109945474735,0.06402161122988437,0.7046851953131474,0.9114254462288073,0.5200285056099703,0.7108586486352111,0.447181756409619,0.686852616052636,0.0537049006446908,0.08539253219310883,0.5268483070650822,0.23928139346028265,0.8736637995326406,0.8569581862477005,0.32581746465801553,0.19353154676080142,0.27727506256318457,0.2634365833043305,0.7155571023716005,0.7473607451233861,0.7941878387112813,0.6470939193556406,0.219750078721888,0.2839954258439814,0.13814448366727994,0.16669981272477186,0.4103233397968147,0.07547357430517565,0.8810636570045908,0.08304744858217716,0.05627372014783161,0.13689321997381465,0.3628996171630289,0.28415286961998043,0.7169078042393808,0.6097051658131556,0.055188186744891565,0.8848423076285653,0.8231160609224548,0.8808316345978555,0.29877856775882927,0.19203168763154843,0.08025489318682799,0.08139014567692537,0.05603341122657002,0.3728268615654884,0.16912776148096587,0.28309219576061917,0.1238585326240077,0.8101642387179104,0.8624355723495584,0.766701470027677,0.5270140373556076,0.23238701337443457,0.2528878503124017,0.2648121447156897,0.8745007374997928,0.648411475165316,0.12028704486318964,0.7553240855831221,0.3663302341769006,0.7669666384925173,0.30802631797013535,0.1647276222675218,0.27689388289497674,0.11500853510996212,0.3975289613682693,0.8310131092659806,0.9303684184358376,0.10599280730539118,0.46261124645751517,0.02988117138169355,0.8937668837733473,0.23922338785859898,0.296698652612738,0.8427799598932697,0.15668970317704956,0.1463398465337511,0.34742869454250147,0.9403785279835596,0.24653209367076023,0.40449792008485386,0.2940138219062297,0.902840617179602,0.8475612787749217,0.3918526989177812,0.08012230895440764,0.21220106398846528,0.8786439947629229,0.08738958219393755,0.14255290939525023,0.9925835694989974,0.22080246606672305,0.1486683571156301,0.3459702679858798,0.4596778203152191,0.067700823679544,0.2003844942740185,0.8040736505411095,0.3653855715209069,0.40946154228608367,0.0,0.8792489103233398,0.7775070849699199,0.1637498135534231,0.3563532706872835,0.06194998259831963,0.23669600092808962,0.27962014617411624,0.8640680157112316,0.4037107012048592,0.10441836954540185,0.36908135699961886,0.30349359452427116,0.16621919488224857,0.23680372561693108,0.10506471767845016,0.3610682974527255
184,0.9496262781948657,0.8763900628117802,0.5335355242877742,0.5649745604004045,0.6789141351364789,0.8843285437279372,0.8747493329355807,0.8811879547224847,0.8703491937221366,0.8433102968229504,0.8880160426921229,0.9091715142776646,0.7662705712723115,0.8695868343857207,0.8840468022340443,0.7437809708480418,0.6934403951010126,0.9456156051641559,0.784169442649033,0.8917615472579924,0.2528132716816651,0.7736621422297354,0.843807487694526,0.8277067899700028,0.7124579459387792,0.270248098244916,0.9850759873382059,0.13429954092709528,0.8834087406155223,0.6604434942574454,0.7394719832943868,0.4267306385588093,0.5310247103863173,0.8820414657186895,0.24083925819121965,0.8551765856245546,0.8559389449609704,0.7824955667147285,0.871509305755813,0.8717579011916008,0.6188783373937254,0.8665954026417408,0.09124281144864843,0.876481214471569,0.815567046189032,0.05975405624886043,0.9166873829529822,0.8408409154941249,0.8801438538921759,0.9228359767314673,0.36647110492384694,0.837020832297519,0.9084671605429325,0.713850080379191,0.5162167089278908,0.8608694211040953,0.2821143870465205,0.868285851605098,0.25215035051956436,0.6417325444571504,0.8141169061469364,0.5727804570841413,0.8867813520277101,0.5780672533518951,0.4460465039195214,0.8769038267124083,0.7120850527850976,0.852955799731517,0.8482490594806014,0.08830109879182624,0.7506587779048377,0.71828336565074,0.8964848605379606,0.882729246424369,0.9212615389714779,0.6742488274581946,0.7337791478148461,0.7868045542683837,0.5414077130877211,0.3070816553141418,0.7984222476342001,0.8437246225492633,0.3174149389283878,0.8684681549246756,0.6153151361474337,0.2366297088118795,0.769692901771657,0.6476242562853212,0.7541556870349194,0.6480220089825818,0.8854637962180348,0.8781219443477685,0.7690714131821874,0.8399625449543413,0.13569996188203315,0.04802863819420278,0.9108453902119691,0.8585574835512687,0.9117403337808052,0.9347022655330715,0.5494870647508245,0.7023069656441108,0.7047432009148312,0.6686802896965479,0.854555097035085,0.885438936674456,0.8737632377069557,0.9191567642818078,0.8434014484827392,0.8897064916554799,0.02847246391222924,0.8772601468370373,0.8830689935199457,0.8991365451863638,0.8883889358458046,0.8976946916587945,0.6875486832728418,0.7525895357894563,0.8811548086643796,0.12814266063408408,0.28761663269195714,0.11650839423921511,0.8742852881221101,0.8710949800295,0.9093869636553473,0.8620792522249292,0.8702829016059266,0.8588723711032666,0.8811050895772221,0.8979515736091086,0.9252059198859776,0.5911848058469646,0.21119010921626158,0.48828286845986835,0.7965163492931604,0.8477187225509207,0.8676395034720497,0.9209963705066375,0.3715673113574969,0.7189297137837882,0.9076053630322014,0.6315898506770081,0.8543562206864549,0.5903644409088649,0.9125606987189049,0.876290624637465,0.8852814928984571,0.8701586038880327,0.8918526989177812,0.31213642917516027,0.7958285685874809,0.8771441356336698,0.828411143704735,0.8830524204908932,0.20142030858980098,0.9219576061916837,0.9122375246523808,0.12008816851455939,0.9173751636586619,0.88773430119823,0.8871045260942343,0.6729727042211505,0.8933857041051393,0.8233812293872952,0.896658877343012,0.18299110028339882,0.27735792770844714,0.8630570609390279,0.8986476408293144,0.8640597291967053,0.17714910754238555,0.8483650706839689,0.9203334493445368,0.994356883607617,0.8548782711016093,0.848655098692388,0.8677969472480485,0.8287840368584167,0.9046056447736953,0.9249158918775585,0.5264339813387693,0.8490859974477535,0.8515885248346842,0.8792489103233398,0.0,0.621223421004657,0.8942640746449229,0.8535772883209864,0.8867150599115001,0.9148063441555214,0.8669020036792126,0.5255390377699332,0.874857057624422,0.8907423059712624,0.8284028571902087,0.8279968179784221,0.871890485424021,0.8339713949518555,0.9432953810968031,0.898316180248264
185,0.8426722352044285,0.5795256799085169,0.21750443328527147,0.16707270587845335,0.18140008949435682,0.8374020119657271,0.8077031439036113,0.6289050199705,0.696605843650044,0.5970765176751355,0.818019854488805,0.8154013158985068,0.9309816205107808,0.6883276156383102,0.7558544225128027,0.29873713518619804,0.14347271250766502,0.8250136727489684,0.35060242960605914,0.7093007839042742,0.6964815459321501,0.3687333233895159,0.9318682775650906,0.469464193970732,0.2582575117254181,0.41539468668688584,0.9823331510300138,0.4652297850478132,0.6150499676825933,0.09870067452228237,0.8757437146787319,0.25423026566565565,0.21687465818127583,0.7432920664909926,0.7350801305954691,0.5873481496213062,0.40854173917366876,0.4005038200831966,0.769187424385555,0.6808117469629924,0.10077230315384744,0.6566731301479971,0.5236082798853148,0.5503654352906081,0.48433020103084246,0.6107078340708332,0.8300933061535657,0.6534828220553871,0.7301330814232918,0.8481993403934438,0.3671920316876315,0.5832546114453339,0.7228906677273406,0.22248462851555373,0.08246739256533919,0.6469364755796416,0.3653524254628018,0.6832562687482391,0.4991133429456901,0.10966373324052436,0.9004126684234078,0.11372412535839183,0.6851373075457001,0.12229238137854459,0.30682477336382774,0.7751868609025672,0.16801736853444704,0.7103117386764779,0.6663020600275114,0.5552876249192065,0.3090206997132866,0.25248181110061474,0.8014633984653375,0.7644226785329555,0.7753608777076186,0.10117005585110772,0.28964682875089076,0.48025323588392255,0.12782777308208626,0.40277432506339184,0.4753641923134291,0.62476176270737,0.47118778899219416,0.7538573725119739,0.06790798654270036,0.7400686123402775,0.3750062148858947,0.1691360479954921,0.5006877807056795,0.10740151477485549,0.7980742140240972,0.7956628382969556,0.43963274167619626,0.6920316876315484,0.6551898440477966,0.5718109348845689,0.8657750377036411,0.6687963008999155,0.8443212515951541,0.8736472265035881,0.08259997679775921,0.11378213096007572,0.4116408956064901,0.2840451449311391,0.6954374451018412,0.8385206914267721,0.7119690415817299,0.8436831899766322,0.5219012578929051,0.7742670577901524,0.6110475811664098,0.8131805300054691,0.7802084887054808,0.7740598949269958,0.835869006778369,0.8498234972405907,0.1026284824077296,0.2862825038532292,0.784998094101659,0.5237077180596298,0.39012081738179283,0.6002171066805879,0.6278774921692438,0.7206284492616716,0.8175060905881768,0.7529541424286117,0.7906909295811996,0.5631183811465221,0.7303816768590795,0.6897114635641957,0.8006430335272379,0.26690863289083344,0.5199373539501815,0.14976217703309636,0.4401962246639818,0.7085218515388059,0.6372909726710752,0.8011070783407084,0.7184159498831602,0.24702928454233586,0.824491622333814,0.061303634465271206,0.575224978869388,0.04777175624388863,0.8671340260859478,0.7965494953512654,0.8395067866553971,0.8094433119541259,0.8408657750377038,0.41779777589950107,0.8918526989177812,0.7589701519746764,0.530121480302955,0.7472364474054924,0.5304529408840054,0.8673660484926831,0.8589386632194767,0.47881966887087957,0.7955634001226405,0.764662987454217,0.5972588209947132,0.8597673146721028,0.6762624504880757,0.5951871923631483,0.83054906445251,0.7118115978057309,0.4069258688410481,0.5701619184938431,0.8039576393377418,0.6702961600291685,0.5369578547871194,0.7500207162863157,0.8284608627918925,0.9863769701188287,0.7937735129849683,0.7222526061088185,0.6159366247369031,0.5614196456686389,0.7822221117353619,0.8513482159134225,0.18005767414110274,0.6080975819950611,0.5098112331990918,0.7775070849699199,0.621223421004657,0.0,0.8444786953711529,0.5877956214057244,0.7611909378677141,0.8431031339597939,0.644268217902186,0.7364308324632494,0.8387692868625599,0.7580586353767877,0.5833954821922803,0.6824193307810869,0.7381047083975538,0.6628300104410083,0.867937817994995,0.85133164288437
186,0.15919223056398013,0.5170039278078855,0.7985051127794627,0.8468154924675583,0.7430517575697311,0.2891413513647889,0.17757171978322472,0.48843202572134103,0.3421418982747477,0.4932630636901507,0.07156233944878099,0.1093985647756841,0.9520956595236912,0.3911814912411542,0.17797775899501156,0.7098891264356386,0.7858681781269163,0.17067733969737653,0.6894297220703027,0.4004292414524603,0.9175408939491871,0.686214554434114,0.9446543694791099,0.6448317008899718,0.7311523227100218,0.8958799449775436,0.9711795024776679,0.8900462387510566,0.4798057640995045,0.851936558444787,0.9244104144914567,0.8611594491125143,0.8442300999353652,0.31424949037935657,0.9086577503770366,0.5230116508394239,0.648220885331212,0.6938795803709044,0.21277283349077725,0.24025920217438146,0.8510499013904772,0.4131821873083743,0.8866156217371849,0.5432887518851821,0.6523641425943421,0.8797295281658629,0.11335123220471,0.4720910190755565,0.3521520078224698,0.08861598634382395,0.85656043355044,0.477974444389201,0.3201163426639486,0.7308622947016027,0.859013241850213,0.44082599976797754,0.8743350072092677,0.34922686819469995,0.877947927542717,0.8301264522116708,0.9243441223752467,0.8491357165349112,0.42315086428346504,0.8503786937138501,0.8393244833358193,0.1502676544191981,0.7712921990752251,0.32392813934602827,0.43206715391372086,0.8524171762873101,0.703649380997365,0.7154908102553904,0.10993718821989096,0.29061635095046323,0.251943187656408,0.8435920383168432,0.7477584978206466,0.6439616168647144,0.8514559406022639,0.8646480717280698,0.6242645718357944,0.464525431313081,0.8945789621969208,0.22840119988730345,0.7960854505377948,0.9117486202953314,0.6576675118911484,0.8041399426573195,0.5925603672583237,0.7559787202306966,0.1379787533767547,0.15877790483766718,0.6615787467475431,0.3921012943535691,0.8918609854323075,0.8913389350171531,0.19078042393808303,0.3543065015992972,0.14904953678383803,0.13086063739869758,0.8156913439069259,0.8361838943303668,0.8401862808465503,0.74748504284128,0.3731914682046438,0.14359701022555904,0.3002949999171348,0.14604981852533183,0.5617511062496894,0.22942044117403337,0.8963191302474354,0.09444140605578477,0.1491904075307845,0.2692288569581862,0.2183993768541076,0.155040686786324,0.8114569349840071,0.72459768971975,0.13061204196290954,0.8977526972604783,0.867714082102786,0.8955401978819669,0.4577470624306005,0.35382588375677426,0.20284558908831762,0.17657733804007358,0.1331725749515239,0.5139793500058005,0.32613235221001347,0.42223106117105025,0.24447703806824772,0.8527403503538342,0.8741692769187425,0.8402194269046555,0.6365617593927642,0.3735643613583255,0.41432572631299824,0.39557334394007193,0.8861432904091882,0.738204146571869,0.16645950380351016,0.8362418999320506,0.5306766767762143,0.8252291221266511,0.17822635443079926,0.09841893302838955,0.1357165349110857,0.1053878917449742,0.2419579376522647,0.8688990536800412,0.9314208057806725,0.25484346774059885,0.589825817464658,0.18764812144715703,0.9192810619997017,0.10984603656010206,0.16752846417739764,0.8778816354265069,0.29445300717612155,0.2976764613268368,0.5048890435704936,0.9220819039095776,0.3911234856394703,0.5161918493843118,0.1591507979913489,0.9037935663501219,0.8858449758862428,0.5177082815426175,0.18180612870614354,0.37477419247915944,0.8747244733920019,0.14446709425081616,0.10651485772054559,0.9749995856742737,0.13910571935232596,0.296856096388737,0.4872221946005071,0.6031588193374104,0.13847594424833032,0.08398382472364485,0.8645403470392284,0.5096537894230928,0.562795207079998,0.1637498135534231,0.8942640746449229,0.8444786953711529,0.0,0.4860869421104096,0.148792654833524,0.11081555875967453,0.4304595700956264,0.8764563549279902,0.25287956379787535,0.25959164056414585,0.5184706408790335,0.4227945441588359,0.3052503356038383,0.3897976433152688,0.17914615754321428,0.21491904075307833
187,0.4416712242496561,0.08593944215184202,0.5746200633089709,0.6361971527536088,0.4420358308888116,0.6534579625118083,0.5905716037720214,0.05000082865145261,0.19031637912461263,0.07601219774938262,0.48405674605147575,0.4433865327565919,0.9584845622234376,0.13596513034687352,0.3476441439201843,0.348050183131971,0.4656938298612838,0.3944546644790268,0.3596927360413663,0.14695304860869418,0.8915212383367308,0.28317506090588174,0.9505460813072806,0.1643298695702613,0.40467193688990544,0.7923316594573991,0.9840070269643183,0.8245579144500241,0.08035433136114278,0.5903727274233912,0.9251313412552413,0.6678764977875007,0.6646198975786806,0.22963589055171607,0.8981835960158439,0.0414159996022474,0.22065330880525036,0.28382140903893016,0.30967533436086114,0.29515736091085376,0.6135003894661827,0.13166442930774447,0.8256185883093853,0.15275360877707622,0.18288337559455736,0.8348994845787965,0.4683620875387394,0.07974112928619959,0.20263013971063482,0.5145594060226387,0.7210096289298795,0.06507399857471963,0.22698420590331292,0.4072904754802035,0.6235270720429573,0.0837600888314356,0.775435456338355,0.19249573244501894,0.811614378760006,0.5730787716070866,0.9270372395962811,0.6366446245380268,0.10528016705613286,0.646754172260064,0.6932249457233298,0.36454034703922833,0.4684200931404233,0.20893617726511882,0.09064618240275779,0.7983973880906214,0.35715706259633073,0.4045393526574852,0.4551202373257761,0.23995260113690975,0.2872685990818542,0.5333946535408277,0.3776661860488242,0.17996652248131395,0.6198147135351929,0.755290939525017,0.16130529176817643,0.06537231309766478,0.8036344652712176,0.30140539286365375,0.5731284906942442,0.9004458144815128,0.2897131208671009,0.4774772535176254,0.12081738179287038,0.5056182568488043,0.4091383682195595,0.388181772982648,0.21433898473624013,0.1402492583569499,0.8444869818856793,0.8322146538722883,0.6471436384427982,0.17835065214869317,0.5723329852997233,0.5878702000364606,0.5775203433931619,0.5279504134970749,0.6828833755945574,0.3825386565902651,0.1818227017351961,0.6032168249390941,0.2312351878552843,0.5025439599595618,0.0789124778335738,0.3037173304164801,0.8512736372826862,0.43182684499245927,0.37147615969770786,0.2555975405624886,0.6249357795124215,0.6125805863537679,0.4961053381726579,0.3834336001591011,0.4069838744427319,0.8682278460034141,0.7357513382720959,0.8653109928901705,0.08513565024279479,0.2139578050680323,0.33121198561461074,0.33899302275476884,0.3901208173817927,0.054442400437528016,0.22788743598667538,0.14056414590894784,0.304827723362999,0.6820878702000365,0.80664247004425,0.6847395548484396,0.20388968991862644,0.18533618389433038,0.12106597722865797,0.3054077793798372,0.8576211074098012,0.4071661777623097,0.3551185800228708,0.5927509570924279,0.07094085085931157,0.553323720976483,0.6181491241154147,0.5041929763502876,0.5684217504433287,0.4670611047581166,0.6529276255821276,0.7574371467873183,0.9339067601385506,0.2726594739720578,0.14391189777755686,0.3302590364440908,0.8272841777291636,0.5743466083296044,0.6086030593811631,0.7869785710734352,0.24322577437478232,0.21322859178972142,0.057152090687615176,0.9392598485225145,0.12994083428628256,0.1201213145726645,0.5764513830192743,0.8884386549329621,0.762143887038234,0.08772932928951438,0.3360430235834203,0.15649911334294564,0.8411889491042278,0.4062878072225261,0.4712955136810355,0.9889955087091268,0.5353917035416563,0.2584646745885745,0.09283382223769043,0.1318798786854274,0.4096272725766088,0.5272294867332903,0.6768922255920715,0.04787119441820398,0.14558577371186132,0.3563532706872835,0.8535772883209864,0.5877956214057244,0.4860869421104096,0.0,0.39895424186678596,0.5535640298977444,0.09189744609622319,0.8372942872768856,0.6593662473690316,0.2638343360015909,0.06711248114817958,0.17911301148510916,0.22965246358076863,0.15865360711977328,0.4228359767314672,0.637034090720761
188,0.06873663799532637,0.37012545782992756,0.7199903876431496,0.7643978189893768,0.6570957423888364,0.410207328593447,0.2599313876597227,0.3616814995276687,0.23353883889358462,0.3604550953777821,0.10314224630835778,0.08147301082218805,0.9613848423076286,0.2654667793632641,0.0697558792820564,0.5998690730704851,0.6667246722683505,0.08792820563814441,0.5848124761762707,0.26685062728914966,0.9117071877227001,0.551542120353337,0.9564377931354514,0.5036294933625018,0.6475331046255325,0.8509007441290045,0.9894181209499661,0.8530469513913058,0.35596380450454923,0.7443361673213014,0.9279156101360646,0.8247816503422332,0.7805730953446361,0.20521553224282807,0.920026848307065,0.40167221863139935,0.5126783672251778,0.5498599579045063,0.10653143074959814,0.14253633636619756,0.7656242231392631,0.2867134026085949,0.8620709657104029,0.413298198511742,0.5162001358988383,0.8606539717264126,0.10185783655678748,0.345754818608197,0.22223603307976592,0.16897860421949318,0.8101145196307529,0.3572647872851722,0.20445317290641207,0.6286729975637647,0.7724605976234277,0.3284360032483137,0.8182684499245927,0.21957606191683654,0.8568007424717016,0.7203715673113575,0.9323488954076137,0.7766038548865576,0.30814232917350304,0.7778219725219179,0.7850726727323953,0.05361374898490201,0.6944099173005851,0.22122507830756233,0.32180679162730574,0.8487213908085981,0.5953943552263047,0.609556008551683,0.07034422181342082,0.16333548782711005,0.14375445400155784,0.7296027444936111,0.6367357761978156,0.5088665705430981,0.7937983725285471,0.8343525746200634,0.484222476342001,0.33865327565919223,0.8607285503571488,0.1159531977659557,0.7068479756045012,0.9210212300502163,0.5223901622499545,0.6989426407464492,0.46321616201793203,0.6670727058784534,0.08836739090803625,0.10630769485738911,0.5191418485556605,0.2752200069606723,0.880176999950281,0.8651204030560666,0.28559472314754974,0.24957324450189766,0.21600457415601848,0.21549909676991663,0.7123750807935167,0.7384941745802881,0.7911549743946702,0.6570874558743103,0.26638658247567915,0.24176734781816078,0.17569896750029002,0.12038648303750477,0.46251180828319993,0.11756078158405003,0.8818757354281643,0.08527652098974114,0.06006065728633203,0.16553141417656914,0.3170503322892324,0.2520426258307231,0.7023152521586371,0.6061668241104428,0.0563648718076204,0.9001723595021462,0.8161885347785015,0.8947612655164985,0.3285022953645238,0.22448167851638257,0.11660783241353023,0.10141865128689576,0.07974112928619959,0.37253683355706935,0.2013374434445384,0.2899368567593099,0.13563366976582314,0.7912875586270903,0.8658247567907987,0.7693863007341852,0.5216278029135385,0.26372661131274977,0.2803990785395847,0.27150764845290776,0.8787517194517642,0.6566234110608395,0.11550572598153774,0.7731815243872123,0.39422264207229163,0.7646961335123221,0.2696846152571305,0.12571471187788985,0.24562886358739788,0.11795024776678431,0.35397504101824695,0.8210775783489949,0.9419032466563914,0.14846948076699984,0.4773612423142578,0.07219211455277685,0.8942557881303966,0.21317887270256386,0.2422065330880525,0.8443046785661016,0.18952087373009174,0.1802234044316281,0.38442798190225225,0.9502063342117039,0.2625499262500208,0.40841744145577497,0.250352176867366,0.9142677207113143,0.853055237905832,0.4014236231956114,0.10724407099885647,0.24225625217521007,0.886839357629394,0.07656739422264203,0.11495052950827822,0.9951192429440329,0.1776214388703824,0.18739952601136922,0.3558892258738129,0.46570211637580994,0.029342547937486807,0.16756989675002898,0.7969223885049471,0.38890269974643266,0.4164636470607732,0.06194998259831963,0.8867150599115001,0.7611909378677141,0.148792654833524,0.39895424186678596,0.0,0.19044067684250654,0.2988531463895656,0.8730008783705399,0.37217222691791374,0.14163310628283532,0.40430733025074994,0.32824541341420965,0.20536468950430065,0.29516564742538,0.11040951954788769,0.31115033394653546
189,0.163807819155107,0.5325577155736754,0.8039079202505843,0.8463597341686141,0.7659556837203136,0.2458525994796068,0.11343409734997278,0.5234011170221582,0.40139876365203264,0.5206085616268086,0.09560980460398738,0.14523774010175838,0.9675334360861135,0.4469083014302524,0.2388007756177596,0.7368948772767199,0.7911715474237226,0.22364474054923011,0.702248960042427,0.43763569167536753,0.9366330234176901,0.6899849185435623,0.9649314705248679,0.6561842257909478,0.7603954324731932,0.9036195495450704,0.9853825883756775,0.9049702514128508,0.4996353933608446,0.8460282735875636,0.9454747344172095,0.8821657634365834,0.8489699862443859,0.3762989111519913,0.9395581630454599,0.5497025141285072,0.6451383019274433,0.6963323886706774,0.27693531546760797,0.32414358872371096,0.8443212515951541,0.4622383533038332,0.9045227796284327,0.539559820348365,0.662564841976168,0.9014319097101378,0.10533817265781664,0.5099686769750906,0.40488738626758813,0.11558030461227409,0.8742107094913738,0.5170950794676744,0.3682444190324665,0.7394719832943867,0.8636122574122873,0.49088483402111405,0.8845522796201462,0.404787948093273,0.8977858433185834,0.8323803841628135,0.9457896219692074,0.8440063640431562,0.4758945292431098,0.8506355756641641,0.8512239181955286,0.22163111751934905,0.8042393808316346,0.39738809062132285,0.48892093007839044,0.8816851455940603,0.7109580868095262,0.7278128573559389,0.1588441969538773,0.3230249092626659,0.2961185965958999,0.8390758879000315,0.7694691658794478,0.6533833838810719,0.8683687167503605,0.8906180082533685,0.6404481347055802,0.5168547705464127,0.8994514327383616,0.2956959843550606,0.8100150814564377,0.940295662838297,0.6625897015197468,0.809128424402128,0.6245463133296874,0.7522580752084059,0.20150317373506366,0.2194683372279953,0.6711579575398996,0.434718838562124,0.9181872420822355,0.9072490429075724,0.1209499660252904,0.42283597673146733,0.04468917284011997,0.048244087571885585,0.8257511725418055,0.8308059464028241,0.8563864167453886,0.7745322262549927,0.4401962246639819,0.09480601269494038,0.3548534115580304,0.13003198594607135,0.609232834485159,0.2854289928570244,0.917184573824558,0.16818309882497218,0.2088698851489087,0.3172657816669152,0.15240557516697328,0.11309435025439607,0.8145726644458808,0.749937851141053,0.1961252258075208,0.9264820431230216,0.8839970831468869,0.9245429987238768,0.4924261257229984,0.42168415121231706,0.24993785114105305,0.24614262748802607,0.20906876149753895,0.5271466215880277,0.39128921592999555,0.43684018628084653,0.28027478082169077,0.8657833242181674,0.9023185667644475,0.8491605760784899,0.6662440544258275,0.4389698205140954,0.44698288006098874,0.4119806427020667,0.9096272725766089,0.761124645751504,0.2093587895059581,0.8394570675682396,0.5490810255390377,0.8442632459934702,0.11063325544009683,0.1339349342879398,0.09860952286249358,0.18806244717346987,0.18071230878867728,0.8836324765077314,0.9528911649182121,0.32440875718855133,0.6128126087605033,0.25143771027030615,0.9341885016324434,0.11762707370026027,0.06933326704121723,0.891653822569151,0.3389267306385588,0.3540247601054045,0.5570775120568787,0.956106332554401,0.4385803543313611,0.5582293375760288,0.08702497555478195,0.9365750178160063,0.9003380897926714,0.5555196473259417,0.23411060839589648,0.41987769104559236,0.913488788345846,0.2139246590099273,0.09800460730207639,0.9901970533154345,0.12809294154692652,0.35443908583171746,0.5021462072623014,0.6211654154029732,0.17179601915842158,0.09796317472944538,0.8687498964185685,0.5352425462801838,0.5716617776230962,0.23669600092808962,0.9148063441555214,0.8431031339597939,0.11081555875967453,0.5535640298977444,0.19044067684250654,0.0,0.48022837634034377,0.9023019937353951,0.20487578514725135,0.3133131142378893,0.5671041946336532,0.47832247799930383,0.37992840451449306,0.46189860620825673,0.22230232519597615,0.13864167453885545
190,0.35544175408939493,0.12739687432672064,0.6333300187275228,0.6575017816006232,0.5256301894297222,0.6189777755680406,0.5323091201378876,0.07737947264621559,0.12085052785097528,0.11016092411209999,0.4010673030709824,0.36870846384593714,0.9657849815210726,0.060972173884220826,0.270911019407017,0.41297502444521783,0.5213212018760669,0.3139843219145164,0.4043487628233813,0.08197848820828979,0.8958633719484911,0.34065032566002085,0.9633238867067734,0.21811763536021478,0.46491489749581527,0.8164537032433418,0.9936525298728849,0.8338222376903827,0.09302441207179435,0.6486600706011039,0.9288271267339532,0.7693863007341852,0.6998873034024429,0.1629211621007972,0.912917018843534,0.11527370357480238,0.2883375594557418,0.34628515553787775,0.23624024262914545,0.22068645486335536,0.6626311340923781,0.04483004358706644,0.8358441472347902,0.1904655363860852,0.2645055436782181,0.8363993437080495,0.3868310711148676,0.06322610583536337,0.12905417723197266,0.4311556373158322,0.7616798422247634,0.1223255274366496,0.1472927957042709,0.5071429755216361,0.6554715855416895,0.029848025323588434,0.7850975322759741,0.10156780854836844,0.816909461542286,0.6247451896783175,0.9337741759061304,0.6816403984156184,0.03376754669450921,0.6913853394985001,0.7251943187656408,0.29098924410414495,0.5323008336233614,0.15296905815475892,0.0431395946237092,0.8221631117519349,0.4034621057690714,0.47940801140224387,0.3749730688277897,0.1521984123038168,0.2045857571388323,0.6200384494274018,0.4363927144964286,0.2638923416032748,0.7191534496759973,0.7973781468038914,0.24648237458360267,0.06251346558610504,0.8200831966058437,0.2438886955368833,0.6306369015064883,0.9072158968494672,0.3104956992989609,0.5646016672467227,0.20309418452410555,0.5742223106117106,0.3312285586436632,0.31461409701851206,0.2761729561311921,0.09077048012065181,0.8505112779462702,0.8347088947446926,0.5516747045857571,0.11687300087837049,0.4994199439831617,0.5073252788412138,0.6273471552395631,0.5817713253451333,0.7342431926283167,0.45694327052155326,0.1098874691327334,0.5204428313362834,0.15708745587431006,0.4114585922869124,0.16937635691675368,0.2137092096322445,0.8680289696547838,0.3513565024279488,0.2995740731533503,0.1703044465436948,0.5907953396642305,0.5194898821657634,0.5713137440129933,0.4524602661628465,0.3312948507598733,0.8859692736041367,0.7765707088284526,0.8598916123899965,0.039750410182469054,0.1503339465354082,0.24958153101642377,0.26338686421717283,0.31601451797345004,0.08912146372992602,0.14663816105669625,0.08411640895606476,0.23081257561444513,0.7330582210510614,0.8324466762790235,0.7245396841180662,0.29050862626162177,0.11350867598070913,0.03671754586585785,0.23490611379041748,0.8714927327267605,0.45826082633122855,0.28329935862377564,0.6746300071264026,0.11518255191501359,0.6322361988100567,0.548227514542833,0.4266560599280731,0.5287210593480172,0.390443991448317,0.5814067187059779,0.7896219692073121,0.9431047912626991,0.1898771938547208,0.20313561709673666,0.26804388538093105,0.853146389565621,0.4812890501997049,0.5258787848655099,0.8082583403768707,0.1590845058751389,0.1448151278609191,0.09487230481115039,0.9525099852500042,0.05821276454697644,0.14991962080909516,0.5184623543645073,0.9067518520359966,0.8086478065596049,0.151121165415403,0.2696514691990255,0.08355292596827923,0.8630404879099753,0.3356369843716336,0.3903196937304232,0.9979035118248563,0.459072904754802,0.18279222393476857,0.09578382140903896,0.1990669384643431,0.31838446112796037,0.4445217852466895,0.7053398299607219,0.08568256020152798,0.18119292663120046,0.27962014617411624,0.8669020036792126,0.644268217902186,0.4304595700956264,0.09189744609622319,0.2988531463895656,0.48022837634034377,0.0,0.8580188601070617,0.5937619118646316,0.20036792124496594,0.1265267903014634,0.14252804985167133,0.15551301811432094,0.08568256020152798,0.3488125424683869,0.5698636039708977
191,0.9357877989360116,0.8658413298198512,0.7188302756094732,0.7490429075722169,0.7426540048724706,0.866056779197534,0.8549859957904506,0.8813702580420624,0.8514642271167903,0.8271433069822172,0.8730174513995923,0.8942723611594492,0.5494870647508245,0.8485970930907042,0.8663799532640581,0.7984553936923052,0.7670743631813587,0.9332024064038185,0.8096339017882298,0.8832678698685759,0.23320737831253413,0.8337808051177514,0.6264522116707272,0.8367308042891,0.7590861631780441,0.5414905782329837,0.9395167304728286,0.4021114039012911,0.8584414723479011,0.7861582061353354,0.5127778053994929,0.6510963058718242,0.7125408110840419,0.8622118364573493,0.2563598998989046,0.8445449874873631,0.8697774242198247,0.8389433036676114,0.8525580470342565,0.8537678781550905,0.7452228243756112,0.8497074860372231,0.5669301778286018,0.8716750360463382,0.8539501814746682,0.39171182817083483,0.9029566283829696,0.8328278559472315,0.8670594474552114,0.9121049404199606,0.6578083826380948,0.8454067849980941,0.8967914615754322,0.7801753426473756,0.7221863139926086,0.8612423142577769,0.6526790301463399,0.8553588889441324,0.6364208886458178,0.7689305424352408,0.6983874442731899,0.725426341172376,0.8636205439268135,0.7307048509256038,0.6577752365799897,0.8582508825137971,0.7588541407713087,0.8312285586436633,0.828220553870631,0.5542766701470028,0.8084489302109747,0.7517360247932515,0.8799615505725982,0.875461973184839,0.9035201113707553,0.7880558179618489,0.7955219675500091,0.7957871360148494,0.696539551533834,0.5179817365219841,0.8110591822867466,0.8357032764878437,0.7289398233315103,0.8501135252490097,0.6964649729030975,0.2599479606887751,0.8266129700525365,0.7491340592320058,0.7682261887005088,0.746590099272444,0.8726942773330681,0.8649546727655414,0.8026980891297503,0.828759177314838,0.18400205505560252,0.29785047813188825,0.9016805051459256,0.8414209715109631,0.8975538209118481,0.9182203881403403,0.6922719965528099,0.7654999254213692,0.7864730936873333,0.7258820994713204,0.8362087538739456,0.8678798123933111,0.8637365551301812,0.9083511493395648,0.8298861432904092,0.8806990503654353,0.535855748355127,0.8582094499411658,0.868004110111205,0.8826380947645802,0.868070402227415,0.88773430119823,0.7795704270869587,0.7831087687896717,0.8621621173701918,0.40945325577155733,0.6241734201760055,0.5568537761646697,0.8816602860504815,0.8535358557483552,0.8964600009943818,0.8401945673610766,0.8483153515968114,0.8487545368667032,0.8602147864565207,0.8799201179999669,0.9049619648983245,0.7188054160658943,0.48412303816768587,0.7202969886806212,0.7805896683736887,0.8198014551119508,0.8543893667445599,0.9070418800444158,0.08296458343691482,0.7792141069623295,0.8879663236049653,0.7011551401249606,0.8481910538789175,0.6964483998740449,0.9025340161421302,0.8518868393576294,0.8653441389482757,0.850693581265848,0.8705563565852931,0.5836357911135419,0.6122159797146125,0.8558477933011817,0.8450007457863074,0.8745836026450554,0.6127131705861881,0.9124198279719585,0.8970814895838513,0.5858814365501583,0.9023434263080263,0.8670843069987901,0.86892391322362,0.20080710651485778,0.8764232088698852,0.7942044117403337,0.88040073584249,0.2845754818608197,0.5504483004358707,0.8759923101145197,0.8815194153035351,0.8570576244220156,0.5721423954656193,0.8281376887253684,0.9073236215383086,0.9869238800775618,0.8283531381030511,0.8279139528331594,0.8574056580321185,0.8341619847859594,0.886201296010872,0.913869968014054,0.7282354695967782,0.8427302408061121,0.8562455459984422,0.8640680157112316,0.5255390377699332,0.7364308324632494,0.8764563549279902,0.8372942872768856,0.8730008783705399,0.9023019937353951,0.8580188601070617,-2.220446049250313e-16,0.8528977941298331,0.8713104294071828,0.813495417557467,0.7991017418253534,0.8456470939193557,0.8181938712938563,0.9354729113840137,0.881676859079534
192,0.34904456487512225,0.6336283332504682,0.8073716833225609,0.8395979383151859,0.7426208588143655,0.0990487081323852,0.12588872868294132,0.6538474286945425,0.536874989641857,0.6090256716220024,0.26525961650010776,0.34396493147052487,0.9367490346210577,0.5768242761729562,0.38985564891695257,0.755672119193225,0.8054989310396261,0.4147731980974163,0.77859261837286,0.5905964633156002,0.8984901970533155,0.7500704353734732,0.9282885032897463,0.7255009198031124,0.7722865808183762,0.8798538258837568,0.9616914433451001,0.8725534065861218,0.628457548186082,0.844354397653259,0.9052437063922173,0.8431611395614778,0.8390510283564527,0.5461641724257942,0.8870879530651818,0.6763204560897595,0.7586552644226786,0.7592684664976218,0.4333681366943436,0.49032963754785464,0.842755100349691,0.5928918278393742,0.8697442781617197,0.6435307181093488,0.7294370142030859,0.8600490561659955,0.2958202820729545,0.6206765110459238,0.533817265781667,0.2695271714811316,0.8422164769054841,0.631134092378064,0.5304612273985316,0.7612406569548718,0.8472215316793451,0.6209913985979219,0.8597756011866289,0.5592485788627588,0.8607616964152539,0.8283531381030511,0.9044067684250651,0.8434511675698968,0.5960655629029318,0.8449344536700973,0.8322643729594458,0.3827209599098427,0.779106382273488,0.5022207858930376,0.5948805913256766,0.8301927443278809,0.7537662208521851,0.7398200169044896,0.342630802631797,0.4714446709425082,0.4604567526806874,0.8356369843716336,0.7999303932779794,0.7250865940767994,0.834087406155223,0.8393244833358193,0.7075771888828122,0.632600805449212,0.881867448913638,0.44680057674141105,0.7941464061386501,0.890982614892524,0.7199406685559919,0.8002867134026086,0.6920068280879696,0.7475181888993851,0.3730423109431711,0.36693514973731745,0.7402592021743815,0.5406867863239364,0.8732577603208539,0.8735892209019043,0.1587779048376673,0.5620577072871609,0.18956230630272297,0.1926946087936492,0.816586287475762,0.828253699928736,0.835744709060475,0.7940469679643349,0.5545169790682642,0.14129335918725872,0.5162084224133645,0.32554400967864894,0.6788809890783739,0.44447206615953194,0.8784368318997663,0.3210610053199423,0.3762326190357812,0.4662075937619118,0.07753691642221439,0.1759144168779727,0.8145395183877758,0.7684167785346128,0.36371998210112855,0.8745421700724242,0.8524917549180464,0.8720313561709674,0.6086859245264258,0.5522381875735428,0.4230182800510448,0.37603374268715095,0.34713866653408254,0.6661611892805648,0.5411011120502496,0.562795207079998,0.44471237508079364,0.8465254644591392,0.8513482159134225,0.8421418982747477,0.7089361772651187,0.5478877674472563,0.5950463216162019,0.5665821442184988,0.8658164702762724,0.7802002021909545,0.3659739140522713,0.8240027179767646,0.6591093654187177,0.8067916273057227,0.1595485506886093,0.2776396692023402,0.1518918112663451,0.327648784368319,0.0679162730572268,0.8497820646679595,0.9114254462288073,0.45262599645337176,0.7158139843219145,0.4281559190573261,0.902840617179602,0.2289066772734053,0.16573029052519928,0.8581597308540082,0.4908351149339565,0.5112116541540297,0.701486600706011,0.8935100018230332,0.5626957689056828,0.6185551633272013,0.1277200483932448,0.880657617792804,0.8694128175806692,0.6768507930194402,0.3883640763022258,0.5650325660020883,0.8393079103067668,0.3389515901821376,0.28455890883176715,0.9662075937619119,0.23217156399675176,0.4837418584994778,0.6227895722501202,0.7162283100482275,0.35975902815757643,0.24715358226022965,0.8600573426805217,0.657940966870515,0.660393775170288,0.4037107012048592,0.874857057624422,0.8387692868625599,0.25287956379787535,0.6593662473690316,0.37217222691791374,0.20487578514725135,0.5937619118646316,0.8528977941298331,0.0,0.4893766883773347,0.6508725699796152,0.5522796201461742,0.5000662921162101,0.5778352309451599,0.42042460100432555,0.1246871840766337
193,0.19137705298397378,0.28844528414458304,0.71414010838761,0.7573128490694245,0.6437047349144003,0.5060988746913273,0.3849914648900379,0.2620858814365501,0.10118662888016039,0.2891910704519466,0.23440063640431574,0.1804057077512058,0.9642105437610833,0.14170768491357166,0.0961898606208258,0.5623311622665275,0.6616616118928057,0.1328079683123684,0.5727970301131937,0.14139279736157384,0.920341735859063,0.49765491638906845,0.9593380732196424,0.42091350536137495,0.6091748288834751,0.8625018644657684,0.9865841329819852,0.8580520061651669,0.25839009595783813,0.7416927691874244,0.930956760967202,0.8221631117519349,0.7726677604865841,0.06849632907406478,0.9182286746548667,0.302176038714596,0.4525182717645304,0.515586933823895,0.060085516829911034,0.07036079484247337,0.7568156581978488,0.18232817912129795,0.8701171713154013,0.3538673163294055,0.4222144881419978,0.874823911566317,0.2182170735345299,0.2538988050846053,0.1122491257727175,0.250252738693051,0.8161968212930278,0.2906329239795158,0.07967483716998958,0.6103017948590463,0.7566747874509023,0.21274797394719824,0.8180364275178574,0.10549561643381566,0.8612340277432506,0.7250534480186944,0.9365833043305325,0.7576111635923698,0.1905484015313479,0.7734384063375264,0.784360032483137,0.11507482722617213,0.6566979896915759,0.08551682991100285,0.20461890319693732,0.8499477949584846,0.5637398697359917,0.5968942143555578,0.20015247186728313,0.06861234027743235,0.10202356684731262,0.7316329405525448,0.583735229287857,0.43218316511708843,0.7734301198230001,0.8504284128010077,0.4167288155256136,0.23430948474452673,0.8620046735941929,0.06054127512885543,0.7031439036112631,0.9235900495533569,0.4808001458426556,0.6642138583668937,0.37658065264588414,0.6739173668771442,0.1382273488125424,0.1386499610533818,0.46083793234889536,0.1782677870034306,0.8824143588723711,0.8652861333465918,0.40424932464906616,0.10715291933906756,0.355731782097814,0.34466099869073075,0.699506123734235,0.7187474104642106,0.7917764629841397,0.6245711728732661,0.12339448781053697,0.3769121132269345,0.057442118696033995,0.25042675549810234,0.3633388024329207,0.048973300850196355,0.8920598617809377,0.16489335255804694,0.1335703276487843,0.09315699630421459,0.42649032963754785,0.3649629592800676,0.6958683438572069,0.587812194434777,0.1506985531745637,0.9052768524503224,0.8170503322892325,0.8958219393758597,0.20226553307147954,0.10368086975256463,0.09783059049702525,0.12065993801687136,0.14048956727821138,0.2911964069673014,0.07623593364159165,0.2105520475977395,0.08613831850047238,0.8073385372644558,0.8689984918543563,0.7697923399459718,0.46490661098128894,0.14837004259268471,0.1702713004855898,0.18783042476673462,0.8846600043089876,0.6166078324135302,0.15379770960738504,0.7513299855814648,0.3015794096687051,0.7500952949170521,0.3759343045128358,0.2619035781169724,0.3717247551334958,0.19224713700923113,0.4798969157592934,0.8334327715076485,0.9421932746648105,0.05878453404928796,0.37591773148378327,0.0857157062596332,0.8981421634432126,0.32036493809973643,0.38194202754437423,0.8479424584431297,0.11921808448930227,0.071620345050465,0.25094880591325675,0.9505295082782281,0.15912593844777,0.3376257478579361,0.37239596281012277,0.9152372429108869,0.8429622632128474,0.3216742073948855,0.10671373406917573,0.1221432241170719,0.887825452858019,0.16845655380433877,0.2206947413778817,0.9912908732329008,0.30841578415286963,0.0807852301165084,0.2682096156714563,0.3805830391620677,0.15195810338255522,0.2750377036410946,0.7900860140207826,0.28736803725616933,0.34843136280017906,0.10441836954540185,0.8907423059712624,0.7580586353767877,0.25959164056414585,0.2638343360015909,0.14163310628283532,0.3133131142378893,0.20036792124496594,0.8713104294071828,0.4893766883773347,0.0,0.30230033643248966,0.22712507665025938,0.085806857919422,0.1586950396924045,0.15713717496146762,0.4456238916786821
194,0.4605644773695289,0.07694028737632397,0.566109812890502,0.6301811432075441,0.43151195744046134,0.6497787500621488,0.5811084041830326,0.08404183032532841,0.23711032665440257,0.04792920001988765,0.4966025290442334,0.46215548815857077,0.9433533866984869,0.18498815028422744,0.3580602926796931,0.3294801040786225,0.46711082384527414,0.41625648419761685,0.32396128540413327,0.1919571090008121,0.8626261621836623,0.2643812459603241,0.9345779678151775,0.13829364092875251,0.38497489186098544,0.7664943071645204,0.9810238817348647,0.8007921907887106,0.07912792721125639,0.5699630421452129,0.9058486219526343,0.6604849268300768,0.665531414176569,0.26948573890850036,0.8625764430965048,0.03925321931089343,0.23438406337526307,0.27658728185750514,0.32782280117337037,0.30416480220089837,0.5979714612439716,0.16204279156101364,0.8026400835280665,0.14785627869205653,0.17152256417905498,0.810114519630753,0.481827673643912,0.060201528033278606,0.2458111669069757,0.5351431081058686,0.7155902484297054,0.05851107906992159,0.26549163890684313,0.38562123999403364,0.613251794030395,0.11385670959081173,0.7562521752100632,0.20123800527022317,0.7763221133926648,0.555527933840468,0.9081356999618821,0.6243722965246358,0.15431976002253944,0.6360148494340311,0.6759309899070254,0.3786854273355542,0.4507118115978057,0.24030892126153902,0.1306286149919621,0.7755017484545651,0.3448018694376771,0.38997166012032014,0.4695470591159946,0.2767530121480303,0.3160973831187126,0.5430898755365519,0.3497903511824857,0.14764911582890006,0.6083296044017965,0.7473773181524387,0.14275178574388026,0.09308241767347825,0.7691128457548186,0.32805482358010585,0.555909113508676,0.8649795323091202,0.27512056878635716,0.4326389234160327,0.09967019672185495,0.4741792207361739,0.42793218316511705,0.406155222990106,0.19486567559952928,0.16737102040139884,0.8234060889308739,0.8092941546926532,0.6491821210162583,0.20837269427733307,0.5840003977526973,0.5991647193357531,0.5656291950479789,0.5392780788544722,0.6892059861780938,0.3469812227580834,0.21090836772236854,0.598940983443544,0.26620427915610145,0.5187275228293475,0.06102189297137839,0.3147549677654584,0.8267787003430617,0.43451167569896754,0.4110608395896518,0.2896551152654172,0.6160029168531131,0.6204776346972938,0.49416629377351295,0.3591375395681069,0.41524552942541304,0.8422330499345366,0.7277382787252026,0.8397139495185535,0.13056232287575198,0.24022605611627634,0.3672334642602628,0.35137307545700125,0.3951092991266014,0.03837484877110997,0.26856593579608556,0.12699912162946014,0.3507515868675317,0.6709342216476906,0.7851803974212367,0.6764033212350222,0.1896037388753542,0.21097465983857866,0.15279504134970745,0.33804836009877515,0.8278559472314755,0.3884220819039096,0.3965180065960655,0.5583204892358176,0.0532408558312204,0.5369992873597507,0.6214554434113924,0.5085931155637315,0.5705099521039461,0.47591110227216227,0.6485772054558412,0.7333896816321119,0.9151212317075192,0.2844511841429258,0.11870432058867408,0.3743267206947414,0.8166277200483933,0.5898589635227631,0.6102189297137838,0.7559041415999603,0.280473657170321,0.24690498682444195,0.08343691476491155,0.921137241253584,0.1780523376257478,0.07308705812161276,0.5863620543926813,0.859841893302839,0.7418999320505809,0.08539253219310905,0.3800609887469133,0.1948076699978455,0.817224349094284,0.3933939906196655,0.48341039791842755,0.9899401713651205,0.5239231674373125,0.2845506223172408,0.07899534297883637,0.12695768905682892,0.42243822403420683,0.5478380483600989,0.6706690531828502,0.04589900396095403,0.13732411872918027,0.36908135699961886,0.8284028571902087,0.5833954821922803,0.5184706408790335,0.06711248114817958,0.40430733025074994,0.5671041946336532,0.1265267903014634,0.813495417557467,0.6508725699796152,0.30230033643248966,-2.220446049250313e-16,0.1727241087853627,0.2572134108951093,0.15730290525199286,0.45354579956578667,0.6326588110508957
195,0.3868973632310777,0.23082086212897124,0.6627471452957459,0.7083312617047017,0.5240806112133115,0.5824756790798654,0.5043255605827077,0.18798786854273364,0.10124463448184429,0.19557002933426149,0.41025704768060456,0.3759591640564146,0.9205406122076932,0.14326554964450855,0.27095245197964835,0.4776927028953082,0.597374832198081,0.30885496942276136,0.431594822585724,0.11775137141815406,0.8538838893584582,0.436376141467376,0.910745952037654,0.29629261340095137,0.5157940966870516,0.8052751951474171,0.9566863885712392,0.7984305341487263,0.19852831502013624,0.6841263527734964,0.8730505974576974,0.7354198776910457,0.7030527519514742,0.17623759094449687,0.8472215316793451,0.1838694708231824,0.3779727870862958,0.4329123783953993,0.2607434660832959,0.228384626858251,0.680670876216046,0.1064899981769667,0.805780672533519,0.31819387129385635,0.3549362767032931,0.8044548302093174,0.3917035416563085,0.13395979383151868,0.1540048724705414,0.45522796201461735,0.7546860239646,0.2240673527900694,0.1829828137688725,0.5359386135003895,0.6813006513200417,0.14564377931354522,0.7670577901523062,0.17172972704221157,0.7963671920316877,0.6554881585707419,0.883143572150682,0.6980145511195082,0.13232735046984545,0.7095162332819569,0.7283349077710934,0.29620146174116246,0.548674986327251,0.09454913074462601,0.10681317224349096,0.763163128324964,0.49428230497688064,0.5181723263560881,0.37459188915958164,0.17252523243673246,0.23070485092560356,0.6403404100167388,0.5270720429572913,0.3322395134158671,0.6928189065115431,0.7566499279073237,0.3270521553224284,0.151121165415403,0.805333200749101,0.25710568620626795,0.6150168216244882,0.8540247601054045,0.4054923018280051,0.5917234292911716,0.24615091400255218,0.5921626145610634,0.35550804620560505,0.34738726196987013,0.36164006695503736,0.07536584961633441,0.817224349094284,0.8034770214952187,0.5687780705679577,0.12148030295497114,0.4950115182551915,0.4996602529044233,0.6374401299325477,0.6472679361606921,0.7422148196025788,0.5137556141135915,0.1352276305540363,0.4977046354762259,0.19735162995740718,0.4289514244518471,0.2193523260246275,0.241742488274582,0.8283448515885249,0.36154891529524846,0.33136942939060976,0.20888645817796114,0.5566714728450919,0.527221200218764,0.6037140158106697,0.5021876398349328,0.32744990801968865,0.8239778584331859,0.7693863007341852,0.8116889573907424,0.12347735295579976,0.16364208886458187,0.28315020136230296,0.24136959512090028,0.3022257578017533,0.16882116044349427,0.20013589883823069,0.16528281874078132,0.24909262665937448,0.7520426258307231,0.7867216891231211,0.7172392648204312,0.31853361838943295,0.057922736538557174,0.10406204942077268,0.18397719551202374,0.8218233646563583,0.5355242877740765,0.2935829231508643,0.6383267869868576,0.212673395316462,0.6526375975737086,0.5539452095659524,0.4023682858516051,0.4864681217786174,0.3677472281608909,0.5529508278228012,0.7635940270803295,0.8904025588756856,0.2098808399211124,0.3165531414176569,0.30020384825734603,0.8414292580254893,0.5004723313279968,0.5367838379820681,0.7777059613185502,0.19082185651071448,0.17836722517774573,0.18063773015794105,0.8623527072042958,0.14440080213460615,0.13965262931105926,0.5088251379704668,0.8343857206781684,0.78898390758879,0.2583403768706807,0.2652761895291602,0.1510383002701403,0.778178292646547,0.2927459851837122,0.3927144964285122,0.9637630719766652,0.40180480286381937,0.14609125109796306,0.20421286398515048,0.2963008999154775,0.3355706922554236,0.46341503836656217,0.7348066756161025,0.15061568802930114,0.28770778435174593,0.30349359452427116,0.8279968179784221,0.6824193307810869,0.4227945441588359,0.17911301148510916,0.32824541341420965,0.47832247799930383,0.14252804985167133,0.7991017418253534,0.5522796201461742,0.22712507665025938,0.1727241087853627,0.0,0.1320124629178474,0.10358971809277595,0.38721225078307564,0.5703773678715258
196,0.24582773993602802,0.27168995177248545,0.7008733986310679,0.7513879911831485,0.5659855151726081,0.5247020998027809,0.4216924377268433,0.22894810984603653,0.0444240043752796,0.23629824823082912,0.29212449659424256,0.2548434677405991,0.9440080213460615,0.09793002867134037,0.1457017849152289,0.5229453587232138,0.6265599363595685,0.20835612124828062,0.5493379074893519,0.10681317224349085,0.890443991448317,0.4852914367158885,0.9354231922968561,0.37520509123452495,0.5645933807321963,0.8405343144566533,0.9689007109829464,0.8424733588557981,0.2395134158670179,0.7333482490594806,0.915112945192993,0.7839871393294553,0.7668672003182022,0.06009380334443737,0.88862095825254,0.26029599429887795,0.43215830557350965,0.46717711596148426,0.12070137058950259,0.12822552577934676,0.7413944546644791,0.1194169608379324,0.8559886640481281,0.33560383831352847,0.41493892838794144,0.8552263047117122,0.27909809575896183,0.19847030941845234,0.0659606556290292,0.33041648022008996,0.790384328543728,0.2623013308142328,0.08652778468320643,0.5579061635095046,0.7328842042460101,0.18420093140423277,0.8093438737798108,0.09010755895855083,0.8426639486899021,0.7074363181358657,0.9113177215399659,0.754172260063972,0.14561891976996633,0.7632128474121216,0.7662457117287327,0.17376820961567152,0.5933475861383185,0.05279338404680223,0.14652214985332868,0.8137605860223073,0.5348779396410281,0.5440262516780192,0.2594507698171995,0.08992525563897324,0.1244717346989509,0.7039808415784152,0.5789124778335737,0.4039841561842258,0.7720131258390096,0.8166608661064982,0.38936674455990317,0.17840865775037718,0.8460034140439848,0.12331990917980085,0.6914267720711313,0.8932448333581929,0.4689670030991564,0.6209002469381328,0.3295463961948325,0.6560599280730539,0.2250451615041681,0.20529839738809075,0.4366081638741113,0.11042609257694025,0.8661893634299541,0.8581431578249556,0.46401995392697915,0.08094267389250742,0.40054525265582797,0.40486252672400935,0.6830739654286614,0.680670876216046,0.7733555411922637,0.5830143025240724,0.07276388405508882,0.4027991846069706,0.0861466050149986,0.3131556704618903,0.30550721755415244,0.10014252804985158,0.8740035466282173,0.22874923349740628,0.20987255340658617,0.09191401912527564,0.48283034190158935,0.4209549379340062,0.647102205870167,0.5499925421369264,0.20738659904870826,0.8665871161272146,0.8131473839473641,0.8660402061684815,0.17371849052851396,0.07657568073716836,0.14466597059944641,0.14761596977079494,0.1786655397006911,0.24640779595286633,0.07212582243656684,0.16810023367970972,0.12081738179287027,0.7884204246010043,0.8419181623825387,0.7581166409784716,0.4065861217454714,0.07028621621173703,0.12446344818442467,0.14356386416745393,0.8596761630123138,0.5758050348862263,0.19353983327532776,0.7298264803858201,0.26791958766303714,0.7053895490478794,0.44900478960539614,0.28308390924609295,0.40372727423391164,0.23571819221399104,0.4920780921128953,0.8031952800013259,0.9186181408376008,0.06055784815790777,0.34263908914632335,0.16712242496561092,0.8884137953893834,0.384958318831933,0.43951673047282847,0.8201577752365801,0.1057193523260247,0.07944281476325443,0.22105934801703708,0.9031886507897049,0.10972173884220815,0.27536916422214497,0.4224962296358905,0.8767629559654618,0.8237044034538192,0.30006297751039956,0.16489335255804705,0.08061949982598315,0.8474369810570278,0.20092311771822535,0.2841114370473491,0.9750161587033263,0.3337973781468039,0.09419281061999718,0.24250484761099778,0.35213543479341713,0.2175127197997978,0.3428379654949536,0.7846749200351348,0.23241187291801324,0.33044962627819485,0.16621919488224857,0.871890485424021,0.7381047083975538,0.3052503356038383,0.22965246358076863,0.20536468950430065,0.37992840451449306,0.15551301811432094,0.8456470939193557,0.5000662921162101,0.085806857919422,0.2572134108951093,0.1320124629178474,0.0,0.0955435124877776,0.24976383433600158,0.4870647508245083
197,0.31993403934437104,0.2051906726992493,0.6345481363628831,0.6822121679179304,0.5063806161852202,0.5876381776297255,0.5013589883823066,0.1531182154162316,0.06533088052503355,0.1678433517293958,0.37679610202356684,0.32630636901506493,0.9394421518420922,0.04529408840053717,0.23115232271002173,0.4478281045426673,0.5635658529309402,0.28541241982797194,0.46053961782595,0.08413298198511743,0.8675732113558395,0.4065032566002089,0.9294734748670015,0.29209135053613755,0.4940585690846716,0.7930691592502361,0.9764828717744743,0.8057723860189927,0.1767099222724937,0.658098410646514,0.897901854521951,0.6987437643978189,0.7016523309965363,0.10447637514708563,0.8690564974560401,0.17993337642320884,0.34766071694923684,0.3925073335653557,0.19073070485092558,0.18096919073899131,0.6643630156283664,0.06213228591789721,0.8110757553157991,0.28761663269195714,0.32989442980493544,0.806766767762144,0.3745753161305292,0.10798157079169357,0.07907820812409883,0.3894413231906395,0.7333565355740068,0.19409502974858717,0.12163774673096994,0.5045741560184955,0.6527950413497074,0.09769800626460479,0.7664611611064154,0.08134042658976803,0.7990354497091434,0.6317970135401647,0.9037769933210693,0.6810106233116227,0.09367076020484255,0.6911118845191335,0.7022655330714795,0.24449361109730028,0.5407033593529891,0.07457863073633964,0.0672450653805996,0.7819652297850479,0.46468287508908,0.497547191700227,0.33035847461840606,0.13584083262897972,0.18692719468337227,0.6055039029483419,0.5005634829877856,0.3083826380947645,0.6838197517360249,0.7749962710684632,0.3017285669301779,0.1019241286729975,0.7979250567626245,0.18848505941430904,0.6101194915394688,0.8723213841793865,0.3723793897810703,0.5679742786589105,0.23317423225442924,0.577106017666849,0.28854472231889816,0.2778302590364441,0.3396476574023435,0.07685742223106118,0.8246324930807604,0.8148212598816686,0.5512189462868129,0.05566051807288819,0.4878353966754503,0.4839987404497921,0.6183728600076236,0.605636487180762,0.7109332272659474,0.4988978935680074,0.04637962180347677,0.4925587099554185,0.12132285917897212,0.3978521354347935,0.23444206897694686,0.1756658214421849,0.8333416198478596,0.3086146605014999,0.26912113226934486,0.15813155670461887,0.5568454896501434,0.5088499975140457,0.5702364971245795,0.472621356005237,0.28159233663136607,0.8317257495152389,0.7572797030113194,0.8218316511708845,0.09986078655595876,0.09044730605412765,0.21660948971643545,0.219592634945889,0.2632542799847528,0.16935978388770123,0.11694757950910684,0.1499030477800427,0.19434362518437498,0.7286415088085649,0.7911964069673015,0.7038814034041002,0.31482954639619476,0.058105039858134755,0.06570377367871538,0.2186479722898954,0.8307230812575614,0.5071346890071099,0.26207759492202387,0.6457597905169128,0.18756525630189436,0.6421800162415685,0.5292762558212765,0.3835330383334161,0.49657766950065474,0.3230414822917185,0.5616019489882166,0.7554318102719635,0.9108619632410216,0.13895656209085339,0.28416115613450665,0.23262732229569594,0.8361176022141568,0.45749018048028645,0.5097449410828817,0.7725683223122691,0.14870978968826132,0.12497721208505275,0.14399476292281943,0.9108951092991266,0.0932564344785296,0.1673627338868724,0.49841727572548433,0.8611925951706194,0.7726594739720579,0.22980990735676754,0.23921510134407276,0.055279338404680356,0.8218316511708845,0.2840534314456653,0.3711529856311838,0.9865758464674589,0.4092543794229272,0.1391388654104312,0.17994166293773517,0.2699332106929182,0.2998226685891381,0.41481463067004753,0.7166923548616981,0.15870332620693084,0.26035399990056185,0.23680372561693108,0.8339713949518555,0.6628300104410083,0.3897976433152688,0.15865360711977328,0.29516564742538,0.46189860620825673,0.08568256020152798,0.8181938712938563,0.5778352309451599,0.1586950396924045,0.15730290525199286,0.10358971809277595,0.0955435124877776,0.0,0.3176883939077546,0.5580801803145561
198,0.0899169691244468,0.4449443974875288,0.807437975438771,0.8471303800195562,0.7664031555047316,0.46708596430169536,0.32430103249971,0.3988465171779446,0.2599065281161438,0.4396824607633536,0.17025472745653725,0.0979051691277616,0.985813487131043,0.28963854223636454,0.11964069673014133,0.6800908201992077,0.7770181806128706,0.0911350867598072,0.6917250865940767,0.28789008767132374,0.9682626493644244,0.6230464542004344,0.9847196672135767,0.572134108951093,0.7338454399310562,0.935771225906959,0.9946966307031937,0.9284128010076402,0.40874890203682535,0.8475447057458692,0.9725633504035534,0.9120966539054343,0.8539418949601418,0.21455443411392305,0.9705165813155671,0.4528165862874758,0.5824508195362867,0.6257644309650475,0.12411541457432174,0.16104012330333628,0.8496991995226968,0.35121563168100234,0.9294320422943702,0.4803278145146589,0.5652728749233498,0.9306418734152041,0.13549279901887656,0.40571603772021414,0.2492500704353735,0.18548534115580306,0.8988713767215234,0.4378760005966291,0.20117171315401317,0.7450570940850859,0.8686090256716221,0.3519116989012081,0.9053265715374799,0.2587215565388886,0.9271118182270174,0.8302424634150384,0.9694641939707321,0.8591126800245281,0.32964583436914763,0.8588972306468453,0.8750062148858948,0.10146008385952698,0.7958948607036909,0.2381875735428164,0.3471635260776612,0.9110276935315468,0.6729064121049404,0.7069225542352375,0.10236331394288933,0.17984222476341993,0.16818309882497218,0.8365319279404697,0.7061270488407165,0.5922537662208522,0.8920515752664115,0.930989907025307,0.5732445018976119,0.4013573310794014,0.9280896269411161,0.13348746250352173,0.8051094648568919,0.9705994464608297,0.6021312915361541,0.8094184524105471,0.5417971792704552,0.7687399526011369,0.11081555875967442,0.1149173834501731,0.6109978620792522,0.3100316544854902,0.9410994547473442,0.9345862543297039,0.3270107227497969,0.25967450570940853,0.24748504284128015,0.23597507416430508,0.8093604468088633,0.8347917598899551,0.8773595850113526,0.7227000778932366,0.2830673362170404,0.29640862460431894,0.19424418701005997,0.13478015876961824,0.48380815061568794,0.1446328245413414,0.9476789472811946,0.11762707370026027,0.08990039609539435,0.19498997331742318,0.36120088168514564,0.30438025157858095,0.8095841827010724,0.705944745521139,0.092088035930327,0.9610533817265782,0.9088317671820879,0.9592717811034323,0.3361921808448931,0.2508410812244154,0.11621836623079607,0.12019589320340074,0.11978985399161401,0.44089229188418766,0.21403238369876865,0.3468237789820845,0.13244336167321302,0.8920515752664115,0.9362601302640083,0.8438986393543149,0.616980725567212,0.3159730854008187,0.33066507565587766,0.3138020185949386,0.9418286680256551,0.743532375412254,0.12304645420043414,0.8600822022241005,0.45494622052072464,0.8624935779512422,0.31077744079285363,0.17026301397106358,0.27734964119392114,0.11577089444637789,0.39423092858681774,0.9137871028687914,0.9758530966704785,0.19189081688460208,0.5323256931669401,0.10050713468900718,0.9610285221829994,0.24241369595120899,0.28128573559389447,0.924103813453985,0.20269643182684494,0.21406552975687365,0.3921261538971478,0.9815790782081241,0.30082533684681545,0.49220238983078946,0.3133628333250469,0.9694227613981008,0.9298297949916307,0.4485656043355044,0.12312103283117048,0.27003264886723344,0.9466514194799384,0.1515852102288736,0.15257959197202475,0.9962793549777093,0.2332322378561129,0.21732212996569378,0.40884834021114047,0.5315799068595768,0.09928901705364679,0.19952269676328727,0.872081075258125,0.4295066209251065,0.49483750145014005,0.10506471767845016,0.9432953810968031,0.867937817994995,0.17914615754321428,0.4228359767314672,0.11040951954788769,0.22230232519597615,0.3488125424683869,0.9354729113840137,0.42042460100432555,0.15713717496146762,0.45354579956578667,0.38721225078307564,0.24976383433600158,0.3176883939077546,-2.220446049250313e-16,0.361308606373987
199,0.2964914897495816,0.6095145759790518,0.8240524370639222,0.8581017252523244,0.7680770314390362,0.11427932183165113,0.08553340294005518,0.6293856378130231,0.5112448002121348,0.590911350867598,0.21805134324400466,0.27879149472149034,0.9544407431346228,0.5445068695205423,0.35477054641276795,0.7696929017716568,0.8119624123701089,0.3616897860421949,0.777664528745919,0.5411674041664596,0.9195959495516997,0.743814116906147,0.9490793682361326,0.7047763469729362,0.789240789539104,0.9004541009960391,0.977526972604783,0.8969986244385887,0.6038631730721424,0.8649380997364889,0.9279073236215383,0.8680123966257313,0.8556489169525514,0.5057425545666983,0.9178972140738163,0.6532259401050731,0.7347072374417873,0.7510068115149406,0.39594623709375365,0.44392515620079886,0.8629741957937653,0.5699464691161604,0.8928719402045112,0.6283912560698719,0.7258489534132153,0.8861350038946619,0.2333482490594806,0.6046669649811895,0.5030411508311374,0.21512620361623502,0.8671671721440528,0.6087936492152672,0.48787682924808173,0.7719634067518522,0.8679709640531,0.5960655629029318,0.8803178706972274,0.5240060325825753,0.8826132352210014,0.8453570659109366,0.928727688559638,0.8597921742156814,0.5658529309401881,0.8617395051293525,0.8486716717214406,0.33963937088781726,0.8167851638243921,0.48969157592933255,0.5768242761729561,0.8690647839705663,0.7619532972041301,0.7541225409768144,0.28075539866421384,0.4260760039112348,0.4165133661479309,0.8544142262881387,0.805399492865311,0.7204792920001989,0.8590298148792654,0.8784451184142926,0.686504582442533,0.6158537595916407,0.8972140738162715,0.4098427219542916,0.8158405011683986,0.9179055005883426,0.7076269079699697,0.8152272990934554,0.6751934901141883,0.7682013291569301,0.33151858665208245,0.33185833374765905,0.7348066756161025,0.5245363695122558,0.9009678648966672,0.8963522763055404,0.05837849483750157,0.5351596811349211,0.12978339051028365,0.13104294071827505,0.8371617030444655,0.8487213908085981,0.8534115580304613,0.8089129750244453,0.5319610865277846,0.08096753343608598,0.47682261887005084,0.2696597557135517,0.6826513531878221,0.4055751669732677,0.9023931453951839,0.28015048310379687,0.3325792605114437,0.4279819022522746,0.11874575316130542,0.08279056663186324,0.8250551053215998,0.7821972521917833,0.32062182005005047,0.9055088748570577,0.8783539667545038,0.9040587348149622,0.5883010987918262,0.5288453570659108,0.3777987702812443,0.3520608561626809,0.3225608644491954,0.6362551583552927,0.5086262616218367,0.5352922653673411,0.39377517028787357,0.8646066391554386,0.8807321964235404,0.8596678764977875,0.718250219592635,0.5458244253302177,0.5638310213957805,0.5236165663998409,0.8907340194567362,0.7935249175491805,0.3223371285569864,0.8498234972405907,0.6367937817994995,0.836349624620892,0.052768524503223446,0.24644094201097144,0.14089560648999822,0.30073418518702666,0.10794013821906234,0.8775584613599828,0.9351248777739108,0.4273687001773314,0.7036991000845224,0.3825966621919489,0.9225210891794694,0.14513830192744326,0.09589154609788042,0.8845937121927775,0.45004889043570495,0.4647077346326589,0.6683488291154974,0.936757321135584,0.528273587563599,0.6352939226702464,0.0759459056331726,0.9150963721639405,0.8921012943535691,0.6543280465370656,0.34248993188485044,0.5198710618339715,0.8924990470508295,0.33051591839440486,0.23110260362286417,0.9860123634796732,0.21887170818210444,0.46159200517078514,0.6013772187142644,0.6976996635675103,0.30312070137058944,0.1932166592088036,0.8713021428926565,0.6380367589784385,0.6383930791030676,0.3610682974527255,0.898316180248264,0.85133164288437,0.21491904075307833,0.637034090720761,0.31115033394653546,0.13864167453885545,0.5698636039708977,0.881676859079534,0.1246871840766337,0.4456238916786821,0.6326588110508957,0.5703773678715258,0.4870647508245083,0.5580801803145561,0.361308606373987,0.0
