seq84	seq84	100.000	282	282	282	1.000	1.000	2.926E-182	555
seq84	seq103	56.100	278	282	216	0.986	0.995	5.576E-83	269
seq84	seq182	37.500	274	282	228	0.972	0.925	9.741E-51	175
seq84	seq79	32.000	279	282	247	0.989	0.988	3.714E-34	126
seq84	seq96	29.800	279	282	193	0.989	0.990	1.290E-31	119
seq84	seq181	30.400	276	282	267	0.979	0.910	9.487E-30	113
seq84	seq32	30.100	281	282	323	0.989	0.870	1.725E-27	107
seq84	seq75	39.600	61	282	617	0.216	0.096	4.964E-07	44
seq84	seq145	32.300	98	282	588	0.344	0.167	2.059E-06	42
seq84	seq29	29.800	75	282	267	0.252	0.281	1.089E-04	36
seq84	seq89	33.300	85	282	476	0.298	0.179	3.375E-04	35
seq55	seq55	100.000	232	232	232	1.000	1.000	2.292E-148	454
seq55	seq57	79.000	210	232	232	0.905	0.905	5.618E-108	338
seq55	seq56	63.100	258	232	277	0.918	0.931	3.633E-97	307
seq55	seq59	58.300	208	232	248	0.897	0.823	6.410E-74	240
seq55	seq107	31.100	77	232	464	0.332	0.153	4.375E-06	40
seq88	seq87	100.000	356	356	356	1.000	1.000	4.293E-235	712
seq88	seq88	100.000	356	356	356	1.000	1.000	4.293E-235	712
seq88	seq95	81.000	356	356	335	1.000	1.000	1.863E-178	548
seq88	seq94	72.000	350	356	318	0.983	0.978	4.503E-152	472
seq88	seq104	66.200	354	356	339	0.994	0.994	3.500E-137	429
seq88	seq107	28.600	407	356	464	0.921	0.877	4.325E-38	141
seq91	seq91	100.000	530	530	530	1.000	1.000	0.000E+00	1034
seq91	seq92	100.000	530	530	530	1.000	1.000	0.000E+00	1034
seq91	seq179	27.200	473	530	542	0.892	0.860	2.395E-43	161
seq91	seq198	27.100	467	530	558	0.866	0.837	7.646E-38	144
seq91	seq169	27.100	467	530	589	0.866	0.793	1.025E-37	144
seq91	seq189	30.900	367	530	352	0.692	0.909	6.301E-35	135
seq91	seq126	26.800	182	530	307	0.343	0.518	2.010E-04	37
seq62	seq62	100.000	281	281	281	1.000	1.000	5.388E-179	546
seq62	seq188	26.000	236	281	356	0.719	0.663	1.546E-12	61
seq62	seq10	32.100	87	281	170	0.310	0.500	4.954E-12	60
seq62	seq29	25.000	188	281	267	0.669	0.644	9.062E-10	53
seq62	seq122	29.300	75	281	145	0.267	0.503	2.863E-09	51
seq62	seq141	32.400	76	281	210	0.270	0.352	2.863E-09	51
seq62	seq97	24.200	188	281	375	0.669	0.443	2.863E-09	51
seq62	seq108	25.500	186	281	238	0.662	0.723	9.025E-09	49
seq62	seq162	24.200	226	281	325	0.722	0.695	1.601E-08	49
seq62	seq163	24.200	226	281	325	0.722	0.695	1.601E-08	49
seq62	seq164	24.200	226	281	325	0.722	0.695	1.601E-08	49
seq62	seq165	24.200	226	281	325	0.722	0.695	1.601E-08	49
seq62	seq166	24.200	226	281	325	0.722	0.695	1.601E-08	49
seq62	seq129	29.500	71	281	378	0.253	0.183	2.132E-08	48
seq62	seq98	35.100	72	281	350	0.256	0.203	3.778E-08	48
seq62	seq120	26.600	75	281	131	0.267	0.557	5.028E-08	47
seq62	seq119	25.300	75	281	131	0.267	0.557	8.904E-08	46
seq62	seq75	28.400	93	281	617	0.310	0.151	8.904E-08	46
seq62	seq105	33.600	90	281	230	0.320	0.378	2.096E-07	45
seq62	seq106	33.600	90	281	362	0.320	0.240	2.096E-07	45
seq62	seq157	30.400	69	281	226	0.246	0.296	2.788E-07	45
seq62	seq156	30.400	69	281	226	0.246	0.296	3.707E-07	44
seq62	seq73	26.000	69	281	236	0.246	0.284	2.717E-06	42
seq62	seq187	24.000	82	281	456	0.292	0.178	2.717E-06	42
seq62	seq24	28.700	92	281	153	0.327	0.601	4.795E-06	41
seq62	seq194	29.500	108	281	240	0.367	0.450	4.795E-06	41
seq62	seq14	25.800	62	281	246	0.221	0.244	4.795E-06	41
seq62	seq69	28.500	77	281	260	0.274	0.285	4.795E-06	41
seq62	seq118	27.500	69	281	248	0.246	0.270	6.369E-06	40
seq62	seq7	21.000	95	281	258	0.338	0.360	6.369E-06	40
seq62	seq83	27.300	73	281	90	0.260	0.789	1.492E-05	39
seq62	seq12	31.600	60	281	100	0.214	0.580	2.630E-05	38
seq62	seq39	22.200	63	281	378	0.224	0.161	3.491E-05	38
seq62	seq58	45.100	31	281	161	0.110	0.193	4.634E-05	38
seq62	seq77	27.400	61	281	310	0.217	0.197	1.437E-04	36
seq62	seq137	20.900	62	281	476	0.221	0.126	1.437E-04	36
seq62	seq37	20.900	168	281	255	0.598	0.561	1.907E-04	36
seq62	seq30	26.700	109	281	167	0.377	0.653	2.530E-04	35
seq62	seq109	30.500	59	281	604	0.210	0.094	2.530E-04	35
seq150	seq146	100.000	202	202	202	1.000	1.000	2.671E-138	424
seq150	seq147	100.000	202	202	202	1.000	1.000	2.671E-138	424
seq150	seq148	100.000	202	202	202	1.000	1.000	2.671E-138	424
seq150	seq149	100.000	202	202	202	1.000	1.000	2.671E-138	424
seq150	seq150	100.000	202	202	202	1.000	1.000	2.671E-138	424
seq150	seq151	100.000	202	202	248	1.000	0.815	2.671E-138	424
seq150	seq153	69.900	202	202	221	1.000	0.860	2.968E-86	274
seq150	seq154	69.900	202	202	221	1.000	0.860	2.968E-86	274
seq150	seq115	70.500	185	202	245	0.901	0.755	3.357E-84	268
seq150	seq193	46.700	176	202	241	0.807	0.730	2.431E-34	124
seq150	seq139	51.900	100	202	128	0.485	0.781	8.121E-21	84
seq150	seq138	49.300	73	202	128	0.361	0.555	3.295E-15	68
seq150	seq170	48.600	74	202	124	0.366	0.581	1.117E-14	66
seq150	seq178	41.900	79	202	127	0.381	0.622	2.422E-10	53
seq150	seq180	41.400	79	202	120	0.376	0.658	1.081E-09	51
seq150	seq161	32.900	87	202	246	0.426	0.354	1.458E-09	51
seq150	seq90	28.100	185	202	338	0.802	0.547	1.458E-09	51
seq150	seq185	42.300	76	202	247	0.351	0.308	2.648E-09	50
seq150	seq171	36.500	81	202	92	0.386	0.880	3.567E-09	49
seq150	seq172	36.500	81	202	92	0.386	0.880	3.567E-09	49
seq150	seq173	36.500	81	202	92	0.386	0.880	3.567E-09	49
seq150	seq174	36.500	81	202	92	0.386	0.880	3.567E-09	49
seq150	seq140	35.400	78	202	415	0.386	0.186	6.470E-09	49
seq150	seq50	23.000	161	202	556	0.797	0.288	2.123E-08	47
seq150	seq41	35.600	73	202	221	0.361	0.317	6.942E-08	46
seq150	seq97	22.600	182	202	375	0.901	0.459	9.330E-08	45
seq150	seq9	33.800	71	202	169	0.347	0.420	2.262E-07	44
seq150	seq63	23.900	176	202	205	0.871	0.771	4.077E-07	43
seq150	seq98	21.400	183	202	350	0.901	0.523	2.374E-06	41
seq150	seq74	24.800	159	202	409	0.787	0.359	2.374E-06	41
seq150	seq82	36.500	62	202	131	0.307	0.443	3.181E-06	40
seq150	seq81	34.900	62	202	131	0.307	0.443	5.709E-06	40
seq150	seq126	38.500	57	202	307	0.282	0.182	1.024E-05	39
seq150	seq158	29.300	74	202	136	0.366	0.515	1.370E-05	38
seq150	seq18	31.000	74	202	153	0.351	0.484	1.370E-05	38
seq150	seq30	31.100	58	202	167	0.287	0.347	2.453E-05	38
seq150	seq35	28.300	78	202	340	0.376	0.229	3.282E-05	37
seq150	seq191	30.800	65	202	235	0.302	0.277	5.868E-05	36
seq150	seq37	33.800	67	202	255	0.307	0.263	5.868E-05	36
seq150	seq162	30.400	66	202	325	0.312	0.203	5.868E-05	36
seq150	seq163	30.400	66	202	325	0.312	0.203	5.868E-05	36
seq150	seq164	30.400	66	202	325	0.312	0.203	5.868E-05	36
seq150	seq165	30.400	66	202	325	0.312	0.203	5.868E-05	36
seq150	seq166	30.400	66	202	325	0.312	0.203	5.868E-05	36
seq150	seq11	24.300	82	202	481	0.406	0.129	1.401E-04	35
seq150	seq34	28.300	71	202	340	0.342	0.209	5.945E-04	33
seq150	seq99	23.100	66	202	218	0.312	0.303	7.933E-04	33
seq150	seq100	23.100	66	202	421	0.312	0.157	7.933E-04	33
seq161	seq161	100.000	246	246	246	1.000	1.000	1.118E-160	491
seq161	seq115	35.400	79	246	245	0.321	0.310	6.272E-10	53
seq161	seq193	35.500	76	246	241	0.309	0.299	2.699E-09	51
seq161	seq146	32.900	87	246	202	0.354	0.426	8.643E-09	49
seq161	seq147	32.900	87	246	202	0.354	0.426	8.643E-09	49
seq161	seq148	32.900	87	246	202	0.354	0.426	8.643E-09	49
seq161	seq149	32.900	87	246	202	0.354	0.426	8.643E-09	49
seq161	seq150	32.900	87	246	202	0.354	0.426	8.643E-09	49
seq161	seq153	40.000	65	246	221	0.264	0.267	8.643E-09	49
seq161	seq154	40.000	65	246	221	0.264	0.267	8.643E-09	49
seq161	seq151	32.900	87	246	248	0.354	0.347	8.643E-09	49
seq161	seq37	43.000	65	246	255	0.260	0.255	1.173E-07	46
seq161	seq35	28.200	78	246	340	0.313	0.229	8.823E-07	43
seq161	seq152	36.300	76	246	132	0.309	0.576	1.176E-06	42
seq161	seq141	32.400	77	246	210	0.309	0.367	1.176E-06	42
seq161	seq34	28.200	78	246	340	0.313	0.229	2.785E-06	41
seq161	seq83	41.600	48	246	90	0.191	0.533	4.942E-06	40
seq161	seq187	33.300	72	246	456	0.289	0.158	4.942E-06	40
seq161	seq156	26.800	81	246	226	0.329	0.358	6.485E-05	37
seq161	seq137	27.600	65	246	476	0.264	0.137	6.485E-05	37
seq161	seq157	27.600	75	246	226	0.305	0.332	8.626E-05	36
seq161	seq41	31.000	74	246	221	0.301	0.312	2.029E-04	35
seq161	seq105	29.000	55	246	230	0.220	0.239	4.766E-04	34
seq161	seq106	29.000	55	246	362	0.220	0.152	4.766E-04	34
seq161	seq1	30.700	65	246	98	0.260	0.663	6.334E-04	34
seq161	seq109	30.700	65	246	604	0.260	0.108	6.334E-04	34
seq161	seq178	33.300	75	246	127	0.305	0.559	8.417E-04	33
seq69	seq69	100.000	260	260	260	1.000	1.000	7.491E-173	527
seq69	seq99	35.600	189	260	218	0.696	0.867	1.134E-26	104
seq69	seq100	35.600	189	260	421	0.696	0.449	1.134E-26	104
seq69	seq7	35.700	165	260	258	0.608	0.640	9.700E-26	101
seq69	seq63	31.600	176	260	205	0.665	0.859	8.270E-25	98
seq69	seq105	33.700	166	260	230	0.608	0.722	1.524E-24	97
seq69	seq106	33.700	166	260	362	0.608	0.459	1.524E-24	97
seq69	seq199	33.000	221	260	365	0.773	0.605	2.070E-24	97
seq69	seq129	35.300	180	260	378	0.608	0.476	3.813E-24	96
seq69	seq156	33.600	202	260	226	0.712	0.894	5.943E-23	93
seq69	seq102	33.300	217	260	233	0.823	0.931	8.060E-23	92
seq69	seq73	33.300	192	260	236	0.700	0.814	2.724E-22	91
seq69	seq157	33.100	202	260	226	0.712	0.894	9.196E-22	89
seq69	seq19	31.700	170	260	191	0.615	0.890	2.288E-21	88
seq69	seq20	31.700	170	260	191	0.615	0.890	2.288E-21	88
seq69	seq194	32.100	165	260	240	0.596	0.688	3.932E-19	81
seq69	seq98	28.800	185	260	350	0.638	0.529	1.888E-14	67
seq69	seq186	27.700	155	260	235	0.538	0.660	4.889E-13	63
seq69	seq97	30.800	145	260	375	0.481	0.387	6.566E-13	62
seq69	seq80	28.100	162	260	408	0.573	0.397	6.566E-13	62
seq69	seq68	30.900	135	260	275	0.465	0.491	1.183E-12	61
seq69	seq11	30.000	123	260	481	0.431	0.256	5.146E-12	59
seq69	seq83	35.700	83	260	90	0.319	0.900	1.240E-11	58
seq69	seq86	38.300	73	260	143	0.277	0.510	2.228E-11	57
seq69	seq36	26.800	177	260	270	0.638	0.656	2.228E-11	57
seq69	seq109	26.900	160	260	604	0.600	0.265	2.228E-11	57
seq69	seq47	26.900	115	260	383	0.442	0.298	2.984E-11	57
seq69	seq144	30.900	140	260	356	0.473	0.393	3.998E-11	57
seq69	seq145	27.000	134	260	588	0.500	0.228	3.998E-11	57
seq69	seq185	29.000	117	260	247	0.450	0.470	5.354E-11	56
seq69	seq118	26.000	143	260	248	0.550	0.577	9.599E-11	55
seq69	seq141	25.700	173	260	210	0.577	0.824	1.285E-10	55
seq69	seq162	24.300	115	260	325	0.442	0.351	2.301E-10	54
seq69	seq163	24.300	115	260	325	0.442	0.351	2.301E-10	54
seq69	seq164	24.300	115	260	325	0.442	0.351	2.301E-10	54
seq69	seq165	24.300	115	260	325	0.442	0.351	2.301E-10	54
seq69	seq166	24.300	115	260	325	0.442	0.351	2.301E-10	54
seq69	seq108	24.400	214	260	238	0.792	0.899	3.078E-10	54
seq69	seq37	26.300	142	260	255	0.531	0.557	7.362E-10	53
seq69	seq177	42.600	68	260	128	0.254	0.531	9.842E-10	52
seq69	seq131	23.000	180	260	414	0.650	0.435	9.842E-10	52
seq69	seq61	24.400	187	260	455	0.635	0.411	9.842E-10	52
seq69	seq122	33.300	84	260	145	0.319	0.579	1.316E-09	52
seq69	seq67	29.000	121	260	262	0.458	0.462	1.316E-09	52
seq69	seq89	31.100	119	260	476	0.427	0.250	1.316E-09	52
seq69	seq120	37.300	67	260	131	0.254	0.511	1.758E-09	51
seq69	seq119	37.300	67	260	131	0.254	0.511	2.349E-09	51
seq69	seq130	22.900	179	260	414	0.646	0.432	2.349E-09	51
seq69	seq183	26.800	131	260	424	0.485	0.309	3.138E-09	51
seq69	seq8	27.600	173	260	339	0.638	0.510	9.976E-09	49
seq69	seq127	23.400	182	260	414	0.600	0.440	1.332E-08	49
seq69	seq114	27.900	117	260	382	0.388	0.306	1.777E-08	48
seq69	seq14	25.200	115	260	246	0.442	0.435	4.219E-08	47
seq69	seq184	25.300	160	260	223	0.577	0.717	1.333E-07	46
seq69	seq195	25.600	158	260	191	0.608	0.770	1.777E-07	45
seq69	seq16	25.300	156	260	212	0.562	0.736	1.777E-07	45
seq69	seq200	34.300	67	260	248	0.254	0.270	1.777E-07	45
seq69	seq33	28.200	85	260	323	0.319	0.263	2.367E-07	45
seq69	seq188	42.500	54	260	356	0.208	0.152	4.201E-07	44
seq69	seq191	25.300	152	260	235	0.546	0.647	1.321E-06	42
seq69	seq48	20.900	197	260	386	0.719	0.510	1.321E-06	42
seq69	seq62	28.500	77	260	281	0.285	0.274	5.513E-06	40
seq69	seq90	23.100	162	260	338	0.473	0.479	5.513E-06	40
seq69	seq30	29.600	90	260	167	0.327	0.539	7.333E-06	40
seq69	seq21	22.200	164	260	339	0.604	0.484	9.753E-06	40
seq69	seq24	35.700	56	260	153	0.215	0.346	1.297E-05	39
seq69	seq70	34.700	68	260	416	0.250	0.163	1.297E-05	39
seq69	seq180	31.000	74	260	120	0.277	0.617	1.725E-05	39
seq69	seq111	21.700	156	260	347	0.492	0.450	1.725E-05	39
seq69	seq1	41.600	48	260	98	0.185	0.490	3.048E-05	38
seq69	seq9	30.800	66	260	169	0.254	0.391	3.048E-05	38
seq69	seq6	30.800	66	260	169	0.254	0.391	5.385E-05	37
seq69	seq26	29.200	65	260	148	0.250	0.419	1.263E-04	36
seq69	seq13	33.900	56	260	171	0.215	0.327	1.263E-04	36
seq69	seq52	23.100	160	260	375	0.462	0.427	1.263E-04	36
seq69	seq23	25.800	154	260	372	0.462	0.414	1.678E-04	36
seq69	seq113	28.100	71	260	546	0.262	0.130	5.221E-04	34
seq69	seq10	28.800	52	260	170	0.200	0.306	6.933E-04	34
seq113	seq113	100.000	546	546	546	1.000	1.000	0.000E+00	1056
seq113	seq22	25.500	306	546	367	0.438	0.834	6.603E-25	104
seq113	seq67	30.300	89	546	262	0.163	0.332	7.479E-06	42
seq113	seq141	24.200	207	546	210	0.379	0.805	9.871E-06	41
seq113	seq13	37.000	54	546	171	0.099	0.304	2.269E-05	40
seq113	seq75	24.700	85	546	617	0.156	0.133	2.994E-05	40
seq113	seq61	21.500	260	546	455	0.379	0.571	6.881E-05	38
seq113	seq177	33.300	59	546	128	0.108	0.438	9.080E-05	38
seq113	seq99	26.200	80	546	218	0.147	0.353	9.080E-05	38
seq113	seq98	20.400	195	546	350	0.357	0.454	9.080E-05	38
seq113	seq100	26.200	80	546	421	0.147	0.183	9.080E-05	38
seq113	seq62	23.600	109	546	281	0.200	0.374	1.581E-04	37
seq113	seq80	23.700	176	546	408	0.322	0.360	1.581E-04	37
seq113	seq145	31.800	66	546	588	0.121	0.111	1.581E-04	37
seq113	seq23	29.700	73	546	372	0.125	0.196	2.086E-04	37
seq113	seq180	23.500	102	546	120	0.187	0.742	4.793E-04	36
seq113	seq16	33.800	62	546	212	0.114	0.274	4.793E-04	36
seq113	seq47	27.700	89	546	383	0.163	0.219	4.793E-04	36
seq113	seq199	21.200	237	546	365	0.434	0.515	8.345E-04	35
seq113	seq97	23.300	60	546	375	0.110	0.155	8.345E-04	35
seq194	seq194	100.000	240	240	240	1.000	1.000	1.845E-155	475
seq194	seq73	61.500	190	240	236	0.792	0.801	1.523E-72	236
seq194	seq19	59.600	191	240	191	0.796	0.984	1.885E-71	233
seq194	seq20	59.600	191	240	191	0.796	0.984	1.885E-71	233
seq194	seq199	59.600	191	240	365	0.796	0.515	1.885E-71	233
seq194	seq102	50.000	182	240	233	0.758	0.781	7.460E-57	191
seq194	seq156	49.100	173	240	226	0.721	0.765	2.891E-54	183
seq194	seq157	49.100	173	240	226	0.721	0.765	3.956E-54	183
seq194	seq105	42.800	182	240	230	0.758	0.765	4.232E-38	136
seq194	seq106	42.800	182	240	362	0.758	0.486	4.232E-38	136
seq194	seq129	38.400	182	240	378	0.708	0.481	2.147E-35	128
seq194	seq7	39.700	166	240	258	0.692	0.632	1.017E-34	126
seq194	seq63	37.100	156	240	205	0.650	0.727	9.450E-32	118
seq194	seq99	34.900	166	240	218	0.692	0.752	8.283E-31	115
seq194	seq100	34.900	166	240	421	0.692	0.390	8.283E-31	115
seq194	seq69	32.700	162	240	260	0.675	0.585	6.329E-19	80
seq194	seq127	31.000	158	240	414	0.617	0.382	1.091E-16	73
seq194	seq12	41.700	79	240	100	0.329	0.790	3.647E-16	72
seq194	seq183	32.000	154	240	424	0.642	0.363	3.647E-16	72
seq194	seq191	31.500	147	240	235	0.613	0.613	6.662E-16	71
seq194	seq141	27.500	159	240	210	0.621	0.757	9.002E-16	70
seq194	seq98	25.100	178	240	350	0.725	0.509	1.643E-15	70
seq194	seq162	26.800	148	240	325	0.617	0.440	2.219E-15	69
seq194	seq163	26.800	148	240	325	0.617	0.440	2.219E-15	69
seq194	seq164	26.800	148	240	325	0.617	0.440	2.219E-15	69
seq194	seq165	26.800	148	240	325	0.617	0.440	2.219E-15	69
seq194	seq166	26.800	148	240	325	0.617	0.440	2.219E-15	69
seq194	seq130	27.900	153	240	414	0.637	0.357	2.219E-15	69
seq194	seq144	26.000	158	240	356	0.625	0.444	2.997E-15	69
seq194	seq97	25.300	160	240	375	0.621	0.427	2.997E-15	69
seq194	seq131	31.300	147	240	414	0.571	0.355	2.997E-15	69
seq194	seq145	29.600	155	240	588	0.646	0.255	2.997E-15	69
seq194	seq16	29.100	148	240	212	0.617	0.684	3.298E-14	66
seq194	seq184	27.800	148	240	223	0.617	0.650	5.998E-14	65
seq194	seq187	27.500	148	240	456	0.617	0.314	8.086E-14	64
seq194	seq80	30.400	162	240	408	0.608	0.397	1.469E-13	64
seq194	seq75	29.300	166	240	617	0.617	0.269	3.593E-13	63
seq194	seq47	26.600	148	240	383	0.617	0.386	4.839E-13	62
seq194	seq61	27.800	147	240	455	0.579	0.323	4.839E-13	62
seq194	seq108	24.800	153	240	238	0.617	0.643	6.517E-13	62
seq194	seq185	30.900	139	240	247	0.579	0.543	1.181E-12	61
seq194	seq14	26.300	148	240	246	0.617	0.549	2.139E-12	60
seq194	seq37	29.600	148	240	255	0.617	0.561	5.208E-12	59
seq194	seq120	38.200	68	240	131	0.283	0.519	7.003E-12	59
seq194	seq30	38.300	86	240	167	0.317	0.515	1.266E-11	58
seq194	seq83	35.800	78	240	90	0.325	0.867	1.701E-11	57
seq194	seq119	36.700	68	240	131	0.283	0.519	2.286E-11	57
seq194	seq86	37.800	82	240	143	0.329	0.573	2.286E-11	57
seq194	seq200	31.000	99	240	248	0.412	0.387	2.286E-11	57
seq194	seq112	28.000	142	240	514	0.579	0.276	2.286E-11	57
seq194	seq122	30.300	112	240	145	0.467	0.731	3.071E-11	57
seq194	seq67	29.700	144	240	262	0.596	0.550	5.539E-11	56
seq194	seq177	51.000	49	240	128	0.204	0.383	1.340E-10	55
seq194	seq39	28.000	137	240	378	0.571	0.362	1.340E-10	55
seq194	seq89	26.000	137	240	476	0.554	0.288	1.340E-10	55
seq194	seq50	20.600	155	240	556	0.621	0.279	1.798E-10	54
seq194	seq90	22.200	182	240	338	0.663	0.538	2.413E-10	54
seq194	seq109	28.800	149	240	604	0.621	0.238	2.413E-10	54
seq194	seq27	31.400	149	240	339	0.621	0.428	3.236E-10	53
seq194	seq188	21.500	161	240	356	0.617	0.452	3.236E-10	53
seq194	seq28	31.400	149	240	339	0.621	0.428	4.341E-10	53
seq194	seq137	32.400	74	240	476	0.304	0.155	1.401E-09	51
seq194	seq52	36.000	61	240	375	0.254	0.163	8.083E-09	49
seq194	seq21	28.900	149	240	339	0.621	0.428	6.187E-08	46
seq194	seq8	25.600	148	240	339	0.617	0.413	8.268E-08	46
seq194	seq53	26.700	137	240	600	0.571	0.228	1.105E-07	46
seq194	seq1	40.300	57	240	98	0.237	0.582	1.971E-07	45
seq194	seq34	29.300	144	240	340	0.600	0.397	1.971E-07	45
seq194	seq38	34.200	76	240	179	0.283	0.425	4.691E-07	44
seq194	seq35	29.300	144	240	340	0.600	0.397	4.691E-07	44
seq194	seq6	28.300	79	240	169	0.329	0.462	6.261E-07	43
seq194	seq70	36.800	57	240	416	0.237	0.137	1.115E-06	42
seq194	seq33	28.900	107	240	323	0.412	0.331	1.487E-06	42
seq194	seq159	35.800	67	240	912	0.279	0.068	2.644E-06	41
seq194	seq180	33.300	54	240	120	0.225	0.450	6.262E-06	40
seq194	seq26	32.000	50	240	148	0.208	0.338	6.262E-06	40
seq194	seq10	33.900	56	240	170	0.233	0.329	6.262E-06	40
seq194	seq62	30.400	82	240	281	0.312	0.292	6.262E-06	40
seq194	seq41	25.600	148	240	221	0.617	0.588	8.345E-06	40
seq194	seq24	35.400	48	240	153	0.200	0.314	1.481E-05	39
seq194	seq77	21.400	157	240	310	0.625	0.506	1.973E-05	38
seq194	seq152	34.300	64	240	132	0.254	0.485	4.656E-05	37
seq104	seq104	100.000	339	339	339	1.000	1.000	2.419E-221	671
seq104	seq94	77.200	338	339	318	0.997	0.997	2.709E-164	507
seq104	seq95	76.900	338	339	335	0.997	0.997	4.175E-162	500
seq104	seq87	66.500	354	339	356	0.994	0.994	2.844E-136	426
seq104	seq88	66.500	354	339	356	0.994	0.994	2.844E-136	426
seq104	seq107	27.600	407	339	464	0.914	0.877	3.239E-37	138
seq104	seq125	26.300	321	339	599	0.947	0.514	2.454E-19	83
seq104	seq128	25.200	320	339	579	0.944	0.482	4.789E-16	73
seq104	seq123	23.700	135	339	576	0.398	0.208	2.251E-07	46
seq104	seq66	37.700	45	339	185	0.115	0.243	7.792E-04	34
seq178	seq178	100.000	127	127	127	1.000	1.000	9.587E-82	256
seq178	seq138	56.700	81	127	128	0.638	0.633	5.746E-28	102
seq178	seq139	56.000	82	127	128	0.646	0.641	1.080E-27	101
seq178	seq170	54.400	90	127	124	0.701	0.726	4.344E-25	93
seq178	seq193	45.300	96	127	241	0.756	0.390	3.418E-16	68
seq178	seq153	41.300	111	127	221	0.811	0.502	1.646E-15	66
seq178	seq154	41.300	111	127	221	0.811	0.502	1.646E-15	66
seq178	seq115	39.600	99	127	245	0.780	0.384	5.787E-15	64
seq178	seq180	40.100	106	127	120	0.772	0.883	1.485E-14	63
seq178	seq146	40.200	97	127	202	0.740	0.480	2.505E-13	59
seq178	seq147	40.200	97	127	202	0.740	0.480	2.505E-13	59
seq178	seq148	40.200	97	127	202	0.740	0.480	2.505E-13	59
seq178	seq149	40.200	97	127	202	0.740	0.480	2.505E-13	59
seq178	seq150	40.200	97	127	202	0.740	0.480	2.505E-13	59
seq178	seq151	40.200	97	127	248	0.740	0.391	2.505E-13	59
seq178	seq171	32.900	79	127	92	0.583	0.859	1.201E-12	57
seq178	seq172	32.900	79	127	92	0.583	0.859	1.201E-12	57
seq178	seq173	32.900	79	127	92	0.583	0.859	1.201E-12	57
seq178	seq174	32.900	79	127	92	0.583	0.859	1.201E-12	57
seq178	seq68	39.700	68	127	275	0.535	0.244	7.871E-12	55
seq178	seq130	38.300	73	127	414	0.543	0.176	7.871E-12	55
seq178	seq127	35.600	73	127	414	0.543	0.176	1.472E-11	54
seq178	seq131	38.000	71	127	414	0.528	0.171	3.763E-11	53
seq178	seq134	35.000	77	127	207	0.606	0.357	1.314E-10	51
seq178	seq135	35.000	77	127	207	0.606	0.357	1.314E-10	51
seq178	seq136	35.000	77	127	352	0.606	0.210	1.314E-10	51
seq178	seq9	33.700	77	127	169	0.583	0.456	2.455E-10	51
seq178	seq41	36.600	71	127	221	0.559	0.317	8.555E-10	49
seq178	seq183	34.100	85	127	424	0.630	0.200	1.596E-09	48
seq178	seq82	35.600	72	127	131	0.567	0.534	2.977E-09	48
seq178	seq191	35.200	71	127	235	0.520	0.302	4.066E-09	47
seq178	seq160	30.600	62	127	271	0.457	0.229	4.066E-09	47
seq178	seq188	33.300	66	127	356	0.480	0.185	4.066E-09	47
seq178	seq81	38.300	72	127	131	0.567	0.519	5.551E-09	47
seq178	seq79	33.300	90	127	247	0.661	0.364	1.412E-08	46
seq178	seq90	26.900	89	127	338	0.638	0.263	1.412E-08	46
seq178	seq199	30.800	104	127	365	0.740	0.285	1.412E-08	46
seq178	seq152	32.000	75	127	132	0.551	0.568	1.927E-08	45
seq178	seq47	26.900	78	127	383	0.575	0.204	2.629E-08	45
seq178	seq32	30.200	76	127	323	0.551	0.235	4.894E-08	44
seq178	seq34	35.200	71	127	340	0.559	0.206	6.676E-08	44
seq178	seq67	26.900	78	127	262	0.575	0.298	1.242E-07	43
seq178	seq35	35.200	71	127	340	0.559	0.206	1.242E-07	43
seq178	seq84	25.900	77	127	282	0.559	0.273	1.693E-07	42
seq178	seq10	30.500	71	127	170	0.528	0.418	4.287E-07	41
seq178	seq73	29.900	105	127	236	0.685	0.445	1.476E-06	40
seq178	seq126	26.700	71	127	307	0.551	0.231	1.476E-06	40
seq178	seq19	26.800	79	127	191	0.606	0.414	2.737E-06	39
seq178	seq20	26.800	79	127	191	0.606	0.414	2.737E-06	39
seq178	seq161	33.300	75	127	246	0.559	0.305	6.899E-06	38
seq178	seq194	29.800	74	127	240	0.567	0.308	9.385E-06	37
seq178	seq111	36.000	61	127	347	0.417	0.176	9.385E-06	37
seq178	seq96	27.200	77	127	193	0.559	0.399	5.015E-04	32
seq33	seq33	100.000	323	323	323	1.000	1.000	8.556E-219	663
seq33	seq188	26.900	232	323	356	0.718	0.624	1.617E-17	78
seq33	seq187	21.200	233	323	456	0.721	0.368	3.004E-16	74
seq33	seq47	22.500	233	323	383	0.721	0.452	2.302E-15	71
seq33	seq162	22.300	231	323	325	0.715	0.511	7.347E-15	69
seq33	seq163	22.300	231	323	325	0.715	0.511	7.347E-15	69
seq33	seq164	22.300	231	323	325	0.715	0.511	7.347E-15	69
seq33	seq165	22.300	231	323	325	0.715	0.511	7.347E-15	69
seq33	seq166	22.300	231	323	325	0.715	0.511	7.347E-15	69
seq33	seq80	27.800	232	323	408	0.718	0.446	4.170E-14	67
seq33	seq131	24.700	272	323	414	0.718	0.657	4.170E-14	67
seq33	seq127	24.100	232	323	414	0.718	0.435	1.765E-13	65
seq33	seq130	24.800	232	323	414	0.718	0.411	5.584E-13	63
seq33	seq90	21.300	243	323	338	0.752	0.624	2.349E-12	61
seq33	seq114	24.400	237	323	382	0.734	0.484	2.349E-12	61
seq33	seq137	41.400	70	323	476	0.217	0.147	7.394E-12	60
seq33	seq68	22.700	249	323	275	0.771	0.705	1.745E-11	59
seq33	seq144	22.100	230	323	356	0.712	0.494	1.745E-11	59
seq33	seq129	24.800	196	323	378	0.607	0.392	1.745E-11	59
seq33	seq14	20.900	231	323	246	0.715	0.667	4.114E-11	57
seq33	seq74	22.900	282	323	409	0.746	0.689	4.114E-11	57
seq33	seq118	28.500	84	323	248	0.245	0.339	9.687E-11	56
seq33	seq185	32.100	84	323	247	0.260	0.340	2.279E-10	55
seq33	seq39	21.900	236	323	378	0.731	0.460	3.030E-10	55
seq33	seq160	36.600	71	323	271	0.220	0.258	4.028E-10	54
seq33	seq1	30.300	79	323	98	0.245	0.806	1.257E-09	53
seq33	seq109	30.300	79	323	604	0.245	0.131	1.257E-09	53
seq33	seq37	20.000	253	323	255	0.783	0.773	1.670E-09	52
seq33	seq67	35.000	114	323	262	0.353	0.397	1.670E-09	52
seq33	seq70	27.800	79	323	416	0.245	0.190	3.916E-09	51
seq33	seq105	24.400	222	323	230	0.687	0.691	9.172E-09	50
seq33	seq106	24.400	222	323	362	0.687	0.439	9.172E-09	50
seq33	seq145	29.200	82	323	588	0.254	0.139	1.218E-08	49
seq33	seq200	34.500	81	323	248	0.251	0.323	2.147E-08	49
seq33	seq71	29.100	79	323	481	0.245	0.164	2.850E-08	48
seq33	seq156	21.700	234	323	226	0.724	0.757	5.020E-08	48
seq33	seq112	30.900	71	323	514	0.220	0.138	5.020E-08	48
seq33	seq7	20.000	260	323	258	0.805	0.748	6.662E-08	47
seq33	seq86	37.300	75	323	143	0.232	0.517	8.840E-08	47
seq33	seq23	28.700	137	323	372	0.412	0.368	8.840E-08	47
seq33	seq184	22.300	241	323	223	0.746	0.789	1.173E-07	46
seq33	seq52	28.100	103	323	375	0.319	0.269	1.173E-07	46
seq33	seq157	21.200	234	323	226	0.724	0.757	2.065E-07	46
seq33	seq180	27.900	111	323	120	0.344	0.925	2.739E-07	45
seq33	seq69	28.200	85	323	260	0.263	0.319	2.739E-07	45
seq33	seq36	33.300	78	323	270	0.241	0.289	2.739E-07	45
seq33	seq8	20.700	244	323	339	0.709	0.720	6.390E-07	44
seq33	seq108	26.000	100	323	238	0.294	0.420	1.124E-06	43
seq33	seq83	40.800	49	323	90	0.152	0.544	1.490E-06	43
seq33	seq12	25.500	89	323	100	0.276	0.890	3.472E-06	42
seq33	seq26	26.000	73	323	148	0.226	0.493	1.420E-05	40
seq33	seq63	31.700	62	323	205	0.189	0.302	1.882E-05	39
seq33	seq89	22.100	203	323	476	0.628	0.305	7.681E-05	37
seq33	seq24	28.700	73	323	153	0.226	0.444	4.147E-04	35
seq33	seq13	23.500	134	323	171	0.415	0.684	9.628E-04	34
seq134	seq134	100.000	207	207	207	1.000	1.000	2.894E-143	438
seq134	seq135	100.000	207	207	207	1.000	1.000	2.894E-143	438
seq134	seq136	100.000	207	207	352	1.000	0.588	2.894E-143	438
seq134	seq196	49.700	177	207	177	0.855	0.983	2.974E-58	193
seq134	seq197	49.700	177	207	177	0.855	0.983	2.974E-58	193
seq134	seq195	39.500	177	207	191	0.855	0.874	4.078E-37	132
seq134	seq130	28.000	175	207	414	0.749	0.423	1.276E-20	84
seq134	seq127	27.400	175	207	414	0.749	0.423	5.965E-20	82
seq134	seq114	27.800	176	207	382	0.749	0.461	1.761E-18	78
seq134	seq131	27.100	175	207	414	0.749	0.423	2.395E-18	77
seq134	seq80	26.400	170	207	408	0.715	0.417	5.946E-16	70
seq134	seq132	39.700	87	207	118	0.396	0.737	8.069E-16	70
seq134	seq126	29.900	167	207	307	0.705	0.544	2.734E-15	68
seq134	seq37	26.900	177	207	255	0.773	0.694	9.246E-15	66
seq134	seq145	24.600	127	207	588	0.575	0.216	1.699E-14	66
seq134	seq157	28.800	192	207	226	0.903	0.850	5.727E-14	64
seq134	seq156	28.300	192	207	226	0.903	0.850	7.758E-14	64
seq134	seq47	25.800	178	207	383	0.754	0.465	7.758E-14	64
seq134	seq129	25.000	192	207	378	0.754	0.508	2.608E-13	62
seq134	seq140	27.300	116	207	415	0.536	0.280	4.778E-13	61
seq134	seq109	28.400	127	207	604	0.575	0.210	1.183E-12	60
seq134	seq61	25.200	186	207	455	0.749	0.409	2.926E-12	59
seq134	seq188	22.900	183	207	356	0.715	0.514	3.956E-12	59
seq134	seq99	25.400	171	207	218	0.763	0.784	1.319E-11	57
seq134	seq100	25.400	171	207	421	0.763	0.406	1.319E-11	57
seq134	seq6	29.600	107	207	169	0.493	0.633	2.406E-11	56
seq134	seq178	34.800	108	207	127	0.522	0.850	5.921E-11	55
seq134	seq74	25.100	167	207	409	0.643	0.408	1.961E-10	53
seq134	seq71	25.600	150	207	481	0.647	0.312	2.645E-10	53
seq134	seq35	28.700	181	207	340	0.763	0.532	8.729E-10	51
seq134	seq152	26.700	126	207	132	0.570	0.955	3.864E-09	49
seq134	seq67	29.400	119	207	262	0.527	0.454	1.702E-08	48
seq134	seq62	24.800	222	207	281	0.816	0.790	1.344E-07	45
seq134	seq70	32.200	62	207	416	0.266	0.149	3.246E-07	44
seq134	seq86	38.000	63	207	143	0.261	0.441	8.095E-06	39
seq134	seq41	24.300	117	207	221	0.565	0.525	8.095E-06	39
seq134	seq177	30.800	81	207	128	0.348	0.633	1.083E-05	39
seq177	seq177	100.000	128	128	128	1.000	1.000	1.006E-81	256
seq177	seq7	45.400	77	128	258	0.602	0.295	8.981E-19	75
seq177	seq157	42.100	76	128	226	0.594	0.332	4.335E-18	73
seq177	seq99	48.000	74	128	218	0.578	0.335	1.526E-17	72
seq177	seq156	40.700	76	128	226	0.594	0.332	1.526E-17	72
seq177	seq129	42.100	76	128	378	0.594	0.198	1.526E-17	72
seq177	seq100	48.000	74	128	421	0.578	0.173	1.526E-17	72
seq177	seq102	40.700	76	128	233	0.594	0.322	3.923E-17	70
seq177	seq200	43.400	76	128	248	0.594	0.302	3.923E-17	70
seq177	seq141	40.500	79	128	210	0.617	0.371	7.360E-17	70
seq177	seq19	42.100	76	128	191	0.594	0.393	1.891E-16	68
seq177	seq20	42.100	76	128	191	0.594	0.393	1.891E-16	68
seq177	seq199	42.100	76	128	365	0.594	0.205	1.891E-16	68
seq177	seq73	43.400	76	128	236	0.594	0.318	2.589E-16	68
seq177	seq122	42.100	76	128	145	0.594	0.517	4.856E-16	67
seq177	seq68	37.300	75	128	275	0.586	0.273	6.650E-16	67
seq177	seq120	42.100	76	128	131	0.594	0.573	9.106E-16	66
seq177	seq86	43.400	76	128	143	0.594	0.524	9.106E-16	66
seq177	seq119	42.100	76	128	131	0.594	0.573	1.707E-15	66
seq177	seq63	40.800	71	128	205	0.555	0.341	8.212E-15	64
seq177	seq12	46.100	52	128	100	0.406	0.520	2.107E-14	63
seq177	seq105	38.000	71	128	230	0.555	0.304	2.883E-14	62
seq177	seq106	38.000	71	128	362	0.555	0.193	2.883E-14	62
seq177	seq180	40.000	75	128	120	0.586	0.625	3.947E-14	62
seq177	seq188	38.800	72	128	356	0.562	0.202	3.947E-14	62
seq177	seq98	41.300	75	128	350	0.586	0.214	5.402E-14	61
seq177	seq97	41.300	75	128	375	0.586	0.200	5.402E-14	61
seq177	seq47	37.500	72	128	383	0.562	0.188	1.012E-13	61
seq177	seq130	38.900	77	128	414	0.602	0.184	1.012E-13	61
seq177	seq131	38.900	77	128	414	0.602	0.184	1.012E-13	61
seq177	seq50	35.600	73	128	556	0.570	0.131	1.012E-13	61
seq177	seq162	36.100	72	128	325	0.562	0.222	4.854E-13	59
seq177	seq163	36.100	72	128	325	0.562	0.222	4.854E-13	59
seq177	seq164	36.100	72	128	325	0.562	0.222	4.854E-13	59
seq177	seq165	36.100	72	128	325	0.562	0.222	4.854E-13	59
seq177	seq166	36.100	72	128	325	0.562	0.222	4.854E-13	59
seq177	seq194	38.400	76	128	240	0.594	0.312	3.181E-12	56
seq177	seq74	37.500	72	128	409	0.562	0.174	4.350E-12	56
seq177	seq127	34.700	72	128	414	0.562	0.174	1.113E-11	55
seq177	seq80	36.100	72	128	408	0.562	0.176	2.080E-11	54
seq177	seq152	33.300	75	128	132	0.586	0.568	2.843E-11	53
seq177	seq26	29.800	77	128	148	0.602	0.520	5.314E-11	53
seq177	seq187	37.500	72	128	456	0.562	0.156	5.314E-11	53
seq177	seq11	38.800	85	128	481	0.641	0.177	5.314E-11	53
seq177	seq24	31.500	73	128	153	0.570	0.477	7.263E-11	52
seq177	seq190	33.700	81	128	404	0.633	0.200	9.927E-11	52
seq177	seq89	35.700	70	128	476	0.523	0.147	1.357E-10	51
seq177	seq1	34.700	72	128	98	0.562	0.735	1.854E-10	51
seq177	seq109	34.700	72	128	604	0.562	0.119	1.854E-10	51
seq177	seq13	28.900	76	128	171	0.594	0.444	2.533E-10	51
seq177	seq183	36.000	75	128	424	0.586	0.175	2.533E-10	51
seq177	seq140	31.500	76	128	415	0.594	0.178	3.461E-10	50
seq177	seq145	38.000	70	128	588	0.547	0.119	3.461E-10	50
seq177	seq78	36.100	72	128	485	0.562	0.148	4.728E-10	50
seq177	seq6	32.500	80	128	169	0.625	0.462	6.459E-10	49
seq177	seq9	32.500	80	128	169	0.625	0.462	6.459E-10	49
seq177	seq71	38.800	85	128	481	0.641	0.177	6.459E-10	49
seq177	seq70	35.000	80	128	416	0.617	0.192	8.823E-10	49
seq177	seq170	31.500	76	128	124	0.594	0.573	1.646E-09	48
seq177	seq160	31.900	72	128	271	0.562	0.262	1.646E-09	48
seq177	seq34	36.100	72	128	340	0.562	0.194	1.065E-08	46
seq177	seq27	34.700	72	128	339	0.562	0.189	6.866E-08	44
seq177	seq29	28.200	78	128	267	0.609	0.288	9.363E-08	43
seq177	seq35	32.400	72	128	340	0.562	0.194	1.740E-07	42
seq177	seq41	30.200	76	128	221	0.594	0.317	5.999E-07	41
seq177	seq8	29.300	75	128	339	0.586	0.198	5.999E-07	41
seq177	seq113	33.300	59	128	546	0.438	0.108	1.515E-06	40
seq177	seq118	26.600	75	128	248	0.586	0.302	2.808E-06	39
seq177	seq159	30.500	72	128	912	0.562	0.072	9.617E-06	37
seq177	seq30	34.600	52	128	167	0.406	0.311	1.777E-05	36
seq63	seq63	100.000	205	205	205	1.000	1.000	4.223E-138	423
seq63	seq7	49.400	168	205	258	0.800	0.651	1.224E-47	162
seq63	seq105	46.100	169	205	230	0.800	0.735	2.295E-47	162
seq63	seq106	46.100	169	205	362	0.800	0.467	2.295E-47	162
seq63	seq156	40.500	170	205	226	0.795	0.752	5.296E-43	149
seq63	seq102	38.000	184	205	233	0.863	0.790	7.247E-43	149
seq63	seq157	37.800	193	205	226	0.907	0.854	9.919E-43	148
seq63	seq129	37.200	220	205	378	0.941	0.582	2.808E-40	141
seq63	seq99	39.000	182	205	218	0.863	0.835	2.520E-39	138
seq63	seq100	39.000	182	205	421	0.863	0.432	2.520E-39	138
seq63	seq199	35.800	226	205	365	1.000	0.619	7.912E-38	134
seq63	seq73	36.700	193	205	236	0.907	0.818	3.391E-36	129
seq63	seq19	37.300	174	205	191	0.815	0.911	6.341E-36	128
seq63	seq20	37.300	174	205	191	0.815	0.911	6.341E-36	128
seq63	seq194	37.100	156	205	240	0.727	0.650	4.897E-31	114
seq63	seq69	32.700	161	205	260	0.785	0.608	2.476E-23	92
seq63	seq12	44.400	81	205	100	0.395	0.810	5.711E-18	76
seq63	seq74	32.800	136	205	409	0.654	0.333	1.435E-17	75
seq63	seq86	36.700	68	205	143	0.332	0.476	1.044E-15	69
seq63	seq200	44.100	68	205	248	0.332	0.274	1.044E-15	69
seq63	seq141	30.400	148	205	210	0.639	0.705	1.417E-15	69
seq63	seq183	29.200	174	205	424	0.785	0.410	1.922E-15	68
seq63	seq145	28.600	150	205	588	0.722	0.255	8.831E-15	66
seq63	seq122	38.200	68	205	145	0.332	0.469	1.006E-13	63
seq63	seq177	40.800	71	205	128	0.341	0.555	2.499E-13	62
seq63	seq119	38.200	68	205	131	0.332	0.519	2.499E-13	62
seq63	seq108	29.800	154	205	238	0.673	0.647	2.499E-13	62
seq63	seq83	33.800	71	205	90	0.346	0.789	3.384E-13	62
seq63	seq120	35.200	68	205	131	0.332	0.519	1.136E-12	60
seq63	seq50	24.600	155	205	556	0.693	0.279	1.136E-12	60
seq63	seq67	25.700	162	205	262	0.751	0.618	1.537E-12	60
seq63	seq127	23.000	149	205	414	0.693	0.360	1.537E-12	60
seq63	seq11	29.100	159	205	481	0.717	0.331	1.537E-12	60
seq63	seq191	31.600	134	205	235	0.634	0.570	2.812E-12	59
seq63	seq68	25.100	153	205	275	0.688	0.556	3.802E-12	59
seq63	seq98	25.400	149	205	350	0.639	0.426	3.130E-11	56
seq63	seq97	25.400	149	205	375	0.639	0.397	3.130E-11	56
seq63	seq71	30.000	133	205	481	0.624	0.277	5.708E-11	55
seq63	seq90	26.100	146	205	338	0.693	0.432	7.705E-11	55
seq63	seq144	22.800	147	205	356	0.693	0.413	1.040E-10	54
seq63	seq8	28.100	165	205	339	0.795	0.487	1.403E-10	54
seq63	seq80	27.800	140	205	408	0.659	0.343	1.403E-10	54
seq63	seq78	28.000	152	205	485	0.741	0.313	2.554E-10	53
seq63	seq21	29.700	134	205	339	0.654	0.392	6.263E-10	52
seq63	seq27	27.000	134	205	339	0.654	0.392	8.442E-10	51
seq63	seq28	27.700	134	205	339	0.654	0.392	8.442E-10	51
seq63	seq75	23.800	167	205	617	0.693	0.271	1.533E-09	51
seq63	seq162	24.400	192	205	325	0.659	0.591	2.781E-09	50
seq63	seq163	24.400	192	205	325	0.659	0.591	2.781E-09	50
seq63	seq164	24.400	192	205	325	0.659	0.591	2.781E-09	50
seq63	seq165	24.400	192	205	325	0.659	0.591	2.781E-09	50
seq63	seq166	24.400	192	205	325	0.659	0.591	2.781E-09	50
seq63	seq24	32.800	70	205	153	0.341	0.431	5.040E-09	49
seq63	seq109	25.500	134	205	604	0.644	0.222	5.040E-09	49
seq63	seq30	33.300	69	205	167	0.337	0.413	1.228E-08	48
seq63	seq114	25.000	169	205	382	0.741	0.442	4.014E-08	46
seq63	seq180	36.700	68	205	120	0.332	0.533	5.394E-08	46
seq63	seq152	37.100	70	205	132	0.337	0.530	9.735E-08	45
seq63	seq188	21.200	189	205	356	0.634	0.531	1.755E-07	44
seq63	seq61	22.900	187	205	455	0.820	0.411	3.162E-07	44
seq63	seq14	19.600	126	205	246	0.615	0.496	1.023E-06	42
seq63	seq39	19.700	141	205	378	0.654	0.373	1.371E-06	42
seq63	seq70	28.300	81	205	416	0.395	0.185	2.462E-06	41
seq63	seq146	23.900	176	205	202	0.771	0.871	3.298E-06	40
seq63	seq147	23.900	176	205	202	0.771	0.871	3.298E-06	40
seq63	seq148	23.900	176	205	202	0.771	0.871	3.298E-06	40
seq63	seq149	23.900	176	205	202	0.771	0.871	3.298E-06	40
seq63	seq150	23.900	176	205	202	0.771	0.871	3.298E-06	40
seq63	seq151	23.900	176	205	248	0.771	0.710	3.298E-06	40
seq63	seq54	29.500	115	205	273	0.444	0.421	7.915E-06	39
seq63	seq126	23.000	136	205	307	0.615	0.443	1.059E-05	39
seq63	seq58	38.900	59	205	161	0.288	0.323	1.417E-05	38
seq63	seq33	31.700	62	205	323	0.302	0.189	1.417E-05	38
seq63	seq1	27.100	81	205	98	0.395	0.786	1.895E-05	38
seq63	seq26	25.300	67	205	148	0.327	0.453	1.895E-05	38
seq63	seq9	27.000	74	205	169	0.361	0.402	2.535E-05	38
seq63	seq140	29.400	77	205	415	0.376	0.183	4.530E-05	37
seq63	seq40	31.100	61	205	278	0.288	0.219	8.089E-05	36
seq63	seq65	30.100	62	205	273	0.293	0.227	1.081E-04	36
seq63	seq160	33.900	53	205	271	0.259	0.192	1.927E-04	35
seq63	seq6	25.600	74	205	169	0.361	0.402	4.582E-04	34
seq63	seq170	30.000	70	205	124	0.341	0.492	6.113E-04	33
seq93	seq93	100.000	312	312	312	1.000	1.000	9.479E-196	596
seq93	seq15	66.000	112	312	183	0.359	0.590	1.311E-40	147
seq26	seq26	100.000	148	148	148	1.000	1.000	1.154E-96	301
seq26	seq24	66.100	118	148	153	0.797	0.771	2.346E-56	184
seq26	seq13	54.800	104	148	171	0.703	0.608	2.374E-36	127
seq26	seq68	42.400	73	148	275	0.493	0.265	1.670E-17	72
seq26	seq144	45.200	73	148	356	0.493	0.205	1.091E-16	70
seq26	seq98	40.000	75	148	350	0.507	0.214	1.816E-15	66
seq26	seq97	39.400	76	148	375	0.514	0.203	2.481E-15	66
seq26	seq90	36.000	86	148	338	0.581	0.246	1.613E-14	64
seq26	seq127	37.500	87	148	414	0.588	0.210	1.046E-13	61
seq26	seq141	32.000	103	148	210	0.696	0.486	3.631E-13	60
seq26	seq80	36.700	79	148	408	0.534	0.191	1.259E-12	58
seq26	seq86	45.600	57	148	143	0.385	0.399	3.197E-12	57
seq26	seq131	32.900	79	148	414	0.534	0.186	4.360E-12	57
seq26	seq183	34.500	81	148	424	0.547	0.184	4.360E-12	57
seq26	seq130	34.000	87	148	414	0.588	0.210	8.110E-12	56
seq26	seq16	38.000	71	148	212	0.473	0.335	1.508E-11	55
seq26	seq114	38.500	70	148	382	0.473	0.178	2.056E-11	55
seq26	seq1	36.700	79	148	98	0.534	0.806	7.094E-11	53
seq26	seq184	36.900	73	148	223	0.486	0.327	7.094E-11	53
seq26	seq109	36.700	79	148	604	0.534	0.131	7.094E-11	53
seq26	seq177	29.800	77	148	128	0.520	0.602	1.317E-10	52
seq26	seq71	33.300	81	148	481	0.547	0.168	4.532E-10	51
seq26	seq137	30.500	85	148	476	0.574	0.179	6.170E-10	50
seq26	seq78	31.600	79	148	485	0.534	0.163	1.556E-09	49
seq26	seq120	33.300	81	148	131	0.473	0.618	2.881E-09	48
seq26	seq47	30.500	72	148	383	0.486	0.188	2.881E-09	48
seq26	seq122	33.300	81	148	145	0.473	0.559	3.920E-09	48
seq26	seq119	33.300	81	148	131	0.473	0.618	5.332E-09	48
seq26	seq74	32.300	71	148	409	0.473	0.174	5.332E-09	48
seq26	seq160	33.300	72	148	271	0.486	0.262	7.252E-09	47
seq26	seq129	36.500	52	148	378	0.351	0.138	7.252E-09	47
seq26	seq70	31.600	79	148	416	0.534	0.190	7.252E-09	47
seq26	seq52	25.500	86	148	375	0.581	0.229	9.861E-09	47
seq26	seq99	25.600	78	148	218	0.500	0.358	1.341E-08	46
seq26	seq191	30.000	80	148	235	0.534	0.340	1.341E-08	46
seq26	seq100	25.600	78	148	421	0.500	0.185	1.341E-08	46
seq26	seq200	37.000	62	148	248	0.419	0.250	1.822E-08	46
seq26	seq111	28.000	82	148	347	0.554	0.236	1.822E-08	46
seq26	seq8	27.500	101	148	339	0.662	0.298	2.477E-08	46
seq26	seq37	28.200	78	148	255	0.514	0.306	3.366E-08	45
seq26	seq61	28.200	85	148	455	0.554	0.187	3.366E-08	45
seq26	seq83	50.000	48	148	90	0.324	0.533	4.573E-08	45
seq26	seq21	31.900	72	148	339	0.486	0.189	4.573E-08	45
seq26	seq89	34.200	75	148	476	0.493	0.158	4.573E-08	45
seq26	seq187	27.700	72	148	456	0.486	0.156	6.212E-08	44
seq26	seq39	31.900	72	148	378	0.486	0.190	1.146E-07	44
seq26	seq67	34.200	73	148	262	0.493	0.279	2.865E-07	42
seq26	seq75	28.200	85	148	617	0.574	0.136	3.888E-07	42
seq26	seq170	34.200	69	148	124	0.466	0.524	5.274E-07	42
seq26	seq23	26.700	71	148	372	0.480	0.191	5.274E-07	42
seq26	seq185	29.800	67	148	247	0.453	0.271	9.698E-07	41
seq26	seq194	32.000	50	148	240	0.338	0.208	1.315E-06	40
seq26	seq36	32.000	78	148	270	0.527	0.278	1.315E-06	40
seq26	seq63	25.300	67	148	205	0.453	0.327	3.271E-06	39
seq26	seq102	30.000	50	148	233	0.338	0.215	5.999E-06	38
seq26	seq14	25.000	92	148	246	0.622	0.346	5.999E-06	38
seq26	seq7	25.400	51	148	258	0.345	0.198	2.011E-05	37
seq26	seq69	31.300	51	148	260	0.345	0.196	6.713E-05	35
seq26	seq62	25.500	92	148	281	0.622	0.327	9.067E-05	35
seq26	seq34	38.400	39	148	340	0.264	0.115	9.067E-05	35
seq26	seq35	38.400	39	148	340	0.264	0.115	1.653E-04	34
seq26	seq11	37.500	40	148	481	0.270	0.083	7.373E-04	32
seq3	seq3	100.000	391	391	391	1.000	1.000	4.777E-255	771
seq3	seq42	99.700	338	391	338	0.864	1.000	3.515E-226	688
seq3	seq43	99.700	338	391	338	0.864	1.000	3.515E-226	688
seq3	seq44	99.700	338	391	338	0.864	1.000	3.515E-226	688
seq3	seq45	99.700	338	391	338	0.864	1.000	3.515E-226	688
seq3	seq46	99.700	338	391	338	0.864	1.000	3.515E-226	688
seq40	seq40	100.000	278	278	278	1.000	1.000	1.124E-197	599
seq40	seq65	91.800	269	278	273	0.968	0.982	7.454E-174	531
seq40	seq54	86.600	233	278	273	0.838	0.853	7.732E-145	447
seq40	seq129	25.900	186	278	378	0.669	0.466	8.816E-10	53
seq40	seq160	24.500	223	278	271	0.647	0.823	2.081E-08	48
seq40	seq74	23.300	166	278	409	0.597	0.350	2.728E-07	45
seq40	seq184	35.800	78	278	223	0.281	0.327	3.628E-07	44
seq40	seq16	37.500	72	278	212	0.259	0.316	1.134E-06	43
seq40	seq28	30.900	77	278	339	0.270	0.227	1.134E-06	43
seq40	seq27	29.700	77	278	339	0.270	0.227	1.508E-06	42
seq40	seq30	33.800	69	278	167	0.248	0.413	2.004E-06	42
seq40	seq63	21.500	171	278	205	0.615	0.712	2.663E-06	42
seq40	seq37	22.700	189	278	255	0.680	0.643	1.102E-05	40
seq40	seq90	34.800	60	278	338	0.209	0.178	1.102E-05	40
seq40	seq191	31.600	78	278	235	0.281	0.311	1.944E-05	39
seq40	seq115	30.300	167	278	245	0.601	0.649	2.582E-05	38
seq40	seq35	21.700	170	278	340	0.612	0.412	4.551E-05	38
seq40	seq111	32.000	52	278	347	0.187	0.144	4.551E-05	38
seq40	seq34	21.700	170	278	340	0.612	0.412	6.041E-05	37
seq40	seq19	36.000	61	278	191	0.219	0.309	1.874E-04	36
seq40	seq20	36.000	61	278	191	0.219	0.309	1.874E-04	36
seq40	seq199	36.000	61	278	365	0.219	0.162	1.874E-04	36
seq40	seq41	33.300	69	278	221	0.248	0.267	4.377E-04	34
seq40	seq48	29.600	73	278	386	0.255	0.189	4.377E-04	34
seq20	seq19	100.000	191	191	191	1.000	1.000	2.388E-129	397
seq20	seq20	100.000	191	191	191	1.000	1.000	2.388E-129	397
seq20	seq199	100.000	191	191	365	1.000	0.523	2.388E-129	397
seq20	seq73	77.600	188	191	236	0.979	0.797	3.623E-100	313
seq20	seq194	59.200	194	191	240	1.000	0.808	3.450E-73	235
seq20	seq157	59.400	180	191	226	0.942	0.796	4.728E-73	235
seq20	seq156	59.200	179	191	226	0.937	0.792	3.133E-72	233
seq20	seq102	56.600	180	191	233	0.942	0.773	1.250E-69	225
seq20	seq105	39.000	185	191	230	0.963	0.804	6.345E-44	151
seq20	seq106	39.000	185	191	362	0.963	0.511	6.345E-44	151
seq20	seq7	38.800	170	191	258	0.890	0.647	3.402E-41	143
seq20	seq99	38.200	175	191	218	0.916	0.794	1.195E-40	141
seq20	seq129	36.200	193	191	378	0.948	0.511	1.195E-40	141
seq20	seq100	38.200	175	191	421	0.916	0.411	1.195E-40	141
seq20	seq63	37.300	174	191	205	0.911	0.815	4.189E-37	131
seq20	seq141	30.300	172	191	210	0.880	0.819	3.578E-22	88
seq20	seq69	31.700	170	191	260	0.890	0.615	1.691E-21	86
seq20	seq145	32.600	148	191	588	0.775	0.245	6.987E-20	81
seq20	seq183	31.100	167	191	424	0.874	0.375	3.896E-18	76
seq20	seq12	32.200	93	191	100	0.487	0.930	9.838E-18	75
seq20	seq191	34.200	147	191	235	0.770	0.613	1.339E-17	74
seq20	seq108	27.000	159	191	238	0.806	0.668	8.515E-17	72
seq20	seq120	47.000	68	191	131	0.356	0.519	2.145E-16	71
seq20	seq122	42.800	77	191	145	0.403	0.531	2.917E-16	70
seq20	seq177	43.600	71	191	128	0.366	0.555	3.968E-16	70
seq20	seq119	44.100	68	191	131	0.356	0.519	2.507E-15	68
seq20	seq112	28.700	149	191	514	0.770	0.290	2.507E-15	68
seq20	seq200	42.600	68	191	248	0.356	0.274	3.408E-15	67
seq20	seq130	27.700	169	191	414	0.880	0.408	1.162E-14	66
seq20	seq86	41.100	68	191	143	0.356	0.476	3.955E-14	64
seq20	seq184	28.000	148	191	223	0.775	0.650	3.955E-14	64
seq20	seq80	26.400	166	191	408	0.869	0.400	3.955E-14	64
seq20	seq144	24.400	180	191	356	0.901	0.506	5.370E-14	64
seq20	seq61	28.400	159	191	455	0.801	0.349	5.370E-14	64
seq20	seq131	26.500	169	191	414	0.880	0.408	7.290E-14	63
seq20	seq16	28.400	148	191	212	0.775	0.684	9.896E-14	63
seq20	seq89	23.100	151	191	476	0.780	0.317	1.823E-13	62
seq20	seq28	28.700	162	191	339	0.848	0.454	2.474E-13	62
seq20	seq68	22.400	159	191	275	0.827	0.578	3.356E-13	61
seq20	seq83	33.700	80	191	90	0.419	0.889	4.553E-13	61
seq20	seq27	29.400	158	191	339	0.827	0.442	6.176E-13	61
seq20	seq98	25.700	153	191	350	0.743	0.437	8.376E-13	60
seq20	seq97	25.700	153	191	375	0.743	0.408	8.376E-13	60
seq20	seq74	23.700	139	191	409	0.728	0.328	1.540E-12	59
seq20	seq162	22.100	139	191	325	0.728	0.412	2.088E-12	59
seq20	seq163	22.100	139	191	325	0.728	0.412	2.088E-12	59
seq20	seq164	22.100	139	191	325	0.728	0.412	2.088E-12	59
seq20	seq165	22.100	139	191	325	0.728	0.412	2.088E-12	59
seq20	seq166	22.100	139	191	325	0.728	0.412	2.088E-12	59
seq20	seq109	25.800	145	191	604	0.759	0.230	3.835E-12	58
seq20	seq67	28.100	153	191	262	0.801	0.569	5.197E-12	58
seq20	seq21	26.200	148	191	339	0.775	0.413	9.538E-12	57
seq20	seq75	26.800	156	191	617	0.723	0.253	1.749E-11	56
seq20	seq30	35.500	90	191	167	0.450	0.539	3.207E-11	55
seq20	seq180	34.600	75	191	120	0.393	0.592	5.874E-11	55
seq20	seq50	17.700	176	191	556	0.885	0.317	1.075E-10	54
seq20	seq90	26.100	140	191	338	0.733	0.405	1.454E-10	53
seq20	seq187	26.300	150	191	456	0.785	0.318	1.967E-10	53
seq20	seq9	28.500	90	191	169	0.471	0.527	3.595E-10	52
seq20	seq8	25.000	142	191	339	0.743	0.395	3.595E-10	52
seq20	seq6	30.500	108	191	169	0.565	0.550	4.859E-10	52
seq20	seq62	29.500	71	191	281	0.361	0.253	4.859E-10	52
seq20	seq13	32.800	73	191	171	0.382	0.421	6.566E-10	51
seq20	seq37	28.900	149	191	255	0.780	0.569	8.871E-10	51
seq20	seq35	29.900	162	191	340	0.848	0.459	1.198E-09	51
seq20	seq23	22.100	205	191	372	0.948	0.551	3.982E-09	49
seq20	seq34	27.500	162	191	340	0.848	0.459	5.374E-09	49
seq20	seq52	23.700	183	191	375	0.880	0.488	5.374E-09	49
seq20	seq47	20.500	164	191	383	0.859	0.418	5.374E-09	49
seq20	seq152	27.600	76	191	132	0.393	0.576	3.230E-08	46
seq20	seq24	30.900	84	191	153	0.440	0.477	3.230E-08	46
seq20	seq10	28.500	77	191	170	0.393	0.453	4.352E-08	46
seq20	seq126	19.200	179	191	307	0.937	0.557	7.896E-08	45
seq20	seq188	20.200	172	191	356	0.853	0.483	1.063E-07	45
seq20	seq171	33.800	71	191	92	0.366	0.772	2.592E-07	44
seq20	seq172	33.800	71	191	92	0.366	0.772	2.592E-07	44
seq20	seq173	33.800	71	191	92	0.366	0.772	2.592E-07	44
seq20	seq174	33.800	71	191	92	0.366	0.772	2.592E-07	44
seq20	seq77	22.000	148	191	310	0.738	0.477	8.474E-07	42
seq20	seq33	27.700	72	191	323	0.372	0.223	8.474E-07	42
seq20	seq26	24.600	73	191	148	0.340	0.493	1.200E-05	38
seq20	seq38	35.200	68	191	179	0.314	0.380	1.200E-05	38
seq20	seq84	28.100	67	191	282	0.351	0.234	5.330E-04	33
seq20	seq32	26.600	104	191	323	0.545	0.322	5.330E-04	33
seq20	seq113	21.300	225	191	546	0.927	0.412	5.330E-04	33
seq21	seq21	100.000	339	339	339	1.000	1.000	1.194E-230	698
seq21	seq27	84.600	339	339	339	1.000	1.000	2.142E-197	602
seq21	seq28	83.400	339	339	339	1.000	1.000	1.418E-196	600
seq21	seq8	62.300	311	339	339	0.917	0.912	6.047E-131	410
seq21	seq35	54.400	290	339	340	0.855	0.850	5.180E-105	335
seq21	seq34	54.100	290	339	340	0.855	0.850	8.740E-104	332
seq21	seq127	25.900	270	339	414	0.788	0.652	7.204E-21	88
seq21	seq78	30.300	186	339	485	0.531	0.384	9.674E-21	88
seq21	seq131	26.600	278	339	414	0.796	0.671	1.299E-20	87
seq21	seq130	26.200	271	339	414	0.779	0.655	4.410E-19	83
seq21	seq144	23.300	302	339	356	0.823	0.848	2.551E-18	80
seq21	seq11	27.600	177	339	481	0.478	0.368	3.416E-18	80
seq21	seq71	31.100	148	339	481	0.425	0.308	1.097E-17	78
seq21	seq80	23.800	272	339	408	0.788	0.667	1.964E-17	78
seq21	seq183	23.500	246	339	424	0.693	0.580	4.789E-16	73
seq21	seq162	20.100	300	339	325	0.720	0.923	1.148E-14	69
seq21	seq163	20.100	300	339	325	0.720	0.923	1.148E-14	69
seq21	seq164	20.100	300	339	325	0.720	0.923	1.148E-14	69
seq21	seq165	20.100	300	339	325	0.720	0.923	1.148E-14	69
seq21	seq166	20.100	300	339	325	0.720	0.923	1.148E-14	69
seq21	seq112	26.700	143	339	514	0.389	0.278	2.042E-14	68
seq21	seq145	28.500	172	339	588	0.496	0.293	2.042E-14	68
seq21	seq114	23.700	252	339	382	0.708	0.660	3.630E-14	67
seq21	seq97	28.500	168	339	375	0.487	0.448	6.449E-14	66
seq21	seq98	27.000	179	339	350	0.487	0.511	2.032E-13	65
seq21	seq109	23.500	213	339	604	0.628	0.338	2.032E-13	65
seq21	seq37	29.900	144	339	255	0.416	0.565	3.605E-13	64
seq21	seq156	25.900	149	339	226	0.416	0.659	8.360E-12	60
seq21	seq157	25.900	149	339	226	0.416	0.659	8.360E-12	60
seq21	seq7	28.300	146	339	258	0.419	0.566	1.965E-11	59
seq21	seq67	29.100	156	339	262	0.434	0.595	2.613E-11	58
seq21	seq199	25.300	190	339	365	0.516	0.521	1.439E-10	56
seq21	seq19	25.400	166	339	191	0.457	0.869	1.912E-10	55
seq21	seq20	25.400	166	339	191	0.457	0.869	1.912E-10	55
seq21	seq16	25.700	163	339	212	0.472	0.769	1.912E-10	55
seq21	seq102	26.400	142	339	233	0.395	0.609	2.539E-10	55
seq21	seq90	21.500	285	339	338	0.720	0.843	2.539E-10	55
seq21	seq73	26.200	148	339	236	0.413	0.627	4.479E-10	54
seq21	seq68	25.800	166	339	275	0.463	0.604	5.948E-10	54
seq21	seq99	24.500	166	339	218	0.481	0.761	7.897E-10	53
seq21	seq100	24.500	166	339	421	0.481	0.394	7.897E-10	53
seq21	seq120	32.600	101	339	131	0.298	0.710	4.319E-09	51
seq21	seq119	32.600	101	339	131	0.298	0.710	5.732E-09	51
seq21	seq41	28.300	146	339	221	0.431	0.597	5.732E-09	51
seq21	seq184	23.900	163	339	223	0.472	0.731	7.605E-09	50
seq21	seq105	25.300	141	339	230	0.392	0.613	1.339E-08	49
seq21	seq106	25.300	141	339	362	0.392	0.390	1.339E-08	49
seq21	seq129	24.800	180	339	378	0.481	0.476	1.339E-08	49
seq21	seq122	33.600	98	339	145	0.289	0.621	2.355E-08	49
seq21	seq108	30.300	102	339	238	0.301	0.416	1.281E-07	46
seq21	seq33	22.800	244	339	323	0.720	0.709	1.698E-07	46
seq21	seq36	35.800	88	339	270	0.260	0.326	2.251E-07	46
seq21	seq50	25.700	153	339	556	0.410	0.275	2.984E-07	45
seq21	seq195	23.100	164	339	191	0.484	0.754	3.955E-07	45
seq21	seq160	29.700	109	339	271	0.307	0.402	3.955E-07	45
seq21	seq13	32.600	87	339	171	0.257	0.491	9.206E-07	44
seq21	seq26	25.700	132	339	148	0.389	0.791	1.616E-06	43
seq21	seq200	28.400	102	339	248	0.301	0.379	1.616E-06	43
seq21	seq86	37.900	58	339	143	0.171	0.406	2.838E-06	42
seq21	seq24	25.200	91	339	153	0.268	0.575	2.838E-06	42
seq21	seq52	26.700	71	339	375	0.209	0.189	6.597E-06	41
seq21	seq14	23.700	133	339	246	0.392	0.520	8.738E-06	40
seq21	seq23	27.700	72	339	372	0.212	0.194	1.533E-05	40
seq21	seq9	31.900	72	339	169	0.195	0.426	2.030E-05	39
seq21	seq193	32.800	64	339	241	0.189	0.266	2.030E-05	39
seq21	seq17	21.500	281	339	407	0.829	0.676	3.560E-05	38
seq21	seq30	32.700	55	339	167	0.162	0.329	6.242E-05	38
seq163	seq162	100.000	325	325	325	1.000	1.000	4.021E-220	667
seq163	seq163	100.000	325	325	325	1.000	1.000	4.021E-220	667
seq163	seq164	100.000	325	325	325	1.000	1.000	4.021E-220	667
seq163	seq165	100.000	325	325	325	1.000	1.000	4.021E-220	667
seq163	seq166	100.000	325	325	325	1.000	1.000	4.021E-220	667
seq163	seq188	59.100	336	325	356	0.963	0.944	3.787E-123	387
seq163	seq47	60.100	333	325	383	0.942	0.869	3.423E-122	384
seq163	seq187	42.200	416	325	456	0.945	0.912	2.912E-96	309
seq163	seq37	43.600	204	325	255	0.628	0.792	6.930E-54	186
seq163	seq185	41.800	165	325	247	0.508	0.668	1.414E-38	141
seq163	seq61	25.600	359	325	455	0.920	0.789	7.355E-33	124
seq163	seq130	27.700	306	325	414	0.942	0.664	1.835E-32	123
seq163	seq127	29.100	296	325	414	0.911	0.606	1.835E-32	123
seq163	seq80	28.100	303	325	408	0.932	0.637	1.298E-30	117
seq163	seq131	27.300	306	325	414	0.942	0.664	8.015E-30	115
seq163	seq114	28.800	296	325	382	0.911	0.660	1.470E-29	114
seq163	seq39	35.300	180	325	378	0.545	0.476	2.694E-29	113
seq163	seq14	35.600	168	325	246	0.517	0.675	6.202E-27	106
seq163	seq97	27.200	286	325	375	0.880	0.672	3.095E-25	101
seq163	seq183	23.500	354	325	424	0.914	0.835	3.404E-24	98
seq163	seq53	32.500	180	325	600	0.545	0.300	4.591E-24	98
seq163	seq98	26.200	286	325	350	0.880	0.751	8.350E-24	97
seq163	seq137	32.300	168	325	476	0.517	0.353	5.428E-22	91
seq163	seq78	23.500	439	325	485	0.948	0.905	1.781E-21	90
seq163	seq141	30.300	177	325	210	0.489	0.843	5.834E-21	88
seq163	seq144	23.900	298	325	356	0.917	0.736	3.445E-20	86
seq163	seq67	31.600	155	325	262	0.458	0.592	8.357E-20	85
seq163	seq90	32.000	150	325	338	0.455	0.444	1.123E-19	84
seq163	seq71	22.700	428	325	481	0.929	0.890	1.508E-19	84
seq163	seq160	27.300	224	325	271	0.677	0.827	2.719E-19	83
seq163	seq68	29.500	163	325	275	0.471	0.593	2.719E-19	83
seq163	seq191	32.400	148	325	235	0.449	0.630	3.650E-19	83
seq163	seq186	30.300	156	325	235	0.446	0.664	8.825E-19	81
seq163	seq109	23.500	447	325	604	0.929	0.740	1.184E-18	81
seq163	seq112	22.500	380	325	514	0.920	0.739	5.140E-18	79
seq163	seq145	29.800	189	325	588	0.582	0.321	3.989E-17	76
seq163	seq11	27.200	175	325	481	0.502	0.364	5.343E-17	76
seq163	seq105	28.200	144	325	230	0.434	0.626	1.717E-16	74
seq163	seq106	28.200	144	325	362	0.434	0.398	1.717E-16	74
seq163	seq70	25.300	360	325	416	0.929	0.865	4.114E-16	73
seq163	seq194	26.800	148	325	240	0.440	0.617	1.760E-15	71
seq163	seq21	20.100	300	325	339	0.923	0.720	1.338E-14	68
seq163	seq99	25.800	163	325	218	0.495	0.748	3.186E-14	67
seq163	seq33	22.300	231	325	323	0.511	0.715	3.186E-14	67
seq163	seq100	25.800	163	325	421	0.495	0.387	3.186E-14	67
seq163	seq126	21.800	284	325	307	0.874	0.772	4.252E-14	67
seq163	seq156	24.800	148	325	226	0.440	0.655	7.573E-14	66
seq163	seq157	24.500	158	325	226	0.458	0.699	7.573E-14	66
seq163	seq89	29.700	138	325	476	0.397	0.290	7.573E-14	66
seq163	seq129	27.500	164	325	378	0.458	0.434	1.010E-13	66
seq163	seq199	21.100	169	325	365	0.502	0.463	4.264E-13	64
seq163	seq73	24.800	148	325	236	0.440	0.627	1.010E-12	63
seq163	seq111	25.100	187	325	347	0.477	0.539	1.793E-12	62
seq163	seq19	20.800	148	325	191	0.440	0.775	5.643E-12	60
seq163	seq20	20.800	148	325	191	0.440	0.775	5.643E-12	60
seq163	seq1	41.000	78	325	98	0.240	0.796	7.514E-12	60
seq163	seq177	36.100	72	325	128	0.222	0.562	5.556E-11	57
seq163	seq34	22.800	297	325	340	0.914	0.712	1.307E-10	56
seq163	seq41	27.300	146	325	221	0.449	0.602	3.073E-10	55
seq163	seq69	24.200	135	325	260	0.415	0.504	4.084E-10	54
seq163	seq52	29.700	101	325	375	0.311	0.256	4.084E-10	54
seq163	seq35	22.200	297	325	340	0.914	0.712	7.215E-10	53
seq163	seq77	22.900	253	325	310	0.692	0.816	9.587E-10	53
seq163	seq63	24.400	192	325	205	0.591	0.659	1.274E-09	53
seq163	seq122	35.000	80	325	145	0.246	0.552	5.267E-09	51
seq163	seq23	25.000	104	325	372	0.298	0.280	6.994E-09	50
seq163	seq152	31.700	63	325	132	0.194	0.477	9.287E-09	50
seq163	seq120	31.300	102	325	131	0.314	0.679	1.233E-08	49
seq163	seq119	40.200	67	325	131	0.206	0.511	1.637E-08	49
seq163	seq24	30.200	76	325	153	0.234	0.497	5.079E-08	48
seq163	seq153	36.300	66	325	221	0.203	0.285	5.079E-08	48
seq163	seq154	36.300	66	325	221	0.203	0.285	5.079E-08	48
seq163	seq190	39.300	66	325	404	0.203	0.158	6.740E-08	47
seq163	seq9	40.300	62	325	169	0.191	0.355	6.459E-07	44
seq163	seq6	30.600	75	325	169	0.231	0.432	1.136E-06	43
seq163	seq200	32.700	61	325	248	0.188	0.246	1.506E-06	43
seq163	seq86	33.300	75	325	143	0.231	0.524	1.996E-06	42
seq163	seq115	25.700	66	325	245	0.203	0.253	2.646E-06	42
seq163	seq60	30.000	102	325	377	0.246	0.271	1.900E-05	39
seq163	seq171	25.600	74	325	92	0.228	0.804	4.419E-05	38
seq163	seq172	25.600	74	325	92	0.228	0.804	4.419E-05	38
seq163	seq173	25.600	74	325	92	0.228	0.804	4.419E-05	38
seq163	seq174	25.600	74	325	92	0.228	0.804	4.419E-05	38
seq163	seq32	33.800	65	325	323	0.200	0.192	5.854E-05	38
seq163	seq158	23.200	98	325	136	0.302	0.669	2.386E-04	36
seq163	seq79	27.900	65	325	247	0.197	0.263	7.336E-04	34
seq17	seq17	100.000	407	407	407	1.000	1.000	2.469E-260	788
seq17	seq74	24.200	203	407	409	0.467	0.496	1.824E-13	66
seq17	seq144	22.700	248	407	356	0.526	0.697	2.300E-07	46
seq17	seq11	23.600	161	407	481	0.349	0.335	8.709E-06	41
seq17	seq79	27.500	79	407	247	0.194	0.316	2.013E-05	40
seq17	seq69	25.900	161	407	260	0.396	0.612	2.013E-05	40
seq17	seq89	28.000	130	407	476	0.283	0.273	2.661E-05	39
seq17	seq99	28.800	127	407	218	0.297	0.583	3.518E-05	39
seq17	seq100	28.800	127	407	421	0.297	0.302	3.518E-05	39
seq17	seq109	22.600	150	407	604	0.351	0.248	3.518E-05	39
seq17	seq105	20.900	124	407	230	0.287	0.539	8.128E-05	38
seq17	seq106	20.900	124	407	362	0.287	0.343	8.128E-05	38
seq17	seq70	27.000	84	407	416	0.201	0.202	2.481E-04	36
seq17	seq8	24.000	233	407	339	0.558	0.687	3.279E-04	36
seq17	seq30	27.400	90	407	167	0.216	0.539	7.570E-04	34
seq17	seq115	32.700	58	407	245	0.143	0.237	7.570E-04	34
seq38	seq38	100.000	179	179	179	1.000	1.000	1.285E-105	328
seq38	seq199	34.000	99	179	365	0.553	0.247	1.937E-08	47
seq38	seq19	31.500	94	179	191	0.525	0.445	9.495E-07	42
seq38	seq20	31.500	94	179	191	0.525	0.445	9.495E-07	42
seq38	seq182	39.500	43	179	228	0.240	0.189	5.990E-05	36
seq38	seq105	37.500	56	179	230	0.313	0.209	1.078E-04	35
seq38	seq106	37.500	56	179	362	0.313	0.133	1.078E-04	35
seq38	seq78	28.700	80	179	485	0.447	0.148	2.598E-04	34
seq38	seq71	31.300	85	179	481	0.475	0.177	3.482E-04	34
seq38	seq1	27.500	80	179	98	0.447	0.735	4.664E-04	33
seq38	seq70	27.500	80	179	416	0.447	0.173	4.664E-04	33
seq38	seq109	27.500	80	179	604	0.447	0.119	4.664E-04	33
seq108	seq108	100.000	238	238	238	1.000	1.000	4.452E-152	466
seq108	seq102	26.700	167	238	233	0.702	0.700	8.195E-19	79
seq108	seq141	25.600	181	238	210	0.739	0.862	1.505E-18	79
seq108	seq199	26.900	202	238	365	0.849	0.542	9.299E-18	76
seq108	seq19	26.300	167	238	191	0.702	0.848	2.591E-16	72
seq108	seq20	26.300	167	238	191	0.702	0.848	2.591E-16	72
seq108	seq156	28.100	153	238	226	0.643	0.655	6.403E-16	71
seq108	seq157	28.100	153	238	226	0.643	0.655	1.170E-15	70
seq108	seq73	26.100	153	238	236	0.643	0.627	1.170E-15	70
seq108	seq105	27.800	164	238	230	0.689	0.678	2.135E-15	69
seq108	seq106	27.800	164	238	362	0.689	0.431	2.135E-15	69
seq108	seq130	30.400	148	238	414	0.622	0.345	1.295E-14	67
seq108	seq80	27.700	147	238	408	0.618	0.350	1.748E-14	66
seq108	seq131	31.200	167	238	414	0.702	0.379	1.748E-14	66
seq108	seq50	25.200	168	238	556	0.702	0.302	1.748E-14	66
seq108	seq144	24.100	177	238	356	0.744	0.478	3.182E-14	66
seq108	seq185	27.800	162	238	247	0.681	0.623	4.681E-13	62
seq108	seq7	24.400	147	238	258	0.618	0.539	6.793E-12	59
seq108	seq8	26.000	164	238	339	0.689	0.457	1.652E-11	57
seq108	seq10	31.900	94	238	170	0.395	0.524	2.983E-11	57
seq108	seq114	27.800	171	238	382	0.697	0.448	2.983E-11	57
seq108	seq62	25.500	186	238	281	0.723	0.662	1.832E-09	51
seq108	seq61	26.400	177	238	455	0.718	0.389	2.455E-09	51
seq108	seq69	24.600	181	238	260	0.761	0.665	3.289E-09	50
seq108	seq78	24.600	158	238	485	0.664	0.309	3.289E-09	50
seq108	seq183	35.200	68	238	424	0.286	0.156	4.405E-09	50
seq108	seq21	24.600	152	238	339	0.639	0.404	1.057E-08	49
seq108	seq14	24.000	165	238	246	0.693	0.598	2.533E-08	48
seq108	seq58	35.400	62	238	161	0.261	0.342	1.446E-07	45
seq108	seq33	27.100	92	238	323	0.387	0.269	2.581E-07	44
seq108	seq36	25.200	106	238	270	0.445	0.385	3.463E-06	41
seq108	seq48	25.400	170	238	386	0.714	0.425	4.583E-05	37
seq108	seq26	22.000	77	238	148	0.324	0.486	1.081E-04	36
seq115	seq115	100.000	245	245	245	1.000	1.000	3.109E-158	484
seq115	seq146	70.500	185	245	202	0.755	0.901	3.352E-84	270
seq115	seq147	70.500	185	245	202	0.755	0.901	3.352E-84	270
seq115	seq148	70.500	185	245	202	0.755	0.901	3.352E-84	270
seq115	seq149	70.500	185	245	202	0.755	0.901	3.352E-84	270
seq115	seq150	70.500	185	245	202	0.755	0.901	3.352E-84	270
seq115	seq151	70.500	185	245	248	0.755	0.734	3.352E-84	270
seq115	seq153	60.900	185	245	221	0.755	0.787	2.320E-71	233
seq115	seq154	60.900	185	245	221	0.755	0.787	2.320E-71	233
seq115	seq193	41.100	218	245	241	0.890	0.892	7.718E-34	124
seq115	seq139	43.200	106	245	128	0.424	0.828	4.851E-14	65
seq115	seq138	46.600	75	245	128	0.306	0.578	2.896E-13	63
seq115	seq170	43.400	76	245	124	0.310	0.605	3.294E-11	57
seq115	seq178	39.600	99	245	127	0.384	0.780	3.294E-11	57
seq115	seq161	40.000	75	245	246	0.302	0.305	4.421E-11	56
seq115	seq171	33.700	77	245	92	0.298	0.837	2.043E-08	48
seq115	seq172	33.700	77	245	92	0.298	0.837	2.043E-08	48
seq115	seq173	33.700	77	245	92	0.298	0.837	2.043E-08	48
seq115	seq174	33.700	77	245	92	0.298	0.837	2.043E-08	48
seq115	seq180	39.700	78	245	120	0.302	0.650	3.649E-08	47
seq115	seq9	36.600	71	245	169	0.282	0.420	1.550E-07	45
seq115	seq41	36.100	72	245	221	0.294	0.317	2.762E-07	44
seq115	seq98	27.500	80	245	350	0.310	0.229	8.745E-07	43
seq115	seq97	28.200	78	245	375	0.302	0.208	8.745E-07	43
seq115	seq50	29.300	73	245	556	0.282	0.131	8.745E-07	43
seq115	seq78	25.600	78	245	485	0.302	0.161	2.761E-06	41
seq115	seq140	35.200	71	245	415	0.282	0.171	4.902E-06	40
seq115	seq162	25.700	66	245	325	0.253	0.203	6.530E-06	40
seq115	seq163	25.700	66	245	325	0.253	0.203	6.530E-06	40
seq115	seq164	25.700	66	245	325	0.253	0.203	6.530E-06	40
seq115	seq165	25.700	66	245	325	0.253	0.203	6.530E-06	40
seq115	seq166	25.700	66	245	325	0.253	0.203	6.530E-06	40
seq115	seq90	24.800	203	245	338	0.755	0.601	6.530E-06	40
seq115	seq112	24.300	78	245	514	0.302	0.152	1.542E-05	39
seq115	seq30	39.600	51	245	167	0.192	0.305	2.053E-05	38
seq115	seq6	32.300	71	245	169	0.282	0.420	2.053E-05	38
seq115	seq130	30.900	71	245	414	0.278	0.171	2.732E-05	38
seq115	seq131	30.900	71	245	414	0.278	0.171	2.732E-05	38
seq115	seq144	24.200	169	245	356	0.690	0.441	3.636E-05	38
seq115	seq191	32.300	63	245	235	0.237	0.268	4.838E-05	37
seq115	seq36	30.800	68	245	270	0.229	0.252	2.014E-04	35
seq115	seq160	25.000	68	245	271	0.265	0.251	2.678E-04	35
seq115	seq16	32.300	63	245	212	0.237	0.297	3.561E-04	34
seq115	seq17	32.700	58	245	407	0.237	0.143	6.291E-04	34
seq86	seq86	100.000	143	143	143	1.000	1.000	2.470E-100	311
seq86	seq122	64.400	90	143	145	0.622	0.621	1.275E-35	124
seq86	seq200	54.000	110	143	248	0.769	0.411	8.456E-35	122
seq86	seq119	64.300	87	143	131	0.601	0.664	2.985E-34	121
seq86	seq120	64.300	87	143	131	0.601	0.664	2.985E-34	121
seq86	seq129	40.000	110	143	378	0.769	0.254	1.143E-21	84
seq86	seq99	40.400	84	143	218	0.566	0.385	1.740E-19	78
seq86	seq100	40.400	84	143	421	0.566	0.200	1.740E-19	78
seq86	seq156	44.100	77	143	226	0.538	0.341	5.484E-18	74
seq86	seq105	37.200	102	143	230	0.713	0.422	5.484E-18	74
seq86	seq106	37.200	102	143	362	0.713	0.268	5.484E-18	74
seq86	seq157	44.100	77	143	226	0.538	0.341	1.027E-17	73
seq86	seq63	36.700	68	143	205	0.476	0.332	1.921E-17	72
seq86	seq7	35.300	82	143	258	0.566	0.318	1.921E-17	72
seq86	seq102	44.200	70	143	233	0.490	0.300	2.354E-16	69
seq86	seq177	45.700	70	143	128	0.483	0.547	6.019E-16	68
seq86	seq12	32.900	85	143	100	0.594	0.850	2.104E-15	66
seq86	seq19	41.100	68	143	191	0.476	0.356	1.004E-14	64
seq86	seq20	41.100	68	143	191	0.476	0.356	1.004E-14	64
seq86	seq199	41.100	68	143	365	0.476	0.186	1.004E-14	64
seq86	seq83	39.400	71	143	90	0.497	0.789	2.562E-14	63
seq86	seq73	31.600	79	143	236	0.552	0.335	8.930E-14	61
seq86	seq144	44.000	75	143	356	0.517	0.211	8.930E-14	61
seq86	seq194	38.700	80	143	240	0.559	0.329	1.667E-13	61
seq86	seq69	38.300	73	143	260	0.510	0.277	4.246E-13	59
seq86	seq68	43.400	69	143	275	0.483	0.251	4.246E-13	59
seq86	seq26	45.600	57	143	148	0.399	0.385	1.081E-12	58
seq86	seq180	35.300	82	143	120	0.566	0.683	2.015E-12	57
seq86	seq160	33.100	143	143	271	1.000	0.487	9.546E-12	55
seq86	seq24	38.200	68	143	153	0.476	0.418	1.777E-11	55
seq86	seq13	45.400	55	143	171	0.385	0.322	1.777E-11	55
seq86	seq90	37.100	97	143	338	0.650	0.287	1.777E-11	55
seq86	seq137	35.400	79	143	476	0.552	0.160	1.777E-11	55
seq86	seq98	37.200	86	143	350	0.594	0.246	2.425E-11	54
seq86	seq97	37.200	86	143	375	0.594	0.229	2.425E-11	54
seq86	seq111	31.600	101	143	347	0.650	0.291	4.511E-11	53
seq86	seq127	32.000	81	143	414	0.566	0.184	4.511E-11	53
seq86	seq141	33.800	71	143	210	0.497	0.314	6.153E-11	53
seq86	seq14	37.300	67	143	246	0.469	0.272	6.153E-11	53
seq86	seq183	44.600	56	143	424	0.392	0.130	2.127E-10	51
seq86	seq80	42.300	59	143	408	0.413	0.142	3.951E-10	51
seq86	seq74	31.800	88	143	409	0.510	0.215	5.385E-10	50
seq86	seq33	36.700	79	143	323	0.545	0.245	7.337E-10	50
seq86	seq39	34.100	79	143	378	0.552	0.198	9.997E-10	49
seq86	seq11	33.800	65	143	481	0.455	0.135	1.855E-09	49
seq86	seq130	30.800	81	143	414	0.566	0.184	4.684E-09	48
seq86	seq118	32.200	90	143	248	0.629	0.339	6.377E-09	47
seq86	seq190	33.700	76	143	404	0.531	0.186	8.680E-09	47
seq86	seq61	37.500	56	143	455	0.392	0.123	1.181E-08	46
seq86	seq162	33.300	75	143	325	0.524	0.231	2.187E-08	46
seq86	seq163	33.300	75	143	325	0.524	0.231	2.187E-08	46
seq86	seq164	33.300	75	143	325	0.524	0.231	2.187E-08	46
seq86	seq165	33.300	75	143	325	0.524	0.231	2.187E-08	46
seq86	seq166	33.300	75	143	325	0.524	0.231	2.187E-08	46
seq86	seq71	33.300	78	143	481	0.517	0.162	2.187E-08	46
seq86	seq145	39.600	53	143	588	0.371	0.090	2.187E-08	46
seq86	seq9	33.700	76	143	169	0.531	0.444	2.975E-08	45
seq86	seq196	40.300	57	143	177	0.399	0.277	2.975E-08	45
seq86	seq197	40.300	57	143	177	0.399	0.277	2.975E-08	45
seq86	seq131	29.600	81	143	414	0.566	0.184	2.975E-08	45
seq86	seq36	41.300	58	143	270	0.406	0.215	4.046E-08	45
seq86	seq89	37.000	62	143	476	0.434	0.128	5.502E-08	44
seq86	seq78	35.400	62	143	485	0.434	0.128	5.502E-08	44
seq86	seq21	37.900	58	143	339	0.406	0.171	7.481E-08	44
seq86	seq27	36.200	58	143	339	0.406	0.171	7.481E-08	44
seq86	seq188	39.600	53	143	356	0.371	0.149	1.382E-07	43
seq86	seq47	36.200	58	143	383	0.406	0.151	1.382E-07	43
seq86	seq184	36.800	57	143	223	0.392	0.256	1.878E-07	43
seq86	seq6	32.400	76	143	169	0.531	0.444	2.552E-07	42
seq86	seq1	35.700	56	143	98	0.392	0.571	4.708E-07	42
seq86	seq67	30.300	102	143	262	0.685	0.389	4.708E-07	42
seq86	seq187	37.900	58	143	456	0.406	0.127	4.708E-07	42
seq86	seq70	33.900	56	143	416	0.392	0.135	8.678E-07	41
seq86	seq8	32.800	76	143	339	0.531	0.186	1.178E-06	40
seq86	seq37	30.300	66	143	255	0.462	0.259	1.598E-06	40
seq86	seq35	35.000	57	143	340	0.399	0.165	3.988E-06	39
seq86	seq30	28.500	56	143	167	0.392	0.335	9.931E-06	38
seq86	seq193	35.200	51	143	241	0.357	0.178	3.339E-05	36
seq86	seq34	33.300	57	143	340	0.399	0.165	3.339E-05	36
seq86	seq170	36.100	82	143	124	0.573	0.621	4.519E-05	36
seq151	seq151	100.000	248	248	248	1.000	1.000	1.683E-160	490
seq151	seq146	100.000	202	248	202	0.815	1.000	5.960E-137	422
seq151	seq147	100.000	202	248	202	0.815	1.000	5.960E-137	422
seq151	seq148	100.000	202	248	202	0.815	1.000	5.960E-137	422
seq151	seq149	100.000	202	248	202	0.815	1.000	5.960E-137	422
seq151	seq150	100.000	202	248	202	0.815	1.000	5.960E-137	422
seq151	seq153	66.800	237	248	221	0.956	0.968	3.344E-89	285
seq151	seq154	66.800	237	248	221	0.956	0.968	3.344E-89	285
seq151	seq115	64.000	236	248	245	0.911	0.963	2.517E-83	268
seq151	seq193	45.000	235	248	241	0.867	0.975	9.130E-37	133
seq151	seq139	51.900	100	248	128	0.395	0.781	2.681E-20	84
seq151	seq138	49.300	73	248	128	0.294	0.555	8.520E-15	68
seq151	seq170	48.600	74	248	124	0.298	0.581	2.812E-14	66
seq151	seq178	41.900	79	248	127	0.310	0.622	4.797E-10	53
seq151	seq180	41.400	79	248	120	0.306	0.658	2.063E-09	51
seq151	seq161	32.900	87	248	246	0.347	0.354	2.761E-09	51
seq151	seq90	28.100	185	248	338	0.653	0.547	2.761E-09	51
seq151	seq185	42.300	76	248	247	0.286	0.308	4.940E-09	50
seq151	seq171	36.500	81	248	92	0.315	0.880	6.606E-09	49
seq151	seq172	36.500	81	248	92	0.315	0.880	6.606E-09	49
seq151	seq173	36.500	81	248	92	0.315	0.880	6.606E-09	49
seq151	seq174	36.500	81	248	92	0.315	0.880	6.606E-09	49
seq151	seq140	35.400	78	248	415	0.315	0.186	1.181E-08	49
seq151	seq50	23.000	161	248	556	0.649	0.288	3.762E-08	47
seq151	seq41	35.600	73	248	221	0.294	0.317	1.196E-07	46
seq151	seq9	33.800	71	248	169	0.282	0.420	3.788E-07	44
seq151	seq97	22.600	182	248	375	0.734	0.459	3.788E-07	44
seq151	seq63	23.900	176	248	205	0.710	0.771	8.980E-07	43
seq151	seq74	24.800	159	248	409	0.641	0.359	3.772E-06	41
seq151	seq82	36.500	62	248	131	0.250	0.443	5.024E-06	40
seq151	seq81	34.900	62	248	131	0.250	0.443	8.907E-06	40
seq151	seq98	29.000	86	248	350	0.335	0.246	8.907E-06	40
seq151	seq126	38.500	57	248	307	0.230	0.182	1.578E-05	39
seq151	seq158	29.300	74	248	136	0.298	0.515	2.101E-05	38
seq151	seq18	31.000	74	248	153	0.286	0.484	2.101E-05	38
seq151	seq30	31.100	58	248	167	0.234	0.347	3.719E-05	38
seq151	seq35	28.300	78	248	340	0.306	0.229	4.947E-05	37
seq151	seq191	30.800	65	248	235	0.246	0.277	8.752E-05	36
seq151	seq37	33.800	67	248	255	0.250	0.263	8.752E-05	36
seq151	seq162	30.400	66	248	325	0.254	0.203	8.752E-05	36
seq151	seq163	30.400	66	248	325	0.254	0.203	8.752E-05	36
seq151	seq164	30.400	66	248	325	0.254	0.203	8.752E-05	36
seq151	seq165	30.400	66	248	325	0.254	0.203	8.752E-05	36
seq151	seq166	30.400	66	248	325	0.254	0.203	8.752E-05	36
seq151	seq11	24.300	82	248	481	0.331	0.129	2.057E-04	35
seq151	seq34	28.300	71	248	340	0.278	0.209	8.529E-04	33
seq152	seq152	100.000	132	132	132	1.000	1.000	1.545E-87	273
seq152	seq170	33.000	112	132	124	0.848	0.887	1.970E-15	66
seq152	seq37	39.400	71	132	255	0.538	0.278	1.588E-13	60
seq152	seq196	27.100	114	132	177	0.864	0.571	6.031E-11	53
seq152	seq197	27.100	114	132	177	0.864	0.571	6.031E-11	53
seq152	seq180	35.000	77	132	120	0.583	0.642	8.239E-11	52
seq152	seq99	36.200	69	132	218	0.492	0.317	1.125E-10	52
seq152	seq100	36.200	69	132	421	0.492	0.164	1.125E-10	52
seq152	seq134	26.700	126	132	207	0.955	0.570	1.537E-10	51
seq152	seq135	26.700	126	132	207	0.955	0.570	1.537E-10	51
seq152	seq67	30.800	81	132	262	0.614	0.309	1.537E-10	51
seq152	seq136	26.700	126	132	352	0.955	0.335	1.537E-10	51
seq152	seq177	30.100	93	132	128	0.705	0.703	2.866E-10	51
seq152	seq68	32.000	75	132	275	0.568	0.273	9.956E-10	49
seq152	seq75	31.100	90	132	617	0.636	0.146	9.956E-10	49
seq152	seq171	31.300	86	132	92	0.652	0.935	2.530E-09	48
seq152	seq172	31.300	86	132	92	0.652	0.935	2.530E-09	48
seq152	seq173	31.300	86	132	92	0.652	0.935	2.530E-09	48
seq152	seq174	31.300	86	132	92	0.652	0.935	2.530E-09	48
seq152	seq129	29.700	118	132	378	0.894	0.310	3.453E-09	48
seq152	seq187	38.000	63	132	456	0.477	0.138	3.453E-09	48
seq152	seq47	28.200	78	132	383	0.591	0.204	6.425E-09	47
seq152	seq16	32.500	86	132	212	0.644	0.406	1.195E-08	46
seq152	seq28	30.000	90	132	339	0.667	0.265	1.630E-08	46
seq152	seq145	26.100	84	132	588	0.636	0.143	1.630E-08	46
seq152	seq90	30.100	73	132	338	0.553	0.216	2.222E-08	45
seq152	seq1	30.300	79	132	98	0.598	0.806	4.128E-08	44
seq152	seq109	30.300	79	132	604	0.598	0.131	4.128E-08	44
seq152	seq63	35.500	76	132	205	0.576	0.366	1.423E-07	43
seq152	seq200	26.200	61	132	248	0.462	0.246	1.938E-07	42
seq152	seq73	28.900	76	132	236	0.576	0.318	3.593E-07	42
seq152	seq79	31.900	115	132	247	0.795	0.466	3.593E-07	42
seq152	seq19	27.600	76	132	191	0.576	0.393	4.891E-07	41
seq152	seq20	27.600	76	132	191	0.576	0.393	4.891E-07	41
seq152	seq199	27.600	76	132	365	0.576	0.205	4.891E-07	41
seq152	seq86	31.400	54	132	143	0.409	0.378	9.058E-07	40
seq152	seq69	39.200	51	132	260	0.386	0.196	2.280E-06	39
seq152	seq178	28.800	104	132	127	0.780	0.819	3.100E-06	39
seq152	seq82	26.100	83	132	131	0.629	0.611	1.058E-05	37
seq152	seq89	34.400	58	132	476	0.409	0.122	1.951E-05	36
seq152	seq41	28.000	75	132	221	0.568	0.312	3.594E-05	36
seq152	seq194	31.900	47	132	240	0.356	0.196	8.972E-05	34
seq198	seq198	100.000	558	558	558	1.000	1.000	0.000E+00	1139
seq198	seq169	99.800	558	558	589	1.000	0.947	0.000E+00	1136
seq198	seq179	57.000	503	558	542	0.901	0.902	4.398E-170	535
seq198	seq91	26.700	467	558	530	0.837	0.866	1.054E-38	147
seq198	seq92	26.700	467	558	530	0.837	0.866	1.054E-38	147
seq198	seq189	31.800	227	558	352	0.375	0.645	7.179E-20	87
seq175	seq175	100.000	324	324	324	1.000	1.000	1.694E-205	625
seq175	seq176	100.000	324	324	324	1.000	1.000	1.694E-205	625
seq175	seq143	50.700	251	324	364	0.765	0.690	6.316E-56	192
seq175	seq116	42.800	80	324	209	0.238	0.383	7.511E-13	63
seq175	seq117	42.800	80	324	209	0.238	0.383	7.511E-13	63
seq83	seq83	100.000	90	90	90	1.000	1.000	1.095E-57	185
seq83	seq19	33.700	80	90	191	0.889	0.419	7.074E-16	65
seq83	seq20	33.700	80	90	191	0.889	0.419	7.074E-16	65
seq83	seq199	33.700	80	90	365	0.889	0.219	7.074E-16	65
seq83	seq73	33.700	80	90	236	0.889	0.339	6.519E-15	62
seq83	seq63	33.800	71	90	205	0.789	0.346	8.953E-15	62
seq83	seq86	39.400	71	90	143	0.789	0.497	3.185E-14	60
seq83	seq119	40.200	72	90	131	0.800	0.550	6.008E-14	59
seq83	seq120	38.800	72	90	131	0.800	0.550	8.251E-14	59
seq83	seq122	40.200	72	90	145	0.800	0.497	8.251E-14	59
seq83	seq194	35.800	78	90	240	0.867	0.325	2.936E-13	57
seq83	seq129	34.700	69	90	378	0.767	0.183	2.936E-13	57
seq83	seq69	35.700	83	90	260	0.900	0.319	7.605E-13	56
seq83	seq7	34.300	67	90	258	0.744	0.260	2.494E-11	52
seq83	seq109	40.000	75	90	604	0.811	0.124	3.425E-11	51
seq83	seq141	43.800	57	90	210	0.633	0.267	6.460E-11	51
seq83	seq98	46.800	47	90	350	0.522	0.134	1.673E-10	49
seq83	seq97	46.800	47	90	375	0.522	0.125	1.673E-10	49
seq83	seq68	46.400	56	90	275	0.611	0.204	3.155E-10	49
seq83	seq160	42.600	72	90	271	0.800	0.266	4.333E-10	48
seq83	seq13	53.000	49	90	171	0.544	0.287	5.951E-10	48
seq83	seq183	39.300	65	90	424	0.689	0.153	5.951E-10	48
seq83	seq47	43.100	58	90	383	0.644	0.151	1.122E-09	47
seq83	seq71	44.400	54	90	481	0.600	0.112	2.116E-09	46
seq83	seq1	38.000	63	90	98	0.644	0.643	3.990E-09	46
seq83	seq111	38.700	49	90	347	0.544	0.141	3.990E-09	46
seq83	seq187	37.500	48	90	456	0.533	0.105	3.990E-09	46
seq83	seq24	50.000	48	90	153	0.533	0.314	5.479E-09	45
seq83	seq23	32.200	62	90	372	0.689	0.167	5.479E-09	45
seq83	seq70	42.800	49	90	416	0.544	0.118	5.479E-09	45
seq83	seq112	42.000	50	90	514	0.556	0.097	5.479E-09	45
seq83	seq78	40.800	49	90	485	0.544	0.101	7.523E-09	45
seq83	seq12	25.300	75	90	100	0.833	0.750	1.033E-08	44
seq83	seq14	38.100	55	90	246	0.611	0.224	1.033E-08	44
seq83	seq90	43.100	51	90	338	0.567	0.151	1.033E-08	44
seq83	seq26	50.000	48	90	148	0.533	0.324	1.418E-08	44
seq83	seq52	29.000	62	90	375	0.689	0.165	1.418E-08	44
seq83	seq30	34.400	58	90	167	0.644	0.347	1.948E-08	44
seq83	seq33	40.800	49	90	323	0.544	0.152	1.948E-08	44
seq83	seq145	40.800	49	90	588	0.544	0.083	2.674E-08	43
seq83	seq11	29.200	65	90	481	0.689	0.135	5.041E-08	42
seq83	seq161	41.600	48	90	246	0.533	0.191	1.304E-07	41
seq83	seq118	31.300	51	90	248	0.567	0.206	1.304E-07	41
seq83	seq127	40.800	49	90	414	0.544	0.114	1.304E-07	41
seq83	seq184	39.600	53	90	223	0.578	0.238	8.724E-07	39
seq83	seq62	27.300	73	90	281	0.789	0.260	1.197E-06	38
seq83	seq191	37.700	53	90	235	0.578	0.226	1.643E-06	38
seq83	seq16	37.700	53	90	212	0.578	0.250	2.255E-06	38
seq83	seq185	26.800	67	90	247	0.733	0.271	2.255E-06	38
seq83	seq67	38.200	47	90	262	0.522	0.179	7.994E-06	36
seq83	seq137	45.700	35	90	476	0.389	0.074	7.994E-06	36
seq83	seq126	41.400	41	90	307	0.444	0.134	1.097E-05	36
seq83	seq39	31.900	47	90	378	0.522	0.124	1.505E-05	35
seq83	seq41	32.700	55	90	221	0.611	0.222	7.301E-05	33
seq83	seq186	38.200	47	90	235	0.522	0.200	1.001E-04	33
seq83	seq18	26.500	49	90	153	0.544	0.320	1.882E-04	32
seq68	seq68	100.000	275	275	275	1.000	1.000	1.914E-181	552
seq68	seq144	50.000	205	275	356	0.731	0.576	3.006E-65	217
seq68	seq97	40.200	227	275	375	0.793	0.605	7.025E-53	181
seq68	seq98	38.400	238	275	350	0.793	0.680	4.947E-50	173
seq68	seq90	36.500	235	275	338	0.764	0.695	4.721E-47	164
seq68	seq130	35.000	175	275	414	0.636	0.406	4.029E-24	96
seq68	seq127	35.500	164	275	414	0.596	0.384	5.461E-24	96
seq68	seq131	32.200	185	275	414	0.655	0.447	8.393E-23	93
seq68	seq141	29.400	172	275	210	0.607	0.819	1.298E-18	80
seq68	seq80	30.300	162	275	408	0.589	0.387	4.299E-18	78
seq68	seq162	29.100	183	275	325	0.665	0.529	7.816E-18	78
seq68	seq163	29.100	183	275	325	0.665	0.529	7.816E-18	78
seq68	seq164	29.100	183	275	325	0.665	0.529	7.816E-18	78
seq68	seq165	29.100	183	275	325	0.665	0.529	7.816E-18	78
seq68	seq166	29.100	183	275	325	0.665	0.529	7.816E-18	78
seq68	seq47	32.900	159	275	383	0.578	0.402	1.914E-17	76
seq68	seq183	25.300	199	275	424	0.724	0.450	6.306E-17	75
seq68	seq24	38.800	103	275	153	0.353	0.673	2.073E-16	73
seq68	seq13	47.900	73	275	171	0.265	0.427	6.798E-16	72
seq68	seq26	42.100	76	275	148	0.276	0.514	1.230E-15	71
seq68	seq187	27.000	164	275	456	0.596	0.338	1.230E-15	71
seq68	seq50	26.000	178	275	556	0.647	0.318	1.654E-15	70
seq68	seq61	27.300	210	275	455	0.753	0.462	9.749E-15	68
seq68	seq74	29.400	177	275	409	0.607	0.433	1.309E-14	68
seq68	seq39	26.400	164	275	378	0.596	0.415	4.256E-14	66
seq68	seq184	34.000	94	275	223	0.338	0.422	1.029E-13	65
seq68	seq191	33.000	103	275	235	0.371	0.438	1.029E-13	65
seq68	seq185	28.900	158	275	247	0.575	0.587	1.029E-13	65
seq68	seq7	25.900	183	275	258	0.665	0.659	1.029E-13	65
seq68	seq177	34.900	83	275	128	0.302	0.648	1.380E-13	64
seq68	seq188	25.500	172	275	356	0.596	0.483	4.461E-13	63
seq68	seq89	30.500	171	275	476	0.622	0.336	5.980E-13	63
seq68	seq105	23.800	183	275	230	0.665	0.743	8.014E-13	62
seq68	seq106	23.800	183	275	362	0.665	0.472	8.014E-13	62
seq68	seq16	31.900	94	275	212	0.338	0.443	1.439E-12	61
seq68	seq109	36.100	94	275	604	0.342	0.156	1.483E-11	58
seq68	seq99	22.800	161	275	218	0.585	0.725	1.984E-11	58
seq68	seq100	22.800	161	275	421	0.585	0.375	1.984E-11	58
seq68	seq137	25.000	159	275	476	0.578	0.300	2.653E-11	57
seq68	seq145	41.600	72	275	588	0.262	0.122	4.743E-11	57
seq68	seq1	38.700	80	275	98	0.291	0.816	6.340E-11	56
seq68	seq118	25.900	160	275	248	0.582	0.605	6.340E-11	56
seq68	seq67	26.400	156	275	262	0.567	0.580	6.340E-11	56
seq68	seq200	38.500	83	275	248	0.302	0.331	8.473E-11	56
seq68	seq75	25.500	183	275	617	0.618	0.297	8.473E-11	56
seq68	seq86	46.500	58	275	143	0.211	0.406	1.132E-10	55
seq68	seq69	30.000	129	275	260	0.469	0.442	1.132E-10	55
seq68	seq78	31.500	95	275	485	0.335	0.196	2.020E-10	55
seq68	seq28	27.600	166	275	339	0.604	0.463	4.811E-10	53
seq68	seq27	26.400	166	275	339	0.604	0.463	6.422E-10	53
seq68	seq12	44.000	50	275	100	0.182	0.500	8.570E-10	53
seq68	seq122	44.200	61	275	145	0.222	0.421	8.570E-10	53
seq68	seq71	40.200	72	275	481	0.262	0.150	8.570E-10	53
seq68	seq119	44.200	61	275	131	0.222	0.466	1.144E-09	52
seq68	seq120	42.600	61	275	131	0.222	0.466	1.526E-09	52
seq68	seq11	24.100	161	275	481	0.582	0.335	1.526E-09	52
seq68	seq33	22.700	249	275	323	0.705	0.771	3.621E-09	51
seq68	seq180	32.200	93	275	120	0.338	0.742	4.827E-09	50
seq68	seq21	25.200	166	275	339	0.604	0.463	4.827E-09	50
seq68	seq8	22.800	184	275	339	0.669	0.519	8.578E-09	49
seq68	seq70	37.500	72	275	416	0.262	0.173	8.578E-09	49
seq68	seq160	42.400	66	275	271	0.240	0.240	1.523E-08	49
seq68	seq14	22.400	160	275	246	0.582	0.577	2.030E-08	48
seq68	seq83	46.400	56	275	90	0.204	0.611	2.704E-08	48
seq68	seq77	29.200	139	275	310	0.505	0.448	6.386E-08	47
seq68	seq32	31.300	83	275	323	0.276	0.257	6.386E-08	47
seq68	seq35	29.500	88	275	340	0.320	0.256	1.506E-07	46
seq68	seq34	21.600	243	275	340	0.884	0.674	2.667E-07	45
seq68	seq158	33.800	70	275	136	0.255	0.507	1.963E-06	42
seq68	seq41	32.300	65	275	221	0.236	0.294	1.963E-06	42
seq68	seq9	26.700	86	275	169	0.295	0.509	3.364E-05	38
seq68	seq6	32.200	59	275	169	0.215	0.337	5.931E-05	37
seq68	seq190	35.900	64	275	404	0.233	0.153	5.931E-05	37
seq167	seq167	100.000	86	86	86	1.000	1.000	1.296E-54	176
seq167	seq168	100.000	86	86	86	1.000	1.000	1.296E-54	176
seq157	seq157	100.000	226	226	226	1.000	1.000	3.677E-146	448
seq157	seq156	96.900	226	226	226	1.000	1.000	8.066E-141	432
seq157	seq102	76.700	202	226	233	0.894	0.867	9.320E-103	323
seq157	seq73	57.800	178	226	236	0.788	0.754	1.583E-72	235
seq157	seq199	54.700	219	226	365	0.942	0.600	2.168E-72	235
seq157	seq19	60.200	176	226	191	0.779	0.921	5.573E-72	234
seq157	seq20	60.200	176	226	191	0.779	0.921	5.573E-72	234
seq157	seq194	49.100	173	226	240	0.765	0.721	1.218E-54	184
seq157	seq105	43.200	192	226	230	0.850	0.822	1.193E-45	158
seq157	seq106	43.200	192	226	362	0.850	0.522	1.193E-45	158
seq157	seq63	40.000	170	226	205	0.752	0.795	1.309E-43	152
seq157	seq7	38.200	175	226	258	0.774	0.667	1.432E-41	146
seq157	seq129	37.100	191	226	378	0.792	0.505	8.348E-40	141
seq157	seq99	39.000	172	226	218	0.761	0.780	2.132E-39	139
seq157	seq100	39.000	172	226	421	0.761	0.404	2.132E-39	139
seq157	seq141	31.600	170	226	210	0.726	0.810	2.893E-22	89
seq157	seq69	35.700	140	226	260	0.619	0.504	5.341E-20	83
seq157	seq144	30.300	158	226	356	0.664	0.444	2.467E-19	81
seq157	seq145	28.000	172	226	588	0.761	0.286	9.611E-18	76
seq157	seq12	36.500	93	226	100	0.412	0.930	2.395E-17	75
seq157	seq130	29.000	185	226	414	0.796	0.447	1.483E-16	72
seq157	seq183	31.100	168	226	424	0.743	0.384	1.483E-16	72
seq157	seq177	43.600	71	226	128	0.310	0.555	2.009E-16	72
seq157	seq86	47.000	68	226	143	0.301	0.476	9.147E-16	70
seq157	seq127	28.400	164	226	414	0.681	0.396	1.238E-15	70
seq157	seq131	28.500	185	226	414	0.796	0.447	2.267E-15	69
seq157	seq191	28.800	147	226	235	0.650	0.613	4.150E-15	68
seq157	seq47	27.100	155	226	383	0.686	0.405	5.614E-15	68
seq157	seq108	28.100	153	226	238	0.655	0.643	7.592E-15	67
seq157	seq61	25.800	147	226	455	0.615	0.323	1.876E-14	66
seq157	seq120	45.500	68	226	131	0.301	0.519	2.536E-14	66
seq157	seq80	29.400	168	226	408	0.673	0.412	2.536E-14	66
seq157	seq109	30.000	149	226	604	0.659	0.237	2.536E-14	66
seq157	seq67	27.600	175	226	262	0.770	0.668	3.428E-14	65
seq157	seq114	26.400	182	226	382	0.774	0.476	3.428E-14	65
seq157	seq200	41.100	68	226	248	0.301	0.274	8.453E-14	64
seq157	seq162	24.500	158	226	325	0.699	0.458	8.453E-14	64
seq157	seq163	24.500	158	226	325	0.699	0.458	8.453E-14	64
seq157	seq164	24.500	158	226	325	0.699	0.458	8.453E-14	64
seq157	seq165	24.500	158	226	325	0.699	0.458	8.453E-14	64
seq157	seq166	24.500	158	226	325	0.699	0.458	8.453E-14	64
seq157	seq184	26.600	148	226	223	0.655	0.650	1.142E-13	64
seq157	seq119	44.100	68	226	131	0.301	0.519	1.542E-13	63
seq157	seq16	26.600	148	226	212	0.655	0.684	2.082E-13	63
seq157	seq122	42.600	68	226	145	0.301	0.469	2.810E-13	63
seq157	seq112	25.100	148	226	514	0.646	0.288	3.793E-13	62
seq157	seq89	30.500	147	226	476	0.642	0.309	1.257E-12	61
seq157	seq21	27.800	142	226	339	0.628	0.395	1.695E-12	60
seq157	seq134	29.000	140	226	207	0.619	0.580	2.286E-12	60
seq157	seq135	29.000	140	226	207	0.619	0.580	2.286E-12	60
seq157	seq136	29.000	140	226	352	0.619	0.341	2.286E-12	60
seq157	seq75	27.300	156	226	617	0.611	0.253	7.543E-12	58
seq157	seq28	29.200	144	226	339	0.637	0.401	1.016E-11	58
seq157	seq27	26.600	142	226	339	0.628	0.395	1.369E-11	57
seq157	seq90	25.000	192	226	338	0.743	0.568	1.843E-11	57
seq157	seq196	30.400	125	226	177	0.553	0.621	1.095E-10	55
seq157	seq197	30.400	125	226	177	0.553	0.621	1.095E-10	55
seq157	seq180	36.100	83	226	120	0.363	0.692	1.981E-10	54
seq157	seq37	25.500	148	226	255	0.655	0.561	1.981E-10	54
seq157	seq8	26.500	142	226	339	0.628	0.395	2.663E-10	53
seq157	seq195	27.000	143	226	191	0.633	0.623	1.642E-08	48
seq157	seq13	38.700	49	226	171	0.217	0.287	2.201E-08	48
seq157	seq34	26.100	147	226	340	0.650	0.406	5.291E-08	46
seq157	seq33	33.300	72	226	323	0.314	0.223	9.486E-08	46
seq157	seq9	32.900	82	226	169	0.363	0.450	1.270E-07	45
seq157	seq35	25.400	147	226	340	0.650	0.406	1.270E-07	45
seq157	seq18	31.200	64	226	153	0.274	0.418	1.699E-07	45
seq157	seq171	32.300	71	226	92	0.310	0.772	2.273E-07	44
seq157	seq172	32.300	71	226	92	0.310	0.772	2.273E-07	44
seq157	seq173	32.300	71	226	92	0.310	0.772	2.273E-07	44
seq157	seq174	32.300	71	226	92	0.310	0.772	2.273E-07	44
seq157	seq24	29.800	97	226	153	0.429	0.608	5.439E-07	43
seq157	seq161	25.600	110	226	246	0.487	0.427	9.718E-07	42
seq157	seq10	30.900	55	226	170	0.243	0.324	5.517E-06	40
seq157	seq152	32.600	52	226	132	0.230	0.394	2.333E-05	38
seq157	seq77	21.400	162	226	310	0.690	0.523	7.368E-05	36
seq31	seq31	100.000	457	457	457	1.000	1.000	6.820E-308	928
seq139	seq139	100.000	128	128	128	1.000	1.000	2.679E-71	226
seq139	seq138	94.300	88	128	128	0.688	0.688	2.410E-56	183
seq139	seq170	66.600	90	128	124	0.703	0.726	3.886E-37	128
seq139	seq178	55.600	79	128	127	0.617	0.622	1.281E-25	95
seq139	seq146	52.700	91	128	202	0.695	0.450	5.275E-20	79
seq139	seq147	52.700	91	128	202	0.695	0.450	5.275E-20	79
seq139	seq148	52.700	91	128	202	0.695	0.450	5.275E-20	79
seq139	seq149	52.700	91	128	202	0.695	0.450	5.275E-20	79
seq139	seq150	52.700	91	128	202	0.695	0.450	5.275E-20	79
seq139	seq151	52.700	91	128	248	0.695	0.367	5.275E-20	79
seq139	seq115	45.300	75	128	245	0.578	0.306	2.338E-15	65
seq139	seq171	37.600	77	128	92	0.562	0.837	1.124E-14	63
seq139	seq172	37.600	77	128	92	0.562	0.837	1.124E-14	63
seq139	seq173	37.600	77	128	92	0.562	0.837	1.124E-14	63
seq139	seq174	37.600	77	128	92	0.562	0.837	1.124E-14	63
seq139	seq153	44.000	81	128	221	0.633	0.367	2.593E-13	59
seq139	seq154	44.000	81	128	221	0.633	0.367	2.593E-13	59
seq139	seq193	39.400	76	128	241	0.594	0.303	4.854E-13	59
seq139	seq180	39.700	73	128	120	0.531	0.608	5.949E-12	55
seq139	seq195	35.500	76	128	191	0.594	0.382	3.887E-11	53
seq139	seq41	31.700	82	128	221	0.641	0.367	1.854E-10	51
seq139	seq160	29.500	61	128	271	0.445	0.225	5.035E-08	44
seq139	seq130	32.300	71	128	414	0.523	0.171	1.277E-07	43
seq139	seq131	32.300	71	128	414	0.523	0.171	1.277E-07	43
seq139	seq185	36.000	61	128	247	0.438	0.247	1.113E-06	40
seq139	seq10	30.600	74	128	170	0.547	0.435	2.063E-06	39
seq139	seq34	36.100	70	128	340	0.547	0.203	2.063E-06	39
seq139	seq9	28.500	77	128	169	0.578	0.456	3.821E-06	38
seq139	seq69	34.000	50	128	260	0.391	0.192	9.617E-06	37
seq139	seq35	34.700	70	128	340	0.547	0.203	9.617E-06	37
seq139	seq105	28.800	52	128	230	0.367	0.226	8.221E-05	34
seq139	seq106	28.800	52	128	362	0.367	0.144	8.221E-05	34
seq139	seq102	26.500	64	128	233	0.461	0.275	1.514E-04	34
seq139	seq179	33.300	54	128	542	0.422	0.100	2.786E-04	33
seq139	seq156	26.000	50	128	226	0.352	0.221	5.120E-04	32
seq139	seq157	26.000	50	128	226	0.352	0.221	5.120E-04	32
seq162	seq162	100.000	325	325	325	1.000	1.000	4.021E-220	667
seq162	seq163	100.000	325	325	325	1.000	1.000	4.021E-220	667
seq162	seq164	100.000	325	325	325	1.000	1.000	4.021E-220	667
seq162	seq165	100.000	325	325	325	1.000	1.000	4.021E-220	667
seq162	seq166	100.000	325	325	325	1.000	1.000	4.021E-220	667
seq162	seq188	59.100	336	325	356	0.963	0.944	3.787E-123	387
seq162	seq47	60.100	333	325	383	0.942	0.869	3.423E-122	384
seq162	seq187	42.200	416	325	456	0.945	0.912	2.912E-96	309
seq162	seq37	43.600	204	325	255	0.628	0.792	6.930E-54	186
seq162	seq185	41.800	165	325	247	0.508	0.668	1.414E-38	141
seq162	seq61	25.600	359	325	455	0.920	0.789	7.355E-33	124
seq162	seq130	27.700	306	325	414	0.942	0.664	1.835E-32	123
seq162	seq127	29.100	296	325	414	0.911	0.606	1.835E-32	123
seq162	seq80	28.100	303	325	408	0.932	0.637	1.298E-30	117
seq162	seq131	27.300	306	325	414	0.942	0.664	8.015E-30	115
seq162	seq114	28.800	296	325	382	0.911	0.660	1.470E-29	114
seq162	seq39	35.300	180	325	378	0.545	0.476	2.694E-29	113
seq162	seq14	35.600	168	325	246	0.517	0.675	6.202E-27	106
seq162	seq97	27.200	286	325	375	0.880	0.672	3.095E-25	101
seq162	seq183	23.500	354	325	424	0.914	0.835	3.404E-24	98
seq162	seq53	32.500	180	325	600	0.545	0.300	4.591E-24	98
seq162	seq98	26.200	286	325	350	0.880	0.751	8.350E-24	97
seq162	seq137	32.300	168	325	476	0.517	0.353	5.428E-22	91
seq162	seq78	23.500	439	325	485	0.948	0.905	1.781E-21	90
seq162	seq141	30.300	177	325	210	0.489	0.843	5.834E-21	88
seq162	seq144	23.900	298	325	356	0.917	0.736	3.445E-20	86
seq162	seq67	31.600	155	325	262	0.458	0.592	8.357E-20	85
seq162	seq90	32.000	150	325	338	0.455	0.444	1.123E-19	84
seq162	seq71	22.700	428	325	481	0.929	0.890	1.508E-19	84
seq162	seq160	27.300	224	325	271	0.677	0.827	2.719E-19	83
seq162	seq68	29.500	163	325	275	0.471	0.593	2.719E-19	83
seq162	seq191	32.400	148	325	235	0.449	0.630	3.650E-19	83
seq162	seq186	30.300	156	325	235	0.446	0.664	8.825E-19	81
seq162	seq109	23.500	447	325	604	0.929	0.740	1.184E-18	81
seq162	seq112	22.500	380	325	514	0.920	0.739	5.140E-18	79
seq162	seq145	29.800	189	325	588	0.582	0.321	3.989E-17	76
seq162	seq11	27.200	175	325	481	0.502	0.364	5.343E-17	76
seq162	seq105	28.200	144	325	230	0.434	0.626	1.717E-16	74
seq162	seq106	28.200	144	325	362	0.434	0.398	1.717E-16	74
seq162	seq70	25.300	360	325	416	0.929	0.865	4.114E-16	73
seq162	seq194	26.800	148	325	240	0.440	0.617	1.760E-15	71
seq162	seq21	20.100	300	325	339	0.923	0.720	1.338E-14	68
seq162	seq99	25.800	163	325	218	0.495	0.748	3.186E-14	67
seq162	seq33	22.300	231	325	323	0.511	0.715	3.186E-14	67
seq162	seq100	25.800	163	325	421	0.495	0.387	3.186E-14	67
seq162	seq126	21.800	284	325	307	0.874	0.772	4.252E-14	67
seq162	seq156	24.800	148	325	226	0.440	0.655	7.573E-14	66
seq162	seq157	24.500	158	325	226	0.458	0.699	7.573E-14	66
seq162	seq89	29.700	138	325	476	0.397	0.290	7.573E-14	66
seq162	seq129	27.500	164	325	378	0.458	0.434	1.010E-13	66
seq162	seq199	21.100	169	325	365	0.502	0.463	4.264E-13	64
seq162	seq73	24.800	148	325	236	0.440	0.627	1.010E-12	63
seq162	seq111	25.100	187	325	347	0.477	0.539	1.793E-12	62
seq162	seq19	20.800	148	325	191	0.440	0.775	5.643E-12	60
seq162	seq20	20.800	148	325	191	0.440	0.775	5.643E-12	60
seq162	seq1	41.000	78	325	98	0.240	0.796	7.514E-12	60
seq162	seq177	36.100	72	325	128	0.222	0.562	5.556E-11	57
seq162	seq34	22.800	297	325	340	0.914	0.712	1.307E-10	56
seq162	seq41	27.300	146	325	221	0.449	0.602	3.073E-10	55
seq162	seq69	24.200	135	325	260	0.415	0.504	4.084E-10	54
seq162	seq52	29.700	101	325	375	0.311	0.256	4.084E-10	54
seq162	seq35	22.200	297	325	340	0.914	0.712	7.215E-10	53
seq162	seq77	22.900	253	325	310	0.692	0.816	9.587E-10	53
seq162	seq63	24.400	192	325	205	0.591	0.659	1.274E-09	53
seq162	seq122	35.000	80	325	145	0.246	0.552	5.267E-09	51
seq162	seq23	25.000	104	325	372	0.298	0.280	6.994E-09	50
seq162	seq152	31.700	63	325	132	0.194	0.477	9.287E-09	50
seq162	seq120	31.300	102	325	131	0.314	0.679	1.233E-08	49
seq162	seq119	40.200	67	325	131	0.206	0.511	1.637E-08	49
seq162	seq24	30.200	76	325	153	0.234	0.497	5.079E-08	48
seq162	seq153	36.300	66	325	221	0.203	0.285	5.079E-08	48
seq162	seq154	36.300	66	325	221	0.203	0.285	5.079E-08	48
seq162	seq190	39.300	66	325	404	0.203	0.158	6.740E-08	47
seq162	seq9	40.300	62	325	169	0.191	0.355	6.459E-07	44
seq162	seq6	30.600	75	325	169	0.231	0.432	1.136E-06	43
seq162	seq200	32.700	61	325	248	0.188	0.246	1.506E-06	43
seq162	seq86	33.300	75	325	143	0.231	0.524	1.996E-06	42
seq162	seq115	25.700	66	325	245	0.203	0.253	2.646E-06	42
seq162	seq60	30.000	102	325	377	0.246	0.271	1.900E-05	39
seq162	seq171	25.600	74	325	92	0.228	0.804	4.419E-05	38
seq162	seq172	25.600	74	325	92	0.228	0.804	4.419E-05	38
seq162	seq173	25.600	74	325	92	0.228	0.804	4.419E-05	38
seq162	seq174	25.600	74	325	92	0.228	0.804	4.419E-05	38
seq162	seq32	33.800	65	325	323	0.200	0.192	5.854E-05	38
seq162	seq158	23.200	98	325	136	0.302	0.669	2.386E-04	36
seq162	seq79	27.900	65	325	247	0.197	0.263	7.336E-04	34
seq136	seq136	100.000	352	352	352	1.000	1.000	5.487E-246	743
seq136	seq134	100.000	207	352	207	0.588	1.000	2.912E-140	438
seq136	seq135	100.000	207	352	207	0.588	1.000	2.912E-140	438
seq136	seq196	49.700	177	352	177	0.503	0.983	6.272E-56	193
seq136	seq197	49.700	177	352	177	0.503	0.983	6.272E-56	193
seq136	seq195	39.200	214	352	191	0.608	0.990	1.327E-37	139
seq136	seq130	28.000	175	352	414	0.440	0.423	2.158E-19	84
seq136	seq127	27.400	175	352	414	0.440	0.423	9.274E-19	82
seq136	seq114	27.800	176	352	382	0.440	0.461	2.266E-17	78
seq136	seq131	27.100	175	352	414	0.440	0.423	3.027E-17	77
seq136	seq129	25.400	252	352	378	0.616	0.667	1.723E-15	72
seq136	seq80	26.400	170	352	408	0.420	0.417	5.442E-15	70
seq136	seq132	39.700	87	352	118	0.233	0.737	7.252E-15	70
seq136	seq126	29.900	167	352	307	0.415	0.544	2.285E-14	68
seq136	seq37	26.900	177	352	255	0.455	0.694	7.182E-14	66
seq136	seq145	24.600	127	352	588	0.338	0.216	1.273E-13	66
seq136	seq157	28.800	192	352	226	0.531	0.850	3.989E-13	64
seq136	seq156	28.300	192	352	226	0.531	0.850	5.307E-13	64
seq136	seq47	25.800	178	352	383	0.443	0.465	5.307E-13	64
seq136	seq140	27.300	116	352	415	0.315	0.280	2.933E-12	61
seq136	seq109	28.400	127	352	604	0.338	0.210	6.886E-12	60
seq136	seq61	25.200	186	352	455	0.440	0.409	1.615E-11	59
seq136	seq188	22.900	183	352	356	0.420	0.514	2.146E-11	59
seq136	seq99	25.400	171	352	218	0.449	0.784	6.675E-11	57
seq136	seq100	25.400	171	352	421	0.449	0.406	6.675E-11	57
seq136	seq6	29.600	107	352	169	0.290	0.633	1.177E-10	56
seq136	seq178	34.800	108	352	127	0.307	0.850	2.752E-10	55
seq136	seq74	25.100	167	352	409	0.378	0.408	8.533E-10	53
seq136	seq71	25.600	150	352	481	0.381	0.312	1.132E-09	53
seq136	seq35	28.700	181	352	340	0.449	0.532	3.505E-09	51
seq136	seq152	26.700	126	352	132	0.335	0.955	1.437E-08	49
seq136	seq67	29.400	119	352	262	0.310	0.454	5.880E-08	48
seq136	seq62	24.800	222	352	281	0.480	0.790	4.216E-07	45
seq136	seq70	32.200	62	352	416	0.156	0.149	9.801E-07	44
seq136	seq86	38.000	63	352	143	0.153	0.441	2.151E-05	39
seq136	seq41	24.300	117	352	221	0.332	0.525	2.151E-05	39
seq136	seq177	30.800	81	352	128	0.205	0.633	2.847E-05	39
seq22	seq22	100.000	367	367	367	1.000	1.000	5.762E-249	752
seq22	seq113	25.500	306	367	546	0.834	0.438	1.958E-25	103
seq22	seq18	30.700	111	367	153	0.300	0.725	1.308E-05	40
seq22	seq37	26.300	71	367	255	0.193	0.271	1.625E-04	36
seq154	seq153	100.000	221	221	221	1.000	1.000	4.116E-153	467
seq154	seq154	100.000	221	221	221	1.000	1.000	4.116E-153	467
seq154	seq151	66.800	237	221	248	0.968	0.956	1.368E-92	293
seq154	seq146	69.900	202	221	202	0.860	1.000	5.575E-87	277
seq154	seq147	69.900	202	221	202	0.860	1.000	5.575E-87	277
seq154	seq148	69.900	202	221	202	0.860	1.000	5.575E-87	277
seq154	seq149	69.900	202	221	202	0.860	1.000	5.575E-87	277
seq154	seq150	69.900	202	221	202	0.860	1.000	5.575E-87	277
seq154	seq115	62.400	179	221	245	0.760	0.731	1.278E-72	235
seq154	seq193	43.000	175	221	241	0.697	0.726	1.365E-34	125
seq154	seq170	43.400	97	221	124	0.439	0.726	2.294E-14	66
seq154	seq178	38.600	125	221	127	0.566	0.937	3.103E-14	65
seq154	seq139	43.400	89	221	128	0.403	0.695	4.196E-14	65
seq154	seq138	42.400	72	221	128	0.326	0.547	1.259E-11	57
seq154	seq30	32.500	89	221	167	0.389	0.533	1.459E-09	51
seq154	seq185	46.100	63	221	247	0.271	0.255	1.459E-09	51
seq154	seq180	37.500	99	221	120	0.443	0.825	2.633E-09	50
seq154	seq161	40.600	64	221	246	0.262	0.260	6.374E-09	49
seq154	seq140	39.300	61	221	415	0.271	0.147	6.374E-09	49
seq154	seq162	36.300	66	221	325	0.285	0.203	1.148E-08	48
seq154	seq163	36.300	66	221	325	0.285	0.203	1.148E-08	48
seq154	seq164	36.300	66	221	325	0.285	0.203	1.148E-08	48
seq154	seq165	36.300	66	221	325	0.285	0.203	1.148E-08	48
seq154	seq166	36.300	66	221	325	0.285	0.203	1.148E-08	48
seq154	seq74	25.900	151	221	409	0.683	0.359	3.714E-08	47
seq154	seq158	36.000	60	221	136	0.271	0.412	6.672E-08	46
seq154	seq9	38.100	55	221	169	0.244	0.325	6.672E-08	46
seq154	seq129	23.800	130	221	378	0.561	0.344	2.147E-07	44
seq154	seq145	30.300	88	221	588	0.389	0.150	2.147E-07	44
seq154	seq41	34.700	72	221	221	0.326	0.312	2.875E-07	44
seq154	seq171	37.700	58	221	92	0.249	0.630	3.848E-07	44
seq154	seq172	37.700	58	221	92	0.249	0.630	3.848E-07	44
seq154	seq173	37.700	58	221	92	0.249	0.630	3.848E-07	44
seq154	seq174	37.700	58	221	92	0.249	0.630	3.848E-07	44
seq154	seq78	27.600	76	221	485	0.330	0.157	3.848E-07	44
seq154	seq6	38.100	55	221	169	0.244	0.325	5.149E-07	43
seq154	seq70	26.300	76	221	416	0.330	0.183	6.888E-07	43
seq154	seq1	28.300	74	221	98	0.321	0.755	9.214E-07	42
seq154	seq109	28.300	74	221	604	0.321	0.123	9.214E-07	42
seq154	seq80	39.600	57	221	408	0.244	0.140	1.647E-06	42
seq154	seq71	26.300	76	221	481	0.330	0.158	1.647E-06	42
seq154	seq11	27.300	73	221	481	0.330	0.116	1.647E-06	42
seq154	seq47	21.100	154	221	383	0.692	0.402	7.016E-06	40
seq154	seq28	35.500	59	221	339	0.267	0.159	2.973E-05	38
seq154	seq84	24.300	78	221	282	0.335	0.277	3.966E-05	37
seq154	seq39	26.000	134	221	378	0.606	0.315	7.054E-05	36
seq154	seq152	29.500	61	221	132	0.262	0.462	1.671E-04	35
seq154	seq191	33.300	63	221	235	0.267	0.268	1.671E-04	35
seq154	seq67	25.300	130	221	262	0.588	0.466	1.671E-04	35
seq154	seq16	31.800	63	221	212	0.267	0.297	9.335E-04	33
seq188	seq188	100.000	356	356	356	1.000	1.000	2.581E-233	707
seq188	seq47	67.500	338	356	383	0.938	0.883	1.777E-149	465
seq188	seq162	59.700	331	356	325	0.930	0.948	4.979E-122	385
seq188	seq163	59.700	331	356	325	0.930	0.948	4.979E-122	385
seq188	seq164	59.700	331	356	325	0.930	0.948	4.979E-122	385
seq188	seq165	59.700	331	356	325	0.930	0.948	4.979E-122	385
seq188	seq166	59.700	331	356	325	0.930	0.948	4.979E-122	385
seq188	seq187	44.400	411	356	456	0.919	0.901	1.716E-97	314
seq188	seq37	40.800	194	356	255	0.545	0.698	1.523E-45	163
seq188	seq185	34.400	183	356	247	0.514	0.668	4.166E-31	120
seq188	seq61	23.500	359	356	455	0.904	0.789	4.183E-28	111
seq188	seq127	24.500	326	356	414	0.916	0.657	1.027E-27	109
seq188	seq97	26.200	324	356	375	0.910	0.712	2.035E-26	106
seq188	seq130	24.500	326	356	414	0.916	0.657	2.742E-26	105
seq188	seq39	32.100	196	356	378	0.551	0.492	1.216E-25	103
seq188	seq80	25.700	326	356	408	0.916	0.674	5.374E-25	101
seq188	seq14	32.500	200	356	246	0.562	0.732	9.731E-25	100
seq188	seq98	25.300	324	356	350	0.910	0.794	1.761E-24	100
seq188	seq131	23.600	326	356	414	0.916	0.657	1.761E-24	100
seq188	seq53	28.800	209	356	600	0.587	0.332	2.814E-21	90
seq188	seq144	24.000	327	356	356	0.919	0.750	5.059E-21	89
seq188	seq109	24.000	450	356	604	0.921	0.745	3.030E-19	83
seq188	seq191	30.900	179	356	235	0.503	0.685	1.737E-18	81
seq188	seq78	22.000	443	356	485	0.941	0.913	2.322E-18	81
seq188	seq71	22.600	431	356	481	0.921	0.896	3.105E-18	80
seq188	seq90	25.900	322	356	338	0.904	0.846	5.547E-18	79
seq188	seq141	24.600	191	356	210	0.537	0.886	4.211E-17	77
seq188	seq67	27.600	221	356	262	0.596	0.844	2.381E-16	74
seq188	seq33	24.700	241	356	323	0.649	0.746	4.237E-16	74
seq188	seq70	24.600	357	356	416	0.904	0.858	4.237E-16	74
seq188	seq137	28.800	170	356	476	0.478	0.307	7.536E-16	73
seq188	seq145	26.800	207	356	588	0.581	0.328	1.340E-15	72
seq188	seq68	25.600	171	356	275	0.480	0.593	1.786E-15	72
seq188	seq186	26.100	165	356	235	0.463	0.672	5.632E-15	70
seq188	seq118	25.100	184	356	248	0.517	0.669	9.994E-15	69
seq188	seq11	26.100	188	356	481	0.528	0.378	5.568E-14	67
seq188	seq112	23.700	188	356	514	0.528	0.348	7.410E-14	66
seq188	seq1	43.000	86	356	98	0.239	0.878	1.312E-13	66
seq188	seq62	25.400	246	356	281	0.691	0.754	9.658E-13	63
seq188	seq89	24.100	327	356	476	0.919	0.632	1.284E-12	63
seq188	seq102	24.400	166	356	233	0.466	0.674	2.268E-12	62
seq188	seq75	24.600	176	356	617	0.480	0.285	5.323E-12	61
seq188	seq177	38.800	72	356	128	0.202	0.562	7.072E-12	60
seq188	seq134	22.900	183	356	207	0.514	0.715	1.657E-11	59
seq188	seq135	22.900	183	356	207	0.514	0.715	1.657E-11	59
seq188	seq136	22.900	183	356	352	0.514	0.420	1.657E-11	59
seq188	seq8	24.100	244	356	339	0.615	0.720	5.153E-11	57
seq188	seq34	24.200	246	356	340	0.618	0.724	9.081E-11	57
seq188	seq35	24.100	246	356	340	0.618	0.724	9.081E-11	57
seq188	seq194	22.700	161	356	240	0.452	0.617	1.205E-10	56
seq188	seq13	37.300	67	356	171	0.188	0.392	6.580E-10	54
seq188	seq6	40.200	67	356	169	0.188	0.385	8.728E-10	53
seq188	seq9	28.700	106	356	169	0.284	0.627	8.728E-10	53
seq188	seq111	24.800	186	356	347	0.483	0.536	8.728E-10	53
seq188	seq140	31.600	133	356	415	0.374	0.308	3.581E-09	51
seq188	seq190	32.900	96	356	404	0.270	0.230	8.347E-09	50
seq188	seq26	33.300	72	356	148	0.202	0.486	1.107E-08	50
seq188	seq199	21.100	186	356	365	0.522	0.501	1.107E-08	50
seq188	seq24	31.900	72	356	153	0.202	0.471	1.944E-08	49
seq188	seq7	19.500	162	356	258	0.455	0.566	3.416E-08	48
seq188	seq63	21.100	215	356	205	0.604	0.756	4.526E-08	48
seq188	seq19	20.200	172	356	191	0.483	0.853	5.998E-08	48
seq188	seq20	20.200	172	356	191	0.483	0.853	5.998E-08	48
seq188	seq83	30.500	59	356	90	0.166	0.656	7.948E-08	47
seq188	seq73	26.500	111	356	236	0.298	0.470	1.395E-07	46
seq188	seq17	24.700	168	356	407	0.472	0.351	2.449E-07	46
seq188	seq178	33.300	66	356	127	0.185	0.480	4.297E-07	45
seq188	seq119	34.400	61	356	131	0.171	0.466	4.297E-07	45
seq188	seq120	32.700	61	356	131	0.171	0.466	4.297E-07	45
seq188	seq122	32.700	61	356	145	0.171	0.421	4.297E-07	45
seq188	seq41	23.800	168	356	221	0.472	0.620	4.297E-07	45
seq188	seq69	37.700	53	356	260	0.149	0.204	5.692E-07	44
seq188	seq195	20.600	165	356	191	0.463	0.670	9.984E-07	44
seq188	seq200	34.400	61	356	248	0.171	0.246	1.322E-06	43
seq188	seq12	29.500	71	356	100	0.199	0.700	3.070E-06	42
seq188	seq86	39.600	53	356	143	0.149	0.371	5.382E-06	41
seq188	seq113	21.600	216	356	546	0.607	0.381	5.382E-06	41
seq188	seq171	28.300	81	356	92	0.228	0.880	9.432E-06	40
seq188	seq172	28.300	81	356	92	0.228	0.880	9.432E-06	40
seq188	seq173	28.300	81	356	92	0.228	0.880	9.432E-06	40
seq188	seq174	28.300	81	356	92	0.228	0.880	9.432E-06	40
seq188	seq32	24.400	94	356	323	0.261	0.291	1.176E-04	37
seq188	seq138	29.000	62	356	128	0.174	0.445	2.724E-04	36
seq188	seq15	28.700	87	356	183	0.239	0.475	8.345E-04	34
seq158	seq158	100.000	136	136	136	1.000	1.000	1.643E-89	279
seq158	seq81	62.300	129	136	131	0.941	0.985	6.490E-49	162
seq158	seq82	63.000	130	136	131	0.846	0.992	1.674E-48	161
seq158	seq195	28.900	73	136	191	0.537	0.377	1.359E-06	40
seq158	seq146	29.700	80	136	202	0.581	0.396	1.847E-06	40
seq158	seq147	29.700	80	136	202	0.581	0.396	1.847E-06	40
seq158	seq148	29.700	80	136	202	0.581	0.396	1.847E-06	40
seq158	seq149	29.700	80	136	202	0.581	0.396	1.847E-06	40
seq158	seq150	29.700	80	136	202	0.581	0.396	1.847E-06	40
seq158	seq151	29.700	80	136	248	0.581	0.323	1.847E-06	40
seq158	seq67	28.400	87	136	262	0.588	0.332	3.919E-05	36
seq158	seq29	25.200	90	136	267	0.596	0.337	1.788E-04	34
seq191	seq191	100.000	235	235	235	1.000	1.000	4.541E-157	480
seq191	seq184	71.100	215	235	223	0.915	0.964	5.841E-107	335
seq191	seq16	75.100	205	235	212	0.872	0.967	9.957E-106	332
seq191	seq127	37.900	180	235	414	0.766	0.432	2.993E-34	125
seq191	seq130	36.200	181	235	414	0.770	0.425	1.418E-33	123
seq191	seq131	34.200	173	235	414	0.736	0.415	5.194E-31	115
seq191	seq80	35.700	181	235	408	0.770	0.434	7.085E-31	115
seq191	seq114	36.100	162	235	382	0.689	0.419	6.471E-28	106
seq191	seq90	35.000	173	235	338	0.736	0.512	8.816E-28	106
seq191	seq144	34.300	185	235	356	0.783	0.520	3.037E-27	104
seq191	seq183	36.100	162	235	424	0.689	0.380	4.287E-23	92
seq191	seq141	31.500	188	235	210	0.745	0.895	9.221E-22	88
seq191	seq187	30.600	161	235	456	0.685	0.353	4.919E-20	83
seq191	seq162	31.900	161	235	325	0.685	0.495	5.640E-19	80
seq191	seq163	31.900	161	235	325	0.685	0.495	5.640E-19	80
seq191	seq164	31.900	161	235	325	0.685	0.495	5.640E-19	80
seq191	seq165	31.900	161	235	325	0.685	0.495	5.640E-19	80
seq191	seq166	31.900	161	235	325	0.685	0.495	5.640E-19	80
seq191	seq74	28.700	197	235	409	0.838	0.474	1.037E-18	79
seq191	seq37	32.200	155	235	255	0.660	0.600	3.499E-18	78
seq191	seq61	27.800	182	235	455	0.715	0.400	8.704E-18	76
seq191	seq73	30.800	188	235	236	0.791	0.797	1.597E-17	76
seq191	seq50	27.100	191	235	556	0.749	0.344	2.928E-17	75
seq191	seq137	29.400	172	235	476	0.723	0.361	3.965E-17	74
seq191	seq19	32.000	175	235	191	0.736	0.916	1.331E-16	73
seq191	seq20	32.000	175	235	191	0.736	0.916	1.331E-16	73
seq191	seq199	32.000	175	235	365	0.736	0.479	1.331E-16	73
seq191	seq75	29.100	189	235	617	0.715	0.306	3.295E-16	72
seq191	seq102	29.200	155	235	233	0.647	0.665	2.013E-15	69
seq191	seq68	33.000	103	235	275	0.438	0.371	3.677E-15	68
seq191	seq14	29.600	152	235	246	0.647	0.577	1.653E-14	66
seq191	seq156	28.600	155	235	226	0.647	0.686	2.231E-14	66
seq191	seq157	28.600	155	235	226	0.647	0.686	2.231E-14	66
seq191	seq129	26.400	187	235	378	0.736	0.495	2.231E-14	66
seq191	seq71	29.900	193	235	481	0.813	0.401	2.231E-14	66
seq191	seq11	30.200	180	235	481	0.728	0.374	2.231E-14	66
seq191	seq111	23.100	225	235	347	0.787	0.648	4.065E-14	65
seq191	seq7	26.300	180	235	258	0.766	0.694	2.449E-13	63
seq191	seq77	24.500	202	235	310	0.817	0.652	3.301E-13	63
seq191	seq177	42.500	87	235	128	0.370	0.664	8.080E-13	61
seq191	seq39	27.300	165	235	378	0.698	0.437	1.089E-12	61
seq191	seq63	31.600	134	235	205	0.570	0.634	3.579E-12	59
seq191	seq41	30.000	196	235	221	0.834	0.814	1.174E-11	58
seq191	seq109	26.400	210	235	604	0.885	0.348	2.854E-11	57
seq191	seq67	31.600	120	235	262	0.511	0.431	1.250E-10	55
seq191	seq28	24.700	185	235	339	0.787	0.496	3.027E-10	53
seq191	seq8	29.300	178	235	339	0.757	0.522	9.811E-10	52
seq191	seq27	25.700	162	235	339	0.689	0.469	9.811E-10	52
seq191	seq105	26.300	166	235	230	0.706	0.722	1.764E-09	51
seq191	seq106	26.300	166	235	362	0.706	0.459	1.764E-09	51
seq191	seq1	32.900	85	235	98	0.362	0.857	5.691E-09	49
seq191	seq180	34.200	73	235	120	0.311	0.608	5.691E-09	49
seq191	seq171	29.800	87	235	92	0.370	0.946	1.021E-08	49
seq191	seq172	29.800	87	235	92	0.370	0.946	1.021E-08	49
seq191	seq173	29.800	87	235	92	0.370	0.946	1.021E-08	49
seq191	seq174	29.800	87	235	92	0.370	0.946	1.021E-08	49
seq191	seq33	22.100	257	235	323	0.834	0.796	4.384E-08	47
seq191	seq24	28.000	89	235	153	0.379	0.582	5.864E-08	46
seq191	seq12	29.000	93	235	100	0.396	0.910	1.873E-07	45
seq191	seq35	27.200	181	235	340	0.770	0.529	4.467E-07	44
seq191	seq178	35.200	71	235	127	0.302	0.520	7.966E-07	43
seq191	seq69	24.800	171	235	260	0.728	0.612	1.063E-06	42
seq191	seq13	30.200	76	235	171	0.323	0.439	1.419E-06	42
seq191	seq34	26.700	181	235	340	0.770	0.529	1.894E-06	42
seq191	seq86	29.100	79	235	143	0.336	0.545	3.359E-05	38
seq191	seq122	31.000	74	235	145	0.315	0.503	3.313E-04	34
seq191	seq30	40.300	52	235	167	0.221	0.305	3.313E-04	34
seq34	seq34	100.000	340	340	340	1.000	1.000	3.547E-231	700
seq34	seq35	92.900	340	340	340	1.000	1.000	3.232E-217	659
seq34	seq28	52.800	314	340	339	0.921	0.926	1.122E-108	346
seq34	seq27	53.400	314	340	339	0.921	0.926	5.395E-108	344
seq34	seq8	56.200	287	340	339	0.844	0.844	3.550E-107	342
seq34	seq21	51.200	314	340	339	0.921	0.926	1.011E-104	334
seq34	seq183	27.300	273	340	424	0.732	0.644	6.196E-18	79
seq34	seq127	26.700	269	340	414	0.721	0.650	4.754E-17	76
seq34	seq131	26.500	269	340	414	0.721	0.650	3.622E-16	74
seq34	seq130	26.900	269	340	414	0.721	0.650	6.463E-16	73
seq34	seq144	25.000	281	340	356	0.809	0.789	8.630E-16	72
seq34	seq114	27.000	270	340	382	0.721	0.707	2.741E-15	71
seq34	seq80	23.900	303	340	408	0.824	0.743	3.662E-14	67
seq34	seq78	30.200	169	340	485	0.488	0.348	1.538E-13	65
seq34	seq37	30.400	149	340	255	0.426	0.584	2.049E-13	65
seq34	seq61	28.200	187	340	455	0.500	0.411	2.729E-13	64
seq34	seq11	28.300	181	340	481	0.485	0.376	3.579E-12	61
seq34	seq98	21.800	302	340	350	0.774	0.863	4.760E-12	61
seq34	seq97	22.200	291	340	375	0.774	0.776	4.760E-12	61
seq34	seq188	24.200	246	340	356	0.724	0.618	1.120E-11	59
seq34	seq67	28.100	151	340	262	0.415	0.576	6.176E-11	57
seq34	seq47	23.600	255	340	383	0.750	0.655	6.176E-11	57
seq34	seq71	29.100	148	340	481	0.421	0.308	1.090E-10	56
seq34	seq196	27.900	165	340	177	0.485	0.814	1.924E-10	55
seq34	seq197	27.900	165	340	177	0.485	0.814	1.924E-10	55
seq34	seq162	22.800	297	340	325	0.712	0.914	4.507E-10	54
seq34	seq163	22.800	297	340	325	0.712	0.914	4.507E-10	54
seq34	seq164	22.800	297	340	325	0.712	0.914	4.507E-10	54
seq34	seq165	22.800	297	340	325	0.712	0.914	4.507E-10	54
seq34	seq166	22.800	297	340	325	0.712	0.914	4.507E-10	54
seq34	seq68	22.400	216	340	275	0.594	0.785	1.055E-09	53
seq34	seq141	32.900	81	340	210	0.238	0.386	1.400E-09	53
seq34	seq199	28.900	199	340	365	0.562	0.545	1.400E-09	53
seq34	seq145	25.500	185	340	588	0.529	0.315	2.467E-09	52
seq34	seq177	35.000	112	340	128	0.306	0.875	4.345E-09	51
seq34	seq160	33.300	84	340	271	0.241	0.310	4.345E-09	51
seq34	seq187	24.100	151	340	456	0.432	0.331	5.765E-09	51
seq34	seq73	29.900	153	340	236	0.424	0.648	1.346E-08	49
seq34	seq14	24.100	140	340	246	0.412	0.549	1.786E-08	49
seq34	seq102	27.000	146	340	233	0.403	0.627	2.368E-08	49
seq34	seq19	27.500	172	340	191	0.503	0.901	3.141E-08	48
seq34	seq20	27.500	172	340	191	0.503	0.901	3.141E-08	48
seq34	seq41	25.500	173	340	221	0.509	0.688	4.166E-08	48
seq34	seq156	25.800	147	340	226	0.406	0.650	7.324E-08	47
seq34	seq157	25.800	147	340	226	0.406	0.650	7.324E-08	47
seq34	seq90	25.000	183	340	338	0.488	0.541	7.324E-08	47
seq34	seq70	31.300	82	340	416	0.241	0.197	9.711E-08	47
seq34	seq50	24.800	171	340	556	0.479	0.308	3.975E-07	45
seq34	seq105	25.300	154	340	230	0.429	0.670	2.152E-06	42
seq34	seq126	21.200	247	340	307	0.703	0.805	2.152E-06	42
seq34	seq111	26.700	196	340	347	0.476	0.565	2.152E-06	42
seq34	seq106	25.300	154	340	362	0.429	0.425	2.152E-06	42
seq34	seq161	28.200	78	340	246	0.229	0.313	2.851E-06	42
seq34	seq138	35.300	95	340	128	0.279	0.727	6.628E-06	41
seq34	seq115	32.800	71	340	245	0.209	0.278	6.628E-06	41
seq34	seq139	34.000	88	340	128	0.259	0.656	2.039E-05	39
seq34	seq178	30.700	100	340	127	0.274	0.787	2.701E-05	39
seq34	seq119	35.100	73	340	131	0.215	0.550	3.576E-05	38
seq34	seq170	31.100	77	340	124	0.224	0.621	6.270E-05	38
seq34	seq120	35.100	73	340	131	0.215	0.550	6.270E-05	38
seq34	seq54	24.500	170	340	273	0.412	0.623	6.270E-05	38
seq34	seq122	36.400	73	340	145	0.215	0.497	8.301E-05	37
seq34	seq146	28.300	71	340	202	0.209	0.342	3.375E-04	35
seq34	seq147	28.300	71	340	202	0.209	0.342	3.375E-04	35
seq34	seq148	28.300	71	340	202	0.209	0.342	3.375E-04	35
seq34	seq149	28.300	71	340	202	0.209	0.342	3.375E-04	35
seq34	seq150	28.300	71	340	202	0.209	0.342	3.375E-04	35
seq34	seq151	28.300	71	340	248	0.209	0.278	3.375E-04	35
seq34	seq26	34.000	47	340	148	0.138	0.318	4.467E-04	35
seq34	seq65	21.700	170	340	273	0.412	0.623	4.467E-04	35
seq34	seq40	21.700	170	340	278	0.412	0.612	5.912E-04	34
seq34	seq60	39.000	41	340	377	0.121	0.109	7.825E-04	34
seq46	seq42	100.000	338	338	338	1.000	1.000	3.743E-226	685
seq46	seq43	100.000	338	338	338	1.000	1.000	3.743E-226	685
seq46	seq44	100.000	338	338	338	1.000	1.000	3.743E-226	685
seq46	seq45	100.000	338	338	338	1.000	1.000	3.743E-226	685
seq46	seq46	100.000	338	338	338	1.000	1.000	3.743E-226	685
seq46	seq3	99.700	338	338	391	1.000	0.864	1.320E-225	683
seq176	seq175	100.000	324	324	324	1.000	1.000	1.694E-205	625
seq176	seq176	100.000	324	324	324	1.000	1.000	1.694E-205	625
seq176	seq143	50.700	251	324	364	0.765	0.690	6.316E-56	192
seq176	seq116	42.800	80	324	209	0.238	0.383	7.511E-13	63
seq176	seq117	42.800	80	324	209	0.238	0.383	7.511E-13	63
seq36	seq36	100.000	270	270	270	1.000	1.000	9.366E-177	539
seq36	seq186	47.700	199	270	235	0.737	0.813	3.514E-54	184
seq36	seq67	34.000	237	270	262	0.878	0.885	1.613E-35	130
seq36	seq37	29.500	193	270	255	0.715	0.690	1.292E-20	86
seq36	seq118	29.300	184	270	248	0.681	0.673	2.631E-19	82
seq36	seq127	26.700	189	270	414	0.700	0.447	2.769E-15	70
seq36	seq80	28.700	189	270	408	0.700	0.458	6.734E-15	68
seq36	seq71	29.100	188	270	481	0.696	0.360	1.217E-14	68
seq36	seq114	28.200	135	270	382	0.463	0.353	2.198E-14	67
seq36	seq78	28.200	188	270	485	0.696	0.359	3.966E-14	66
seq36	seq145	24.700	214	270	588	0.793	0.342	9.605E-14	65
seq36	seq130	27.400	163	270	414	0.604	0.370	1.731E-13	64
seq36	seq89	30.600	123	270	476	0.448	0.258	2.322E-13	64
seq36	seq131	28.000	163	270	414	0.604	0.370	5.607E-13	63
seq36	seq109	25.600	186	270	604	0.689	0.283	1.008E-12	62
seq36	seq183	24.700	178	270	424	0.659	0.387	3.252E-12	60
seq36	seq69	26.800	177	270	260	0.656	0.638	4.357E-12	60
seq36	seq112	23.800	187	270	514	0.693	0.348	8.032E-11	56
seq36	seq141	29.500	160	270	210	0.593	0.762	3.426E-10	54
seq36	seq180	35.200	85	270	120	0.315	0.708	1.090E-09	52
seq36	seq129	24.500	159	270	378	0.581	0.421	3.459E-09	51
seq36	seq61	22.700	187	270	455	0.693	0.404	4.614E-09	50
seq36	seq99	25.400	181	270	218	0.670	0.752	2.592E-08	48
seq36	seq100	25.400	181	270	421	0.670	0.390	2.592E-08	48
seq36	seq21	38.200	80	270	339	0.296	0.227	6.132E-08	47
seq36	seq33	31.000	100	270	323	0.363	0.310	1.448E-07	46
seq36	seq70	33.700	88	270	416	0.304	0.212	2.567E-07	45
seq36	seq171	30.700	78	270	92	0.289	0.848	3.417E-07	44
seq36	seq172	30.700	78	270	92	0.289	0.848	3.417E-07	44
seq36	seq173	30.700	78	270	92	0.289	0.848	3.417E-07	44
seq36	seq174	30.700	78	270	92	0.289	0.848	3.417E-07	44
seq36	seq8	35.200	67	270	339	0.248	0.195	1.425E-06	42
seq36	seq26	31.200	94	270	148	0.344	0.635	1.895E-06	42
seq36	seq86	41.300	58	270	143	0.215	0.406	2.520E-06	42
seq36	seq96	20.900	174	270	193	0.630	0.902	3.350E-06	41
seq36	seq32	31.500	91	270	323	0.337	0.269	5.920E-06	40
seq36	seq108	23.600	153	270	238	0.567	0.639	1.847E-05	39
seq36	seq24	28.500	91	270	153	0.326	0.595	2.453E-05	38
seq36	seq115	30.800	68	270	245	0.252	0.229	1.014E-04	36
seq102	seq102	100.000	233	233	233	1.000	1.000	3.985E-150	460
seq102	seq157	74.600	217	233	226	0.923	0.960	3.623E-103	324
seq102	seq156	72.800	217	233	226	0.923	0.960	1.793E-99	314
seq102	seq199	55.700	206	233	365	0.880	0.564	2.155E-69	227
seq102	seq73	54.700	190	233	236	0.815	0.801	2.667E-68	224
seq102	seq19	56.600	180	233	191	0.773	0.942	3.652E-68	223
seq102	seq20	56.600	180	233	191	0.773	0.942	3.652E-68	223
seq102	seq194	50.000	182	233	240	0.781	0.758	1.060E-56	190
seq102	seq105	43.000	179	233	230	0.768	0.770	1.733E-46	160
seq102	seq106	43.000	179	233	362	0.768	0.489	1.733E-46	160
seq102	seq63	38.600	176	233	205	0.755	0.824	1.695E-43	152
seq102	seq129	39.200	181	233	378	0.725	0.479	9.879E-42	147
seq102	seq7	37.900	166	233	258	0.712	0.632	1.350E-41	146
seq102	seq99	39.100	187	233	218	0.803	0.849	6.443E-41	144
seq102	seq100	39.100	187	233	421	0.803	0.439	6.443E-41	144
seq102	seq141	29.700	170	233	210	0.704	0.810	1.389E-22	91
seq102	seq108	27.000	169	233	238	0.708	0.710	5.141E-17	74
seq102	seq12	39.400	76	233	100	0.326	0.760	1.726E-16	72
seq102	seq191	29.500	147	233	235	0.631	0.613	1.935E-15	69
seq102	seq177	42.200	71	233	128	0.300	0.555	3.535E-15	68
seq102	seq120	44.000	75	233	131	0.322	0.573	8.722E-15	67
seq102	seq130	25.000	173	233	414	0.738	0.418	1.178E-14	67
seq102	seq127	27.400	211	233	414	0.794	0.510	1.178E-14	67
seq102	seq68	26.500	155	233	275	0.644	0.564	1.591E-14	66
seq102	seq86	44.200	70	233	143	0.300	0.490	2.902E-14	66
seq102	seq122	44.000	75	233	145	0.322	0.517	2.902E-14	66
seq102	seq61	27.200	147	233	455	0.597	0.323	2.902E-14	66
seq102	seq200	33.600	101	233	248	0.433	0.395	3.918E-14	65
seq102	seq114	26.900	160	233	382	0.661	0.419	3.918E-14	65
seq102	seq80	29.400	168	233	408	0.644	0.412	3.918E-14	65
seq102	seq183	28.300	151	233	424	0.648	0.344	5.288E-14	65
seq102	seq119	42.600	75	233	131	0.322	0.573	7.137E-14	64
seq102	seq131	26.700	173	233	414	0.738	0.418	1.753E-13	63
seq102	seq47	24.500	150	233	383	0.644	0.392	7.810E-13	61
seq102	seq75	27.400	195	233	617	0.755	0.316	7.810E-13	61
seq102	seq184	24.800	155	233	223	0.665	0.682	1.053E-12	61
seq102	seq162	21.300	158	233	325	0.678	0.458	1.911E-12	60
seq102	seq163	21.300	158	233	325	0.678	0.458	1.911E-12	60
seq102	seq164	21.300	158	233	325	0.678	0.458	1.911E-12	60
seq102	seq165	21.300	158	233	325	0.678	0.458	1.911E-12	60
seq102	seq166	21.300	158	233	325	0.678	0.458	1.911E-12	60
seq102	seq78	26.900	158	233	485	0.678	0.311	2.573E-12	60
seq102	seq109	26.300	181	233	604	0.755	0.300	2.573E-12	60
seq102	seq16	25.300	148	233	212	0.635	0.684	3.465E-12	59
seq102	seq188	24.200	163	233	356	0.644	0.458	4.666E-12	59
seq102	seq89	30.200	137	233	476	0.571	0.288	1.138E-11	58
seq102	seq112	24.600	142	233	514	0.597	0.276	1.531E-11	57
seq102	seq30	33.300	90	233	167	0.386	0.533	2.769E-11	57
seq102	seq28	29.500	141	233	339	0.605	0.392	5.006E-11	56
seq102	seq27	26.800	141	233	339	0.605	0.392	6.730E-11	55
seq102	seq14	22.900	148	233	246	0.635	0.549	1.633E-10	54
seq102	seq196	30.900	125	233	177	0.536	0.621	2.193E-10	54
seq102	seq197	30.900	125	233	177	0.536	0.621	2.193E-10	54
seq102	seq21	28.000	141	233	339	0.605	0.392	3.953E-10	53
seq102	seq90	37.200	59	233	338	0.253	0.175	5.307E-10	53
seq102	seq37	25.500	148	233	255	0.635	0.561	9.556E-10	52
seq102	seq70	34.100	79	233	416	0.339	0.188	9.556E-10	52
seq102	seq180	35.200	68	233	120	0.288	0.567	4.144E-09	50
seq102	seq8	26.500	141	233	339	0.605	0.392	5.553E-09	49
seq102	seq9	32.200	88	233	169	0.378	0.515	9.967E-09	49
seq102	seq77	24.400	162	233	310	0.670	0.523	4.287E-08	47
seq102	seq34	27.200	141	233	340	0.605	0.388	7.673E-08	46
seq102	seq13	36.700	49	233	171	0.210	0.287	1.834E-07	45
seq102	seq35	28.900	141	233	340	0.605	0.388	1.834E-07	45
seq102	seq118	23.500	119	233	248	0.511	0.464	2.452E-07	44
seq102	seq6	30.000	88	233	169	0.378	0.515	3.277E-07	44
seq102	seq62	21.400	145	233	281	0.622	0.505	5.848E-07	43
seq102	seq24	28.200	92	233	153	0.395	0.575	3.310E-06	41
seq102	seq160	23.100	191	233	271	0.601	0.705	1.861E-05	38
seq102	seq26	30.000	50	233	148	0.215	0.338	1.040E-04	36
seq16	seq16	100.000	212	212	212	1.000	1.000	5.532E-144	441
seq16	seq184	88.200	212	212	223	1.000	0.951	9.732E-130	400
seq16	seq191	75.100	205	212	235	0.967	0.872	4.232E-108	337
seq16	seq127	40.900	180	212	414	0.849	0.432	9.151E-37	131
seq16	seq130	39.300	180	212	414	0.849	0.432	2.853E-35	127
seq16	seq131	36.600	180	212	414	0.849	0.432	7.893E-33	120
seq16	seq80	36.800	180	212	408	0.849	0.439	2.750E-32	118
seq16	seq114	39.400	173	212	382	0.816	0.450	3.336E-31	115
seq16	seq90	36.800	167	212	338	0.788	0.494	1.241E-28	108
seq16	seq97	37.000	167	212	375	0.788	0.445	8.022E-28	105
seq16	seq144	34.200	174	212	356	0.816	0.489	1.494E-27	104
seq16	seq98	34.800	178	212	350	0.788	0.509	1.156E-25	99
seq16	seq187	33.700	158	212	456	0.745	0.346	1.883E-24	95
seq16	seq47	33.100	187	212	383	0.863	0.488	3.499E-24	94
seq16	seq183	36.600	152	212	424	0.717	0.356	3.499E-24	94
seq16	seq141	30.800	176	212	210	0.769	0.838	1.695E-21	87
seq16	seq37	29.200	210	212	255	0.991	0.769	1.695E-21	87
seq16	seq61	30.400	183	212	455	0.797	0.402	5.028E-20	82
seq16	seq50	29.600	205	212	556	0.896	0.369	9.303E-20	81
seq16	seq74	29.600	161	212	409	0.759	0.389	2.328E-17	74
seq16	seq109	28.100	182	212	604	0.858	0.300	1.456E-16	72
seq16	seq73	26.900	194	212	236	0.906	0.822	1.976E-16	72
seq16	seq78	28.600	172	212	485	0.811	0.355	4.935E-16	70
seq16	seq68	27.100	170	212	275	0.764	0.618	9.078E-16	70
seq16	seq137	28.600	150	212	476	0.708	0.298	1.231E-15	69
seq16	seq75	26.700	189	212	617	0.792	0.306	1.231E-15	69
seq16	seq194	29.100	148	212	240	0.684	0.617	4.157E-15	68
seq16	seq14	28.600	157	212	246	0.741	0.598	4.157E-15	68
seq16	seq71	29.400	150	212	481	0.708	0.310	5.634E-15	67
seq16	seq19	27.200	176	212	191	0.821	0.921	7.633E-15	67
seq16	seq20	27.200	176	212	191	0.821	0.921	7.633E-15	67
seq16	seq67	34.200	105	212	262	0.495	0.389	7.633E-15	67
seq16	seq199	27.200	176	212	365	0.821	0.482	7.633E-15	67
seq16	seq156	26.600	148	212	226	0.684	0.655	3.480E-14	65
seq16	seq157	26.600	148	212	226	0.684	0.655	3.480E-14	65
seq16	seq111	23.200	229	212	347	0.892	0.660	3.480E-14	65
seq16	seq177	37.900	87	212	128	0.410	0.664	2.139E-13	63
seq16	seq7	26.400	168	212	258	0.792	0.647	2.139E-13	63
seq16	seq102	25.300	148	212	233	0.684	0.635	3.913E-13	62
seq16	seq77	26.700	151	212	310	0.712	0.477	3.913E-13	62
seq16	seq129	25.600	188	212	378	0.821	0.497	7.155E-13	61
seq16	seq118	26.600	163	212	248	0.769	0.657	1.307E-12	60
seq16	seq41	26.500	192	212	221	0.906	0.796	1.767E-12	60
seq16	seq27	25.700	163	212	339	0.769	0.472	1.767E-12	60
seq16	seq28	24.500	163	212	339	0.769	0.472	5.884E-12	58
seq16	seq21	25.700	163	212	339	0.769	0.472	1.073E-11	57
seq16	seq112	25.500	194	212	514	0.887	0.377	1.073E-11	57
seq16	seq26	36.200	80	212	148	0.377	0.534	1.448E-11	57
seq16	seq99	22.200	175	212	218	0.825	0.803	1.448E-11	57
seq16	seq100	22.200	175	212	421	0.825	0.416	1.448E-11	57
seq16	seq52	22.700	185	212	375	0.769	0.493	8.725E-11	55
seq16	seq24	34.200	73	212	153	0.344	0.471	7.031E-10	52
seq16	seq105	26.100	147	212	230	0.689	0.639	9.465E-10	51
seq16	seq106	26.100	147	212	362	0.689	0.406	9.465E-10	51
seq16	seq152	32.500	86	212	132	0.406	0.644	1.714E-09	51
seq16	seq23	23.200	197	212	372	0.764	0.530	3.102E-09	50
seq16	seq8	24.700	184	212	339	0.868	0.525	4.172E-09	49
seq16	seq70	27.100	126	212	416	0.594	0.298	5.609E-09	49
seq16	seq69	25.300	156	212	260	0.736	0.562	1.829E-08	48
seq16	seq33	21.900	241	212	323	0.830	0.746	2.457E-08	47
seq16	seq35	25.500	171	212	340	0.792	0.503	5.944E-08	46
seq16	seq34	25.000	171	212	340	0.792	0.503	7.976E-08	46
seq16	seq12	33.300	75	212	100	0.354	0.740	1.070E-07	45
seq16	seq180	32.800	73	212	120	0.344	0.608	1.924E-07	44
seq16	seq120	34.600	75	212	131	0.354	0.565	1.996E-06	41
seq16	seq122	33.300	75	212	145	0.354	0.510	1.996E-06	41
seq16	seq40	35.800	78	212	278	0.344	0.281	2.671E-06	41
seq16	seq65	34.600	78	212	273	0.344	0.286	3.574E-06	40
seq16	seq86	35.000	57	212	143	0.269	0.392	4.780E-06	40
seq16	seq54	27.100	117	212	273	0.476	0.429	4.780E-06	40
seq16	seq119	33.300	75	212	131	0.354	0.565	8.547E-06	39
seq16	seq83	32.800	69	212	90	0.311	0.767	2.040E-05	38
seq16	seq113	33.800	62	212	546	0.274	0.114	8.664E-05	36
seq144	seq144	100.000	356	356	356	1.000	1.000	1.217E-235	713
seq144	seq90	47.200	289	356	338	0.753	0.855	3.358E-86	282
seq144	seq97	52.300	269	356	375	0.750	0.717	1.606E-85	280
seq144	seq98	50.300	280	356	350	0.750	0.800	6.127E-83	272
seq144	seq68	50.000	205	356	275	0.576	0.731	4.776E-65	220
seq144	seq127	31.200	259	356	414	0.713	0.626	4.750E-35	132
seq144	seq130	30.000	259	356	414	0.728	0.604	7.612E-31	119
seq144	seq131	28.200	258	356	414	0.711	0.623	3.799E-29	114
seq144	seq114	28.000	258	356	382	0.725	0.654	8.316E-27	107
seq144	seq191	35.700	172	356	235	0.483	0.728	2.966E-25	102
seq144	seq183	27.900	256	356	424	0.719	0.583	1.761E-24	100
seq144	seq16	34.200	174	356	212	0.489	0.816	1.041E-23	97
seq144	seq184	34.600	178	356	223	0.500	0.794	1.400E-23	97
seq144	seq50	34.400	170	356	556	0.478	0.302	1.400E-23	97
seq144	seq188	25.000	333	356	356	0.770	0.935	4.055E-19	83
seq144	seq162	23.700	298	356	325	0.736	0.917	2.322E-18	81
seq144	seq163	23.700	298	356	325	0.736	0.917	2.322E-18	81
seq144	seq164	23.700	298	356	325	0.736	0.917	2.322E-18	81
seq144	seq165	23.700	298	356	325	0.736	0.917	2.322E-18	81
seq144	seq166	23.700	298	356	325	0.736	0.917	2.322E-18	81
seq144	seq74	23.800	253	356	409	0.711	0.587	3.105E-18	80
seq144	seq156	30.300	158	356	226	0.444	0.664	9.906E-18	79
seq144	seq157	30.300	158	356	226	0.444	0.664	9.906E-18	79
seq144	seq47	23.400	356	356	383	0.846	0.930	9.906E-18	79
seq144	seq27	24.100	293	356	339	0.823	0.796	1.323E-17	78
seq144	seq28	23.100	258	356	339	0.725	0.702	3.154E-17	77
seq144	seq187	31.500	161	356	456	0.452	0.325	3.154E-17	77
seq144	seq21	23.300	302	356	339	0.848	0.823	4.211E-17	77
seq144	seq8	23.200	299	356	339	0.840	0.808	7.506E-17	76
seq144	seq89	30.800	151	356	476	0.424	0.309	5.632E-15	70
seq144	seq13	41.700	79	356	171	0.222	0.462	2.360E-14	68
seq144	seq75	25.200	183	356	617	0.486	0.297	2.360E-14	68
seq144	seq26	45.200	73	356	148	0.205	0.493	3.142E-14	68
seq144	seq35	24.100	264	356	340	0.742	0.721	3.142E-14	68
seq144	seq194	26.600	158	356	240	0.444	0.625	4.183E-14	67
seq144	seq105	23.000	171	356	230	0.480	0.696	5.568E-14	67
seq144	seq106	23.000	171	356	362	0.480	0.442	5.568E-14	67
seq144	seq34	23.800	264	356	340	0.742	0.721	9.861E-14	66
seq144	seq67	27.200	159	356	262	0.447	0.580	1.746E-13	65
seq144	seq24	38.400	78	356	153	0.219	0.510	2.322E-13	65
seq144	seq196	30.300	157	356	177	0.441	0.774	2.322E-13	65
seq144	seq197	30.300	157	356	177	0.441	0.774	2.322E-13	65
seq144	seq7	24.700	171	356	258	0.480	0.616	3.089E-13	64
seq144	seq177	38.600	75	356	128	0.211	0.586	3.015E-12	61
seq144	seq14	25.400	154	356	246	0.433	0.581	4.006E-12	61
seq144	seq129	23.900	167	356	378	0.430	0.442	4.006E-12	61
seq144	seq19	24.400	180	356	191	0.506	0.901	5.323E-12	61
seq144	seq20	24.400	180	356	191	0.506	0.901	5.323E-12	61
seq144	seq200	47.500	61	356	248	0.171	0.246	5.323E-12	61
seq144	seq199	24.400	180	356	365	0.506	0.471	5.323E-12	61
seq144	seq186	25.400	174	356	235	0.489	0.732	7.072E-12	60
seq144	seq11	27.100	156	356	481	0.438	0.320	7.072E-12	60
seq144	seq73	25.300	158	356	236	0.444	0.636	1.657E-11	59
seq144	seq71	26.700	151	356	481	0.424	0.310	1.657E-11	59
seq144	seq122	40.200	82	356	145	0.230	0.559	5.153E-11	57
seq144	seq63	22.800	147	356	205	0.413	0.693	5.153E-11	57
seq144	seq112	27.800	156	356	514	0.438	0.294	5.153E-11	57
seq144	seq86	48.200	56	356	143	0.157	0.392	6.841E-11	57
seq144	seq119	42.400	66	356	131	0.185	0.504	1.205E-10	56
seq144	seq120	40.900	66	356	131	0.185	0.504	1.600E-10	56
seq144	seq39	25.100	151	356	378	0.424	0.399	2.123E-10	55
seq144	seq41	26.600	171	356	221	0.480	0.742	2.817E-10	55
seq144	seq78	27.200	151	356	485	0.424	0.309	2.817E-10	55
seq144	seq33	22.500	235	356	323	0.480	0.728	3.738E-10	55
seq144	seq70	33.700	86	356	416	0.242	0.202	4.959E-10	54
seq144	seq1	39.000	82	356	98	0.230	0.816	1.536E-09	53
seq144	seq137	24.600	151	356	476	0.424	0.298	1.536E-09	53
seq144	seq145	24.700	178	356	588	0.500	0.276	1.536E-09	53
seq144	seq83	47.300	57	356	90	0.160	0.622	3.416E-08	48
seq144	seq125	25.600	151	356	599	0.424	0.230	4.526E-08	48
seq144	seq9	38.700	62	356	169	0.174	0.355	9.984E-07	44
seq144	seq115	24.200	169	356	245	0.441	0.690	2.188E-05	39
seq144	seq146	27.300	84	356	202	0.222	0.416	3.604E-04	35
seq144	seq147	27.300	84	356	202	0.222	0.416	3.604E-04	35
seq144	seq148	27.300	84	356	202	0.222	0.416	3.604E-04	35
seq144	seq149	27.300	84	356	202	0.222	0.416	3.604E-04	35
seq144	seq150	27.300	84	356	202	0.222	0.416	3.604E-04	35
seq144	seq151	27.300	84	356	248	0.222	0.339	3.604E-04	35
seq179	seq179	100.000	542	542	542	1.000	1.000	0.000E+00	1101
seq179	seq169	57.100	517	542	589	0.910	0.878	1.557E-178	559
seq179	seq198	56.900	517	542	558	0.910	0.927	6.714E-177	554
seq179	seq91	27.200	473	542	530	0.860	0.892	4.901E-48	176
seq179	seq92	27.200	473	542	530	0.860	0.892	4.901E-48	176
seq179	seq189	32.000	201	542	352	0.351	0.571	2.304E-21	92
seq25	seq25	100.000	183	183	183	1.000	1.000	5.793E-119	367
seq25	seq72	78.700	174	183	181	0.934	0.961	5.334E-88	278
seq25	seq66	68.200	185	183	185	0.989	1.000	5.323E-78	249
seq25	seq51	56.000	148	183	168	0.803	0.881	2.942E-49	166
seq25	seq192	38.700	184	183	341	0.962	0.540	6.398E-35	124
seq25	seq2	40.800	162	183	194	0.858	0.835	3.395E-32	117
seq59	seq59	100.000	248	248	248	1.000	1.000	5.715E-153	469
seq59	seq57	59.300	208	248	232	0.823	0.897	3.596E-71	233
seq59	seq55	58.300	208	248	232	0.823	0.897	2.369E-70	230
seq59	seq56	48.400	253	248	277	0.823	0.913	6.114E-64	212
seq59	seq107	33.800	70	248	464	0.282	0.149	2.795E-05	38
seq47	seq47	100.000	383	383	383	1.000	1.000	1.623E-238	723
seq47	seq188	67.900	336	383	356	0.877	0.933	2.253E-146	457
seq47	seq162	60.200	332	383	325	0.867	0.938	4.346E-119	378
seq47	seq163	60.200	332	383	325	0.867	0.938	4.346E-119	378
seq47	seq164	60.200	332	383	325	0.867	0.938	4.346E-119	378
seq47	seq165	60.200	332	383	325	0.867	0.938	4.346E-119	378
seq47	seq166	60.200	332	383	325	0.867	0.938	4.346E-119	378
seq47	seq187	45.900	410	383	456	0.862	0.899	6.750E-97	314
seq47	seq37	43.700	173	383	255	0.452	0.671	5.879E-45	162
seq47	seq185	37.600	170	383	247	0.444	0.668	3.539E-32	124
seq47	seq61	25.400	359	383	455	0.851	0.789	2.341E-30	118
seq47	seq39	34.400	179	383	378	0.467	0.468	9.687E-27	107
seq47	seq130	25.200	333	383	414	0.869	0.664	1.302E-26	107
seq47	seq127	24.600	333	383	414	0.869	0.664	4.250E-26	105
seq47	seq14	35.000	171	383	246	0.446	0.667	8.110E-25	101
seq47	seq114	26.900	330	383	382	0.862	0.699	1.088E-24	101
seq47	seq80	24.900	333	383	408	0.869	0.681	1.960E-24	100
seq47	seq131	24.300	333	383	414	0.869	0.664	1.960E-24	100
seq47	seq97	26.300	326	383	375	0.851	0.704	1.530E-23	97
seq47	seq16	34.700	168	383	212	0.439	0.769	1.225E-21	91
seq47	seq98	25.500	326	383	350	0.851	0.786	1.225E-21	91
seq47	seq53	31.600	179	383	600	0.467	0.295	1.225E-21	91
seq47	seq71	23.900	425	383	481	0.851	0.884	3.925E-21	90
seq47	seq109	25.400	458	383	604	0.885	0.758	9.385E-21	89
seq47	seq191	34.100	166	383	235	0.433	0.685	1.677E-20	88
seq47	seq183	31.300	163	383	424	0.405	0.384	4.003E-20	87
seq47	seq186	31.000	162	383	235	0.407	0.689	2.272E-19	84
seq47	seq68	33.100	158	383	275	0.399	0.575	3.034E-19	84
seq47	seq67	31.400	160	383	262	0.415	0.611	4.050E-19	83
seq47	seq78	24.900	430	383	485	0.851	0.887	5.405E-19	83
seq47	seq137	30.800	159	383	476	0.415	0.311	7.213E-19	83
seq47	seq141	29.500	163	383	210	0.399	0.776	9.625E-19	82
seq47	seq184	30.500	168	383	223	0.439	0.731	4.064E-18	80
seq47	seq90	32.100	160	383	338	0.418	0.462	9.631E-18	79
seq47	seq144	24.200	330	383	356	0.862	0.747	3.038E-17	78
seq47	seq145	29.200	175	383	588	0.457	0.293	7.181E-17	76
seq47	seq11	28.900	175	383	481	0.439	0.364	9.563E-17	76
seq47	seq118	28.300	172	383	248	0.449	0.673	1.696E-16	75
seq47	seq112	25.500	190	383	514	0.483	0.370	1.696E-16	75
seq47	seq70	27.000	357	383	416	0.851	0.858	9.426E-16	73
seq47	seq50	28.200	149	383	556	0.373	0.268	5.219E-15	70
seq47	seq99	26.600	162	383	218	0.418	0.743	6.938E-15	70
seq47	seq100	26.600	162	383	421	0.418	0.385	6.938E-15	70
seq47	seq89	26.300	330	383	476	0.862	0.630	9.224E-15	70
seq47	seq157	27.100	155	383	226	0.405	0.686	3.825E-14	68
seq47	seq33	22.600	231	383	323	0.446	0.715	3.825E-14	68
seq47	seq156	26.500	155	383	226	0.405	0.686	1.191E-13	66
seq47	seq129	26.500	160	383	378	0.386	0.423	2.790E-13	65
seq47	seq194	26.600	148	383	240	0.386	0.617	1.150E-12	63
seq47	seq111	26.800	186	383	347	0.418	0.536	1.150E-12	63
seq47	seq27	25.000	175	383	339	0.457	0.493	1.527E-12	63
seq47	seq134	27.300	153	383	207	0.399	0.643	2.026E-12	62
seq47	seq135	27.300	153	383	207	0.399	0.643	2.026E-12	62
seq47	seq102	25.100	157	383	233	0.399	0.674	2.026E-12	62
seq47	seq7	27.100	158	383	258	0.413	0.597	2.026E-12	62
seq47	seq136	27.300	153	383	352	0.399	0.378	2.026E-12	62
seq47	seq52	30.400	115	383	375	0.272	0.307	2.026E-12	62
seq47	seq1	37.100	78	383	98	0.204	0.796	2.688E-12	62
seq47	seq160	26.200	242	383	271	0.632	0.808	2.688E-12	62
seq47	seq75	23.200	170	383	617	0.397	0.276	3.567E-12	61
seq47	seq23	30.700	91	383	372	0.238	0.245	6.278E-12	61
seq47	seq28	23.200	175	383	339	0.457	0.493	1.105E-11	60
seq47	seq177	37.500	72	383	128	0.188	0.562	1.943E-11	59
seq47	seq73	25.900	155	383	236	0.405	0.657	3.417E-11	58
seq47	seq69	27.400	113	383	260	0.292	0.435	2.459E-10	55
seq47	seq180	34.600	78	383	120	0.204	0.650	1.005E-09	53
seq47	seq34	21.600	157	383	340	0.410	0.435	2.337E-09	52
seq47	seq35	23.800	157	383	340	0.410	0.435	3.095E-09	52
seq47	seq77	26.400	129	383	310	0.324	0.416	7.193E-09	51
seq47	seq24	31.500	76	383	153	0.198	0.497	9.527E-09	50
seq47	seq13	33.300	66	383	171	0.172	0.386	1.671E-08	49
seq47	seq152	28.200	78	383	132	0.204	0.591	2.212E-08	49
seq47	seq19	21.000	164	383	191	0.418	0.859	2.929E-08	49
seq47	seq20	21.000	164	383	191	0.418	0.859	2.929E-08	49
seq47	seq199	21.000	164	383	365	0.418	0.449	2.929E-08	49
seq47	seq83	40.200	72	383	90	0.172	0.800	6.799E-08	48
seq47	seq119	33.700	77	383	131	0.201	0.580	6.799E-08	48
seq47	seq120	32.400	77	383	131	0.201	0.580	6.799E-08	48
seq47	seq122	32.100	84	383	145	0.211	0.579	6.799E-08	48
seq47	seq26	29.800	77	383	148	0.201	0.520	6.799E-08	48
seq47	seq9	27.400	106	383	169	0.277	0.627	9.001E-08	47
seq47	seq41	25.700	157	383	221	0.410	0.656	9.001E-08	47
seq47	seq200	27.400	110	383	248	0.285	0.444	2.088E-07	46
seq47	seq12	33.300	81	383	100	0.211	0.680	1.485E-06	43
seq47	seq190	36.700	78	383	404	0.204	0.178	1.485E-06	43
seq47	seq17	23.600	155	383	407	0.405	0.351	6.020E-06	41
seq47	seq86	36.200	58	383	143	0.151	0.406	7.964E-06	41
seq47	seq6	35.200	68	383	169	0.178	0.361	1.053E-05	40
seq47	seq178	26.900	78	383	127	0.204	0.575	1.843E-05	40
seq47	seq30	28.800	59	383	167	0.154	0.353	2.282E-04	36
seq47	seq48	23.400	174	383	386	0.454	0.446	2.282E-04	36
seq47	seq113	29.000	62	383	546	0.157	0.114	2.282E-04	36
seq48	seq48	100.000	386	386	386	1.000	1.000	8.421E-260	785
seq48	seq98	25.200	198	386	350	0.477	0.566	3.629E-12	61
seq48	seq97	25.200	198	386	375	0.477	0.528	3.629E-12	61
seq48	seq68	22.900	173	386	275	0.433	0.629	1.351E-09	53
seq48	seq183	26.900	185	386	424	0.456	0.436	7.293E-09	51
seq48	seq126	23.600	298	386	307	0.772	0.824	9.118E-08	47
seq48	seq90	25.800	197	386	338	0.505	0.583	1.597E-07	46
seq48	seq184	28.000	75	386	223	0.176	0.336	2.114E-07	46
seq48	seq27	31.500	76	386	339	0.197	0.218	2.114E-07	46
seq48	seq196	24.200	157	386	177	0.407	0.763	2.798E-07	46
seq48	seq197	24.200	157	386	177	0.407	0.763	2.798E-07	46
seq48	seq28	31.500	76	386	339	0.197	0.218	4.901E-07	45
seq48	seq16	28.000	75	386	212	0.176	0.354	6.486E-07	44
seq48	seq21	28.700	80	386	339	0.207	0.230	4.604E-06	42
seq48	seq179	27.600	76	386	542	0.192	0.140	8.057E-06	41
seq48	seq162	25.400	215	386	325	0.435	0.662	1.865E-05	40
seq48	seq163	25.400	215	386	325	0.435	0.662	1.865E-05	40
seq48	seq164	25.400	215	386	325	0.435	0.662	1.865E-05	40
seq48	seq165	25.400	215	386	325	0.435	0.662	1.865E-05	40
seq48	seq166	25.400	215	386	325	0.435	0.662	1.865E-05	40
seq48	seq32	28.300	74	386	323	0.192	0.229	7.545E-05	38
seq48	seq108	25.200	175	386	238	0.438	0.735	1.319E-04	37
seq48	seq11	23.400	183	386	481	0.448	0.380	1.319E-04	37
seq48	seq35	24.200	166	386	340	0.430	0.485	1.745E-04	36
seq48	seq34	31.400	68	386	340	0.176	0.197	2.307E-04	36
seq48	seq111	25.500	148	386	347	0.306	0.427	3.051E-04	36
seq48	seq185	19.300	167	386	247	0.433	0.664	9.321E-04	34
seq49	seq49	100.000	391	391	391	1.000	1.000	3.663E-262	792
seq49	seq124	29.200	378	391	408	0.803	0.926	5.001E-36	136
seq53	seq53	100.000	600	600	600	1.000	1.000	0.000E+00	1157
seq53	seq39	98.400	378	600	378	0.630	1.000	1.610E-245	756
seq53	seq14	55.500	207	600	246	0.345	0.833	1.629E-59	212
seq53	seq137	53.700	185	600	476	0.308	0.376	3.884E-48	177
seq53	seq47	31.900	207	600	383	0.345	0.540	1.025E-22	97
seq53	seq162	32.500	180	600	325	0.300	0.545	2.374E-22	96
seq53	seq163	32.500	180	600	325	0.300	0.545	2.374E-22	96
seq53	seq164	32.500	180	600	325	0.300	0.545	2.374E-22	96
seq53	seq165	32.500	180	600	325	0.300	0.545	2.374E-22	96
seq53	seq166	32.500	180	600	325	0.300	0.545	2.374E-22	96
seq53	seq188	29.700	191	600	356	0.293	0.537	7.307E-18	81
seq53	seq67	32.300	127	600	262	0.212	0.481	2.245E-10	57
seq53	seq118	26.400	169	600	248	0.282	0.669	8.991E-10	55
seq53	seq126	28.100	160	600	307	0.262	0.521	1.566E-09	54
seq53	seq6	23.000	100	600	169	0.167	0.574	9.210E-07	45
seq121	seq121	100.000	468	468	468	1.000	1.000	5.665E-317	955
seq19	seq19	100.000	191	191	191	1.000	1.000	2.388E-129	397
seq19	seq20	100.000	191	191	191	1.000	1.000	2.388E-129	397
seq19	seq199	100.000	191	191	365	1.000	0.523	2.388E-129	397
seq19	seq73	77.600	188	191	236	0.979	0.797	3.623E-100	313
seq19	seq194	59.200	194	191	240	1.000	0.808	3.450E-73	235
seq19	seq157	59.400	180	191	226	0.942	0.796	4.728E-73	235
seq19	seq156	59.200	179	191	226	0.937	0.792	3.133E-72	233
seq19	seq102	56.600	180	191	233	0.942	0.773	1.250E-69	225
seq19	seq105	39.000	185	191	230	0.963	0.804	6.345E-44	151
seq19	seq106	39.000	185	191	362	0.963	0.511	6.345E-44	151
seq19	seq7	38.800	170	191	258	0.890	0.647	3.402E-41	143
seq19	seq99	38.200	175	191	218	0.916	0.794	1.195E-40	141
seq19	seq129	36.200	193	191	378	0.948	0.511	1.195E-40	141
seq19	seq100	38.200	175	191	421	0.916	0.411	1.195E-40	141
seq19	seq63	37.300	174	191	205	0.911	0.815	4.189E-37	131
seq19	seq141	30.300	172	191	210	0.880	0.819	3.578E-22	88
seq19	seq69	31.700	170	191	260	0.890	0.615	1.691E-21	86
seq19	seq145	32.600	148	191	588	0.775	0.245	6.987E-20	81
seq19	seq183	31.100	167	191	424	0.874	0.375	3.896E-18	76
seq19	seq12	32.200	93	191	100	0.487	0.930	9.838E-18	75
seq19	seq191	34.200	147	191	235	0.770	0.613	1.339E-17	74
seq19	seq108	27.000	159	191	238	0.806	0.668	8.515E-17	72
seq19	seq120	47.000	68	191	131	0.356	0.519	2.145E-16	71
seq19	seq122	42.800	77	191	145	0.403	0.531	2.917E-16	70
seq19	seq177	43.600	71	191	128	0.366	0.555	3.968E-16	70
seq19	seq119	44.100	68	191	131	0.356	0.519	2.507E-15	68
seq19	seq112	28.700	149	191	514	0.770	0.290	2.507E-15	68
seq19	seq200	42.600	68	191	248	0.356	0.274	3.408E-15	67
seq19	seq130	27.700	169	191	414	0.880	0.408	1.162E-14	66
seq19	seq86	41.100	68	191	143	0.356	0.476	3.955E-14	64
seq19	seq184	28.000	148	191	223	0.775	0.650	3.955E-14	64
seq19	seq80	26.400	166	191	408	0.869	0.400	3.955E-14	64
seq19	seq144	24.400	180	191	356	0.901	0.506	5.370E-14	64
seq19	seq61	28.400	159	191	455	0.801	0.349	5.370E-14	64
seq19	seq131	26.500	169	191	414	0.880	0.408	7.290E-14	63
seq19	seq16	28.400	148	191	212	0.775	0.684	9.896E-14	63
seq19	seq89	23.100	151	191	476	0.780	0.317	1.823E-13	62
seq19	seq28	28.700	162	191	339	0.848	0.454	2.474E-13	62
seq19	seq68	22.400	159	191	275	0.827	0.578	3.356E-13	61
seq19	seq83	33.700	80	191	90	0.419	0.889	4.553E-13	61
seq19	seq27	29.400	158	191	339	0.827	0.442	6.176E-13	61
seq19	seq98	25.700	153	191	350	0.743	0.437	8.376E-13	60
seq19	seq97	25.700	153	191	375	0.743	0.408	8.376E-13	60
seq19	seq74	23.700	139	191	409	0.728	0.328	1.540E-12	59
seq19	seq162	22.100	139	191	325	0.728	0.412	2.088E-12	59
seq19	seq163	22.100	139	191	325	0.728	0.412	2.088E-12	59
seq19	seq164	22.100	139	191	325	0.728	0.412	2.088E-12	59
seq19	seq165	22.100	139	191	325	0.728	0.412	2.088E-12	59
seq19	seq166	22.100	139	191	325	0.728	0.412	2.088E-12	59
seq19	seq109	25.800	145	191	604	0.759	0.230	3.835E-12	58
seq19	seq67	28.100	153	191	262	0.801	0.569	5.197E-12	58
seq19	seq21	26.200	148	191	339	0.775	0.413	9.538E-12	57
seq19	seq75	26.800	156	191	617	0.723	0.253	1.749E-11	56
seq19	seq30	35.500	90	191	167	0.450	0.539	3.207E-11	55
seq19	seq180	34.600	75	191	120	0.393	0.592	5.874E-11	55
seq19	seq50	17.700	176	191	556	0.885	0.317	1.075E-10	54
seq19	seq90	26.100	140	191	338	0.733	0.405	1.454E-10	53
seq19	seq187	26.300	150	191	456	0.785	0.318	1.967E-10	53
seq19	seq9	28.500	90	191	169	0.471	0.527	3.595E-10	52
seq19	seq8	25.000	142	191	339	0.743	0.395	3.595E-10	52
seq19	seq6	30.500	108	191	169	0.565	0.550	4.859E-10	52
seq19	seq62	29.500	71	191	281	0.361	0.253	4.859E-10	52
seq19	seq13	32.800	73	191	171	0.382	0.421	6.566E-10	51
seq19	seq37	28.900	149	191	255	0.780	0.569	8.871E-10	51
seq19	seq35	29.900	162	191	340	0.848	0.459	1.198E-09	51
seq19	seq23	22.100	205	191	372	0.948	0.551	3.982E-09	49
seq19	seq34	27.500	162	191	340	0.848	0.459	5.374E-09	49
seq19	seq52	23.700	183	191	375	0.880	0.488	5.374E-09	49
seq19	seq47	20.500	164	191	383	0.859	0.418	5.374E-09	49
seq19	seq152	27.600	76	191	132	0.393	0.576	3.230E-08	46
seq19	seq24	30.900	84	191	153	0.440	0.477	3.230E-08	46
seq19	seq10	28.500	77	191	170	0.393	0.453	4.352E-08	46
seq19	seq126	19.200	179	191	307	0.937	0.557	7.896E-08	45
seq19	seq188	20.200	172	191	356	0.853	0.483	1.063E-07	45
seq19	seq171	33.800	71	191	92	0.366	0.772	2.592E-07	44
seq19	seq172	33.800	71	191	92	0.366	0.772	2.592E-07	44
seq19	seq173	33.800	71	191	92	0.366	0.772	2.592E-07	44
seq19	seq174	33.800	71	191	92	0.366	0.772	2.592E-07	44
seq19	seq77	22.000	148	191	310	0.738	0.477	8.474E-07	42
seq19	seq33	27.700	72	191	323	0.372	0.223	8.474E-07	42
seq19	seq26	24.600	73	191	148	0.340	0.493	1.200E-05	38
seq19	seq38	35.200	68	191	179	0.314	0.380	1.200E-05	38
seq19	seq84	28.100	67	191	282	0.351	0.234	5.330E-04	33
seq19	seq32	26.600	104	191	323	0.545	0.322	5.330E-04	33
seq19	seq113	21.300	225	191	546	0.927	0.412	5.330E-04	33
seq118	seq118	100.000	248	248	248	1.000	1.000	2.178E-166	507
seq118	seq185	30.900	196	248	247	0.790	0.765	3.277E-25	99
seq118	seq36	29.300	201	248	270	0.730	0.744	1.459E-20	85
seq118	seq127	29.700	193	248	414	0.706	0.466	1.875E-18	79
seq118	seq47	27.000	184	248	383	0.722	0.480	2.537E-18	78
seq118	seq14	28.000	188	248	246	0.758	0.634	1.149E-17	76
seq118	seq67	27.100	176	248	262	0.677	0.672	2.101E-17	76
seq118	seq186	27.500	173	248	235	0.653	0.736	5.191E-17	74
seq118	seq70	47.800	71	248	416	0.286	0.171	1.730E-16	73
seq118	seq39	28.700	169	248	378	0.669	0.447	3.156E-16	72
seq118	seq78	47.800	71	248	485	0.286	0.146	3.156E-16	72
seq118	seq1	43.600	71	248	98	0.286	0.724	1.048E-15	70
seq118	seq188	24.600	196	248	356	0.718	0.551	1.048E-15	70
seq118	seq109	43.600	71	248	604	0.286	0.118	1.048E-15	70
seq118	seq112	38.200	81	248	514	0.327	0.158	2.576E-15	69
seq118	seq71	38.100	96	248	481	0.387	0.198	6.319E-15	68
seq118	seq74	23.800	191	248	409	0.698	0.467	5.499E-13	62
seq118	seq53	26.400	169	248	600	0.669	0.282	5.861E-12	59
seq118	seq33	26.700	101	248	323	0.407	0.294	1.057E-11	58
seq118	seq61	26.600	178	248	455	0.661	0.391	1.057E-11	58
seq118	seq129	22.000	178	248	378	0.661	0.471	8.280E-11	55
seq118	seq69	23.100	206	248	260	0.831	0.788	1.110E-10	55
seq118	seq99	21.800	170	248	218	0.685	0.780	2.761E-09	51
seq118	seq100	21.800	170	248	421	0.685	0.404	2.761E-09	51
seq118	seq111	22.300	196	248	347	0.661	0.565	6.606E-09	49
seq118	seq102	24.300	119	248	233	0.464	0.511	3.762E-08	47
seq118	seq126	22.500	165	248	307	0.641	0.537	1.595E-07	45
seq118	seq11	29.100	120	248	481	0.440	0.249	3.788E-07	44
seq118	seq86	32.500	80	248	143	0.315	0.559	5.052E-07	44
seq118	seq83	31.300	51	248	90	0.206	0.567	2.832E-06	41
seq118	seq177	26.600	75	248	128	0.302	0.586	3.719E-05	38
seq118	seq190	25.500	90	248	404	0.363	0.218	4.947E-05	37
seq118	seq24	24.200	106	248	153	0.367	0.693	1.164E-04	36
seq118	seq113	25.200	87	248	546	0.343	0.159	8.529E-04	33
seq185	seq185	100.000	247	247	247	1.000	1.000	1.717E-164	502
seq185	seq162	41.500	166	247	325	0.672	0.511	5.013E-40	142
seq185	seq163	41.500	166	247	325	0.672	0.511	5.013E-40	142
seq185	seq164	41.500	166	247	325	0.672	0.511	5.013E-40	142
seq185	seq165	41.500	166	247	325	0.672	0.511	5.013E-40	142
seq185	seq166	41.500	166	247	325	0.672	0.511	5.013E-40	142
seq185	seq37	42.100	166	247	255	0.672	0.651	1.277E-39	141
seq185	seq187	39.100	166	247	456	0.672	0.364	5.708E-36	130
seq185	seq47	37.400	171	247	383	0.672	0.446	2.376E-34	126
seq185	seq188	34.000	188	247	356	0.688	0.528	4.638E-32	119
seq185	seq118	32.300	166	247	248	0.672	0.669	3.718E-24	96
seq185	seq109	29.600	169	247	604	0.676	0.280	1.356E-18	79
seq185	seq61	24.200	189	247	455	0.729	0.415	1.835E-18	79
seq185	seq145	29.500	182	247	588	0.737	0.310	3.361E-18	78
seq185	seq11	27.700	179	247	481	0.676	0.372	3.096E-16	72
seq185	seq68	30.300	158	247	275	0.587	0.575	7.623E-16	71
seq185	seq112	27.100	176	247	514	0.676	0.342	7.623E-16	71
seq185	seq127	27.800	180	247	414	0.676	0.435	4.603E-15	68
seq185	seq130	27.000	180	247	414	0.676	0.435	6.208E-15	68
seq185	seq131	27.700	179	247	414	0.672	0.432	6.208E-15	68
seq185	seq36	30.600	184	247	270	0.676	0.681	2.051E-14	66
seq185	seq67	29.300	143	247	262	0.555	0.546	2.764E-14	66
seq185	seq144	27.500	142	247	356	0.522	0.399	9.104E-14	64
seq185	seq183	26.200	171	247	424	0.672	0.403	4.024E-13	63
seq185	seq194	31.500	129	247	240	0.502	0.538	7.284E-13	62
seq185	seq108	27.800	162	247	238	0.623	0.681	9.796E-13	61
seq185	seq19	29.700	139	247	191	0.543	0.728	1.771E-12	61
seq185	seq20	29.700	139	247	191	0.543	0.728	1.771E-12	61
seq185	seq199	29.700	139	247	365	0.543	0.381	1.771E-12	61
seq185	seq186	26.400	125	247	235	0.478	0.532	2.381E-12	60
seq185	seq114	26.100	151	247	382	0.611	0.395	3.200E-12	60
seq185	seq41	26.100	167	247	221	0.676	0.706	4.542E-11	56
seq185	seq69	29.000	117	247	260	0.470	0.450	6.093E-11	56
seq185	seq171	37.600	85	247	92	0.344	0.902	1.970E-10	54
seq185	seq172	37.600	85	247	92	0.344	0.902	1.970E-10	54
seq185	seq173	37.600	85	247	92	0.344	0.902	1.970E-10	54
seq185	seq174	37.600	85	247	92	0.344	0.902	1.970E-10	54
seq185	seq160	34.500	81	247	271	0.328	0.295	1.524E-09	51
seq185	seq146	43.400	67	247	202	0.271	0.317	2.730E-09	51
seq185	seq147	43.400	67	247	202	0.271	0.317	2.730E-09	51
seq185	seq148	43.400	67	247	202	0.271	0.317	2.730E-09	51
seq185	seq149	43.400	67	247	202	0.271	0.317	2.730E-09	51
seq185	seq150	43.400	67	247	202	0.271	0.317	2.730E-09	51
seq185	seq151	43.400	67	247	248	0.271	0.258	2.730E-09	51
seq185	seq111	30.700	78	247	347	0.316	0.219	8.737E-09	49
seq185	seq153	46.100	63	247	221	0.255	0.271	1.168E-08	49
seq185	seq154	46.100	63	247	221	0.255	0.271	1.168E-08	49
seq185	seq9	32.400	76	247	169	0.308	0.438	1.184E-07	46
seq185	seq52	21.800	125	247	375	0.429	0.333	1.184E-07	46
seq185	seq120	42.800	56	247	131	0.227	0.420	2.814E-07	44
seq185	seq24	31.300	67	247	153	0.271	0.438	6.676E-07	43
seq185	seq29	29.200	82	247	267	0.332	0.303	6.676E-07	43
seq185	seq119	41.000	56	247	131	0.227	0.420	8.901E-07	43
seq185	seq158	30.000	84	247	136	0.340	0.603	1.582E-06	42
seq185	seq122	36.200	58	247	145	0.235	0.400	2.808E-06	41
seq185	seq13	33.800	62	247	171	0.251	0.363	3.741E-06	41
seq185	seq26	29.800	67	247	148	0.271	0.453	6.636E-06	40
seq185	seq96	33.300	60	247	193	0.239	0.311	6.636E-06	40
seq185	seq7	25.800	85	247	258	0.344	0.326	6.636E-06	40
seq185	seq30	31.300	51	247	167	0.206	0.305	1.177E-05	39
seq185	seq170	35.700	70	247	124	0.283	0.524	2.085E-05	38
seq185	seq139	36.000	61	247	128	0.247	0.438	3.691E-05	38
seq185	seq32	30.500	59	247	323	0.239	0.164	3.691E-05	38
seq185	seq83	26.800	67	247	90	0.271	0.733	6.533E-05	37
seq29	seq29	100.000	267	267	267	1.000	1.000	3.574E-175	534
seq29	seq35	28.500	156	267	340	0.584	0.418	1.352E-11	58
seq29	seq34	28.500	156	267	340	0.584	0.418	3.244E-11	57
seq29	seq187	24.100	166	267	456	0.622	0.342	5.809E-11	56
seq29	seq8	27.700	162	267	339	0.607	0.440	7.771E-11	56
seq29	seq126	26.900	161	267	307	0.603	0.482	2.485E-10	54
seq29	seq62	25.000	188	267	281	0.644	0.669	2.519E-09	51
seq29	seq14	23.300	149	267	246	0.558	0.541	7.871E-07	43
seq29	seq177	27.500	115	267	128	0.431	0.789	3.279E-06	41
seq29	seq185	30.000	80	267	247	0.296	0.324	5.798E-06	40
seq29	seq152	27.800	117	267	132	0.431	0.886	1.025E-05	40
seq29	seq189	34.900	63	267	352	0.236	0.168	3.196E-05	38
seq29	seq84	29.800	75	267	282	0.281	0.252	1.321E-04	36
seq29	seq50	21.200	175	267	556	0.652	0.315	1.321E-04	36
seq29	seq30	29.500	70	267	167	0.262	0.401	2.329E-04	35
seq29	seq103	22.300	196	267	216	0.607	0.907	5.449E-04	34
seq29	seq58	32.200	59	267	161	0.221	0.317	7.232E-04	34
seq126	seq126	100.000	307	307	307	1.000	1.000	2.224E-203	617
seq126	seq127	28.000	267	307	414	0.863	0.645	2.928E-32	122
seq126	seq114	29.100	268	307	382	0.863	0.702	6.218E-31	118
seq126	seq130	26.100	267	307	414	0.863	0.645	3.270E-29	113
seq126	seq131	26.200	267	307	414	0.863	0.645	5.045E-28	109
seq126	seq80	25.900	273	307	408	0.876	0.669	1.254E-27	108
seq126	seq97	24.600	262	307	375	0.811	0.699	7.734E-27	106
seq126	seq98	24.000	273	307	350	0.811	0.780	7.201E-25	100
seq126	seq183	26.900	249	307	424	0.805	0.587	1.082E-23	96
seq126	seq74	25.900	257	307	409	0.785	0.628	4.860E-23	94
seq126	seq90	23.200	285	307	338	0.831	0.843	6.781E-19	81
seq126	seq67	35.800	129	307	262	0.420	0.458	3.151E-17	76
seq126	seq188	24.900	307	307	356	0.772	0.862	5.675E-17	76
seq126	seq187	29.000	198	307	456	0.612	0.434	3.304E-16	73
seq126	seq39	29.900	160	307	378	0.521	0.415	7.955E-16	72
seq126	seq162	22.400	284	307	325	0.772	0.874	3.431E-15	70
seq126	seq163	22.400	284	307	325	0.772	0.874	3.431E-15	70
seq126	seq164	22.400	284	307	325	0.772	0.874	3.431E-15	70
seq126	seq165	22.400	284	307	325	0.772	0.874	3.431E-15	70
seq126	seq166	22.400	284	307	325	0.772	0.874	3.431E-15	70
seq126	seq196	28.000	156	307	177	0.508	0.797	6.406E-13	63
seq126	seq197	28.000	156	307	177	0.508	0.797	6.406E-13	63
seq126	seq37	26.700	160	307	255	0.521	0.604	3.621E-12	61
seq126	seq53	28.100	160	307	600	0.521	0.262	4.831E-12	60
seq126	seq129	26.800	162	307	378	0.492	0.429	3.579E-10	54
seq126	seq48	23.000	298	307	386	0.824	0.772	1.493E-09	52
seq126	seq61	25.900	162	307	455	0.505	0.356	2.642E-09	51
seq126	seq145	24.500	258	307	588	0.818	0.439	8.256E-09	50
seq126	seq160	20.800	215	307	271	0.508	0.793	1.097E-08	49
seq126	seq171	31.000	74	307	92	0.235	0.804	1.938E-08	49
seq126	seq172	31.000	74	307	92	0.235	0.804	1.938E-08	49
seq126	seq173	31.000	74	307	92	0.235	0.804	1.938E-08	49
seq126	seq174	31.000	74	307	92	0.235	0.804	1.938E-08	49
seq126	seq9	30.500	85	307	169	0.277	0.491	1.938E-08	49
seq126	seq105	26.100	164	307	230	0.534	0.696	6.038E-08	47
seq126	seq106	26.100	164	307	362	0.534	0.442	6.038E-08	47
seq126	seq35	21.900	247	307	340	0.805	0.703	8.020E-08	47
seq126	seq118	22.500	165	307	248	0.537	0.641	1.065E-07	46
seq126	seq189	25.400	163	307	352	0.518	0.463	1.065E-07	46
seq126	seq6	27.600	103	307	169	0.336	0.609	2.494E-07	45
seq126	seq63	23.000	145	307	205	0.472	0.659	4.395E-07	44
seq126	seq158	32.900	83	307	136	0.270	0.588	3.184E-06	42
seq126	seq79	23.500	222	307	247	0.723	0.789	1.733E-05	39
seq126	seq170	25.300	75	307	124	0.244	0.581	2.298E-05	39
seq126	seq26	25.300	79	307	148	0.251	0.534	4.039E-05	38
seq126	seq122	31.300	66	307	145	0.199	0.455	1.247E-04	36
seq126	seq24	39.400	38	307	153	0.124	0.248	1.653E-04	36
seq126	seq120	28.000	134	307	131	0.436	0.908	2.190E-04	36
seq126	seq10	23.800	122	307	170	0.378	0.718	2.902E-04	35
seq126	seq200	27.700	71	307	248	0.228	0.286	2.902E-04	35
seq126	seq119	29.100	71	307	131	0.228	0.542	3.846E-04	35
seq126	seq132	30.400	69	307	118	0.225	0.551	6.751E-04	34
seq126	seq110	23.800	152	307	230	0.495	0.626	8.943E-04	34
seq181	seq181	100.000	267	267	267	1.000	1.000	5.177E-169	516
seq181	seq182	35.500	240	267	228	0.899	0.921	1.919E-37	136
seq181	seq103	32.000	241	267	216	0.903	0.977	3.248E-34	126
seq181	seq84	31.400	274	267	282	0.903	0.972	7.311E-31	116
seq181	seq32	33.300	120	267	323	0.449	0.356	1.835E-19	82
seq71	seq71	100.000	481	481	481	1.000	1.000	2.101E-320	965
seq71	seq11	67.200	464	481	481	0.965	0.965	3.354E-201	621
seq71	seq78	67.400	462	481	485	0.946	0.953	4.268E-188	583
seq71	seq112	49.700	493	481	514	0.921	0.959	4.027E-123	395
seq71	seq70	53.800	388	481	416	0.761	0.933	4.458E-113	366
seq71	seq109	46.100	458	481	604	0.915	0.758	8.247E-105	342
seq71	seq145	36.000	544	481	588	0.936	0.925	7.424E-82	274
seq71	seq61	28.500	441	481	455	0.917	0.811	2.022E-45	166
seq71	seq1	76.300	93	481	98	0.193	0.939	7.200E-41	153
seq71	seq47	24.900	429	481	383	0.892	0.862	5.499E-24	100
seq71	seq160	48.400	99	481	271	0.206	0.347	2.023E-19	85
seq71	seq162	22.600	425	481	325	0.884	0.920	1.936E-18	82
seq71	seq163	22.600	425	481	325	0.884	0.920	1.936E-18	82
seq71	seq164	22.600	425	481	325	0.884	0.920	1.936E-18	82
seq71	seq165	22.600	425	481	325	0.884	0.920	1.936E-18	82
seq71	seq166	22.600	425	481	325	0.884	0.920	1.936E-18	82
seq71	seq21	31.100	135	481	339	0.281	0.386	5.980E-18	81
seq71	seq188	23.300	431	481	356	0.896	0.921	1.845E-17	79
seq71	seq28	30.400	148	481	339	0.308	0.425	3.240E-17	78
seq71	seq27	29.700	135	481	339	0.281	0.386	4.071E-16	75
seq71	seq183	27.300	203	481	424	0.395	0.479	3.847E-15	72
seq71	seq118	34.300	125	481	248	0.260	0.468	1.563E-14	70
seq71	seq185	27.300	186	481	247	0.387	0.741	3.624E-14	68
seq71	seq36	28.900	196	481	270	0.376	0.726	3.624E-14	68
seq71	seq37	28.700	192	481	255	0.399	0.745	4.796E-14	68
seq71	seq16	29.400	150	481	212	0.310	0.708	6.346E-14	68
seq71	seq191	30.900	149	481	235	0.308	0.634	1.111E-13	67
seq71	seq14	26.300	166	481	246	0.345	0.659	1.470E-13	66
seq71	seq90	29.400	150	481	338	0.310	0.444	3.405E-13	65
seq71	seq127	27.700	196	481	414	0.376	0.473	7.882E-13	64
seq71	seq7	29.600	154	481	258	0.320	0.566	1.379E-12	63
seq71	seq75	24.500	172	481	617	0.312	0.279	1.824E-12	63
seq71	seq144	26.700	151	481	356	0.310	0.424	3.191E-12	62
seq71	seq63	30.000	133	481	205	0.277	0.624	5.580E-12	61
seq71	seq137	23.700	194	481	476	0.393	0.408	1.706E-11	60
seq71	seq130	27.000	204	481	414	0.401	0.493	2.256E-11	59
seq71	seq35	29.100	148	481	340	0.308	0.421	2.983E-11	59
seq71	seq98	25.400	172	481	350	0.326	0.491	2.983E-11	59
seq71	seq34	29.100	148	481	340	0.308	0.421	6.895E-11	58
seq71	seq131	28.700	195	481	414	0.374	0.471	6.895E-11	58
seq71	seq97	25.800	165	481	375	0.312	0.440	9.115E-11	57
seq71	seq129	23.800	151	481	378	0.281	0.399	2.106E-10	56
seq71	seq67	38.000	84	481	262	0.175	0.321	3.680E-10	55
seq71	seq50	26.500	159	481	556	0.310	0.286	3.680E-10	55
seq71	seq69	28.500	141	481	260	0.293	0.523	4.864E-10	55
seq71	seq99	25.800	144	481	218	0.295	0.661	6.429E-10	55
seq71	seq68	24.700	163	481	275	0.322	0.593	6.429E-10	55
seq71	seq100	25.800	144	481	421	0.295	0.342	6.429E-10	55
seq71	seq134	26.500	150	481	207	0.312	0.647	8.498E-10	54
seq71	seq135	26.500	150	481	207	0.312	0.647	8.498E-10	54
seq71	seq136	26.500	150	481	352	0.312	0.381	8.498E-10	54
seq71	seq52	24.500	221	481	375	0.378	0.589	8.498E-10	54
seq71	seq23	26.600	179	481	372	0.316	0.481	1.962E-09	53
seq71	seq177	38.800	85	481	128	0.177	0.641	1.381E-08	50
seq71	seq74	36.500	63	481	409	0.131	0.154	5.560E-08	48
seq71	seq120	39.600	63	481	131	0.131	0.481	7.346E-08	48
seq71	seq33	31.800	66	481	323	0.137	0.204	9.705E-08	48
seq71	seq119	39.600	63	481	131	0.131	0.481	1.282E-07	47
seq71	seq83	44.400	54	481	90	0.112	0.600	2.238E-07	46
seq71	seq122	38.000	63	481	145	0.131	0.434	3.905E-07	46
seq71	seq24	34.700	72	481	153	0.150	0.471	3.905E-07	46
seq71	seq132	39.600	63	481	118	0.131	0.466	2.739E-06	43
seq71	seq86	33.800	65	481	143	0.135	0.455	2.739E-06	43
seq71	seq9	27.700	89	481	169	0.185	0.521	2.739E-06	43
seq71	seq30	30.500	85	481	167	0.177	0.509	8.335E-06	41
seq71	seq12	30.300	56	481	100	0.116	0.560	1.101E-05	41
seq71	seq6	28.900	76	481	169	0.158	0.444	2.535E-05	40
seq71	seq153	25.800	85	481	221	0.177	0.371	4.421E-05	39
seq71	seq154	25.800	85	481	221	0.177	0.371	4.421E-05	39
seq71	seq189	38.900	59	481	352	0.123	0.156	9.402E-04	34
seq80	seq80	100.000	408	408	408	1.000	1.000	2.660E-270	816
seq80	seq127	71.100	406	408	414	0.995	0.978	5.747E-185	570
seq80	seq130	69.600	406	408	414	0.995	0.978	3.849E-181	559
seq80	seq131	65.100	405	408	414	0.993	0.961	1.050E-165	514
seq80	seq114	57.500	362	408	382	0.887	0.942	9.874E-126	399
seq80	seq183	41.900	383	408	424	0.939	0.896	5.059E-89	292
seq80	seq74	41.700	370	408	409	0.907	0.897	6.378E-78	260
seq80	seq184	40.200	162	408	223	0.395	0.726	2.481E-31	122
seq80	seq191	35.100	187	408	235	0.449	0.796	1.582E-29	116
seq80	seq16	39.600	162	408	212	0.395	0.764	5.165E-29	115
seq80	seq162	28.200	298	408	325	0.625	0.917	5.165E-29	115
seq80	seq163	28.200	298	408	325	0.625	0.917	5.165E-29	115
seq80	seq164	28.200	298	408	325	0.625	0.917	5.165E-29	115
seq80	seq165	28.200	298	408	325	0.625	0.917	5.165E-29	115
seq80	seq166	28.200	298	408	325	0.625	0.917	5.165E-29	115
seq80	seq144	28.900	255	408	356	0.605	0.716	9.884E-28	111
seq80	seq47	26.700	365	408	383	0.895	0.867	1.127E-24	101
seq80	seq97	27.400	253	408	375	0.596	0.675	2.705E-24	100
seq80	seq126	26.100	244	408	307	0.598	0.785	8.675E-24	98
seq80	seq98	27.500	266	408	350	0.640	0.760	8.874E-23	95
seq80	seq188	24.300	314	408	356	0.605	0.882	3.781E-22	93
seq80	seq90	25.700	275	408	338	0.603	0.814	2.144E-21	91
seq80	seq141	34.400	178	408	210	0.436	0.838	5.097E-21	90
seq80	seq187	29.400	155	408	456	0.380	0.338	1.615E-20	88
seq80	seq37	30.100	155	408	255	0.380	0.604	3.830E-20	87
seq80	seq14	27.400	174	408	246	0.426	0.606	1.597E-18	82
seq80	seq68	30.300	162	408	275	0.387	0.589	3.767E-18	81
seq80	seq50	27.900	176	408	556	0.407	0.317	3.767E-18	81
seq80	seq137	28.700	169	408	476	0.414	0.338	4.915E-17	77
seq80	seq27	24.100	263	408	339	0.645	0.749	8.689E-17	76
seq80	seq77	25.300	251	408	310	0.605	0.810	1.155E-16	76
seq80	seq28	24.200	263	408	339	0.645	0.749	1.535E-16	76
seq80	seq61	23.300	364	408	455	0.892	0.800	2.041E-16	75
seq80	seq39	27.600	155	408	378	0.380	0.402	4.789E-16	74
seq80	seq109	23.400	450	408	604	0.895	0.745	1.911E-14	69
seq80	seq99	31.500	160	408	218	0.390	0.734	3.365E-14	68
seq80	seq118	29.400	200	408	248	0.490	0.726	3.365E-14	68
seq80	seq100	31.500	160	408	421	0.390	0.380	3.365E-14	68
seq80	seq67	25.800	147	408	262	0.348	0.561	1.383E-13	66
seq80	seq134	26.400	170	408	207	0.417	0.715	2.433E-13	65
seq80	seq135	26.400	170	408	207	0.417	0.715	2.433E-13	65
seq80	seq136	26.400	170	408	352	0.417	0.420	2.433E-13	65
seq80	seq129	25.100	181	408	378	0.422	0.479	2.433E-13	65
seq80	seq156	28.200	163	408	226	0.400	0.699	7.521E-13	64
seq80	seq102	28.900	170	408	233	0.417	0.652	7.521E-13	64
seq80	seq73	29.200	140	408	236	0.343	0.589	1.322E-12	63
seq80	seq196	29.900	165	408	177	0.404	0.791	2.323E-12	62
seq80	seq197	29.900	165	408	177	0.404	0.791	2.323E-12	62
seq80	seq186	27.500	159	408	235	0.377	0.677	2.323E-12	62
seq80	seq145	27.600	140	408	588	0.343	0.236	2.323E-12	62
seq80	seq157	27.100	177	408	226	0.434	0.779	4.080E-12	61
seq80	seq36	27.700	218	408	270	0.529	0.807	4.080E-12	61
seq80	seq71	22.500	429	408	481	0.890	0.892	4.080E-12	61
seq80	seq78	21.100	434	408	485	0.890	0.895	5.407E-12	61
seq80	seq108	28.000	147	408	238	0.350	0.618	9.495E-12	60
seq80	seq1	38.400	91	408	98	0.221	0.929	1.258E-11	60
seq80	seq11	24.500	159	408	481	0.365	0.331	1.667E-11	59
seq80	seq63	24.600	145	408	205	0.355	0.693	2.209E-11	59
seq80	seq111	23.800	310	408	347	0.603	0.893	2.926E-11	59
seq80	seq7	22.800	165	408	258	0.404	0.640	3.876E-11	58
seq80	seq26	36.700	79	408	148	0.191	0.534	5.134E-11	58
seq80	seq75	24.100	182	408	617	0.392	0.295	5.134E-11	58
seq80	seq160	19.200	216	408	271	0.395	0.797	9.007E-11	57
seq80	seq105	24.400	166	408	230	0.404	0.722	1.193E-10	57
seq80	seq106	24.400	166	408	362	0.404	0.459	1.193E-10	57
seq80	seq70	37.800	82	408	416	0.199	0.197	1.193E-10	57
seq80	seq112	37.300	83	408	514	0.201	0.161	1.193E-10	57
seq80	seq69	28.100	162	408	260	0.397	0.573	1.580E-10	56
seq80	seq33	26.600	232	408	323	0.446	0.718	1.580E-10	56
seq80	seq24	36.200	80	408	153	0.189	0.523	1.492E-09	53
seq80	seq13	37.300	75	408	171	0.181	0.439	1.492E-09	53
seq80	seq177	36.100	72	408	128	0.176	0.562	1.975E-09	53
seq80	seq171	34.100	79	408	92	0.194	0.859	2.615E-09	52
seq80	seq172	34.100	79	408	92	0.194	0.859	2.615E-09	52
seq80	seq173	34.100	79	408	92	0.194	0.859	2.615E-09	52
seq80	seq174	34.100	79	408	92	0.194	0.859	2.615E-09	52
seq80	seq96	27.200	179	408	193	0.431	0.927	1.405E-08	50
seq80	seq9	36.600	71	408	169	0.174	0.414	2.309E-07	46
seq80	seq86	42.300	59	408	143	0.142	0.413	3.055E-07	46
seq80	seq6	36.600	71	408	169	0.174	0.414	3.055E-07	46
seq80	seq83	42.800	49	408	90	0.118	0.544	6.610E-06	41
seq80	seq30	35.100	54	408	167	0.130	0.323	1.156E-05	40
seq80	seq12	26.300	76	408	100	0.186	0.750	8.155E-05	38
seq80	seq32	30.100	81	408	323	0.194	0.251	5.747E-04	35
seq112	seq112	100.000	514	514	514	1.000	1.000	7.068E-320	966
seq112	seq78	50.200	492	514	485	0.957	0.922	7.468E-123	396
seq112	seq11	48.200	507	514	481	0.986	0.944	9.406E-117	378
seq112	seq71	48.300	493	514	481	0.959	0.921	5.170E-112	364
seq112	seq109	39.900	502	514	604	0.977	0.778	2.330E-84	283
seq112	seq70	46.600	416	514	416	0.809	0.933	3.175E-84	283
seq112	seq145	38.100	536	514	588	0.953	0.912	7.356E-79	267
seq112	seq61	25.500	505	514	455	0.982	0.870	1.989E-37	143
seq112	seq1	64.800	94	514	98	0.183	0.949	6.714E-36	138
seq112	seq187	25.400	484	514	456	0.942	0.901	1.369E-19	86
seq112	seq160	47.500	82	514	271	0.160	0.299	1.624E-17	79
seq112	seq47	26.400	206	514	383	0.401	0.517	8.207E-16	74
seq112	seq162	28.100	180	514	325	0.350	0.526	3.325E-15	72
seq112	seq163	28.100	180	514	325	0.350	0.526	3.325E-15	72
seq112	seq164	28.100	180	514	325	0.350	0.526	3.325E-15	72
seq112	seq165	28.100	180	514	325	0.350	0.526	3.325E-15	72
seq112	seq166	28.100	180	514	325	0.350	0.526	3.325E-15	72
seq112	seq185	26.500	188	514	247	0.366	0.753	1.018E-14	70
seq112	seq118	38.200	81	514	248	0.158	0.327	1.780E-14	70
seq112	seq21	26.700	143	514	339	0.278	0.389	5.443E-14	68
seq112	seq186	28.400	130	514	235	0.253	0.545	3.844E-13	65
seq112	seq28	26.000	143	514	339	0.278	0.389	6.718E-13	64
seq112	seq27	26.000	143	514	339	0.278	0.389	8.881E-13	64
seq112	seq199	28.600	160	514	365	0.302	0.438	8.881E-13	64
seq112	seq19	28.200	152	514	191	0.294	0.796	2.051E-12	63
seq112	seq20	28.200	152	514	191	0.294	0.796	2.051E-12	63
seq112	seq75	27.400	172	514	617	0.305	0.279	2.051E-12	63
seq112	seq188	35.200	88	514	356	0.171	0.247	8.271E-12	61
seq112	seq37	27.500	181	514	255	0.352	0.682	1.093E-11	61
seq112	seq157	25.100	148	514	226	0.288	0.646	3.334E-11	59
seq112	seq156	24.800	154	514	226	0.300	0.673	5.821E-11	58
seq112	seq127	37.900	87	514	414	0.169	0.205	5.821E-11	58
seq112	seq144	27.200	146	514	356	0.274	0.410	1.016E-10	57
seq112	seq196	28.700	160	514	177	0.311	0.757	1.343E-10	57
seq112	seq197	28.700	160	514	177	0.311	0.757	1.343E-10	57
seq112	seq68	23.400	160	514	275	0.307	0.582	1.774E-10	57
seq112	seq194	29.400	142	514	240	0.276	0.579	2.344E-10	56
seq112	seq97	28.000	156	514	375	0.304	0.400	2.344E-10	56
seq112	seq80	35.600	87	514	408	0.169	0.211	2.344E-10	56
seq112	seq102	24.600	142	514	233	0.276	0.597	4.091E-10	55
seq112	seq152	33.300	69	514	132	0.134	0.523	5.404E-10	55
seq112	seq63	25.500	143	514	205	0.278	0.649	5.404E-10	55
seq112	seq114	23.800	156	514	382	0.304	0.403	9.432E-10	54
seq112	seq131	36.400	85	514	414	0.165	0.200	1.246E-09	54
seq112	seq129	28.400	152	514	378	0.278	0.402	1.646E-09	53
seq112	seq130	35.600	87	514	414	0.169	0.205	1.646E-09	53
seq112	seq67	35.700	84	514	262	0.163	0.321	2.174E-09	53
seq112	seq23	26.300	181	514	372	0.313	0.487	2.174E-09	53
seq112	seq183	34.900	83	514	424	0.161	0.193	2.872E-09	53
seq112	seq141	22.600	167	514	210	0.311	0.795	5.010E-09	52
seq112	seq111	27.500	200	514	347	0.348	0.576	6.618E-09	51
seq112	seq98	26.500	161	514	350	0.304	0.460	6.618E-09	51
seq112	seq52	35.400	79	514	375	0.152	0.211	1.155E-08	51
seq112	seq120	38.700	62	514	131	0.121	0.473	1.525E-08	50
seq112	seq69	25.600	125	514	260	0.243	0.450	2.014E-08	50
seq112	seq119	38.700	62	514	131	0.121	0.473	2.660E-08	49
seq112	seq99	25.600	143	514	218	0.278	0.633	3.513E-08	49
seq112	seq36	23.900	186	514	270	0.346	0.689	3.513E-08	49
seq112	seq100	25.600	143	514	421	0.278	0.328	3.513E-08	49
seq112	seq86	37.300	67	514	143	0.130	0.469	4.639E-08	49
seq112	seq122	37.000	62	514	145	0.121	0.428	8.090E-08	48
seq112	seq33	31.800	66	514	323	0.128	0.204	8.090E-08	48
seq112	seq90	34.700	72	514	338	0.140	0.213	2.460E-07	46
seq112	seq74	33.300	63	514	409	0.123	0.154	4.289E-07	46
seq112	seq83	41.100	51	514	90	0.099	0.567	5.664E-07	45
seq112	seq12	31.800	66	514	100	0.126	0.660	7.478E-07	45
seq112	seq50	24.000	145	514	556	0.276	0.261	7.478E-07	45
seq112	seq9	28.700	73	514	169	0.142	0.420	1.203E-05	41
seq112	seq140	28.500	90	514	415	0.175	0.214	2.097E-05	40
seq112	seq6	33.800	62	514	169	0.121	0.355	3.654E-05	39
seq112	seq41	26.000	142	514	221	0.276	0.548	3.654E-05	39
seq112	seq189	31.700	63	514	352	0.123	0.168	2.551E-04	36
seq65	seq65	100.000	273	273	273	1.000	1.000	1.033E-192	585
seq65	seq40	91.800	269	273	278	0.982	0.968	8.900E-175	533
seq65	seq54	88.300	232	273	273	0.850	0.850	6.776E-146	450
seq65	seq129	25.900	186	273	378	0.681	0.466	1.998E-09	51
seq65	seq160	24.600	202	273	271	0.619	0.745	1.124E-08	49
seq65	seq7	26.700	186	273	258	0.681	0.624	2.659E-08	48
seq65	seq28	30.600	92	273	339	0.337	0.263	2.627E-07	45
seq65	seq184	34.600	78	273	223	0.286	0.327	4.652E-07	44
seq65	seq74	22.800	166	273	409	0.608	0.350	6.188E-07	44
seq65	seq16	33.300	87	273	212	0.319	0.373	1.095E-06	43
seq65	seq63	30.100	62	273	205	0.227	0.293	1.936E-06	42
seq65	seq27	29.700	77	273	339	0.275	0.227	1.936E-06	42
seq65	seq30	32.400	72	273	167	0.264	0.431	8.030E-06	40
seq65	seq90	32.300	61	273	338	0.223	0.175	1.067E-05	40
seq65	seq37	22.600	168	273	255	0.615	0.569	1.418E-05	39
seq65	seq191	30.300	78	273	235	0.286	0.311	1.883E-05	39
seq65	seq34	21.700	170	273	340	0.623	0.412	5.858E-05	37
seq65	seq35	21.700	170	273	340	0.623	0.412	5.858E-05	37
seq65	seq115	29.700	167	273	245	0.612	0.649	7.779E-05	37
seq65	seq48	27.100	99	273	386	0.348	0.256	1.033E-04	36
seq65	seq41	28.800	90	273	221	0.330	0.326	4.254E-04	34
seq65	seq98	30.800	86	273	350	0.315	0.237	5.644E-04	34
seq65	seq19	31.100	61	273	191	0.223	0.309	7.489E-04	34
seq65	seq20	31.100	61	273	191	0.223	0.309	7.489E-04	34
seq65	seq199	31.100	61	273	365	0.223	0.162	7.489E-04	34
seq65	seq23	28.500	134	273	372	0.469	0.360	9.935E-04	33
seq65	seq97	36.300	60	273	375	0.212	0.160	9.935E-04	33
seq146	seq146	100.000	202	202	202	1.000	1.000	2.671E-138	424
seq146	seq147	100.000	202	202	202	1.000	1.000	2.671E-138	424
seq146	seq148	100.000	202	202	202	1.000	1.000	2.671E-138	424
seq146	seq149	100.000	202	202	202	1.000	1.000	2.671E-138	424
seq146	seq150	100.000	202	202	202	1.000	1.000	2.671E-138	424
seq146	seq151	100.000	202	202	248	1.000	0.815	2.671E-138	424
seq146	seq153	69.900	202	202	221	1.000	0.860	2.968E-86	274
seq146	seq154	69.900	202	202	221	1.000	0.860	2.968E-86	274
seq146	seq115	70.500	185	202	245	0.901	0.755	3.357E-84	268
seq146	seq193	46.700	176	202	241	0.807	0.730	2.431E-34	124
seq146	seq139	51.900	100	202	128	0.485	0.781	8.121E-21	84
seq146	seq138	49.300	73	202	128	0.361	0.555	3.295E-15	68
seq146	seq170	48.600	74	202	124	0.366	0.581	1.117E-14	66
seq146	seq178	41.900	79	202	127	0.381	0.622	2.422E-10	53
seq146	seq180	41.400	79	202	120	0.376	0.658	1.081E-09	51
seq146	seq161	32.900	87	202	246	0.426	0.354	1.458E-09	51
seq146	seq90	28.100	185	202	338	0.802	0.547	1.458E-09	51
seq146	seq185	42.300	76	202	247	0.351	0.308	2.648E-09	50
seq146	seq171	36.500	81	202	92	0.386	0.880	3.567E-09	49
seq146	seq172	36.500	81	202	92	0.386	0.880	3.567E-09	49
seq146	seq173	36.500	81	202	92	0.386	0.880	3.567E-09	49
seq146	seq174	36.500	81	202	92	0.386	0.880	3.567E-09	49
seq146	seq140	35.400	78	202	415	0.386	0.186	6.470E-09	49
seq146	seq50	23.000	161	202	556	0.797	0.288	2.123E-08	47
seq146	seq41	35.600	73	202	221	0.361	0.317	6.942E-08	46
seq146	seq97	22.600	182	202	375	0.901	0.459	9.330E-08	45
seq146	seq9	33.800	71	202	169	0.347	0.420	2.262E-07	44
seq146	seq63	23.900	176	202	205	0.871	0.771	4.077E-07	43
seq146	seq98	21.400	183	202	350	0.901	0.523	2.374E-06	41
seq146	seq74	24.800	159	202	409	0.787	0.359	2.374E-06	41
seq146	seq82	36.500	62	202	131	0.307	0.443	3.181E-06	40
seq146	seq81	34.900	62	202	131	0.307	0.443	5.709E-06	40
seq146	seq126	38.500	57	202	307	0.282	0.182	1.024E-05	39
seq146	seq158	29.300	74	202	136	0.366	0.515	1.370E-05	38
seq146	seq18	31.000	74	202	153	0.351	0.484	1.370E-05	38
seq146	seq30	31.100	58	202	167	0.287	0.347	2.453E-05	38
seq146	seq35	28.300	78	202	340	0.376	0.229	3.282E-05	37
seq146	seq191	30.800	65	202	235	0.302	0.277	5.868E-05	36
seq146	seq37	33.800	67	202	255	0.307	0.263	5.868E-05	36
seq146	seq162	30.400	66	202	325	0.312	0.203	5.868E-05	36
seq146	seq163	30.400	66	202	325	0.312	0.203	5.868E-05	36
seq146	seq164	30.400	66	202	325	0.312	0.203	5.868E-05	36
seq146	seq165	30.400	66	202	325	0.312	0.203	5.868E-05	36
seq146	seq166	30.400	66	202	325	0.312	0.203	5.868E-05	36
seq146	seq11	24.300	82	202	481	0.406	0.129	1.401E-04	35
seq146	seq34	28.300	71	202	340	0.342	0.209	5.945E-04	33
seq146	seq99	23.100	66	202	218	0.312	0.303	7.933E-04	33
seq146	seq100	23.100	66	202	421	0.312	0.157	7.933E-04	33
seq39	seq39	100.000	378	378	378	1.000	1.000	2.306E-257	777
seq39	seq53	98.400	378	378	600	1.000	0.630	1.767E-251	760
seq39	seq14	58.300	207	378	246	0.548	0.833	3.520E-69	233
seq39	seq137	56.900	185	378	476	0.489	0.376	2.545E-57	198
seq39	seq162	35.300	180	378	325	0.476	0.545	1.731E-29	115
seq39	seq163	35.300	180	378	325	0.476	0.545	1.731E-29	115
seq39	seq164	35.300	180	378	325	0.476	0.545	1.731E-29	115
seq39	seq165	35.300	180	378	325	0.476	0.545	1.731E-29	115
seq39	seq166	35.300	180	378	325	0.476	0.545	1.731E-29	115
seq39	seq47	33.600	196	378	383	0.519	0.512	1.396E-28	113
seq39	seq188	32.100	196	378	356	0.492	0.551	1.014E-24	101
seq39	seq187	34.300	171	378	456	0.452	0.368	1.361E-24	100
seq39	seq80	25.700	197	378	408	0.516	0.483	9.208E-18	79
seq39	seq130	27.900	159	378	414	0.415	0.384	9.208E-18	79
seq39	seq131	26.700	159	378	414	0.415	0.384	3.878E-17	77
seq39	seq118	28.700	169	378	248	0.447	0.669	2.138E-15	72
seq39	seq68	26.600	163	378	275	0.413	0.593	3.784E-15	71
seq39	seq74	28.400	183	378	409	0.444	0.447	3.784E-15	71
seq39	seq126	29.900	160	378	307	0.415	0.521	8.902E-15	70
seq39	seq129	24.600	251	378	378	0.635	0.664	8.902E-15	70
seq39	seq67	31.000	179	378	262	0.460	0.683	2.093E-14	68
seq39	seq109	25.800	201	378	604	0.532	0.329	1.153E-13	66
seq39	seq97	25.700	163	378	375	0.431	0.429	2.035E-13	65
seq39	seq98	23.800	172	378	350	0.431	0.491	6.331E-13	64
seq39	seq78	23.100	361	378	485	0.955	0.707	1.482E-12	63
seq39	seq70	36.900	73	378	416	0.193	0.175	2.507E-11	59
seq39	seq1	39.700	73	378	98	0.193	0.745	5.849E-11	57
seq39	seq144	24.600	154	378	356	0.407	0.433	5.849E-11	57
seq39	seq194	28.700	144	378	240	0.381	0.592	1.808E-10	56
seq39	seq71	22.400	167	378	481	0.442	0.345	1.808E-10	56
seq39	seq33	22.600	236	378	323	0.460	0.731	5.582E-10	54
seq39	seq140	35.200	71	378	415	0.188	0.169	9.308E-09	50
seq39	seq9	21.900	105	378	169	0.278	0.592	1.633E-08	49
seq39	seq160	22.000	217	378	271	0.426	0.801	2.864E-08	49
seq39	seq200	34.100	79	378	248	0.198	0.319	5.023E-08	48
seq39	seq6	24.000	100	378	169	0.265	0.574	6.651E-08	48
seq39	seq86	34.100	79	378	143	0.198	0.552	1.166E-07	47
seq39	seq41	23.800	172	378	221	0.455	0.742	1.166E-07	47
seq39	seq111	25.000	194	378	347	0.442	0.559	1.544E-07	46
seq39	seq177	25.000	72	378	128	0.190	0.562	3.581E-07	45
seq39	seq119	32.200	86	378	131	0.228	0.656	6.274E-07	44
seq39	seq105	35.100	54	378	230	0.143	0.235	6.274E-07	44
seq39	seq106	35.100	54	378	362	0.143	0.149	6.274E-07	44
seq39	seq122	31.600	79	378	145	0.198	0.545	1.925E-06	43
seq39	seq26	31.900	72	378	148	0.190	0.486	1.925E-06	43
seq39	seq13	34.900	63	378	171	0.167	0.368	2.547E-06	42
seq39	seq120	28.800	86	378	131	0.228	0.656	3.371E-06	42
seq39	seq8	32.400	74	378	339	0.196	0.195	1.367E-05	40
seq39	seq170	26.200	98	378	124	0.259	0.782	1.808E-05	40
seq39	seq24	27.700	72	378	153	0.190	0.471	4.186E-05	38
seq39	seq62	22.200	63	378	281	0.161	0.224	1.281E-04	37
seq39	seq83	31.900	47	378	90	0.124	0.522	3.919E-04	35
seq37	seq37	100.000	255	255	255	1.000	1.000	5.533E-169	515
seq37	seq162	46.100	180	255	325	0.706	0.554	3.754E-54	184
seq37	seq163	46.100	180	255	325	0.706	0.554	3.754E-54	184
seq37	seq164	46.100	180	255	325	0.706	0.554	3.754E-54	184
seq37	seq165	46.100	180	255	325	0.706	0.554	3.754E-54	184
seq37	seq166	46.100	180	255	325	0.706	0.554	3.754E-54	184
seq37	seq187	43.700	185	255	456	0.725	0.406	1.284E-50	173
seq37	seq47	42.600	180	255	383	0.698	0.470	3.185E-47	164
seq37	seq188	39.100	205	255	356	0.741	0.576	2.075E-46	161
seq37	seq185	40.800	174	255	247	0.682	0.704	6.581E-40	142
seq37	seq67	33.500	178	255	262	0.667	0.679	6.039E-22	89
seq37	seq14	32.800	192	255	246	0.753	0.732	2.040E-21	88
seq37	seq130	28.800	153	255	414	0.580	0.370	9.327E-21	86
seq37	seq36	29.500	193	255	270	0.690	0.715	1.712E-20	85
seq37	seq127	29.300	205	255	414	0.729	0.495	1.712E-20	85
seq37	seq186	27.800	183	255	235	0.667	0.779	4.253E-20	84
seq37	seq61	29.400	178	255	455	0.643	0.391	4.253E-20	84
seq37	seq114	32.200	177	255	382	0.647	0.463	7.797E-20	83
seq37	seq131	29.500	198	255	414	0.714	0.478	7.797E-20	83
seq37	seq16	29.900	205	255	212	0.749	0.967	1.934E-19	82
seq37	seq191	32.200	155	255	235	0.600	0.660	6.483E-19	80
seq37	seq97	28.600	148	255	375	0.573	0.395	7.245E-18	77
seq37	seq184	26.600	214	255	223	0.780	0.960	9.791E-18	77
seq37	seq109	26.800	174	255	604	0.675	0.288	4.405E-17	75
seq37	seq98	26.700	159	255	350	0.573	0.454	1.975E-16	73
seq37	seq141	28.500	174	255	210	0.624	0.829	2.665E-16	72
seq37	seq11	28.600	189	255	481	0.698	0.393	4.851E-16	72
seq37	seq145	28.700	173	255	588	0.675	0.294	1.190E-15	70
seq37	seq74	29.600	170	255	409	0.651	0.416	1.604E-15	70
seq37	seq112	27.000	199	255	514	0.741	0.387	1.742E-14	67
seq37	seq71	28.000	179	255	481	0.698	0.372	3.157E-14	66
seq37	seq35	30.100	171	255	340	0.671	0.491	4.248E-14	66
seq37	seq78	26.800	201	255	485	0.773	0.414	4.248E-14	66
seq37	seq134	26.900	177	255	207	0.694	0.773	7.692E-14	65
seq37	seq135	26.900	177	255	207	0.694	0.773	7.692E-14	65
seq37	seq136	26.900	177	255	352	0.694	0.455	7.692E-14	65
seq37	seq89	29.800	170	255	476	0.631	0.357	1.035E-13	64
seq37	seq21	29.900	144	255	339	0.565	0.416	1.392E-13	64
seq37	seq34	30.000	158	255	340	0.620	0.444	1.392E-13	64
seq37	seq196	26.700	153	255	177	0.600	0.763	2.517E-13	63
seq37	seq197	26.700	153	255	177	0.600	0.763	2.517E-13	63
seq37	seq152	34.700	92	255	132	0.361	0.682	4.547E-13	63
seq37	seq28	29.200	144	255	339	0.565	0.416	4.547E-13	63
seq37	seq27	27.800	144	255	339	0.565	0.416	1.990E-12	61
seq37	seq8	30.000	137	255	339	0.537	0.395	4.813E-12	59
seq37	seq1	35.900	89	255	98	0.349	0.857	6.459E-12	59
seq37	seq180	33.300	102	255	120	0.400	0.825	8.667E-12	59
seq37	seq70	35.800	78	255	416	0.306	0.188	3.758E-11	57
seq37	seq156	25.500	148	255	226	0.561	0.655	1.622E-10	55
seq37	seq157	25.500	148	255	226	0.561	0.655	1.622E-10	55
seq37	seq99	24.300	143	255	218	0.549	0.656	3.892E-10	53
seq37	seq102	25.500	148	255	233	0.561	0.635	3.892E-10	53
seq37	seq100	24.300	143	255	421	0.549	0.340	3.892E-10	53
seq37	seq160	41.000	73	255	271	0.286	0.266	5.208E-10	53
seq37	seq69	26.300	142	255	260	0.557	0.531	6.968E-10	53
seq37	seq105	25.400	151	255	230	0.592	0.652	7.170E-08	46
seq37	seq161	42.400	66	255	246	0.259	0.264	7.170E-08	46
seq37	seq106	25.400	151	255	362	0.592	0.414	7.170E-08	46
seq37	seq26	27.100	81	255	148	0.318	0.534	1.701E-07	45
seq37	seq13	32.400	77	255	171	0.302	0.439	1.701E-07	45
seq37	seq91	20.600	180	255	530	0.600	0.340	2.268E-07	45
seq37	seq92	20.600	180	255	530	0.600	0.340	2.268E-07	45
seq37	seq24	32.800	67	255	153	0.263	0.438	2.251E-06	42
seq37	seq41	24.600	142	255	221	0.557	0.584	3.989E-06	41
seq37	seq10	28.800	59	255	170	0.231	0.347	5.309E-06	40
seq37	seq60	31.300	101	255	377	0.310	0.268	9.400E-06	40
seq37	seq6	28.900	83	255	169	0.325	0.479	2.943E-05	38
seq37	seq86	30.300	66	255	143	0.259	0.462	5.202E-05	37
seq37	seq17	23.600	147	255	407	0.576	0.344	5.202E-05	37
seq37	seq79	32.100	83	255	247	0.325	0.332	6.916E-05	37
seq37	seq65	23.900	168	255	273	0.569	0.615	6.916E-05	37
seq37	seq40	23.900	168	255	278	0.569	0.604	6.916E-05	37
seq37	seq22	26.300	71	255	367	0.271	0.193	9.193E-05	36
seq37	seq30	27.900	93	255	167	0.365	0.521	2.158E-04	35
seq37	seq62	20.900	168	255	281	0.561	0.598	5.058E-04	34
seq105	seq105	100.000	230	230	230	1.000	1.000	2.875E-158	483
seq105	seq106	100.000	230	230	362	1.000	0.635	2.875E-158	483
seq105	seq7	58.600	174	230	258	0.757	0.671	8.179E-71	231
seq105	seq129	42.500	202	230	378	0.800	0.534	2.962E-52	177
seq105	seq63	46.100	169	230	205	0.735	0.800	2.147E-49	169
seq105	seq99	45.800	168	230	218	0.730	0.771	2.937E-49	168
seq105	seq100	45.800	168	230	421	0.730	0.399	2.937E-49	168
seq105	seq102	42.300	189	230	233	0.809	0.811	1.029E-48	167
seq105	seq156	43.200	192	230	226	0.822	0.850	4.933E-48	165
seq105	seq157	43.200	192	230	226	0.822	0.850	1.728E-47	163
seq105	seq199	38.600	187	230	365	0.813	0.510	4.342E-44	153
seq105	seq19	39.000	185	230	191	0.804	0.963	5.938E-44	153
seq105	seq20	39.000	185	230	191	0.804	0.963	5.938E-44	153
seq105	seq73	39.200	181	230	236	0.778	0.767	9.924E-43	149
seq105	seq194	42.800	182	230	240	0.765	0.758	3.773E-40	142
seq105	seq12	60.200	98	230	100	0.426	0.970	7.632E-38	135
seq105	seq69	34.900	146	230	260	0.635	0.535	4.233E-26	101
seq105	seq141	30.100	165	230	210	0.648	0.786	4.380E-22	89
seq105	seq47	29.100	147	230	383	0.630	0.384	5.010E-19	80
seq105	seq162	28.200	144	230	325	0.626	0.434	7.775E-18	76
seq105	seq163	28.200	144	230	325	0.626	0.434	7.775E-18	76
seq105	seq164	28.200	144	230	325	0.626	0.434	7.775E-18	76
seq105	seq165	28.200	144	230	325	0.626	0.434	7.775E-18	76
seq105	seq166	28.200	144	230	325	0.626	0.434	7.775E-18	76
seq105	seq187	28.300	140	230	456	0.609	0.300	7.775E-18	76
seq105	seq127	28.300	180	230	414	0.726	0.435	1.936E-17	75
seq105	seq97	28.100	151	230	375	0.643	0.403	6.520E-17	74
seq105	seq86	38.000	84	230	143	0.365	0.587	1.196E-16	73
seq105	seq120	38.300	86	230	131	0.357	0.656	1.619E-16	72
seq105	seq145	31.300	150	230	588	0.652	0.247	1.619E-16	72
seq105	seq119	38.300	86	230	131	0.357	0.656	2.967E-16	72
seq105	seq144	23.100	192	230	356	0.804	0.539	2.967E-16	72
seq105	seq108	28.400	150	230	238	0.622	0.630	5.435E-16	71
seq105	seq200	31.000	103	230	248	0.448	0.411	5.435E-16	71
seq105	seq67	30.900	154	230	262	0.648	0.588	5.435E-16	71
seq105	seq75	29.300	158	230	617	0.600	0.256	5.435E-16	71
seq105	seq68	23.800	183	230	275	0.743	0.665	7.354E-16	70
seq105	seq90	23.600	193	230	338	0.696	0.571	1.346E-15	70
seq105	seq61	25.300	157	230	455	0.639	0.345	1.346E-15	70
seq105	seq78	30.000	155	230	485	0.670	0.320	1.821E-15	69
seq105	seq122	36.800	76	230	145	0.330	0.524	2.462E-15	69
seq105	seq71	30.500	153	230	481	0.665	0.314	2.462E-15	69
seq105	seq98	27.400	162	230	350	0.643	0.463	3.329E-15	68
seq105	seq50	22.900	185	230	556	0.757	0.333	3.329E-15	68
seq105	seq74	27.600	158	230	409	0.687	0.381	8.225E-15	67
seq105	seq11	28.500	162	230	481	0.661	0.337	1.502E-14	66
seq105	seq130	26.700	169	230	414	0.722	0.408	3.703E-14	65
seq105	seq183	25.000	161	230	424	0.700	0.375	9.115E-14	64
seq105	seq177	38.000	71	230	128	0.304	0.555	1.230E-13	64
seq105	seq109	30.000	160	230	604	0.696	0.258	1.660E-13	63
seq105	seq131	26.700	180	230	414	0.726	0.435	2.240E-13	63
seq105	seq80	28.400	146	230	408	0.622	0.358	3.023E-13	63
seq105	seq89	27.900	155	230	476	0.657	0.326	4.077E-13	62
seq105	seq112	27.000	130	230	514	0.539	0.253	4.077E-13	62
seq105	seq114	26.500	166	230	382	0.687	0.435	9.998E-13	61
seq105	seq191	28.000	146	230	235	0.635	0.617	4.785E-11	56
seq105	seq28	25.300	185	230	339	0.804	0.546	1.163E-10	55
seq105	seq14	23.200	172	230	246	0.748	0.622	2.101E-10	54
seq105	seq8	24.500	144	230	339	0.626	0.407	2.822E-10	53
seq105	seq16	26.100	147	230	212	0.639	0.689	5.091E-10	53
seq105	seq21	25.300	141	230	339	0.613	0.392	9.177E-10	52
seq105	seq13	31.800	89	230	171	0.387	0.509	1.232E-09	51
seq105	seq184	26.400	138	230	223	0.600	0.614	1.232E-09	51
seq105	seq33	23.300	252	230	323	0.813	0.780	1.232E-09	51
seq105	seq37	25.400	151	230	255	0.652	0.592	5.348E-09	49
seq105	seq9	24.500	104	230	169	0.452	0.592	1.725E-08	48
seq105	seq70	40.300	57	230	416	0.248	0.135	2.310E-08	48
seq105	seq180	30.400	81	230	120	0.352	0.667	3.094E-08	47
seq105	seq126	26.100	164	230	307	0.696	0.534	4.142E-08	47
seq105	seq171	34.700	69	230	92	0.300	0.707	5.544E-08	46
seq105	seq172	34.700	69	230	92	0.300	0.707	5.544E-08	46
seq105	seq173	34.700	69	230	92	0.300	0.707	5.544E-08	46
seq105	seq174	34.700	69	230	92	0.300	0.707	5.544E-08	46
seq105	seq35	26.500	154	230	340	0.670	0.429	5.544E-08	46
seq105	seq23	32.800	67	230	372	0.291	0.172	7.420E-08	46
seq105	seq24	37.200	59	230	153	0.257	0.386	9.928E-08	46
seq105	seq62	33.300	94	230	281	0.396	0.335	9.928E-08	46
seq105	seq39	20.900	148	230	378	0.643	0.392	9.928E-08	46
seq105	seq34	25.300	154	230	340	0.670	0.429	1.776E-07	45
seq105	seq186	24.100	151	230	235	0.622	0.643	5.672E-07	43
seq105	seq6	24.700	101	230	169	0.439	0.550	2.411E-06	41
seq105	seq140	31.100	88	230	415	0.374	0.212	4.294E-06	40
seq105	seq30	31.100	61	230	167	0.265	0.365	5.730E-06	40
seq105	seq1	30.500	84	230	98	0.361	0.857	1.360E-05	39
seq105	seq161	22.300	85	230	246	0.370	0.325	5.719E-05	37
seq105	seq190	24.600	77	230	404	0.335	0.186	4.245E-04	34
seq105	seq38	37.500	56	230	179	0.209	0.313	5.649E-04	34
seq75	seq75	100.000	617	617	617	1.000	1.000	0.000E+00	1153
seq75	seq60	31.200	314	617	377	0.418	0.833	1.792E-21	93
seq75	seq127	31.400	187	617	414	0.303	0.408	1.647E-16	77
seq75	seq141	27.500	186	617	210	0.301	0.848	2.267E-13	66
seq75	seq191	27.400	189	617	235	0.306	0.715	2.993E-13	66
seq75	seq145	28.000	172	617	588	0.279	0.253	6.886E-13	65
seq75	seq144	26.500	188	617	356	0.305	0.500	6.346E-12	62
seq75	seq16	26.700	189	617	212	0.306	0.792	8.376E-12	61
seq75	seq90	25.900	188	617	338	0.305	0.494	8.376E-12	61
seq75	seq112	26.800	172	617	514	0.279	0.305	1.459E-11	61
seq75	seq11	25.900	172	617	481	0.279	0.333	3.354E-11	59
seq75	seq129	27.800	188	617	378	0.305	0.479	7.710E-11	58
seq75	seq98	24.300	188	617	350	0.305	0.509	1.772E-10	57
seq75	seq183	23.800	188	617	424	0.305	0.420	1.772E-10	57
seq75	seq71	24.500	172	617	481	0.279	0.312	2.339E-10	57
seq75	seq97	24.300	188	617	375	0.305	0.445	3.086E-10	56
seq75	seq102	29.900	156	617	233	0.253	0.592	1.235E-09	54
seq75	seq80	25.900	181	617	408	0.293	0.404	1.235E-09	54
seq75	seq47	22.100	170	617	383	0.276	0.397	1.629E-09	54
seq75	seq188	24.600	176	617	356	0.285	0.480	2.150E-09	53
seq75	seq9	35.800	78	617	169	0.126	0.456	2.837E-09	53
seq75	seq6	34.400	90	617	169	0.146	0.509	3.743E-09	53
seq75	seq156	28.600	156	617	226	0.253	0.611	4.939E-09	52
seq75	seq109	25.800	169	617	604	0.274	0.242	4.939E-09	52
seq75	seq187	25.100	170	617	456	0.276	0.322	6.516E-09	52
seq75	seq68	24.400	183	617	275	0.297	0.618	8.598E-09	51
seq75	seq78	24.300	172	617	485	0.279	0.311	8.598E-09	51
seq75	seq190	37.300	80	617	404	0.130	0.198	1.497E-08	51
seq75	seq157	28.000	156	617	226	0.253	0.611	1.975E-08	50
seq75	seq61	24.700	191	617	455	0.310	0.400	2.605E-08	50
seq75	seq177	31.700	82	617	128	0.131	0.641	3.437E-08	49
seq75	seq152	31.400	89	617	132	0.144	0.629	4.535E-08	49
seq75	seq63	23.800	167	617	205	0.271	0.693	5.983E-08	49
seq75	seq140	35.800	78	617	415	0.126	0.186	5.983E-08	49
seq75	seq50	20.300	181	617	556	0.293	0.304	4.161E-07	46
seq75	seq180	36.000	75	617	120	0.120	0.625	5.489E-07	46
seq75	seq160	21.400	223	617	271	0.308	0.823	7.241E-07	45
seq75	seq70	36.000	61	617	416	0.099	0.147	1.260E-06	44
seq75	seq62	28.400	93	617	281	0.151	0.310	2.193E-06	44
seq75	seq41	24.200	167	617	221	0.271	0.593	2.892E-06	43
seq75	seq193	24.100	186	617	241	0.298	0.772	3.815E-06	43
seq75	seq84	39.600	61	617	282	0.096	0.216	3.815E-06	43
seq75	seq69	43.100	51	617	260	0.081	0.196	1.155E-05	41
seq75	seq30	34.100	78	617	167	0.126	0.467	6.081E-05	39
seq75	seq103	36.500	61	617	216	0.096	0.282	2.427E-04	37
seq75	seq118	25.300	71	617	248	0.113	0.286	5.567E-04	36
seq75	seq52	28.100	64	617	375	0.099	0.171	7.341E-04	35
seq96	seq96	100.000	193	193	193	1.000	1.000	1.536E-130	401
seq96	seq103	38.200	209	193	216	0.953	0.968	3.315E-40	140
seq96	seq182	33.800	213	193	228	0.974	0.934	1.423E-35	127
seq96	seq84	29.800	279	193	282	0.990	0.989	3.587E-32	117
seq96	seq32	25.900	276	193	323	0.964	0.854	2.792E-22	88
seq96	seq79	28.700	214	193	247	0.839	0.866	1.377E-19	80
seq96	seq185	34.400	58	193	247	0.301	0.231	2.835E-06	40
seq96	seq77	27.200	123	193	310	0.637	0.371	7.270E-04	33
seq97	seq97	100.000	375	375	375	1.000	1.000	1.906E-263	795
seq97	seq98	96.500	350	375	350	0.904	1.000	1.293E-233	709
seq97	seq90	50.500	294	375	338	0.733	0.870	1.015E-94	307
seq97	seq144	49.000	308	375	356	0.821	0.826	5.646E-87	285
seq97	seq68	39.000	236	375	275	0.629	0.836	7.179E-54	188
seq97	seq131	28.900	258	375	414	0.680	0.623	2.476E-31	121
seq97	seq130	27.300	258	375	414	0.680	0.623	2.019E-30	118
seq97	seq127	29.700	261	375	414	0.696	0.604	1.639E-29	115
seq97	seq114	25.000	259	375	382	0.680	0.678	2.793E-26	106
seq97	seq80	27.800	261	375	408	0.680	0.640	1.227E-25	104
seq97	seq188	26.800	324	375	356	0.712	0.910	1.650E-25	103
seq97	seq47	26.200	326	375	383	0.704	0.851	2.217E-25	103
seq97	seq184	35.200	167	375	223	0.445	0.749	5.378E-25	102
seq97	seq191	34.700	167	375	235	0.445	0.711	9.703E-25	101
seq97	seq162	27.800	286	375	325	0.672	0.880	3.155E-24	99
seq97	seq163	27.800	286	375	325	0.672	0.880	3.155E-24	99
seq97	seq164	27.800	286	375	325	0.672	0.880	3.155E-24	99
seq97	seq165	27.800	286	375	325	0.672	0.880	3.155E-24	99
seq97	seq166	27.800	286	375	325	0.672	0.880	3.155E-24	99
seq97	seq141	30.300	177	375	210	0.437	0.843	2.580E-22	93
seq97	seq187	30.200	168	375	456	0.448	0.368	4.787E-21	89
seq97	seq50	29.700	178	375	556	0.451	0.320	1.567E-19	85
seq97	seq183	24.600	258	375	424	0.688	0.583	2.117E-18	81
seq97	seq74	23.700	257	375	409	0.685	0.592	5.032E-18	80
seq97	seq99	30.300	168	375	218	0.448	0.729	8.858E-16	73
seq97	seq100	30.300	168	375	421	0.448	0.378	8.858E-16	73
seq97	seq105	28.100	151	375	230	0.403	0.643	2.089E-15	72
seq97	seq106	28.100	151	375	362	0.403	0.409	2.089E-15	72
seq97	seq35	24.300	288	375	340	0.768	0.765	2.780E-15	71
seq97	seq61	22.500	350	375	455	0.683	0.769	2.780E-15	71
seq97	seq145	30.700	148	375	588	0.395	0.248	3.699E-15	71
seq97	seq21	28.600	171	375	339	0.456	0.496	8.709E-15	70
seq97	seq27	29.500	186	375	339	0.493	0.549	1.158E-14	69
seq97	seq13	36.700	106	375	171	0.283	0.608	2.049E-14	68
seq97	seq73	23.700	221	375	236	0.589	0.797	4.814E-14	67
seq97	seq7	25.200	216	375	258	0.576	0.795	6.398E-14	67
seq97	seq26	37.600	85	375	148	0.219	0.574	8.504E-14	66
seq97	seq39	25.700	163	375	378	0.429	0.431	1.130E-13	66
seq97	seq48	23.200	314	375	386	0.776	0.813	1.130E-13	66
seq97	seq24	37.600	93	375	153	0.248	0.595	1.502E-13	66
seq97	seq8	25.200	175	375	339	0.467	0.507	1.995E-13	65
seq97	seq75	25.900	188	375	617	0.445	0.305	4.677E-13	64
seq97	seq67	25.700	166	375	262	0.443	0.595	1.095E-12	63
seq97	seq14	25.100	186	375	246	0.496	0.659	2.564E-12	62
seq97	seq69	28.400	171	375	260	0.456	0.581	3.403E-12	61
seq97	seq112	28.200	162	375	514	0.413	0.315	4.517E-12	61
seq97	seq63	25.600	238	375	205	0.635	0.941	7.956E-12	60
seq97	seq177	39.500	81	375	128	0.216	0.633	1.056E-11	60
seq97	seq118	25.300	183	375	248	0.488	0.694	1.056E-11	60
seq97	seq122	36.100	106	375	145	0.283	0.724	1.401E-11	59
seq97	seq19	24.100	168	375	191	0.448	0.843	1.401E-11	59
seq97	seq20	24.100	168	375	191	0.448	0.843	1.401E-11	59
seq97	seq199	24.100	168	375	365	0.448	0.441	1.401E-11	59
seq97	seq11	23.600	248	375	481	0.661	0.476	1.859E-11	59
seq97	seq109	26.400	146	375	604	0.389	0.238	2.466E-11	59
seq97	seq23	24.000	186	375	372	0.427	0.500	3.271E-11	58
seq97	seq89	27.300	159	375	476	0.405	0.334	1.780E-10	56
seq97	seq180	34.100	79	375	120	0.208	0.658	3.128E-10	55
seq97	seq71	34.500	81	375	481	0.216	0.168	3.128E-10	55
seq97	seq1	34.900	83	375	98	0.221	0.847	5.497E-10	54
seq97	seq160	23.700	245	375	271	0.544	0.904	7.286E-10	54
seq97	seq9	31.000	100	375	169	0.267	0.580	9.657E-10	53
seq97	seq119	36.900	84	375	131	0.224	0.626	1.696E-09	53
seq97	seq86	37.200	86	375	143	0.229	0.594	1.696E-09	53
seq97	seq52	22.400	182	375	375	0.427	0.485	1.696E-09	53
seq97	seq120	35.700	84	375	131	0.224	0.626	2.978E-09	52
seq97	seq70	36.100	72	375	416	0.192	0.173	2.978E-09	52
seq97	seq18	35.700	84	375	153	0.221	0.549	5.229E-09	51
seq97	seq62	23.300	188	375	281	0.443	0.669	5.229E-09	51
seq97	seq140	31.200	137	375	415	0.323	0.330	6.927E-09	51
seq97	seq83	42.800	63	375	90	0.168	0.689	9.177E-09	50
seq97	seq6	38.800	72	375	169	0.192	0.414	1.216E-08	50
seq97	seq146	22.600	182	375	202	0.459	0.901	1.523E-07	46
seq97	seq147	22.600	182	375	202	0.459	0.901	1.523E-07	46
seq97	seq148	22.600	182	375	202	0.459	0.901	1.523E-07	46
seq97	seq149	22.600	182	375	202	0.459	0.901	1.523E-07	46
seq97	seq150	22.600	182	375	202	0.459	0.901	1.523E-07	46
seq97	seq115	23.300	174	375	245	0.464	0.706	1.523E-07	46
seq97	seq151	22.600	182	375	248	0.459	0.734	1.523E-07	46
seq97	seq200	31.000	114	375	248	0.304	0.403	2.670E-07	46
seq97	seq158	28.300	80	375	136	0.213	0.551	1.436E-06	43
seq97	seq170	31.000	74	375	124	0.197	0.573	3.330E-06	42
seq97	seq103	21.800	208	375	216	0.477	0.963	4.406E-06	42
seq97	seq125	20.000	154	375	599	0.411	0.237	1.351E-05	40
seq97	seq110	20.600	160	375	230	0.427	0.639	3.128E-05	39
seq97	seq60	42.800	42	375	377	0.109	0.111	2.216E-04	36
seq97	seq84	26.700	86	375	282	0.211	0.305	2.931E-04	36
seq97	seq113	23.300	60	375	546	0.155	0.110	2.931E-04	36
seq73	seq73	100.000	236	236	236	1.000	1.000	4.457E-153	468
seq73	seq199	76.600	209	236	365	0.873	0.573	1.295E-104	329
seq73	seq19	78.400	186	236	191	0.788	0.969	2.050E-99	314
seq73	seq20	78.400	186	236	191	0.788	0.969	2.050E-99	314
seq73	seq194	62.900	181	236	240	0.767	0.754	2.672E-73	238
seq73	seq157	57.800	178	236	226	0.754	0.788	6.865E-73	237
seq73	seq156	57.300	178	236	226	0.754	0.788	6.206E-72	234
seq73	seq102	55.600	178	236	233	0.754	0.764	3.344E-69	226
seq73	seq7	39.400	170	236	258	0.720	0.647	2.809E-41	145
seq73	seq105	38.700	186	236	230	0.788	0.800	1.339E-40	143
seq73	seq106	38.700	186	236	362	0.788	0.508	1.339E-40	143
seq73	seq129	37.900	182	236	378	0.720	0.481	3.039E-39	139
seq73	seq63	36.000	175	236	205	0.742	0.820	5.405E-36	130
seq73	seq99	36.000	172	236	218	0.729	0.780	1.008E-35	129
seq73	seq100	36.000	172	236	421	0.729	0.404	1.008E-35	129
seq73	seq69	32.100	174	236	260	0.737	0.631	3.220E-21	87
seq73	seq141	27.400	161	236	210	0.640	0.767	1.707E-19	81
seq73	seq191	33.300	160	236	235	0.678	0.668	3.579E-18	78
seq73	seq183	30.500	154	236	424	0.653	0.354	1.205E-17	76
seq73	seq145	32.800	139	236	588	0.589	0.228	1.632E-17	76
seq73	seq108	28.100	160	236	238	0.636	0.672	6.151E-16	71
seq73	seq12	33.300	84	236	100	0.356	0.840	8.316E-16	70
seq73	seq80	29.200	140	236	408	0.589	0.343	1.520E-15	70
seq73	seq177	45.000	71	236	128	0.297	0.555	2.775E-15	69
seq73	seq98	25.100	153	236	350	0.602	0.437	5.064E-15	68
seq73	seq97	25.100	153	236	375	0.602	0.408	5.064E-15	68
seq73	seq16	29.300	148	236	212	0.627	0.684	2.273E-14	66
seq73	seq184	28.300	157	236	223	0.665	0.691	2.273E-14	66
seq73	seq67	33.800	139	236	262	0.585	0.531	2.273E-14	66
seq73	seq120	44.100	68	236	131	0.288	0.519	4.140E-14	65
seq73	seq122	33.600	110	236	145	0.466	0.717	7.535E-14	64
seq73	seq112	26.300	149	236	514	0.623	0.290	1.016E-13	64
seq73	seq144	25.300	158	236	356	0.636	0.444	1.848E-13	63
seq73	seq119	42.600	68	236	131	0.288	0.519	2.492E-13	63
seq73	seq162	25.700	139	236	325	0.589	0.412	3.358E-13	63
seq73	seq163	25.700	139	236	325	0.589	0.412	3.358E-13	63
seq73	seq164	25.700	139	236	325	0.589	0.412	3.358E-13	63
seq73	seq165	25.700	139	236	325	0.589	0.412	3.358E-13	63
seq73	seq166	25.700	139	236	325	0.589	0.412	3.358E-13	63
seq73	seq61	28.000	147	236	455	0.589	0.323	3.358E-13	63
seq73	seq200	41.100	68	236	248	0.288	0.274	6.099E-13	62
seq73	seq8	29.800	142	236	339	0.602	0.395	8.216E-13	61
seq73	seq14	28.300	153	236	246	0.648	0.577	1.107E-12	61
seq73	seq90	28.600	142	236	338	0.602	0.411	1.490E-12	61
seq73	seq109	27.800	150	236	604	0.636	0.238	1.490E-12	61
seq73	seq83	33.700	80	236	90	0.339	0.889	2.007E-12	60
seq73	seq86	39.700	68	236	143	0.288	0.476	2.007E-12	60
seq73	seq75	27.200	187	236	617	0.712	0.303	2.007E-12	60
seq73	seq28	30.100	141	236	339	0.597	0.404	2.702E-12	60
seq73	seq187	26.500	160	236	456	0.678	0.340	3.637E-12	59
seq73	seq27	30.400	143	236	339	0.606	0.410	4.895E-12	59
seq73	seq47	25.900	155	236	383	0.657	0.405	4.895E-12	59
seq73	seq68	22.300	155	236	275	0.636	0.564	6.586E-12	59
seq73	seq21	26.200	148	236	339	0.627	0.413	2.155E-11	57
seq73	seq50	23.400	155	236	556	0.631	0.279	2.155E-11	57
seq73	seq30	35.500	90	236	167	0.369	0.539	2.897E-11	57
seq73	seq52	25.700	171	236	375	0.644	0.456	2.897E-11	57
seq73	seq180	36.000	75	236	120	0.314	0.625	9.443E-11	55
seq73	seq37	30.700	138	236	255	0.585	0.522	2.286E-10	54
seq73	seq34	29.900	153	236	340	0.648	0.424	1.787E-09	51
seq73	seq35	30.400	147	236	340	0.623	0.406	2.395E-09	51
seq73	seq6	29.100	96	236	169	0.407	0.509	1.033E-08	49
seq73	seq13	33.300	66	236	171	0.254	0.386	3.314E-08	47
seq73	seq188	21.600	194	236	356	0.602	0.545	5.928E-08	46
seq73	seq152	29.500	71	236	132	0.297	0.538	7.927E-08	46
seq73	seq186	26.700	144	236	235	0.585	0.613	1.060E-07	46
seq73	seq41	26.400	142	236	221	0.602	0.561	2.529E-07	44
seq73	seq10	27.200	77	236	170	0.318	0.453	4.512E-07	44
seq73	seq195	23.600	143	236	191	0.606	0.623	6.025E-07	43
seq73	seq62	25.300	71	236	281	0.292	0.253	6.025E-07	43
seq73	seq24	37.500	48	236	153	0.203	0.314	1.433E-06	42
seq73	seq171	42.800	49	236	92	0.208	0.533	1.912E-06	42
seq73	seq172	42.800	49	236	92	0.208	0.533	1.912E-06	42
seq73	seq173	42.800	49	236	92	0.208	0.533	1.912E-06	42
seq73	seq174	42.800	49	236	92	0.208	0.533	1.912E-06	42
seq73	seq126	21.200	166	236	307	0.703	0.518	1.912E-06	42
seq73	seq33	35.800	53	236	323	0.225	0.164	6.049E-06	40
seq73	seq26	28.000	50	236	148	0.212	0.338	2.543E-05	38
seq73	seq113	32.000	50	236	546	0.191	0.092	7.854E-04	33
seq106	seq106	100.000	362	362	362	1.000	1.000	1.092E-244	740
seq106	seq105	100.000	230	362	230	0.635	1.000	3.079E-155	482
seq106	seq7	58.600	174	362	258	0.481	0.671	1.312E-68	231
seq106	seq129	42.500	202	362	378	0.508	0.534	2.760E-50	177
seq106	seq63	46.100	169	362	205	0.467	0.800	1.787E-47	169
seq106	seq99	45.800	168	362	218	0.464	0.771	2.431E-47	168
seq106	seq100	45.800	168	362	421	0.464	0.399	2.431E-47	168
seq106	seq102	42.300	189	362	233	0.514	0.811	8.328E-47	167
seq106	seq156	43.200	192	362	226	0.522	0.850	3.877E-46	165
seq106	seq157	43.200	192	362	226	0.522	0.850	1.326E-45	163
seq106	seq199	38.600	187	362	365	0.517	0.510	2.846E-42	153
seq106	seq19	39.000	185	362	191	0.511	0.963	3.866E-42	153
seq106	seq20	39.000	185	362	191	0.511	0.963	3.866E-42	153
seq106	seq73	39.200	181	362	236	0.494	0.767	6.075E-41	149
seq106	seq194	42.800	182	362	240	0.486	0.758	2.010E-38	142
seq106	seq12	60.200	98	362	100	0.271	0.970	3.549E-36	135
seq106	seq69	34.900	146	362	260	0.403	0.535	7.962E-25	101
seq106	seq141	30.100	165	362	210	0.412	0.786	5.468E-21	89
seq106	seq47	29.100	147	362	383	0.401	0.384	4.423E-18	80
seq106	seq162	28.200	144	362	325	0.398	0.434	5.960E-17	76
seq106	seq163	28.200	144	362	325	0.398	0.434	5.960E-17	76
seq106	seq164	28.200	144	362	325	0.398	0.434	5.960E-17	76
seq106	seq165	28.200	144	362	325	0.398	0.434	5.960E-17	76
seq106	seq166	28.200	144	362	325	0.398	0.434	5.960E-17	76
seq106	seq187	28.300	140	362	456	0.387	0.300	5.960E-17	76
seq106	seq127	28.300	180	362	414	0.461	0.435	1.415E-16	75
seq106	seq97	28.100	151	362	375	0.409	0.403	4.474E-16	74
seq106	seq86	38.000	84	362	143	0.232	0.587	7.948E-16	73
seq106	seq120	38.300	86	362	131	0.227	0.656	1.059E-15	72
seq106	seq145	31.300	150	362	588	0.414	0.247	1.059E-15	72
seq106	seq119	38.300	86	362	131	0.227	0.656	1.881E-15	72
seq106	seq144	23.100	192	362	356	0.511	0.539	1.881E-15	72
seq106	seq108	28.400	150	362	238	0.395	0.630	3.337E-15	71
seq106	seq200	31.000	103	362	248	0.285	0.411	3.337E-15	71
seq106	seq67	30.900	154	362	262	0.412	0.588	3.337E-15	71
seq106	seq75	29.300	158	362	617	0.381	0.256	3.337E-15	71
seq106	seq68	23.800	183	362	275	0.472	0.665	4.444E-15	70
seq106	seq90	23.600	193	362	338	0.442	0.571	7.881E-15	70
seq106	seq61	25.300	157	362	455	0.406	0.345	7.881E-15	70
seq106	seq78	30.000	155	362	485	0.425	0.320	1.049E-14	69
seq106	seq122	36.800	76	362	145	0.210	0.524	1.397E-14	69
seq106	seq71	30.500	153	362	481	0.423	0.314	1.397E-14	69
seq106	seq98	27.400	162	362	350	0.409	0.463	1.859E-14	68
seq106	seq50	22.900	185	362	556	0.481	0.333	1.859E-14	68
seq106	seq74	27.600	158	362	409	0.436	0.381	4.381E-14	67
seq106	seq11	28.500	162	362	481	0.420	0.337	7.754E-14	66
seq106	seq130	26.700	169	362	414	0.459	0.408	1.824E-13	65
seq106	seq183	25.000	161	362	424	0.445	0.375	4.287E-13	64
seq106	seq177	38.000	71	362	128	0.193	0.555	5.699E-13	64
seq106	seq109	30.000	160	362	604	0.442	0.258	7.575E-13	63
seq106	seq131	26.700	180	362	414	0.461	0.435	1.007E-12	63
seq106	seq80	28.400	146	362	408	0.395	0.358	1.338E-12	63
seq106	seq89	27.900	155	362	476	0.417	0.326	1.777E-12	62
seq106	seq112	27.000	130	362	514	0.343	0.253	1.777E-12	62
seq106	seq114	26.500	166	362	382	0.436	0.435	4.167E-12	61
seq106	seq191	28.000	146	362	235	0.403	0.617	1.656E-10	56
seq106	seq28	25.300	185	362	339	0.511	0.546	3.867E-10	55
seq106	seq14	23.200	172	362	246	0.475	0.622	6.803E-10	54
seq106	seq8	24.500	144	362	339	0.398	0.407	9.022E-10	53
seq106	seq16	26.100	147	362	212	0.406	0.689	1.586E-09	53
seq106	seq21	25.300	141	362	339	0.390	0.392	2.788E-09	52
seq106	seq13	31.800	89	362	171	0.246	0.509	3.697E-09	51
seq106	seq184	26.400	138	362	223	0.381	0.614	3.697E-09	51
seq106	seq33	23.300	252	362	323	0.517	0.780	3.697E-09	51
seq106	seq37	25.400	151	362	255	0.414	0.592	1.512E-08	49
seq106	seq9	24.500	104	362	169	0.287	0.592	4.662E-08	48
seq106	seq70	40.300	57	362	416	0.157	0.135	6.176E-08	48
seq106	seq180	30.400	81	362	120	0.224	0.667	8.182E-08	47
seq106	seq126	26.100	164	362	307	0.442	0.534	1.084E-07	47
seq106	seq171	34.700	69	362	92	0.191	0.707	1.436E-07	46
seq106	seq172	34.700	69	362	92	0.191	0.707	1.436E-07	46
seq106	seq173	34.700	69	362	92	0.191	0.707	1.436E-07	46
seq106	seq174	34.700	69	362	92	0.191	0.707	1.436E-07	46
seq106	seq35	26.500	154	362	340	0.425	0.429	1.436E-07	46
seq106	seq23	32.800	67	362	372	0.185	0.172	1.902E-07	46
seq106	seq24	37.200	59	362	153	0.163	0.386	2.519E-07	46
seq106	seq62	33.300	94	362	281	0.251	0.335	2.519E-07	46
seq106	seq39	20.900	148	362	378	0.409	0.392	2.519E-07	46
seq106	seq34	25.300	154	362	340	0.425	0.429	4.418E-07	45
seq106	seq186	24.100	151	362	235	0.395	0.643	1.358E-06	43
seq106	seq6	24.700	101	362	169	0.279	0.550	5.523E-06	41
seq106	seq140	31.100	88	362	415	0.238	0.212	9.677E-06	40
seq106	seq30	31.100	61	362	167	0.169	0.365	1.281E-05	40
seq106	seq1	30.500	84	362	98	0.229	0.857	2.969E-05	39
seq106	seq161	22.300	85	362	246	0.235	0.325	1.204E-04	37
seq106	seq190	24.600	77	362	404	0.213	0.186	8.540E-04	34
seq12	seq12	100.000	100	100	100	1.000	1.000	1.296E-64	205
seq12	seq7	100.000	100	100	258	1.000	0.388	1.296E-64	205
seq12	seq105	62.600	91	100	230	0.910	0.396	3.332E-39	132
seq12	seq106	62.600	91	100	362	0.910	0.251	3.332E-39	132
seq12	seq129	47.300	93	100	378	0.920	0.246	3.507E-25	92
seq12	seq63	45.000	80	100	205	0.800	0.390	2.283E-20	78
seq12	seq156	39.500	86	100	226	0.860	0.381	5.904E-20	77
seq12	seq102	39.400	76	100	233	0.760	0.326	1.401E-18	73
seq12	seq99	35.800	92	100	218	0.870	0.422	3.623E-18	72
seq12	seq157	37.200	86	100	226	0.860	0.381	3.623E-18	72
seq12	seq100	35.800	92	100	421	0.870	0.219	3.623E-18	72
seq12	seq194	41.700	79	100	240	0.790	0.329	9.367E-18	71
seq12	seq19	35.300	82	100	191	0.820	0.429	6.263E-17	68
seq12	seq20	35.300	82	100	191	0.820	0.429	6.263E-17	68
seq12	seq199	35.300	82	100	365	0.820	0.225	6.263E-17	68
seq12	seq73	34.100	82	100	236	0.820	0.347	5.746E-16	66
seq12	seq120	44.000	59	100	131	0.590	0.450	3.840E-15	63
seq12	seq200	44.000	59	100	248	0.590	0.238	5.270E-15	63
seq12	seq177	46.100	52	100	128	0.520	0.406	7.233E-15	63
seq12	seq86	34.700	72	100	143	0.720	0.503	1.870E-14	61
seq12	seq119	42.300	59	100	131	0.590	0.450	3.521E-14	61
seq12	seq122	40.600	59	100	145	0.590	0.407	3.521E-14	61
seq12	seq171	36.600	60	100	92	0.600	0.630	8.757E-10	48
seq12	seq172	36.600	60	100	92	0.600	0.630	8.757E-10	48
seq12	seq173	36.600	60	100	92	0.600	0.630	8.757E-10	48
seq12	seq174	36.600	60	100	92	0.600	0.630	8.757E-10	48
seq12	seq141	32.400	74	100	210	0.690	0.352	3.098E-09	46
seq12	seq69	30.800	81	100	260	0.810	0.288	4.248E-09	46
seq12	seq16	37.200	59	100	212	0.590	0.278	5.825E-09	46
seq12	seq50	27.800	61	100	556	0.610	0.110	5.825E-09	46
seq12	seq112	31.700	63	100	514	0.630	0.121	1.095E-08	45
seq12	seq47	33.700	80	100	383	0.670	0.209	1.502E-08	44
seq12	seq130	30.700	77	100	414	0.770	0.186	1.502E-08	44
seq12	seq131	30.700	77	100	414	0.770	0.186	1.502E-08	44
seq12	seq83	29.800	57	100	90	0.570	0.633	2.059E-08	44
seq12	seq191	31.800	66	100	235	0.660	0.281	2.823E-08	44
seq12	seq11	27.000	74	100	481	0.730	0.154	3.869E-08	43
seq12	seq8	33.300	66	100	339	0.650	0.195	7.271E-08	42
seq12	seq188	31.200	80	100	356	0.670	0.225	7.271E-08	42
seq12	seq184	31.800	66	100	223	0.660	0.296	1.366E-07	42
seq12	seq78	35.400	48	100	485	0.480	0.099	1.366E-07	42
seq12	seq9	26.100	87	100	169	0.870	0.509	1.872E-07	41
seq12	seq71	33.300	48	100	481	0.480	0.100	2.565E-07	41
seq12	seq183	29.300	58	100	424	0.580	0.134	3.515E-07	40
seq12	seq6	27.200	76	100	169	0.760	0.444	6.599E-07	40
seq12	seq190	27.500	85	100	404	0.830	0.210	1.238E-06	39
seq12	seq62	31.600	60	100	281	0.580	0.214	1.696E-06	38
seq12	seq24	25.000	76	100	153	0.750	0.497	3.182E-06	38
seq12	seq33	25.500	89	100	323	0.890	0.276	4.357E-06	37
seq12	seq80	25.900	54	100	408	0.540	0.130	4.357E-06	37
seq12	seq160	27.100	59	100	271	0.590	0.214	5.966E-06	37
seq12	seq1	31.300	51	100	98	0.510	0.520	8.168E-06	36
seq12	seq109	31.300	51	100	604	0.510	0.084	8.168E-06	36
seq12	seq180	31.000	58	100	120	0.540	0.483	1.530E-05	36
seq12	seq70	26.300	71	100	416	0.710	0.171	3.922E-05	34
seq164	seq162	100.000	325	325	325	1.000	1.000	4.021E-220	667
seq164	seq163	100.000	325	325	325	1.000	1.000	4.021E-220	667
seq164	seq164	100.000	325	325	325	1.000	1.000	4.021E-220	667
seq164	seq165	100.000	325	325	325	1.000	1.000	4.021E-220	667
seq164	seq166	100.000	325	325	325	1.000	1.000	4.021E-220	667
seq164	seq188	59.100	336	325	356	0.963	0.944	3.787E-123	387
seq164	seq47	60.100	333	325	383	0.942	0.869	3.423E-122	384
seq164	seq187	42.200	416	325	456	0.945	0.912	2.912E-96	309
seq164	seq37	43.600	204	325	255	0.628	0.792	6.930E-54	186
seq164	seq185	41.800	165	325	247	0.508	0.668	1.414E-38	141
seq164	seq61	25.600	359	325	455	0.920	0.789	7.355E-33	124
seq164	seq130	27.700	306	325	414	0.942	0.664	1.835E-32	123
seq164	seq127	29.100	296	325	414	0.911	0.606	1.835E-32	123
seq164	seq80	28.100	303	325	408	0.932	0.637	1.298E-30	117
seq164	seq131	27.300	306	325	414	0.942	0.664	8.015E-30	115
seq164	seq114	28.800	296	325	382	0.911	0.660	1.470E-29	114
seq164	seq39	35.300	180	325	378	0.545	0.476	2.694E-29	113
seq164	seq14	35.600	168	325	246	0.517	0.675	6.202E-27	106
seq164	seq97	27.200	286	325	375	0.880	0.672	3.095E-25	101
seq164	seq183	23.500	354	325	424	0.914	0.835	3.404E-24	98
seq164	seq53	32.500	180	325	600	0.545	0.300	4.591E-24	98
seq164	seq98	26.200	286	325	350	0.880	0.751	8.350E-24	97
seq164	seq137	32.300	168	325	476	0.517	0.353	5.428E-22	91
seq164	seq78	23.500	439	325	485	0.948	0.905	1.781E-21	90
seq164	seq141	30.300	177	325	210	0.489	0.843	5.834E-21	88
seq164	seq144	23.900	298	325	356	0.917	0.736	3.445E-20	86
seq164	seq67	31.600	155	325	262	0.458	0.592	8.357E-20	85
seq164	seq90	32.000	150	325	338	0.455	0.444	1.123E-19	84
seq164	seq71	22.700	428	325	481	0.929	0.890	1.508E-19	84
seq164	seq160	27.300	224	325	271	0.677	0.827	2.719E-19	83
seq164	seq68	29.500	163	325	275	0.471	0.593	2.719E-19	83
seq164	seq191	32.400	148	325	235	0.449	0.630	3.650E-19	83
seq164	seq186	30.300	156	325	235	0.446	0.664	8.825E-19	81
seq164	seq109	23.500	447	325	604	0.929	0.740	1.184E-18	81
seq164	seq112	22.500	380	325	514	0.920	0.739	5.140E-18	79
seq164	seq145	29.800	189	325	588	0.582	0.321	3.989E-17	76
seq164	seq11	27.200	175	325	481	0.502	0.364	5.343E-17	76
seq164	seq105	28.200	144	325	230	0.434	0.626	1.717E-16	74
seq164	seq106	28.200	144	325	362	0.434	0.398	1.717E-16	74
seq164	seq70	25.300	360	325	416	0.929	0.865	4.114E-16	73
seq164	seq194	26.800	148	325	240	0.440	0.617	1.760E-15	71
seq164	seq21	20.100	300	325	339	0.923	0.720	1.338E-14	68
seq164	seq99	25.800	163	325	218	0.495	0.748	3.186E-14	67
seq164	seq33	22.300	231	325	323	0.511	0.715	3.186E-14	67
seq164	seq100	25.800	163	325	421	0.495	0.387	3.186E-14	67
seq164	seq126	21.800	284	325	307	0.874	0.772	4.252E-14	67
seq164	seq156	24.800	148	325	226	0.440	0.655	7.573E-14	66
seq164	seq157	24.500	158	325	226	0.458	0.699	7.573E-14	66
seq164	seq89	29.700	138	325	476	0.397	0.290	7.573E-14	66
seq164	seq129	27.500	164	325	378	0.458	0.434	1.010E-13	66
seq164	seq199	21.100	169	325	365	0.502	0.463	4.264E-13	64
seq164	seq73	24.800	148	325	236	0.440	0.627	1.010E-12	63
seq164	seq111	25.100	187	325	347	0.477	0.539	1.793E-12	62
seq164	seq19	20.800	148	325	191	0.440	0.775	5.643E-12	60
seq164	seq20	20.800	148	325	191	0.440	0.775	5.643E-12	60
seq164	seq1	41.000	78	325	98	0.240	0.796	7.514E-12	60
seq164	seq177	36.100	72	325	128	0.222	0.562	5.556E-11	57
seq164	seq34	22.800	297	325	340	0.914	0.712	1.307E-10	56
seq164	seq41	27.300	146	325	221	0.449	0.602	3.073E-10	55
seq164	seq69	24.200	135	325	260	0.415	0.504	4.084E-10	54
seq164	seq52	29.700	101	325	375	0.311	0.256	4.084E-10	54
seq164	seq35	22.200	297	325	340	0.914	0.712	7.215E-10	53
seq164	seq77	22.900	253	325	310	0.692	0.816	9.587E-10	53
seq164	seq63	24.400	192	325	205	0.591	0.659	1.274E-09	53
seq164	seq122	35.000	80	325	145	0.246	0.552	5.267E-09	51
seq164	seq23	25.000	104	325	372	0.298	0.280	6.994E-09	50
seq164	seq152	31.700	63	325	132	0.194	0.477	9.287E-09	50
seq164	seq120	31.300	102	325	131	0.314	0.679	1.233E-08	49
seq164	seq119	40.200	67	325	131	0.206	0.511	1.637E-08	49
seq164	seq24	30.200	76	325	153	0.234	0.497	5.079E-08	48
seq164	seq153	36.300	66	325	221	0.203	0.285	5.079E-08	48
seq164	seq154	36.300	66	325	221	0.203	0.285	5.079E-08	48
seq164	seq190	39.300	66	325	404	0.203	0.158	6.740E-08	47
seq164	seq9	40.300	62	325	169	0.191	0.355	6.459E-07	44
seq164	seq6	30.600	75	325	169	0.231	0.432	1.136E-06	43
seq164	seq200	32.700	61	325	248	0.188	0.246	1.506E-06	43
seq164	seq86	33.300	75	325	143	0.231	0.524	1.996E-06	42
seq164	seq115	25.700	66	325	245	0.203	0.253	2.646E-06	42
seq164	seq60	30.000	102	325	377	0.246	0.271	1.900E-05	39
seq164	seq171	25.600	74	325	92	0.228	0.804	4.419E-05	38
seq164	seq172	25.600	74	325	92	0.228	0.804	4.419E-05	38
seq164	seq173	25.600	74	325	92	0.228	0.804	4.419E-05	38
seq164	seq174	25.600	74	325	92	0.228	0.804	4.419E-05	38
seq164	seq32	33.800	65	325	323	0.200	0.192	5.854E-05	38
seq164	seq158	23.200	98	325	136	0.302	0.669	2.386E-04	36
seq164	seq79	27.900	65	325	247	0.197	0.263	7.336E-04	34
seq130	seq130	100.000	414	414	414	1.000	1.000	3.046E-275	831
seq130	seq131	91.500	414	414	414	1.000	0.986	5.113E-248	752
seq130	seq127	85.700	414	414	414	1.000	1.000	9.273E-238	723
seq130	seq80	69.600	406	414	408	0.978	0.995	4.531E-180	556
seq130	seq114	65.500	363	414	382	0.874	0.950	1.919E-153	479
seq130	seq183	43.600	388	414	424	0.928	0.915	1.224E-91	300
seq130	seq74	39.600	401	414	409	0.969	0.973	5.395E-80	266
seq130	seq184	42.000	162	414	223	0.386	0.726	3.425E-32	124
seq130	seq191	38.000	162	414	235	0.386	0.689	3.425E-32	124
seq130	seq16	41.400	162	414	212	0.386	0.764	1.125E-31	123
seq130	seq144	30.000	259	414	356	0.604	0.728	1.626E-30	119
seq130	seq162	27.700	297	414	325	0.609	0.914	3.134E-29	115
seq130	seq163	27.700	297	414	325	0.609	0.914	3.134E-29	115
seq130	seq164	27.700	297	414	325	0.609	0.914	3.134E-29	115
seq130	seq165	27.700	297	414	325	0.609	0.914	3.134E-29	115
seq130	seq166	27.700	297	414	325	0.609	0.914	3.134E-29	115
seq130	seq98	27.000	266	414	350	0.623	0.760	3.317E-28	112
seq130	seq97	30.300	258	414	375	0.597	0.688	5.977E-28	111
seq130	seq47	25.200	327	414	383	0.616	0.854	2.105E-25	104
seq130	seq126	26.200	264	414	307	0.630	0.860	2.818E-25	103
seq130	seq188	24.200	320	414	356	0.609	0.899	1.212E-24	101
seq130	seq68	34.800	167	414	275	0.391	0.607	5.194E-24	99
seq130	seq90	27.200	277	414	338	0.597	0.820	6.947E-24	99
seq130	seq141	34.600	176	414	210	0.425	0.838	9.290E-24	98
seq130	seq187	32.900	167	414	456	0.403	0.333	1.696E-19	85
seq130	seq50	28.100	174	414	556	0.394	0.313	2.259E-19	85
seq130	seq37	28.800	153	414	255	0.370	0.580	4.006E-19	84
seq130	seq14	28.700	152	414	246	0.367	0.585	2.964E-18	81
seq130	seq77	26.000	252	414	310	0.597	0.813	5.247E-18	80
seq130	seq21	25.900	251	414	339	0.606	0.708	1.234E-17	79
seq130	seq27	24.800	251	414	339	0.606	0.708	1.642E-17	79
seq130	seq134	27.900	168	414	207	0.406	0.715	2.183E-17	78
seq130	seq135	27.900	168	414	207	0.406	0.715	2.183E-17	78
seq130	seq136	27.900	168	414	352	0.406	0.420	2.183E-17	78
seq130	seq137	28.000	154	414	476	0.372	0.315	2.183E-17	78
seq130	seq67	28.700	153	414	262	0.355	0.584	5.128E-17	77
seq130	seq28	24.800	251	414	339	0.606	0.708	9.057E-17	76
seq130	seq39	27.900	159	414	378	0.384	0.415	1.599E-16	76
seq130	seq8	24.700	254	414	339	0.614	0.717	2.823E-16	75
seq130	seq75	30.800	181	414	617	0.394	0.293	4.980E-16	74
seq130	seq61	24.200	381	414	455	0.918	0.837	1.166E-15	73
seq130	seq194	27.900	153	414	240	0.357	0.637	4.809E-15	71
seq130	seq196	26.300	163	414	177	0.394	0.791	6.382E-15	70
seq130	seq197	26.300	163	414	177	0.394	0.791	6.382E-15	70
seq130	seq156	29.400	162	414	226	0.391	0.699	6.382E-15	70
seq130	seq157	29.400	162	414	226	0.391	0.699	6.382E-15	70
seq130	seq34	26.600	268	414	340	0.647	0.718	1.429E-13	66
seq130	seq35	26.300	268	414	340	0.647	0.718	1.429E-13	66
seq130	seq102	25.100	148	414	233	0.357	0.635	2.512E-13	65
seq130	seq108	29.100	165	414	238	0.374	0.693	2.512E-13	65
seq130	seq111	26.800	268	414	347	0.502	0.772	2.512E-13	65
seq130	seq129	24.700	181	414	378	0.411	0.479	2.512E-13	65
seq130	seq109	31.000	159	414	604	0.384	0.257	2.512E-13	65
seq130	seq145	28.700	158	414	588	0.382	0.269	3.331E-13	65
seq130	seq185	26.800	183	414	247	0.442	0.688	4.416E-13	64
seq130	seq89	30.500	143	414	476	0.324	0.300	4.416E-13	64
seq130	seq53	25.400	159	414	600	0.384	0.262	1.363E-12	63
seq130	seq19	27.600	166	414	191	0.401	0.864	1.807E-12	63
seq130	seq20	27.600	166	414	191	0.401	0.864	1.807E-12	63
seq130	seq199	27.600	166	414	365	0.401	0.452	1.807E-12	63
seq130	seq118	27.300	178	414	248	0.430	0.665	2.394E-12	62
seq130	seq36	27.300	181	414	270	0.415	0.670	4.203E-12	61
seq130	seq160	23.900	255	414	271	0.512	0.941	4.203E-12	61
seq130	seq7	24.400	146	414	258	0.348	0.566	7.379E-12	61
seq130	seq99	28.500	169	414	218	0.408	0.761	9.775E-12	60
seq130	seq100	28.500	169	414	421	0.408	0.394	9.775E-12	60
seq130	seq105	24.600	157	414	230	0.374	0.683	1.295E-11	60
seq130	seq106	24.600	157	414	362	0.374	0.434	1.295E-11	60
seq130	seq186	27.900	135	414	235	0.326	0.532	1.715E-11	59
seq130	seq1	40.000	85	414	98	0.200	0.867	2.272E-11	59
seq130	seq41	26.100	145	414	221	0.350	0.597	2.272E-11	59
seq130	seq33	24.500	244	414	323	0.425	0.755	3.986E-11	58
seq130	seq17	24.000	258	414	407	0.623	0.558	3.986E-11	58
seq130	seq73	26.900	148	414	236	0.357	0.627	5.279E-11	58
seq130	seq78	39.700	83	414	485	0.196	0.171	5.279E-11	58
seq130	seq177	38.900	77	414	128	0.184	0.602	9.257E-11	57
seq130	seq9	36.800	76	414	169	0.184	0.450	9.257E-11	57
seq130	seq63	22.600	144	414	205	0.348	0.693	9.257E-11	57
seq130	seq71	38.500	83	414	481	0.196	0.173	9.257E-11	57
seq130	seq11	28.700	208	414	481	0.502	0.422	1.226E-10	57
seq130	seq70	37.300	83	414	416	0.196	0.200	2.149E-10	56
seq130	seq140	38.400	78	414	415	0.188	0.186	2.845E-10	55
seq130	seq6	35.400	79	414	169	0.191	0.462	3.767E-10	55
seq130	seq171	36.500	82	414	92	0.198	0.891	4.986E-10	55
seq130	seq172	36.500	82	414	92	0.198	0.891	4.986E-10	55
seq130	seq173	36.500	82	414	92	0.198	0.891	4.986E-10	55
seq130	seq174	36.500	82	414	92	0.198	0.891	4.986E-10	55
seq130	seq26	31.600	79	414	148	0.186	0.534	1.157E-09	53
seq130	seq24	35.700	70	414	153	0.164	0.458	1.157E-09	53
seq130	seq112	37.300	83	414	514	0.196	0.161	1.157E-09	53
seq130	seq52	23.300	184	414	375	0.386	0.491	4.696E-09	51
seq130	seq190	33.300	78	414	404	0.188	0.191	1.088E-08	50
seq130	seq13	34.600	75	414	171	0.176	0.439	1.440E-08	50
seq130	seq178	38.300	73	414	127	0.176	0.543	1.905E-08	49
seq130	seq79	33.900	101	414	247	0.232	0.409	7.718E-08	48
seq130	seq180	30.600	101	414	120	0.217	0.842	1.021E-07	47
seq130	seq200	34.000	95	414	248	0.229	0.347	5.465E-07	45
seq130	seq69	22.600	179	414	260	0.432	0.646	7.227E-07	44
seq130	seq23	25.300	188	414	372	0.386	0.505	9.557E-07	44
seq130	seq86	41.000	56	414	143	0.130	0.392	1.671E-06	43
seq130	seq83	34.300	67	414	90	0.157	0.744	2.922E-06	42
seq130	seq12	30.700	77	414	100	0.186	0.770	2.922E-06	42
seq130	seq170	34.100	79	414	124	0.191	0.597	2.922E-06	42
seq130	seq193	31.500	73	414	241	0.176	0.274	6.752E-06	41
seq130	seq138	32.300	71	414	128	0.171	0.523	1.180E-05	40
seq130	seq30	29.700	84	414	167	0.198	0.503	1.180E-05	40
seq130	seq139	32.300	71	414	128	0.171	0.523	1.560E-05	40
seq130	seq122	30.000	80	414	145	0.181	0.552	2.062E-05	40
seq130	seq119	28.700	80	414	131	0.181	0.611	3.604E-05	39
seq130	seq120	28.700	80	414	131	0.181	0.611	3.604E-05	39
seq130	seq146	28.100	71	414	202	0.171	0.342	2.539E-04	36
seq130	seq147	28.100	71	414	202	0.171	0.342	2.539E-04	36
seq130	seq148	28.100	71	414	202	0.171	0.342	2.539E-04	36
seq130	seq149	28.100	71	414	202	0.171	0.342	2.539E-04	36
seq130	seq150	28.100	71	414	202	0.171	0.342	2.539E-04	36
seq130	seq151	28.100	71	414	248	0.171	0.278	2.539E-04	36
seq11	seq11	100.000	481	481	481	1.000	1.000	8.349E-318	958
seq11	seq71	67.900	454	481	481	0.944	0.942	9.619E-199	614
seq11	seq78	67.800	447	481	485	0.913	0.922	5.208E-193	597
seq11	seq112	48.800	507	481	514	0.944	0.986	2.154E-123	396
seq11	seq70	53.900	388	481	416	0.755	0.933	1.814E-108	352
seq11	seq109	41.600	458	481	604	0.909	0.758	1.961E-86	288
seq11	seq145	33.800	546	481	588	0.942	0.929	3.502E-70	240
seq11	seq61	27.200	445	481	455	0.925	0.859	3.144E-36	138
seq11	seq1	61.200	92	481	98	0.152	0.939	1.332E-26	108
seq11	seq21	27.600	177	481	339	0.368	0.478	5.980E-18	81
seq11	seq27	27.600	181	481	339	0.376	0.490	2.445E-17	79
seq11	seq28	27.100	181	481	339	0.376	0.490	3.240E-17	78
seq11	seq162	27.200	175	481	325	0.364	0.502	9.984E-17	77
seq11	seq163	27.200	175	481	325	0.364	0.502	9.984E-17	77
seq11	seq164	27.200	175	481	325	0.364	0.502	9.984E-17	77
seq11	seq165	27.200	175	481	325	0.364	0.502	9.984E-17	77
seq11	seq166	27.200	175	481	325	0.364	0.502	9.984E-17	77
seq11	seq186	27.700	158	481	235	0.328	0.672	2.906E-15	72
seq11	seq19	30.400	148	481	191	0.308	0.743	1.563E-14	70
seq11	seq20	30.400	148	481	191	0.308	0.743	1.563E-14	70
seq11	seq199	30.400	148	481	365	0.308	0.389	1.563E-14	70
seq11	seq191	29.100	180	481	235	0.374	0.728	4.796E-14	68
seq11	seq188	26.500	196	481	356	0.395	0.551	1.111E-13	67
seq11	seq130	28.700	208	481	414	0.422	0.502	1.470E-13	66
seq11	seq75	24.500	172	481	617	0.333	0.279	1.470E-13	66
seq11	seq63	29.300	149	481	205	0.310	0.663	3.405E-13	65
seq11	seq131	29.000	209	481	414	0.424	0.505	3.405E-13	65
seq11	seq105	27.900	155	481	230	0.322	0.639	4.504E-13	65
seq11	seq14	25.200	181	481	246	0.376	0.679	4.504E-13	65
seq11	seq36	26.300	196	481	270	0.397	0.726	4.504E-13	65
seq11	seq144	27.100	156	481	356	0.320	0.438	4.504E-13	65
seq11	seq106	27.900	155	481	362	0.322	0.406	4.504E-13	65
seq11	seq98	24.100	242	481	350	0.464	0.691	7.882E-13	64
seq11	seq90	28.100	159	481	338	0.331	0.444	1.043E-12	64
seq11	seq160	43.200	81	481	271	0.129	0.299	1.824E-12	63
seq11	seq196	27.800	193	481	177	0.401	0.904	2.412E-12	63
seq11	seq197	27.800	193	481	177	0.401	0.904	2.412E-12	63
seq11	seq35	29.100	148	481	340	0.308	0.391	2.412E-12	63
seq11	seq97	24.400	235	481	375	0.449	0.627	2.412E-12	63
seq11	seq50	27.300	147	481	556	0.306	0.264	3.191E-12	62
seq11	seq34	29.400	148	481	340	0.308	0.391	5.580E-12	61
seq11	seq7	27.800	147	481	258	0.306	0.535	1.290E-11	60
seq11	seq69	28.400	151	481	260	0.314	0.523	1.290E-11	60
seq11	seq68	23.600	161	481	275	0.335	0.582	6.895E-11	58
seq11	seq99	24.700	163	481	218	0.339	0.711	1.593E-10	57
seq11	seq100	24.700	163	481	421	0.339	0.368	1.593E-10	57
seq11	seq137	23.000	217	481	476	0.451	0.418	4.864E-10	55
seq11	seq134	26.200	160	481	207	0.333	0.647	8.498E-10	54
seq11	seq135	26.200	160	481	207	0.333	0.647	8.498E-10	54
seq11	seq136	26.200	160	481	352	0.333	0.381	8.498E-10	54
seq11	seq177	38.800	85	481	128	0.177	0.641	1.123E-09	54
seq11	seq120	38.000	63	481	131	0.131	0.481	7.907E-09	51
seq11	seq119	38.000	63	481	131	0.131	0.481	1.045E-08	51
seq11	seq67	23.400	198	481	262	0.412	0.748	1.824E-08	50
seq11	seq122	36.500	63	481	145	0.131	0.434	4.208E-08	49
seq11	seq200	40.300	57	481	248	0.119	0.230	7.346E-08	48
seq11	seq86	33.800	65	481	143	0.135	0.455	2.238E-07	46
seq11	seq12	27.000	74	481	100	0.154	0.730	9.000E-07	44
seq11	seq10	27.500	86	481	170	0.170	0.506	1.570E-06	44
seq11	seq83	31.200	48	481	90	0.100	0.533	4.779E-06	42
seq11	seq9	31.300	83	481	169	0.173	0.485	1.454E-05	40
seq11	seq17	24.200	128	481	407	0.266	0.278	2.535E-05	40
seq11	seq140	30.200	85	481	415	0.164	0.205	5.838E-05	38
seq11	seq6	31.300	83	481	169	0.173	0.479	1.018E-04	38
seq11	seq153	26.800	82	481	221	0.135	0.371	1.018E-04	38
seq11	seq154	26.800	82	481	221	0.135	0.371	1.018E-04	38
seq11	seq24	24.000	80	481	153	0.166	0.503	3.094E-04	36
seq199	seq199	100.000	365	365	365	1.000	1.000	1.287E-228	694
seq199	seq19	100.000	191	365	191	0.523	1.000	8.022E-126	397
seq199	seq20	100.000	191	365	191	0.523	1.000	8.022E-126	397
seq199	seq73	74.800	224	365	236	0.611	0.949	1.476E-101	327
seq199	seq157	59.400	180	365	226	0.493	0.796	3.468E-70	235
seq199	seq194	59.200	194	365	240	0.523	0.808	4.736E-70	235
seq199	seq156	59.200	179	365	226	0.490	0.792	1.646E-69	233
seq199	seq102	56.600	180	365	233	0.493	0.773	3.276E-67	227
seq199	seq105	39.000	185	365	230	0.504	0.804	1.423E-41	151
seq199	seq106	39.000	185	365	362	0.504	0.511	1.423E-41	151
seq199	seq7	38.800	170	365	258	0.466	0.647	3.474E-39	144
seq199	seq129	36.300	190	365	378	0.488	0.503	8.671E-39	143
seq199	seq99	38.200	175	365	218	0.479	0.794	1.595E-38	142
seq199	seq100	38.200	175	365	421	0.479	0.411	1.595E-38	142
seq199	seq63	37.300	174	365	205	0.477	0.815	1.735E-35	133
seq199	seq141	30.200	168	365	210	0.444	0.800	1.364E-20	88
seq199	seq69	31.200	173	365	260	0.474	0.627	1.826E-20	87
seq199	seq145	32.800	139	365	588	0.381	0.228	2.557E-18	81
seq199	seq183	31.100	167	365	424	0.458	0.375	1.091E-16	76
seq199	seq191	34.200	147	365	235	0.403	0.613	2.585E-16	74
seq199	seq12	32.200	93	365	100	0.255	0.930	3.446E-16	74
seq199	seq108	26.800	160	365	238	0.425	0.672	1.928E-15	72
seq199	seq120	47.000	68	365	131	0.186	0.519	3.420E-15	71
seq199	seq177	43.600	71	365	128	0.192	0.555	6.063E-15	70
seq199	seq122	42.800	77	365	145	0.211	0.531	6.063E-15	70
seq199	seq119	44.100	68	365	131	0.186	0.519	3.368E-14	68
seq199	seq112	29.100	152	365	514	0.416	0.294	3.368E-14	68
seq199	seq200	42.600	68	365	248	0.186	0.274	4.481E-14	67
seq199	seq130	27.700	169	365	414	0.460	0.408	5.960E-14	67
seq199	seq80	26.400	166	365	408	0.455	0.400	1.864E-13	65
seq199	seq131	26.500	169	365	414	0.460	0.408	3.293E-13	64
seq199	seq61	28.000	197	365	455	0.512	0.433	3.293E-13	64
seq199	seq86	41.100	68	365	143	0.186	0.476	4.377E-13	64
seq199	seq184	28.000	148	365	223	0.405	0.650	4.377E-13	64
seq199	seq144	24.400	180	365	356	0.471	0.506	7.730E-13	63
seq199	seq16	28.400	148	365	212	0.405	0.684	1.027E-12	63
seq199	seq28	28.700	162	365	339	0.444	0.454	1.365E-12	63
seq199	seq83	33.700	80	365	90	0.219	0.889	1.813E-12	62
seq199	seq27	28.700	168	365	339	0.460	0.487	2.408E-12	62
seq199	seq68	22.400	159	365	275	0.433	0.578	3.198E-12	61
seq199	seq89	23.100	151	365	476	0.408	0.317	3.198E-12	61
seq199	seq74	22.500	172	365	409	0.471	0.411	4.248E-12	61
seq199	seq162	22.300	160	365	325	0.438	0.474	5.641E-12	61
seq199	seq163	22.300	160	365	325	0.438	0.474	5.641E-12	61
seq199	seq164	22.300	160	365	325	0.438	0.474	5.641E-12	61
seq199	seq165	22.300	160	365	325	0.438	0.474	5.641E-12	61
seq199	seq166	22.300	160	365	325	0.438	0.474	5.641E-12	61
seq199	seq98	24.100	168	365	350	0.441	0.480	5.641E-12	61
seq199	seq97	24.100	168	365	375	0.441	0.448	5.641E-12	61
seq199	seq109	25.800	145	365	604	0.397	0.230	4.098E-11	58
seq199	seq67	28.900	139	365	262	0.378	0.531	5.438E-11	57
seq199	seq21	25.900	169	365	339	0.463	0.463	7.215E-11	57
seq199	seq75	26.800	156	365	617	0.378	0.253	1.270E-10	56
seq199	seq30	35.500	90	365	167	0.236	0.539	1.685E-10	56
seq199	seq50	17.700	176	365	556	0.463	0.317	2.235E-10	55
seq199	seq180	34.600	75	365	120	0.205	0.592	3.932E-10	55
seq199	seq90	26.100	140	365	338	0.384	0.405	9.168E-10	53
seq199	seq187	26.300	150	365	456	0.411	0.318	1.216E-09	53
seq199	seq8	25.000	142	365	339	0.389	0.395	2.137E-09	52
seq199	seq62	29.500	71	365	281	0.189	0.253	2.832E-09	52
seq199	seq6	29.900	107	365	169	0.293	0.562	3.754E-09	51
seq199	seq9	28.500	90	365	169	0.247	0.527	3.754E-09	51
seq199	seq35	29.900	162	365	340	0.444	0.459	3.754E-09	51
seq199	seq13	32.800	73	365	171	0.200	0.421	4.976E-09	51
seq199	seq47	20.700	187	365	383	0.512	0.478	4.976E-09	51
seq199	seq37	30.000	138	365	255	0.378	0.522	6.595E-09	51
seq199	seq52	23.700	183	365	375	0.460	0.488	1.158E-08	50
seq199	seq34	27.500	162	365	340	0.444	0.459	1.535E-08	49
seq199	seq23	22.100	205	365	372	0.496	0.551	1.535E-08	49
seq199	seq152	27.600	76	365	132	0.205	0.576	1.456E-07	46
seq199	seq24	30.900	84	365	153	0.230	0.477	1.928E-07	46
seq199	seq10	28.500	77	365	170	0.205	0.453	1.928E-07	46
seq199	seq188	21.200	185	365	356	0.499	0.520	1.928E-07	46
seq199	seq126	19.200	179	365	307	0.490	0.557	3.382E-07	45
seq199	seq171	33.800	71	365	92	0.192	0.772	1.040E-06	44
seq199	seq172	33.800	71	365	92	0.192	0.772	1.040E-06	44
seq199	seq173	33.800	71	365	92	0.192	0.772	1.040E-06	44
seq199	seq174	33.800	71	365	92	0.192	0.772	1.040E-06	44
seq199	seq38	32.700	112	365	179	0.282	0.626	3.193E-06	42
seq199	seq77	22.000	148	365	310	0.386	0.477	3.193E-06	42
seq199	seq33	27.700	72	365	323	0.195	0.223	3.193E-06	42
seq199	seq26	24.600	73	365	148	0.178	0.493	3.977E-05	38
seq133	seq133	100.000	434	434	434	1.000	1.000	2.307E-282	853
seq133	seq85	31.500	56	434	382	0.129	0.144	1.453E-07	47
seq6	seq6	100.000	169	169	169	1.000	1.000	9.417E-101	314
seq6	seq9	88.000	92	169	169	0.544	0.544	4.186E-49	165
seq6	seq140	76.400	85	169	415	0.503	0.205	1.148E-39	138
seq6	seq190	66.600	84	169	404	0.497	0.208	1.304E-34	123
seq6	seq130	35.400	79	169	414	0.462	0.191	5.691E-12	57
seq6	seq131	35.400	79	169	414	0.462	0.191	5.691E-12	57
seq6	seq183	31.800	88	169	424	0.515	0.208	6.614E-11	54
seq6	seq75	34.400	87	169	617	0.509	0.141	8.981E-11	53
seq6	seq188	40.200	67	169	356	0.385	0.188	2.247E-10	52
seq6	seq134	30.000	90	169	207	0.533	0.406	5.614E-10	51
seq6	seq135	30.000	90	169	207	0.533	0.406	5.614E-10	51
seq6	seq141	32.500	83	169	210	0.479	0.395	5.614E-10	51
seq6	seq136	30.000	90	169	352	0.533	0.239	5.614E-10	51
seq6	seq129	28.100	108	169	378	0.639	0.286	2.573E-09	49
seq6	seq98	38.800	72	169	350	0.414	0.206	3.488E-09	49
seq6	seq97	38.800	72	169	375	0.414	0.192	3.488E-09	49
seq6	seq180	36.000	75	169	120	0.432	0.625	4.726E-09	48
seq6	seq177	32.500	80	169	128	0.462	0.625	1.174E-08	47
seq6	seq19	32.000	79	169	191	0.462	0.414	1.174E-08	47
seq6	seq20	32.000	79	169	191	0.462	0.414	1.174E-08	47
seq6	seq199	32.000	79	169	365	0.462	0.216	1.174E-08	47
seq6	seq171	38.600	75	169	92	0.432	0.815	2.153E-08	46
seq6	seq172	38.600	75	169	92	0.432	0.815	2.153E-08	46
seq6	seq173	38.600	75	169	92	0.432	0.815	2.153E-08	46
seq6	seq174	38.600	75	169	92	0.432	0.815	2.153E-08	46
seq6	seq195	35.400	79	169	191	0.467	0.377	2.153E-08	46
seq6	seq39	27.000	74	169	378	0.432	0.196	2.153E-08	46
seq6	seq196	30.000	80	169	177	0.473	0.418	7.213E-08	45
seq6	seq197	30.000	80	169	177	0.473	0.418	7.213E-08	45
seq6	seq73	29.400	95	169	236	0.503	0.403	7.213E-08	45
seq6	seq102	30.000	88	169	233	0.515	0.378	9.754E-08	44
seq6	seq109	31.100	102	169	604	0.604	0.169	9.754E-08	44
seq6	seq194	28.300	79	169	240	0.462	0.329	1.783E-07	44
seq6	seq1	30.100	81	169	98	0.479	0.776	2.409E-07	43
seq6	seq53	25.600	74	169	600	0.432	0.123	2.409E-07	43
seq6	seq100	26.900	123	169	421	0.669	0.292	3.254E-07	43
seq6	seq99	24.000	78	169	218	0.456	0.358	5.936E-07	42
seq6	seq185	32.400	73	169	247	0.420	0.296	5.936E-07	42
seq6	seq29	35.100	89	169	267	0.462	0.333	5.936E-07	42
seq6	seq160	33.300	69	169	271	0.402	0.255	5.936E-07	42
seq6	seq162	45.800	48	169	325	0.272	0.148	5.936E-07	42
seq6	seq163	45.800	48	169	325	0.272	0.148	5.936E-07	42
seq6	seq164	45.800	48	169	325	0.272	0.148	5.936E-07	42
seq6	seq165	45.800	48	169	325	0.272	0.148	5.936E-07	42
seq6	seq166	45.800	48	169	325	0.272	0.148	5.936E-07	42
seq6	seq145	33.300	69	169	588	0.391	0.117	5.936E-07	42
seq6	seq7	30.400	80	169	258	0.467	0.310	1.082E-06	41
seq6	seq126	28.800	95	169	307	0.562	0.309	1.082E-06	41
seq6	seq12	27.200	76	169	100	0.444	0.760	1.460E-06	41
seq6	seq47	35.200	68	169	383	0.361	0.178	1.969E-06	40
seq6	seq89	43.700	48	169	476	0.272	0.101	1.969E-06	40
seq6	seq78	30.500	72	169	485	0.414	0.148	2.656E-06	40
seq6	seq70	29.100	72	169	416	0.414	0.173	3.581E-06	40
seq6	seq112	33.800	62	169	514	0.355	0.121	4.827E-06	39
seq6	seq68	31.200	64	169	275	0.367	0.233	8.764E-06	38
seq6	seq86	36.800	57	169	143	0.325	0.399	1.180E-05	38
seq6	seq11	32.800	67	169	481	0.391	0.139	1.180E-05	38
seq6	seq105	27.200	76	169	230	0.444	0.330	1.589E-05	38
seq6	seq106	27.200	76	169	362	0.444	0.210	1.589E-05	38
seq6	seq71	28.700	73	169	481	0.426	0.152	2.140E-05	37
seq6	seq69	30.800	66	169	260	0.391	0.254	7.007E-05	36
seq6	seq30	32.100	56	169	167	0.320	0.335	1.266E-04	35
seq6	seq27	30.500	72	169	339	0.426	0.195	5.524E-04	33
seq145	seq145	100.000	588	588	588	1.000	1.000	0.000E+00	1153
seq145	seq109	42.300	531	588	604	0.903	0.748	8.730E-106	349
seq145	seq112	37.400	536	588	514	0.912	0.953	1.118E-87	296
seq145	seq71	35.700	544	588	481	0.925	0.936	1.118E-79	272
seq145	seq78	36.200	536	588	485	0.912	0.918	1.118E-79	272
seq145	seq11	34.800	546	588	481	0.929	0.942	2.894E-70	244
seq145	seq70	35.800	465	588	416	0.791	0.940	5.742E-59	210
seq145	seq1	71.000	83	588	98	0.141	0.847	8.408E-34	132
seq145	seq61	23.500	535	588	455	0.910	0.807	8.131E-32	126
seq145	seq199	27.900	212	588	365	0.361	0.570	9.285E-18	81
seq145	seq160	44.200	94	588	271	0.158	0.347	1.227E-17	80
seq145	seq185	29.600	176	588	247	0.299	0.709	2.833E-17	79
seq145	seq19	32.800	139	588	191	0.228	0.728	3.744E-17	79
seq145	seq20	32.800	139	588	191	0.228	0.728	3.744E-17	79
seq145	seq187	23.500	523	588	456	0.889	0.890	3.744E-17	79
seq145	seq47	28.800	177	588	383	0.296	0.462	1.142E-16	77
seq145	seq157	27.400	202	588	226	0.344	0.894	2.634E-16	76
seq145	seq156	28.100	172	588	226	0.286	0.761	1.060E-15	74
seq145	seq73	30.100	190	588	236	0.323	0.792	1.060E-15	74
seq145	seq63	29.200	150	588	205	0.255	0.722	9.833E-15	71
seq145	seq194	29.600	155	588	240	0.255	0.646	1.299E-14	70
seq145	seq37	28.500	174	588	255	0.296	0.678	1.716E-14	70
seq145	seq21	28.500	172	588	339	0.293	0.496	1.716E-14	70
seq145	seq97	30.700	148	588	375	0.248	0.395	1.716E-14	70
seq145	seq14	29.200	187	588	246	0.318	0.760	2.266E-14	70
seq145	seq75	28.100	196	588	617	0.287	0.318	2.266E-14	70
seq145	seq8	24.500	179	588	339	0.304	0.516	3.953E-14	69
seq145	seq27	26.800	172	588	339	0.293	0.496	5.221E-14	68
seq145	seq131	30.000	158	588	414	0.269	0.382	6.895E-14	68
seq145	seq196	24.300	152	588	177	0.259	0.757	9.106E-14	68
seq145	seq197	24.300	152	588	177	0.259	0.757	9.106E-14	68
seq145	seq7	29.400	158	588	258	0.269	0.593	1.203E-13	67
seq145	seq118	43.600	71	588	248	0.121	0.286	1.588E-13	67
seq145	seq183	28.700	159	588	424	0.270	0.375	1.588E-13	67
seq145	seq28	26.800	172	588	339	0.293	0.496	2.770E-13	66
seq145	seq188	25.700	188	588	356	0.291	0.528	2.770E-13	66
seq145	seq98	28.000	159	588	350	0.248	0.454	6.378E-13	65
seq145	seq36	25.300	200	588	270	0.313	0.741	8.422E-13	64
seq145	seq141	26.100	172	588	210	0.269	0.819	1.112E-12	64
seq145	seq89	27.900	153	588	476	0.245	0.321	1.939E-12	63
seq145	seq134	24.600	127	588	207	0.216	0.575	2.560E-12	63
seq145	seq135	24.600	127	588	207	0.216	0.575	2.560E-12	63
seq145	seq136	24.600	127	588	352	0.216	0.338	2.560E-12	63
seq145	seq129	26.900	169	588	378	0.260	0.447	2.560E-12	63
seq145	seq130	28.700	158	588	414	0.269	0.382	2.560E-12	63
seq145	seq127	44.100	77	588	414	0.131	0.181	2.560E-12	63
seq145	seq186	23.900	191	588	235	0.301	0.813	3.380E-12	63
seq145	seq67	27.300	178	588	262	0.287	0.679	4.463E-12	62
seq145	seq80	27.600	140	588	408	0.236	0.343	1.027E-11	61
seq145	seq68	37.600	85	588	275	0.145	0.309	1.356E-11	61
seq145	seq99	25.600	151	588	218	0.252	0.693	3.120E-11	59
seq145	seq90	30.300	149	588	338	0.250	0.441	3.120E-11	59
seq145	seq114	24.500	153	588	382	0.250	0.401	3.120E-11	59
seq145	seq100	25.600	151	588	421	0.252	0.359	3.120E-11	59
seq145	seq74	26.500	173	588	409	0.294	0.418	2.877E-10	56
seq145	seq35	26.300	179	588	340	0.304	0.512	3.798E-10	56
seq145	seq180	33.600	91	588	120	0.148	0.758	1.400E-08	51
seq145	seq34	28.000	147	588	340	0.250	0.421	1.400E-08	51
seq145	seq152	33.800	62	588	132	0.105	0.470	1.848E-08	50
seq145	seq13	34.900	83	588	171	0.141	0.468	2.439E-08	50
seq145	seq33	29.200	82	588	323	0.139	0.254	2.439E-08	50
seq145	seq120	45.000	60	588	131	0.100	0.458	5.604E-08	49
seq145	seq177	38.000	70	588	128	0.119	0.547	7.396E-08	48
seq145	seq119	43.300	60	588	131	0.100	0.458	1.288E-07	48
seq145	seq122	30.200	118	588	145	0.201	0.703	1.699E-07	47
seq145	seq126	27.200	163	588	307	0.277	0.515	2.959E-07	46
seq145	seq86	39.600	53	588	143	0.090	0.371	6.797E-07	45
seq145	seq9	33.300	69	588	169	0.117	0.391	8.968E-07	45
seq145	seq200	33.800	62	588	248	0.105	0.250	1.183E-06	44
seq145	seq140	32.900	78	588	415	0.133	0.186	1.183E-06	44
seq145	seq83	31.100	75	588	90	0.128	0.811	1.561E-06	44
seq145	seq153	30.600	87	588	221	0.148	0.385	4.731E-06	42
seq145	seq154	30.600	87	588	221	0.148	0.385	4.731E-06	42
seq145	seq111	32.400	77	588	347	0.131	0.222	8.234E-06	42
seq145	seq12	39.200	51	588	100	0.085	0.510	1.086E-05	41
seq145	seq113	29.500	71	588	546	0.119	0.130	7.555E-05	38
seq145	seq79	34.200	73	588	247	0.124	0.275	2.288E-04	37
seq23	seq23	100.000	372	372	372	1.000	1.000	9.979E-249	752
seq23	seq52	72.600	374	372	375	0.978	0.997	2.789E-178	549
seq23	seq111	41.200	335	372	347	0.882	0.965	2.006E-79	263
seq23	seq98	26.100	186	372	350	0.500	0.489	2.005E-14	68
seq23	seq47	30.700	91	372	383	0.245	0.238	3.342E-12	61
seq23	seq50	25.800	208	372	556	0.559	0.340	1.037E-11	60
seq23	seq97	24.000	186	372	375	0.500	0.427	1.827E-11	59
seq23	seq112	26.100	201	372	514	0.540	0.356	5.659E-11	57
seq23	seq141	22.300	191	372	210	0.513	0.848	9.511E-10	53
seq23	seq71	26.100	214	372	481	0.575	0.387	1.261E-09	53
seq23	seq73	24.000	181	372	236	0.487	0.678	1.671E-09	53
seq23	seq102	21.500	175	372	233	0.470	0.652	5.153E-09	51
seq23	seq120	33.300	81	372	131	0.218	0.611	6.828E-09	51
seq23	seq184	22.500	226	372	223	0.608	0.924	9.046E-09	50
seq23	seq187	31.200	80	372	456	0.215	0.175	9.046E-09	50
seq23	seq37	22.600	232	372	255	0.624	0.796	1.198E-08	50
seq23	seq16	31.000	87	372	212	0.234	0.410	1.588E-08	49
seq23	seq19	22.100	205	372	191	0.551	0.948	2.786E-08	49
seq23	seq20	22.100	205	372	191	0.551	0.948	2.786E-08	49
seq23	seq199	22.100	205	372	365	0.551	0.496	2.786E-08	49
seq23	seq122	32.000	81	372	145	0.218	0.552	3.690E-08	48
seq23	seq119	30.800	81	372	131	0.218	0.611	8.572E-08	47
seq23	seq109	31.400	70	372	604	0.172	0.116	1.503E-07	46
seq23	seq33	34.700	72	372	323	0.194	0.223	1.990E-07	46
seq23	seq83	32.200	59	372	90	0.159	0.656	8.095E-07	44
seq23	seq105	32.800	67	372	230	0.172	0.291	1.072E-06	44
seq23	seq106	32.800	67	372	362	0.172	0.185	1.072E-06	44
seq23	seq24	24.300	82	372	153	0.220	0.536	2.485E-06	42
seq23	seq26	24.300	82	372	148	0.220	0.554	3.289E-06	42
seq23	seq193	25.300	83	372	241	0.223	0.311	1.009E-05	40
seq23	seq21	27.700	72	372	339	0.194	0.212	1.766E-05	40
seq23	seq190	26.700	118	372	404	0.317	0.282	5.410E-05	38
seq23	seq74	20.100	188	372	409	0.505	0.391	5.410E-05	38
seq23	seq41	31.400	87	372	221	0.234	0.348	7.157E-05	38
seq23	seq89	25.300	127	372	476	0.341	0.237	7.157E-05	38
seq23	seq113	29.700	73	372	546	0.196	0.125	1.657E-04	36
seq23	seq69	30.600	49	372	260	0.132	0.188	6.704E-04	34
seq89	seq89	100.000	476	476	476	1.000	1.000	5.869E-320	964
seq89	seq78	31.200	172	476	485	0.361	0.346	4.395E-18	81
seq89	seq47	26.500	338	476	383	0.647	0.883	1.799E-17	79
seq89	seq187	30.700	186	476	456	0.391	0.399	2.385E-17	79
seq89	seq109	31.200	158	476	604	0.332	0.248	5.551E-17	78
seq89	seq144	29.600	164	476	356	0.334	0.461	6.978E-16	74
seq89	seq68	30.200	173	476	275	0.340	0.629	6.597E-15	71
seq89	seq37	28.500	191	476	255	0.401	0.745	1.156E-14	70
seq89	seq162	28.000	163	476	325	0.342	0.477	6.217E-14	68
seq89	seq163	28.000	163	476	325	0.342	0.477	6.217E-14	68
seq89	seq164	28.000	163	476	325	0.342	0.477	6.217E-14	68
seq89	seq165	28.000	163	476	325	0.342	0.477	6.217E-14	68
seq89	seq166	28.000	163	476	325	0.342	0.477	6.217E-14	68
seq89	seq145	27.600	166	476	588	0.349	0.272	1.441E-13	66
seq89	seq67	29.300	162	476	262	0.340	0.611	1.907E-13	66
seq89	seq36	26.700	158	476	270	0.313	0.585	5.843E-13	64
seq89	seq19	22.200	191	476	191	0.401	0.974	7.730E-13	64
seq89	seq20	22.200	191	476	191	0.401	0.974	7.730E-13	64
seq89	seq157	30.500	151	476	226	0.317	0.659	7.730E-13	64
seq89	seq199	22.200	191	476	365	0.401	0.510	7.730E-13	64
seq89	seq90	28.900	170	476	338	0.303	0.503	1.023E-12	64
seq89	seq156	30.700	150	476	226	0.315	0.655	1.353E-12	63
seq89	seq105	25.500	185	476	230	0.387	0.804	2.367E-12	63
seq89	seq106	25.500	185	476	362	0.387	0.511	2.367E-12	63
seq89	seq102	30.200	137	476	233	0.288	0.571	1.676E-11	60
seq89	seq186	29.000	129	476	235	0.271	0.545	2.216E-11	59
seq89	seq73	24.600	159	476	236	0.334	0.661	5.123E-11	58
seq89	seq185	25.200	197	476	247	0.414	0.789	8.957E-11	57
seq89	seq97	27.300	159	476	375	0.334	0.405	1.184E-10	57
seq89	seq183	32.400	143	476	424	0.300	0.318	1.184E-10	57
seq89	seq29	26.800	178	476	267	0.361	0.667	2.736E-10	56
seq89	seq114	30.600	161	476	382	0.338	0.416	3.617E-10	55
seq89	seq99	23.100	197	476	218	0.414	0.904	6.321E-10	55
seq89	seq100	23.100	197	476	421	0.414	0.468	6.321E-10	55
seq89	seq98	25.800	163	476	350	0.334	0.466	8.356E-10	54
seq89	seq180	36.500	81	476	120	0.170	0.658	1.460E-09	53
seq89	seq177	35.000	77	476	128	0.162	0.578	2.550E-09	53
seq89	seq69	26.600	187	476	260	0.393	0.685	4.455E-09	52
seq89	seq24	38.300	83	476	153	0.174	0.542	1.028E-08	51
seq89	seq63	22.700	149	476	205	0.313	0.673	1.028E-08	51
seq89	seq7	23.600	161	476	258	0.338	0.609	3.135E-08	49
seq89	seq70	31.700	84	476	416	0.176	0.188	5.474E-08	48
seq89	seq122	29.500	99	476	145	0.200	0.683	7.233E-08	48
seq89	seq120	35.700	70	476	131	0.145	0.534	2.204E-07	46
seq89	seq26	32.900	84	476	148	0.176	0.554	2.204E-07	46
seq89	seq119	34.200	70	476	131	0.145	0.534	5.082E-07	45
seq89	seq13	31.900	72	476	171	0.149	0.421	5.082E-07	45
seq89	seq200	39.200	51	476	248	0.107	0.206	8.868E-07	44
seq89	seq103	27.900	85	476	216	0.179	0.366	6.221E-06	42
seq89	seq33	22.500	235	476	323	0.357	0.728	6.221E-06	42
seq89	seq86	37.000	62	476	143	0.128	0.434	8.217E-06	41
seq89	seq1	28.500	90	476	98	0.189	0.898	2.500E-05	40
seq89	seq17	26.500	130	476	407	0.273	0.283	2.500E-05	40
seq89	seq152	33.800	59	476	132	0.124	0.417	3.302E-05	39
seq89	seq84	31.600	77	476	282	0.162	0.262	5.758E-05	38
seq89	seq196	27.800	79	476	177	0.166	0.435	1.751E-04	37
seq89	seq197	27.800	79	476	177	0.166	0.435	1.751E-04	37
seq89	seq91	33.300	61	476	530	0.128	0.109	5.322E-04	35
seq89	seq92	33.300	61	476	530	0.128	0.109	5.322E-04	35
seq43	seq42	100.000	338	338	338	1.000	1.000	3.743E-226	685
seq43	seq43	100.000	338	338	338	1.000	1.000	3.743E-226	685
seq43	seq44	100.000	338	338	338	1.000	1.000	3.743E-226	685
seq43	seq45	100.000	338	338	338	1.000	1.000	3.743E-226	685
seq43	seq46	100.000	338	338	338	1.000	1.000	3.743E-226	685
seq43	seq3	99.700	338	338	391	1.000	0.864	1.320E-225	683
seq174	seq171	100.000	92	92	92	1.000	1.000	7.985E-64	203
seq174	seq172	100.000	92	92	92	1.000	1.000	7.985E-64	203
seq174	seq173	100.000	92	92	92	1.000	1.000	7.985E-64	203
seq174	seq174	100.000	92	92	92	1.000	1.000	7.985E-64	203
seq174	seq180	46.000	89	92	120	0.913	0.742	2.602E-22	83
seq174	seq170	41.500	88	92	124	0.957	0.677	2.782E-19	75
seq174	seq139	37.600	77	92	128	0.837	0.562	2.170E-16	66
seq174	seq138	37.600	77	92	128	0.837	0.562	4.091E-16	66
seq174	seq185	37.600	85	92	247	0.902	0.344	4.763E-14	60
seq174	seq127	36.500	82	92	414	0.891	0.198	4.763E-14	60
seq174	seq130	36.500	82	92	414	0.891	0.198	6.540E-14	59
seq174	seq178	32.900	79	92	127	0.859	0.583	3.193E-13	57
seq174	seq98	32.000	75	92	350	0.815	0.214	4.385E-13	57
seq174	seq97	32.000	75	92	375	0.815	0.200	4.385E-13	57
seq174	seq146	36.500	81	92	202	0.880	0.386	8.268E-13	56
seq174	seq147	36.500	81	92	202	0.880	0.386	8.268E-13	56
seq174	seq148	36.500	81	92	202	0.880	0.386	8.268E-13	56
seq174	seq149	36.500	81	92	202	0.880	0.386	8.268E-13	56
seq174	seq150	36.500	81	92	202	0.880	0.386	8.268E-13	56
seq174	seq151	36.500	81	92	248	0.880	0.315	8.268E-13	56
seq174	seq80	34.100	79	92	408	0.859	0.194	8.268E-13	56
seq174	seq152	31.300	86	92	132	0.935	0.652	1.559E-12	55
seq174	seq115	33.700	77	92	245	0.837	0.298	4.037E-12	54
seq174	seq108	32.100	84	92	238	0.913	0.349	5.543E-12	54
seq174	seq9	38.600	75	92	169	0.815	0.432	7.611E-12	53
seq174	seq74	35.300	82	92	409	0.891	0.198	7.611E-12	53
seq174	seq12	31.500	76	92	100	0.826	0.750	1.045E-11	53
seq174	seq191	29.800	87	92	235	0.946	0.370	1.045E-11	53
seq174	seq75	31.600	75	92	617	0.815	0.120	1.045E-11	53
seq174	seq6	38.600	75	92	169	0.815	0.432	2.706E-11	52
seq174	seq129	27.800	79	92	378	0.859	0.206	2.706E-11	52
seq174	seq193	31.100	77	92	241	0.837	0.286	3.715E-11	51
seq174	seq160	31.700	80	92	271	0.848	0.295	5.101E-11	51
seq174	seq126	31.000	74	92	307	0.804	0.235	7.004E-11	51
seq174	seq67	30.700	78	92	262	0.848	0.298	9.618E-11	50
seq174	seq19	32.000	75	92	191	0.815	0.387	1.813E-10	49
seq174	seq20	32.000	75	92	191	0.815	0.387	1.813E-10	49
seq174	seq199	32.000	75	92	365	0.815	0.203	1.813E-10	49
seq174	seq36	30.700	78	92	270	0.848	0.289	2.489E-10	49
seq174	seq186	28.300	81	92	235	0.880	0.345	3.418E-10	49
seq174	seq10	32.800	73	92	170	0.793	0.424	6.443E-10	48
seq174	seq183	32.900	79	92	424	0.859	0.186	6.443E-10	48
seq174	seq37	33.700	74	92	255	0.750	0.290	8.846E-10	48
seq174	seq73	33.300	69	92	236	0.707	0.292	1.532E-08	44
seq174	seq69	30.100	73	92	260	0.793	0.227	1.532E-08	44
seq174	seq153	31.100	74	92	221	0.804	0.321	2.103E-08	44
seq174	seq154	31.100	74	92	221	0.804	0.321	2.103E-08	44
seq174	seq162	26.500	83	92	325	0.859	0.255	3.961E-08	43
seq174	seq163	26.500	83	92	325	0.859	0.255	3.961E-08	43
seq174	seq164	26.500	83	92	325	0.859	0.255	3.961E-08	43
seq174	seq165	26.500	83	92	325	0.859	0.255	3.961E-08	43
seq174	seq166	26.500	83	92	325	0.859	0.255	3.961E-08	43
seq174	seq145	24.000	79	92	588	0.859	0.134	3.961E-08	43
seq174	seq141	30.200	76	92	210	0.826	0.357	1.929E-07	41
seq174	seq34	30.200	76	92	340	0.826	0.206	4.984E-07	40
seq174	seq113	27.500	87	92	546	0.880	0.159	6.838E-07	39
seq174	seq111	27.300	84	92	347	0.837	0.242	1.287E-06	38
seq174	seq35	29.400	76	92	340	0.826	0.206	2.422E-06	38
seq174	seq29	30.600	73	92	267	0.793	0.273	4.154E-05	34
seq174	seq52	25.000	68	92	375	0.717	0.181	1.069E-04	33
seq143	seq143	100.000	364	364	364	1.000	1.000	6.541E-229	694
seq143	seq175	51.300	251	364	324	0.690	0.765	1.051E-56	196
seq143	seq176	51.300	251	364	324	0.690	0.765	1.051E-56	196
seq143	seq116	39.000	100	364	209	0.269	0.478	5.916E-14	67
seq143	seq117	39.000	100	364	209	0.269	0.478	5.916E-14	67
seq66	seq66	100.000	185	185	185	1.000	1.000	1.272E-122	377
seq66	seq72	72.700	180	185	181	0.968	0.994	1.413E-83	265
seq66	seq25	68.200	185	185	183	1.000	0.989	5.827E-78	249
seq66	seq51	52.000	148	185	168	0.800	0.875	8.346E-46	156
seq66	seq192	43.600	177	185	341	0.924	0.519	2.422E-34	123
seq66	seq2	45.900	133	185	194	0.719	0.686	2.673E-32	117
seq109	seq109	100.000	604	604	604	1.000	1.000	0.000E+00	1132
seq109	seq145	41.800	540	604	588	0.763	0.918	1.027E-98	329
seq109	seq71	46.100	458	604	481	0.758	0.915	4.918E-96	321
seq109	seq78	44.500	458	604	485	0.758	0.918	2.021E-92	310
seq109	seq112	39.400	502	604	514	0.778	0.977	6.044E-87	294
seq109	seq11	40.800	458	604	481	0.758	0.909	6.849E-80	273
seq109	seq70	44.300	388	604	416	0.636	0.933	5.703E-65	229
seq109	seq1	100.000	98	604	98	0.162	1.000	4.230E-56	202
seq109	seq61	28.700	460	604	455	0.762	0.835	2.750E-44	166
seq109	seq47	25.100	507	604	383	0.839	0.979	6.457E-20	88
seq109	seq187	25.800	496	604	456	0.821	0.976	3.445E-19	85
seq109	seq160	52.400	82	604	271	0.136	0.299	4.554E-19	85
seq109	seq185	29.400	170	604	247	0.281	0.680	2.766E-16	76
seq109	seq162	32.300	165	604	325	0.273	0.502	1.469E-15	74
seq109	seq163	32.300	165	604	325	0.273	0.502	1.469E-15	74
seq109	seq164	32.300	165	604	325	0.273	0.502	1.469E-15	74
seq109	seq165	32.300	165	604	325	0.273	0.502	1.469E-15	74
seq109	seq166	32.300	165	604	325	0.273	0.502	1.469E-15	74
seq109	seq89	31.800	158	604	476	0.248	0.332	5.903E-15	72
seq109	seq37	26.800	174	604	255	0.288	0.675	7.796E-15	71
seq109	seq118	43.600	71	604	248	0.118	0.286	1.360E-14	70
seq109	seq188	22.800	450	604	356	0.745	0.921	5.459E-14	68
seq109	seq186	28.300	159	604	235	0.245	0.677	5.043E-13	65
seq109	seq8	26.600	180	604	339	0.298	0.516	5.043E-13	65
seq109	seq16	29.400	165	604	212	0.273	0.769	1.161E-12	64
seq109	seq157	28.400	164	604	226	0.263	0.726	1.532E-12	64
seq109	seq80	29.400	185	604	408	0.285	0.453	2.023E-12	63
seq109	seq127	32.200	159	604	414	0.257	0.384	2.023E-12	63
seq109	seq183	29.400	145	604	424	0.238	0.342	2.023E-12	63
seq109	seq14	39.700	78	604	246	0.129	0.317	2.670E-12	63
seq109	seq156	29.100	156	604	226	0.250	0.690	8.109E-12	61
seq109	seq21	25.000	188	604	339	0.298	0.555	1.413E-11	61
seq109	seq114	30.400	158	604	382	0.237	0.414	1.865E-11	60
seq109	seq184	27.100	179	604	223	0.296	0.794	2.462E-11	60
seq109	seq195	29.400	146	604	191	0.242	0.665	3.249E-11	59
seq109	seq39	25.800	201	604	378	0.329	0.532	5.661E-11	59
seq109	seq68	37.000	89	604	275	0.147	0.324	7.472E-11	58
seq109	seq102	26.000	183	604	233	0.303	0.764	9.862E-11	58
seq109	seq105	28.400	180	604	230	0.288	0.783	1.302E-10	57
seq109	seq106	28.400	180	604	362	0.288	0.497	1.302E-10	57
seq109	seq129	26.800	163	604	378	0.242	0.431	1.302E-10	57
seq109	seq36	26.200	186	604	270	0.283	0.689	2.992E-10	56
seq109	seq144	29.200	159	604	356	0.242	0.447	3.949E-10	56
seq109	seq73	27.000	158	604	236	0.252	0.669	6.878E-10	55
seq109	seq134	28.400	127	604	207	0.210	0.575	9.077E-10	55
seq109	seq135	28.400	127	604	207	0.210	0.575	9.077E-10	55
seq109	seq136	28.400	127	604	352	0.210	0.338	9.077E-10	55
seq109	seq69	26.900	160	604	260	0.265	0.600	1.198E-09	54
seq109	seq97	28.000	146	604	375	0.238	0.389	1.581E-09	54
seq109	seq137	29.300	164	604	476	0.272	0.332	1.581E-09	54
seq109	seq98	37.500	72	604	350	0.119	0.206	2.086E-09	53
seq109	seq191	27.500	171	604	235	0.281	0.728	3.633E-09	53
seq109	seq50	25.100	155	604	556	0.238	0.279	3.633E-09	53
seq109	seq26	36.700	79	604	148	0.131	0.534	4.794E-09	52
seq109	seq19	27.200	145	604	191	0.230	0.759	4.794E-09	52
seq109	seq20	27.200	145	604	191	0.230	0.759	4.794E-09	52
seq109	seq194	27.600	181	604	240	0.285	0.754	4.794E-09	52
seq109	seq199	27.200	145	604	365	0.230	0.397	4.794E-09	52
seq109	seq74	36.500	63	604	409	0.104	0.154	4.794E-09	52
seq109	seq75	25.800	169	604	617	0.242	0.274	4.794E-09	52
seq109	seq83	40.000	75	604	90	0.124	0.811	1.102E-08	51
seq109	seq120	44.200	69	604	131	0.114	0.511	2.531E-08	50
seq109	seq177	34.700	72	604	128	0.119	0.562	3.339E-08	49
seq109	seq13	37.500	72	604	171	0.119	0.421	4.406E-08	49
seq109	seq119	44.200	69	604	131	0.114	0.511	7.670E-08	48
seq109	seq63	25.000	145	604	205	0.240	0.698	7.670E-08	48
seq109	seq52	30.600	74	604	375	0.123	0.184	1.335E-07	48
seq109	seq152	30.300	79	604	132	0.131	0.598	1.762E-07	47
seq109	seq24	38.300	73	604	153	0.121	0.477	1.762E-07	47
seq109	seq99	27.400	137	604	218	0.222	0.628	4.046E-07	46
seq109	seq190	30.800	81	604	404	0.134	0.191	4.046E-07	46
seq109	seq100	27.400	137	604	421	0.222	0.325	4.046E-07	46
seq109	seq86	43.800	57	604	143	0.094	0.399	5.338E-07	46
seq109	seq23	31.400	70	604	372	0.116	0.172	5.338E-07	46
seq109	seq111	39.600	53	604	347	0.088	0.147	7.042E-07	45
seq109	seq6	31.600	98	604	169	0.162	0.538	1.226E-06	44
seq109	seq30	30.900	84	604	167	0.139	0.503	2.814E-06	43
seq109	seq9	30.500	72	604	169	0.119	0.414	3.712E-06	43
seq109	seq79	38.300	60	604	247	0.099	0.231	5.922E-05	39
seq109	seq161	31.700	63	604	246	0.104	0.252	4.113E-04	36
seq109	seq110	35.700	56	604	230	0.093	0.217	5.425E-04	36
seq109	seq17	24.500	147	604	407	0.243	0.346	5.425E-04	36
seq190	seq190	100.000	404	404	404	1.000	1.000	3.369E-242	735
seq190	seq140	41.500	355	404	415	0.879	0.730	1.611E-45	164
seq190	seq6	62.300	93	404	169	0.230	0.550	2.134E-32	125
seq190	seq9	60.200	93	404	169	0.230	0.550	2.317E-31	122
seq190	seq183	35.000	77	404	424	0.188	0.182	1.551E-10	56
seq190	seq141	38.400	78	404	210	0.188	0.371	3.603E-10	55
seq190	seq130	32.000	81	404	414	0.198	0.196	1.466E-09	53
seq190	seq131	32.000	81	404	414	0.198	0.196	1.466E-09	53
seq190	seq75	37.300	80	404	617	0.198	0.130	3.402E-09	52
seq190	seq177	33.700	81	404	128	0.200	0.633	7.891E-09	51
seq190	seq200	29.900	150	404	248	0.371	0.601	7.891E-09	51
seq190	seq188	32.900	96	404	356	0.230	0.270	2.421E-08	49
seq190	seq127	29.600	81	404	414	0.198	0.196	5.609E-08	48
seq190	seq162	35.000	80	404	325	0.193	0.246	1.719E-07	46
seq190	seq163	35.000	80	404	325	0.193	0.246	1.719E-07	46
seq190	seq164	35.000	80	404	325	0.193	0.246	1.719E-07	46
seq190	seq165	35.000	80	404	325	0.193	0.246	1.719E-07	46
seq190	seq166	35.000	80	404	325	0.193	0.246	1.719E-07	46
seq190	seq1	30.800	81	404	98	0.191	0.827	3.979E-07	45
seq190	seq109	30.800	81	404	604	0.191	0.134	3.979E-07	45
seq190	seq86	33.700	76	404	143	0.186	0.531	1.218E-06	44
seq190	seq47	36.700	78	404	383	0.178	0.204	1.218E-06	44
seq190	seq78	30.800	81	404	485	0.191	0.167	2.818E-06	42
seq190	seq7	25.800	118	404	258	0.292	0.415	3.726E-06	42
seq190	seq70	29.800	104	404	416	0.238	0.250	3.726E-06	42
seq190	seq12	26.800	106	404	100	0.262	0.950	4.927E-06	42
seq190	seq160	28.100	103	404	271	0.238	0.380	4.927E-06	42
seq190	seq71	29.200	89	404	481	0.210	0.185	1.139E-05	40
seq190	seq68	35.900	64	404	275	0.153	0.233	2.633E-05	39
seq190	seq27	30.100	73	404	339	0.173	0.215	1.406E-04	37
seq190	seq52	29.900	98	404	375	0.238	0.261	2.456E-04	36
seq190	seq24	32.800	64	404	153	0.153	0.418	3.247E-04	36
seq190	seq28	30.300	56	404	339	0.134	0.165	3.247E-04	36
seq190	seq35	25.300	79	404	340	0.181	0.232	3.247E-04	36
seq190	seq23	28.800	95	404	372	0.230	0.255	3.247E-04	36
seq190	seq74	32.300	65	404	409	0.156	0.159	4.291E-04	35
seq190	seq26	23.100	82	404	148	0.198	0.554	9.907E-04	34
seq116	seq116	100.000	209	209	209	1.000	1.000	8.199E-143	437
seq116	seq117	100.000	209	209	209	1.000	1.000	8.199E-143	437
seq116	seq143	39.000	100	209	364	0.478	0.269	3.387E-16	71
seq116	seq175	42.800	80	209	324	0.383	0.238	7.137E-15	67
seq116	seq176	42.800	80	209	324	0.383	0.238	7.137E-15	67
seq119	seq119	100.000	131	131	131	1.000	1.000	2.213E-88	276
seq119	seq120	92.300	130	131	131	0.992	0.992	1.916E-83	261
seq119	seq122	80.900	126	131	145	0.962	0.869	3.221E-68	218
seq119	seq200	68.200	125	131	248	0.908	0.504	1.461E-49	164
seq119	seq86	64.300	87	131	143	0.664	0.601	1.189E-33	118
seq119	seq105	38.300	86	131	230	0.656	0.357	6.003E-17	70
seq119	seq106	38.300	86	131	362	0.656	0.227	6.003E-17	70
seq119	seq102	42.300	78	131	233	0.595	0.335	2.889E-16	68
seq119	seq7	35.300	82	131	258	0.626	0.318	7.412E-16	67
seq119	seq19	44.100	68	131	191	0.519	0.356	1.015E-15	66
seq119	seq20	44.100	68	131	191	0.519	0.356	1.015E-15	66
seq119	seq199	44.100	68	131	365	0.519	0.186	1.015E-15	66
seq119	seq177	40.700	81	131	128	0.611	0.633	1.901E-15	66
seq119	seq99	42.600	68	131	218	0.519	0.312	3.562E-15	65
seq119	seq156	44.100	68	131	226	0.519	0.301	3.562E-15	65
seq119	seq100	42.600	68	131	421	0.519	0.162	3.562E-15	65
seq119	seq129	38.300	86	131	378	0.656	0.217	4.875E-15	64
seq119	seq157	44.100	68	131	226	0.519	0.301	6.672E-15	64
seq119	seq63	38.200	68	131	205	0.519	0.332	9.132E-15	64
seq119	seq111	39.100	69	131	347	0.527	0.199	1.250E-14	63
seq119	seq73	42.600	68	131	236	0.519	0.288	3.202E-14	62
seq119	seq12	42.300	59	131	100	0.450	0.590	5.995E-14	61
seq119	seq83	40.200	72	131	90	0.550	0.800	8.201E-14	61
seq119	seq194	34.600	75	131	240	0.573	0.312	2.872E-13	59
seq119	seq141	36.800	76	131	210	0.573	0.362	5.373E-13	59
seq119	seq144	42.600	75	131	356	0.565	0.211	7.348E-13	58
seq119	seq180	34.900	83	131	120	0.626	0.692	6.565E-12	55
seq119	seq68	42.000	69	131	275	0.527	0.251	6.565E-12	55
seq119	seq14	43.100	58	131	246	0.443	0.236	8.974E-12	55
seq119	seq67	35.400	93	131	262	0.664	0.355	2.291E-11	54
seq119	seq98	35.700	84	131	350	0.634	0.240	2.291E-11	54
seq119	seq97	36.900	84	131	375	0.626	0.224	4.278E-11	53
seq119	seq13	43.600	55	131	171	0.420	0.322	7.986E-11	52
seq119	seq69	35.600	73	131	260	0.557	0.277	1.091E-10	52
seq119	seq109	44.200	69	131	604	0.511	0.114	1.091E-10	52
seq119	seq24	35.800	81	131	153	0.618	0.458	1.490E-10	51
seq119	seq74	34.700	69	131	409	0.527	0.169	2.780E-10	51
seq119	seq145	31.900	118	131	588	0.779	0.201	2.780E-10	51
seq119	seq162	41.200	63	131	325	0.481	0.194	5.184E-10	50
seq119	seq163	41.200	63	131	325	0.481	0.194	5.184E-10	50
seq119	seq164	41.200	63	131	325	0.481	0.194	5.184E-10	50
seq119	seq165	41.200	63	131	325	0.481	0.194	5.184E-10	50
seq119	seq166	41.200	63	131	325	0.481	0.194	5.184E-10	50
seq119	seq21	38.500	70	131	339	0.534	0.206	5.184E-10	50
seq119	seq33	33.600	92	131	323	0.695	0.285	7.078E-10	49
seq119	seq90	40.900	61	131	338	0.466	0.180	9.663E-10	49
seq119	seq47	33.700	77	131	383	0.580	0.201	9.663E-10	49
seq119	seq9	35.500	75	131	169	0.573	0.438	1.319E-09	49
seq119	seq23	30.800	81	131	372	0.611	0.218	1.801E-09	48
seq119	seq26	33.300	81	131	148	0.618	0.473	2.457E-09	48
seq119	seq52	30.800	81	131	375	0.611	0.216	2.457E-09	48
seq119	seq62	25.300	75	131	281	0.557	0.267	6.243E-09	47
seq119	seq196	35.000	60	131	177	0.458	0.294	1.584E-08	46
seq119	seq197	35.000	60	131	177	0.458	0.294	1.584E-08	46
seq119	seq27	30.700	91	131	339	0.634	0.268	1.584E-08	46
seq119	seq39	32.200	86	131	378	0.656	0.228	2.160E-08	45
seq119	seq187	36.500	63	131	456	0.481	0.138	2.160E-08	45
seq119	seq28	30.700	91	131	339	0.634	0.268	2.946E-08	45
seq119	seq188	34.400	61	131	356	0.466	0.171	2.946E-08	45
seq119	seq183	28.000	109	131	424	0.824	0.257	4.016E-08	44
seq119	seq185	41.000	56	131	247	0.420	0.227	5.474E-08	44
seq119	seq160	33.700	73	131	271	0.557	0.269	5.474E-08	44
seq119	seq8	32.400	77	131	339	0.573	0.227	7.460E-08	44
seq119	seq130	28.700	80	131	414	0.611	0.181	3.500E-07	42
seq119	seq127	26.200	80	131	414	0.611	0.181	6.488E-07	41
seq119	seq34	35.100	73	131	340	0.550	0.215	1.635E-06	40
seq119	seq131	37.500	71	131	414	0.542	0.169	1.635E-06	40
seq119	seq118	29.400	68	131	248	0.519	0.258	2.224E-06	39
seq119	seq35	35.100	73	131	340	0.550	0.215	3.025E-06	39
seq119	seq184	32.200	62	131	223	0.466	0.278	4.114E-06	38
seq119	seq38	34.300	64	131	179	0.427	0.358	1.615E-04	34
seq119	seq60	26.800	97	131	377	0.664	0.257	1.615E-04	34
seq184	seq184	100.000	223	223	223	1.000	1.000	9.940E-148	452
seq184	seq16	89.300	207	223	212	0.928	0.976	9.825E-128	394
seq184	seq191	72.200	209	223	235	0.937	0.889	9.605E-108	337
seq184	seq127	41.500	180	223	414	0.807	0.432	7.255E-37	132
seq184	seq130	39.800	180	223	414	0.807	0.432	2.249E-35	128
seq184	seq80	37.300	180	223	408	0.807	0.439	2.728E-34	124
seq184	seq131	34.900	180	223	414	0.807	0.432	2.924E-32	119
seq184	seq90	36.700	173	223	338	0.776	0.512	8.972E-31	114
seq184	seq114	36.500	173	223	382	0.776	0.450	1.473E-29	111
seq184	seq144	34.600	178	223	356	0.794	0.500	3.929E-27	104
seq184	seq97	35.200	167	223	375	0.749	0.445	5.357E-27	103
seq184	seq183	38.700	154	223	424	0.691	0.361	4.085E-25	98
seq184	seq98	33.100	178	223	350	0.749	0.509	7.581E-25	97
seq184	seq187	29.000	163	223	456	0.731	0.357	7.848E-21	85
seq184	seq50	29.100	205	223	556	0.852	0.369	2.679E-20	83
seq184	seq162	30.300	163	223	325	0.731	0.502	3.640E-20	83
seq184	seq163	30.300	163	223	325	0.731	0.502	3.640E-20	83
seq184	seq164	30.300	163	223	325	0.731	0.502	3.640E-20	83
seq184	seq165	30.300	163	223	325	0.731	0.502	3.640E-20	83
seq184	seq166	30.300	163	223	325	0.731	0.502	3.640E-20	83
seq184	seq47	29.900	175	223	383	0.762	0.457	4.947E-20	83
seq184	seq141	27.700	182	223	210	0.758	0.867	2.289E-19	81
seq184	seq74	32.000	161	223	409	0.722	0.389	3.108E-19	80
seq184	seq37	26.600	214	223	255	0.960	0.780	1.648E-17	75
seq184	seq68	33.600	95	223	275	0.426	0.342	4.675E-16	71
seq184	seq73	26.300	183	223	236	0.812	0.775	1.572E-15	69
seq184	seq19	26.200	176	223	191	0.780	0.921	5.276E-15	68
seq184	seq20	26.200	176	223	191	0.780	0.921	5.276E-15	68
seq184	seq111	26.600	198	223	347	0.717	0.571	5.276E-15	68
seq184	seq199	26.200	176	223	365	0.780	0.482	5.276E-15	68
seq184	seq194	27.800	148	223	240	0.650	0.617	7.139E-15	67
seq184	seq156	26.700	155	223	226	0.682	0.686	1.306E-14	66
seq184	seq157	26.700	155	223	226	0.682	0.686	1.306E-14	66
seq184	seq67	35.200	105	223	262	0.471	0.389	1.767E-14	66
seq184	seq109	25.100	196	223	604	0.879	0.323	1.767E-14	66
seq184	seq102	24.800	155	223	233	0.682	0.665	2.389E-14	66
seq184	seq137	27.300	150	223	476	0.673	0.298	2.389E-14	66
seq184	seq177	39.000	87	223	128	0.390	0.664	7.977E-14	64
seq184	seq77	25.000	151	223	310	0.677	0.477	7.977E-14	64
seq184	seq14	28.700	153	223	246	0.686	0.581	1.078E-13	64
seq184	seq27	27.600	178	223	339	0.798	0.522	2.657E-13	63
seq184	seq7	26.600	146	223	258	0.655	0.566	1.191E-12	61
seq184	seq28	27.500	190	223	339	0.852	0.540	2.168E-12	60
seq184	seq99	24.100	177	223	218	0.794	0.812	1.754E-11	57
seq184	seq100	24.100	177	223	421	0.794	0.420	1.754E-11	57
seq184	seq118	30.900	112	223	248	0.502	0.435	4.287E-11	56
seq184	seq41	26.000	196	223	221	0.879	0.814	5.771E-11	55
seq184	seq21	27.000	182	223	339	0.816	0.528	1.046E-10	55
seq184	seq26	36.200	80	223	148	0.359	0.534	1.407E-10	54
seq184	seq52	21.300	189	223	375	0.749	0.504	1.893E-10	54
seq184	seq105	25.500	147	223	230	0.655	0.639	2.016E-09	51
seq184	seq8	26.400	172	223	339	0.771	0.504	2.016E-09	51
seq184	seq35	26.100	171	223	340	0.753	0.503	2.016E-09	51
seq184	seq106	25.500	147	223	362	0.655	0.406	2.016E-09	51
seq184	seq23	23.900	193	223	372	0.749	0.519	2.016E-09	51
seq184	seq24	34.200	73	223	153	0.327	0.471	2.707E-09	50
seq184	seq34	25.500	171	223	340	0.753	0.503	2.707E-09	50
seq184	seq33	22.300	241	223	323	0.789	0.746	8.786E-09	49
seq184	seq69	25.300	160	223	260	0.717	0.577	1.581E-08	48
seq184	seq152	28.700	80	223	132	0.359	0.606	3.808E-08	47
seq184	seq12	28.500	84	223	100	0.377	0.830	7.041E-07	43
seq184	seq40	35.800	78	223	278	0.327	0.281	1.259E-06	42
seq184	seq65	34.600	78	223	273	0.327	0.286	1.682E-06	42
seq184	seq86	36.800	57	223	143	0.256	0.392	2.248E-06	41
seq184	seq120	33.800	62	223	131	0.278	0.466	5.358E-06	40
seq184	seq54	28.500	117	223	273	0.453	0.429	9.552E-06	39
seq184	seq83	39.600	53	223	90	0.238	0.578	1.275E-05	39
seq184	seq9	27.000	85	223	169	0.381	0.491	1.701E-05	38
seq184	seq119	32.200	62	223	131	0.278	0.466	3.028E-05	38
seq184	seq6	24.400	86	223	169	0.386	0.497	1.276E-04	36
seq184	seq58	33.300	60	223	161	0.269	0.373	1.700E-04	35
seq28	seq28	100.000	339	339	339	1.000	1.000	7.910E-230	696
seq28	seq27	91.400	339	339	339	1.000	1.000	5.390E-213	647
seq28	seq21	83.400	339	339	339	1.000	1.000	1.943E-196	599
seq28	seq8	65.500	301	339	339	0.888	0.885	1.901E-132	415
seq28	seq34	52.800	314	339	340	0.926	0.921	1.196E-106	340
seq28	seq35	55.600	291	339	340	0.858	0.853	2.242E-106	339
seq28	seq78	30.700	190	339	485	0.540	0.392	7.204E-21	88
seq28	seq127	26.300	262	339	414	0.752	0.633	5.655E-20	85
seq28	seq131	27.100	251	339	414	0.708	0.606	5.910E-19	82
seq28	seq74	26.500	284	339	409	0.817	0.694	6.123E-18	79
seq28	seq61	23.400	226	339	455	0.646	0.497	1.097E-17	78
seq28	seq144	23.100	302	339	356	0.823	0.848	1.468E-17	78
seq28	seq130	24.800	251	339	414	0.708	0.606	1.468E-17	78
seq28	seq11	27.100	181	339	481	0.490	0.376	1.468E-17	78
seq28	seq71	29.700	165	339	481	0.451	0.343	2.628E-17	77
seq28	seq80	24.200	263	339	408	0.749	0.645	6.287E-17	76
seq28	seq114	24.900	252	339	382	0.708	0.660	6.397E-16	73
seq28	seq183	24.100	274	339	424	0.735	0.646	1.523E-15	72
seq28	seq112	24.800	178	339	514	0.490	0.346	8.594E-14	66
seq28	seq145	26.800	172	339	588	0.496	0.293	2.707E-13	64
seq28	seq37	29.100	144	339	255	0.416	0.565	6.392E-13	63
seq28	seq97	28.000	168	339	375	0.487	0.448	2.006E-12	62
seq28	seq109	22.600	213	339	604	0.628	0.338	2.670E-12	61
seq28	seq99	26.900	166	339	218	0.481	0.761	3.552E-12	61
seq28	seq100	26.900	166	339	421	0.481	0.394	3.552E-12	61
seq28	seq196	29.500	163	339	177	0.481	0.814	4.725E-12	61
seq28	seq197	29.500	163	339	177	0.481	0.814	4.725E-12	61
seq28	seq98	26.400	179	339	350	0.487	0.511	6.285E-12	60
seq28	seq19	29.300	162	339	191	0.454	0.848	2.613E-11	58
seq28	seq20	29.300	162	339	191	0.454	0.848	2.613E-11	58
seq28	seq102	27.300	142	339	233	0.395	0.609	2.613E-11	58
seq28	seq199	29.300	162	339	365	0.454	0.444	2.613E-11	58
seq28	seq156	27.200	144	339	226	0.401	0.637	3.473E-11	58
seq28	seq157	27.200	144	339	226	0.401	0.637	3.473E-11	58
seq28	seq16	24.500	163	339	212	0.472	0.769	8.152E-11	57
seq28	seq184	27.900	208	339	223	0.584	0.933	8.152E-11	57
seq28	seq7	27.000	146	339	258	0.419	0.566	8.152E-11	57
seq28	seq191	26.300	162	339	235	0.469	0.689	1.439E-10	56
seq28	seq73	29.800	142	339	236	0.395	0.602	2.539E-10	55
seq28	seq68	28.200	166	339	275	0.463	0.604	3.373E-10	55
seq28	seq129	24.800	180	339	378	0.481	0.476	5.948E-10	54
seq28	seq67	26.100	155	339	262	0.431	0.592	1.049E-09	53
seq28	seq90	21.100	285	339	338	0.720	0.843	1.049E-09	53
seq28	seq152	30.000	90	339	132	0.265	0.667	1.776E-08	49
seq28	seq122	30.400	104	339	145	0.307	0.669	1.776E-08	49
seq28	seq195	25.400	207	339	191	0.611	0.953	1.776E-08	49
seq28	seq105	24.500	155	339	230	0.410	0.674	1.776E-08	49
seq28	seq106	24.500	155	339	362	0.410	0.428	1.776E-08	49
seq28	seq41	29.700	139	339	221	0.410	0.502	3.124E-08	48
seq28	seq50	24.500	153	339	556	0.410	0.275	5.494E-08	48
seq28	seq120	30.700	91	339	131	0.268	0.634	1.698E-07	46
seq28	seq119	30.700	91	339	131	0.268	0.634	2.984E-07	45
seq28	seq160	32.800	76	339	271	0.224	0.273	5.242E-07	44
seq28	seq108	25.500	181	339	238	0.507	0.761	9.206E-07	44
seq28	seq36	30.500	117	339	270	0.298	0.433	2.142E-06	42
seq28	seq137	21.300	158	339	476	0.466	0.330	2.142E-06	42
seq28	seq86	34.400	58	339	143	0.171	0.406	2.838E-06	42
seq28	seq65	30.600	92	339	273	0.263	0.337	2.838E-06	42
seq28	seq48	31.500	76	339	386	0.218	0.197	2.838E-06	42
seq28	seq14	25.400	106	339	246	0.310	0.431	3.759E-06	42
seq28	seq193	35.200	68	339	241	0.201	0.282	6.597E-06	41
seq28	seq200	27.300	95	339	248	0.280	0.351	6.597E-06	41
seq28	seq40	30.900	77	339	278	0.227	0.270	8.738E-06	40
seq28	seq69	33.300	69	339	260	0.204	0.246	2.688E-05	39
seq28	seq24	24.200	91	339	153	0.268	0.575	3.560E-05	38
seq28	seq30	29.000	55	339	167	0.162	0.329	6.242E-05	38
seq28	seq10	25.400	59	339	170	0.174	0.347	2.539E-04	36
seq28	seq33	20.900	259	339	323	0.764	0.786	4.448E-04	35
seq131	seq131	100.000	414	414	414	1.000	1.000	1.622E-275	832
seq131	seq130	91.500	414	414	414	0.986	1.000	9.599E-248	752
seq131	seq127	79.400	414	414	414	0.986	1.000	7.036E-216	660
seq131	seq80	64.900	405	414	408	0.961	0.993	1.683E-164	511
seq131	seq114	62.200	363	414	382	0.874	0.950	2.158E-142	447
seq131	seq183	40.800	388	414	424	0.928	0.915	2.711E-82	273
seq131	seq74	38.600	370	414	409	0.894	0.905	6.795E-72	243
seq131	seq191	35.500	162	414	235	0.386	0.689	4.210E-29	115
seq131	seq16	38.400	162	414	212	0.386	0.764	1.370E-28	113
seq131	seq97	31.000	258	414	375	0.597	0.688	1.370E-28	113
seq131	seq184	36.500	162	414	223	0.386	0.726	1.840E-28	113
seq131	seq98	28.900	266	414	350	0.623	0.760	4.453E-28	112
seq131	seq144	28.100	259	414	356	0.604	0.728	5.977E-28	111
seq131	seq162	26.400	297	414	325	0.609	0.914	6.537E-26	105
seq131	seq163	26.400	297	414	325	0.609	0.914	6.537E-26	105
seq131	seq164	26.400	297	414	325	0.609	0.914	6.537E-26	105
seq131	seq165	26.400	297	414	325	0.609	0.914	6.537E-26	105
seq131	seq166	26.400	297	414	325	0.609	0.914	6.537E-26	105
seq131	seq126	26.400	250	414	307	0.604	0.808	1.242E-23	98
seq131	seq90	27.600	277	414	338	0.597	0.820	1.242E-23	98
seq131	seq141	34.000	188	414	210	0.454	0.890	3.966E-23	96
seq131	seq47	24.600	327	414	383	0.616	0.854	1.264E-22	95
seq131	seq188	23.600	320	414	356	0.609	0.899	5.367E-22	93
seq131	seq68	33.700	168	414	275	0.406	0.593	7.165E-22	93
seq131	seq27	26.700	251	414	339	0.606	0.708	9.451E-19	83
seq131	seq21	25.900	251	414	339	0.606	0.708	2.228E-18	81
seq131	seq50	29.000	172	414	556	0.401	0.309	2.228E-18	81
seq131	seq8	25.700	254	414	339	0.614	0.717	3.944E-18	81
seq131	seq28	27.100	251	414	339	0.606	0.708	5.247E-18	80
seq131	seq187	32.500	166	414	456	0.401	0.331	5.247E-18	80
seq131	seq37	28.800	153	414	255	0.370	0.580	2.902E-17	78
seq131	seq77	25.000	254	414	310	0.601	0.819	6.815E-17	77
seq131	seq14	27.500	155	414	246	0.374	0.577	1.204E-16	76
seq131	seq39	26.700	159	414	378	0.384	0.415	1.549E-15	72
seq131	seq75	30.700	181	414	617	0.394	0.293	3.623E-15	71
seq131	seq137	26.900	154	414	476	0.372	0.300	4.809E-15	71
seq131	seq134	27.600	168	414	207	0.406	0.715	1.124E-14	70
seq131	seq135	27.600	168	414	207	0.406	0.715	1.124E-14	70
seq131	seq136	27.600	168	414	352	0.406	0.420	1.124E-14	70
seq131	seq61	24.000	404	414	455	0.954	0.888	1.979E-14	69
seq131	seq196	25.100	163	414	177	0.394	0.791	4.619E-14	68
seq131	seq197	25.100	163	414	177	0.394	0.791	4.619E-14	68
seq131	seq145	30.000	158	414	588	0.382	0.269	4.619E-14	68
seq131	seq67	26.100	153	414	262	0.355	0.584	2.512E-13	65
seq131	seq34	26.600	268	414	340	0.647	0.718	2.512E-13	65
seq131	seq156	27.600	162	414	226	0.391	0.699	4.416E-13	64
seq131	seq157	27.600	162	414	226	0.391	0.699	4.416E-13	64
seq131	seq194	29.800	158	414	240	0.382	0.617	4.416E-13	64
seq131	seq185	27.200	182	414	247	0.440	0.684	1.028E-12	63
seq131	seq108	31.500	165	414	238	0.374	0.693	1.363E-12	63
seq131	seq35	25.900	268	414	340	0.647	0.718	1.363E-12	63
seq131	seq102	27.100	148	414	233	0.357	0.635	7.379E-12	61
seq131	seq111	26.100	268	414	347	0.502	0.772	7.379E-12	61
seq131	seq129	25.100	181	414	378	0.411	0.479	7.379E-12	61
seq131	seq109	32.600	144	414	604	0.348	0.238	7.379E-12	61
seq131	seq118	26.900	177	414	248	0.428	0.661	9.775E-12	60
seq131	seq33	25.000	244	414	323	0.425	0.755	1.295E-11	60
seq131	seq53	24.200	159	414	600	0.384	0.262	1.295E-11	60
seq131	seq19	26.400	166	414	191	0.401	0.864	2.272E-11	59
seq131	seq20	26.400	166	414	191	0.401	0.864	2.272E-11	59
seq131	seq199	26.400	166	414	365	0.401	0.452	2.272E-11	59
seq131	seq99	29.100	169	414	218	0.408	0.761	3.010E-11	59
seq131	seq41	29.700	157	414	221	0.379	0.584	3.010E-11	59
seq131	seq186	27.400	134	414	235	0.324	0.528	3.010E-11	59
seq131	seq100	29.100	169	414	421	0.408	0.394	3.010E-11	59
seq131	seq36	27.800	181	414	270	0.415	0.670	3.986E-11	58
seq131	seq1	40.200	82	414	98	0.193	0.837	9.257E-11	57
seq131	seq177	38.900	77	414	128	0.184	0.602	9.257E-11	57
seq131	seq9	37.100	78	414	169	0.188	0.456	1.226E-10	57
seq131	seq71	37.600	85	414	481	0.200	0.177	1.226E-10	57
seq131	seq105	27.200	180	414	230	0.435	0.726	1.623E-10	56
seq131	seq160	23.500	221	414	271	0.435	0.815	1.623E-10	56
seq131	seq106	27.200	180	414	362	0.435	0.461	1.623E-10	56
seq131	seq78	38.800	85	414	485	0.200	0.175	1.623E-10	56
seq131	seq26	32.900	79	414	148	0.186	0.534	2.149E-10	56
seq131	seq7	25.800	171	414	258	0.413	0.647	3.767E-10	55
seq131	seq140	38.400	78	414	415	0.188	0.186	3.767E-10	55
seq131	seq70	36.400	85	414	416	0.200	0.204	3.767E-10	55
seq131	seq6	35.400	79	414	169	0.191	0.462	4.986E-10	55
seq131	seq24	35.700	70	414	153	0.164	0.458	8.738E-10	54
seq131	seq112	36.400	85	414	514	0.200	0.165	1.157E-09	53
seq131	seq63	25.200	190	414	205	0.459	0.849	1.531E-09	53
seq131	seq89	27.700	143	414	476	0.324	0.300	1.531E-09	53
seq131	seq13	36.000	75	414	171	0.176	0.439	3.549E-09	52
seq131	seq171	31.700	82	414	92	0.198	0.891	1.088E-08	50
seq131	seq172	31.700	82	414	92	0.198	0.891	1.088E-08	50
seq131	seq173	31.700	82	414	92	0.198	0.891	1.088E-08	50
seq131	seq174	31.700	82	414	92	0.198	0.891	1.088E-08	50
seq131	seq190	33.300	78	414	404	0.188	0.191	1.440E-08	50
seq131	seq79	31.700	84	414	247	0.196	0.340	4.411E-08	48
seq131	seq178	38.000	71	414	127	0.171	0.528	7.718E-08	48
seq131	seq161	32.300	71	414	246	0.171	0.289	5.465E-07	45
seq131	seq69	23.900	165	414	260	0.399	0.592	7.227E-07	44
seq131	seq180	31.800	87	414	120	0.193	0.725	2.210E-06	43
seq131	seq12	30.700	77	414	100	0.186	0.770	2.922E-06	42
seq131	seq86	38.900	59	414	143	0.138	0.413	8.927E-06	41
seq131	seq193	32.300	71	414	241	0.171	0.266	8.927E-06	41
seq131	seq138	32.300	71	414	128	0.171	0.523	1.180E-05	40
seq131	seq83	35.800	67	414	90	0.157	0.744	1.560E-05	40
seq131	seq139	32.300	71	414	128	0.171	0.523	1.560E-05	40
seq131	seq170	32.300	71	414	124	0.171	0.540	3.604E-05	39
seq131	seq122	35.200	83	414	145	0.200	0.545	1.100E-04	37
seq131	seq119	34.800	84	414	131	0.203	0.611	1.921E-04	36
seq131	seq120	27.500	80	414	131	0.181	0.611	1.921E-04	36
seq131	seq146	28.100	71	414	202	0.171	0.342	2.539E-04	36
seq131	seq147	28.100	71	414	202	0.171	0.342	2.539E-04	36
seq131	seq148	28.100	71	414	202	0.171	0.342	2.539E-04	36
seq131	seq149	28.100	71	414	202	0.171	0.342	2.539E-04	36
seq131	seq150	28.100	71	414	202	0.171	0.342	2.539E-04	36
seq131	seq151	28.100	71	414	248	0.171	0.278	2.539E-04	36
seq172	seq171	100.000	92	92	92	1.000	1.000	7.985E-64	203
seq172	seq172	100.000	92	92	92	1.000	1.000	7.985E-64	203
seq172	seq173	100.000	92	92	92	1.000	1.000	7.985E-64	203
seq172	seq174	100.000	92	92	92	1.000	1.000	7.985E-64	203
seq172	seq180	46.000	89	92	120	0.913	0.742	2.602E-22	83
seq172	seq170	41.500	88	92	124	0.957	0.677	2.782E-19	75
seq172	seq139	37.600	77	92	128	0.837	0.562	2.170E-16	66
seq172	seq138	37.600	77	92	128	0.837	0.562	4.091E-16	66
seq172	seq185	37.600	85	92	247	0.902	0.344	4.763E-14	60
seq172	seq127	36.500	82	92	414	0.891	0.198	4.763E-14	60
seq172	seq130	36.500	82	92	414	0.891	0.198	6.540E-14	59
seq172	seq178	32.900	79	92	127	0.859	0.583	3.193E-13	57
seq172	seq98	32.000	75	92	350	0.815	0.214	4.385E-13	57
seq172	seq97	32.000	75	92	375	0.815	0.200	4.385E-13	57
seq172	seq146	36.500	81	92	202	0.880	0.386	8.268E-13	56
seq172	seq147	36.500	81	92	202	0.880	0.386	8.268E-13	56
seq172	seq148	36.500	81	92	202	0.880	0.386	8.268E-13	56
seq172	seq149	36.500	81	92	202	0.880	0.386	8.268E-13	56
seq172	seq150	36.500	81	92	202	0.880	0.386	8.268E-13	56
seq172	seq151	36.500	81	92	248	0.880	0.315	8.268E-13	56
seq172	seq80	34.100	79	92	408	0.859	0.194	8.268E-13	56
seq172	seq152	31.300	86	92	132	0.935	0.652	1.559E-12	55
seq172	seq115	33.700	77	92	245	0.837	0.298	4.037E-12	54
seq172	seq108	32.100	84	92	238	0.913	0.349	5.543E-12	54
seq172	seq9	38.600	75	92	169	0.815	0.432	7.611E-12	53
seq172	seq74	35.300	82	92	409	0.891	0.198	7.611E-12	53
seq172	seq12	31.500	76	92	100	0.826	0.750	1.045E-11	53
seq172	seq191	29.800	87	92	235	0.946	0.370	1.045E-11	53
seq172	seq75	31.600	75	92	617	0.815	0.120	1.045E-11	53
seq172	seq6	38.600	75	92	169	0.815	0.432	2.706E-11	52
seq172	seq129	27.800	79	92	378	0.859	0.206	2.706E-11	52
seq172	seq193	31.100	77	92	241	0.837	0.286	3.715E-11	51
seq172	seq160	31.700	80	92	271	0.848	0.295	5.101E-11	51
seq172	seq126	31.000	74	92	307	0.804	0.235	7.004E-11	51
seq172	seq67	30.700	78	92	262	0.848	0.298	9.618E-11	50
seq172	seq19	32.000	75	92	191	0.815	0.387	1.813E-10	49
seq172	seq20	32.000	75	92	191	0.815	0.387	1.813E-10	49
seq172	seq199	32.000	75	92	365	0.815	0.203	1.813E-10	49
seq172	seq36	30.700	78	92	270	0.848	0.289	2.489E-10	49
seq172	seq186	28.300	81	92	235	0.880	0.345	3.418E-10	49
seq172	seq10	32.800	73	92	170	0.793	0.424	6.443E-10	48
seq172	seq183	32.900	79	92	424	0.859	0.186	6.443E-10	48
seq172	seq37	33.700	74	92	255	0.750	0.290	8.846E-10	48
seq172	seq73	33.300	69	92	236	0.707	0.292	1.532E-08	44
seq172	seq69	30.100	73	92	260	0.793	0.227	1.532E-08	44
seq172	seq153	31.100	74	92	221	0.804	0.321	2.103E-08	44
seq172	seq154	31.100	74	92	221	0.804	0.321	2.103E-08	44
seq172	seq162	26.500	83	92	325	0.859	0.255	3.961E-08	43
seq172	seq163	26.500	83	92	325	0.859	0.255	3.961E-08	43
seq172	seq164	26.500	83	92	325	0.859	0.255	3.961E-08	43
seq172	seq165	26.500	83	92	325	0.859	0.255	3.961E-08	43
seq172	seq166	26.500	83	92	325	0.859	0.255	3.961E-08	43
seq172	seq145	24.000	79	92	588	0.859	0.134	3.961E-08	43
seq172	seq141	30.200	76	92	210	0.826	0.357	1.929E-07	41
seq172	seq34	30.200	76	92	340	0.826	0.206	4.984E-07	40
seq172	seq113	27.500	87	92	546	0.880	0.159	6.838E-07	39
seq172	seq111	27.300	84	92	347	0.837	0.242	1.287E-06	38
seq172	seq35	29.400	76	92	340	0.826	0.206	2.422E-06	38
seq172	seq29	30.600	73	92	267	0.793	0.273	4.154E-05	34
seq172	seq52	25.000	68	92	375	0.717	0.181	1.069E-04	33
seq18	seq18	100.000	153	153	153	1.000	1.000	4.000E-100	311
seq18	seq98	35.900	89	153	350	0.582	0.251	2.365E-11	55
seq18	seq67	33.300	72	153	262	0.471	0.275	5.975E-11	53
seq18	seq97	35.800	81	153	375	0.529	0.213	5.170E-10	51
seq18	seq50	36.100	72	153	556	0.471	0.129	6.037E-09	48
seq18	seq127	28.300	74	153	414	0.484	0.179	2.055E-08	46
seq18	seq156	30.300	66	153	226	0.431	0.283	7.958E-07	41
seq18	seq157	30.300	66	153	226	0.431	0.283	7.958E-07	41
seq18	seq138	28.500	100	153	128	0.634	0.781	1.078E-06	41
seq18	seq63	33.300	63	153	205	0.412	0.293	1.078E-06	41
seq18	seq22	32.500	87	153	367	0.569	0.237	1.459E-06	40
seq18	seq91	28.300	73	153	530	0.477	0.130	2.982E-05	36
seq18	seq92	28.300	73	153	530	0.477	0.130	2.982E-05	36
seq18	seq200	23.100	82	153	248	0.536	0.327	9.891E-05	35
seq18	seq161	38.000	50	153	246	0.327	0.199	2.424E-04	34
seq30	seq30	100.000	167	167	167	1.000	1.000	1.202E-107	333
seq30	seq73	37.100	113	167	236	0.677	0.466	2.856E-14	64
seq30	seq199	34.800	112	167	365	0.671	0.268	1.824E-13	61
seq30	seq19	37.600	69	167	191	0.413	0.361	1.160E-12	59
seq30	seq20	37.600	69	167	191	0.413	0.361	1.160E-12	59
seq30	seq102	39.300	61	167	233	0.365	0.262	2.922E-12	58
seq30	seq194	38.300	86	167	240	0.515	0.317	5.406E-12	57
seq30	seq156	31.800	110	167	226	0.605	0.487	8.558E-11	53
seq30	seq157	32.800	76	167	226	0.431	0.336	1.162E-10	53
seq30	seq129	33.300	87	167	378	0.521	0.214	1.579E-10	53
seq30	seq63	33.300	69	167	205	0.413	0.337	3.339E-09	49
seq30	seq153	32.500	89	167	221	0.533	0.389	1.525E-08	47
seq30	seq154	32.500	89	167	221	0.533	0.389	1.525E-08	47
seq30	seq41	38.400	72	167	221	0.407	0.326	1.269E-07	44
seq30	seq83	34.400	58	167	90	0.347	0.644	1.716E-07	44
seq30	seq78	29.600	81	167	485	0.485	0.167	1.716E-07	44
seq30	seq1	30.900	84	167	98	0.503	0.857	3.135E-07	43
seq30	seq109	30.900	84	167	604	0.503	0.139	3.135E-07	43
seq30	seq7	34.400	58	167	258	0.347	0.225	4.236E-07	42
seq30	seq186	30.600	62	167	235	0.371	0.264	1.044E-06	41
seq30	seq40	33.800	69	167	278	0.413	0.248	1.409E-06	41
seq30	seq71	30.500	85	167	481	0.509	0.177	1.902E-06	40
seq30	seq185	31.300	51	167	247	0.305	0.206	3.462E-06	40
seq30	seq77	32.800	65	167	310	0.389	0.206	3.462E-06	40
seq30	seq115	39.600	51	167	245	0.305	0.192	4.668E-06	39
seq30	seq69	30.400	69	167	260	0.413	0.242	4.668E-06	39
seq30	seq27	30.900	55	167	339	0.329	0.162	4.668E-06	39
seq30	seq191	40.300	52	167	235	0.305	0.221	8.484E-06	38
seq30	seq65	33.800	69	167	273	0.413	0.253	8.484E-06	38
seq30	seq54	33.800	62	167	273	0.359	0.227	8.484E-06	38
seq30	seq21	32.700	55	167	339	0.329	0.162	8.484E-06	38
seq30	seq9	29.100	79	167	169	0.473	0.444	1.143E-05	38
seq30	seq61	41.800	43	167	455	0.240	0.095	1.143E-05	38
seq30	seq75	34.100	78	167	617	0.467	0.126	1.143E-05	38
seq30	seq28	29.000	55	167	339	0.329	0.162	1.540E-05	38
seq30	seq29	26.200	79	167	267	0.455	0.296	2.074E-05	37
seq30	seq177	34.600	52	167	128	0.311	0.406	2.793E-05	37
seq30	seq14	29.500	61	167	246	0.365	0.244	2.793E-05	37
seq30	seq52	26.500	79	167	375	0.467	0.211	2.793E-05	37
seq30	seq86	28.500	56	167	143	0.335	0.392	3.759E-05	36
seq30	seq47	28.800	59	167	383	0.353	0.154	3.759E-05	36
seq30	seq160	35.700	56	167	271	0.335	0.203	5.058E-05	36
seq30	seq6	32.100	56	167	169	0.335	0.320	6.804E-05	36
seq30	seq189	40.600	57	167	352	0.341	0.156	6.804E-05	36
seq30	seq62	24.100	62	167	281	0.329	0.221	1.230E-04	35
seq30	seq13	27.800	61	167	171	0.359	0.357	1.654E-04	34
seq30	seq35	25.800	58	167	340	0.347	0.168	2.985E-04	34
seq30	seq90	34.600	49	167	338	0.293	0.145	4.008E-04	33
seq30	seq159	38.800	36	167	912	0.210	0.039	4.008E-04	33
seq30	seq34	30.000	50	167	340	0.299	0.144	7.221E-04	33
seq30	seq24	31.200	64	167	153	0.383	0.405	9.689E-04	32
seq60	seq60	100.000	377	377	377	1.000	1.000	9.649E-243	735
seq60	seq75	30.600	314	377	617	0.833	0.418	4.566E-23	96
seq60	seq37	31.300	101	377	255	0.268	0.310	4.170E-05	38
seq60	seq14	34.300	67	377	246	0.178	0.256	2.952E-04	36
seq60	seq35	39.000	41	377	340	0.109	0.121	5.163E-04	35
seq60	seq8	39.000	41	377	339	0.106	0.121	6.828E-04	34
seq60	seq34	39.000	41	377	340	0.109	0.121	6.828E-04	34
seq5	seq5	100.000	164	164	164	1.000	1.000	8.154E-102	316
seq195	seq195	100.000	191	191	191	1.000	1.000	1.271E-129	398
seq195	seq196	60.200	151	191	177	0.785	0.853	2.287E-59	196
seq195	seq197	60.200	151	191	177	0.785	0.853	2.287E-59	196
seq195	seq134	42.700	152	191	207	0.775	0.734	7.846E-37	130
seq195	seq135	42.700	152	191	207	0.775	0.734	7.846E-37	130
seq195	seq136	42.700	152	191	352	0.775	0.432	7.846E-37	130
seq195	seq61	29.900	182	191	455	0.780	0.400	9.979E-16	69
seq195	seq8	27.200	165	191	339	0.759	0.487	6.294E-15	66
seq195	seq109	29.400	146	191	604	0.665	0.242	9.896E-14	63
seq195	seq132	35.400	93	191	118	0.487	0.788	8.376E-13	60
seq195	seq68	24.700	174	191	275	0.759	0.633	3.835E-12	58
seq195	seq27	27.300	207	191	339	0.953	0.611	1.292E-11	57
seq195	seq129	24.500	196	191	378	0.848	0.519	1.075E-10	54
seq195	seq6	34.400	87	191	169	0.419	0.515	2.185E-09	50
seq195	seq99	24.100	167	191	218	0.775	0.766	3.982E-09	49
seq195	seq157	27.000	143	191	226	0.623	0.633	3.982E-09	49
seq195	seq100	24.100	167	191	421	0.775	0.397	3.982E-09	49
seq195	seq156	25.100	171	191	226	0.785	0.757	5.374E-09	49
seq195	seq21	23.100	164	191	339	0.754	0.484	9.779E-09	48
seq195	seq69	25.600	158	191	260	0.770	0.608	1.319E-08	48
seq195	seq81	29.100	99	191	131	0.518	0.748	1.063E-07	45
seq195	seq193	23.300	184	191	241	0.733	0.763	1.063E-07	45
seq195	seq82	25.000	103	191	131	0.539	0.718	1.530E-06	41
seq195	seq158	28.900	73	191	136	0.377	0.537	1.530E-06	41
seq195	seq120	31.600	60	191	131	0.272	0.458	1.610E-05	38
seq195	seq119	31.600	60	191	131	0.272	0.458	3.874E-05	37
seq195	seq122	30.000	60	191	145	0.272	0.414	6.949E-05	36
seq195	seq67	33.900	53	191	262	0.277	0.176	7.123E-04	33
seq72	seq72	100.000	181	181	181	1.000	1.000	3.292E-114	353
seq72	seq25	78.700	174	181	183	0.961	0.934	8.316E-87	274
seq72	seq66	72.700	180	181	185	0.994	0.968	5.182E-82	260
seq72	seq51	56.400	154	181	168	0.851	0.905	2.986E-50	169
seq72	seq2	42.500	163	181	194	0.890	0.840	2.080E-34	123
seq72	seq192	42.600	166	181	341	0.890	0.487	2.080E-34	123
seq169	seq169	100.000	589	589	589	1.000	1.000	0.000E+00	1192
seq169	seq198	99.800	558	589	558	0.947	1.000	0.000E+00	1138
seq169	seq179	57.200	503	589	542	0.854	0.902	3.509E-171	540
seq169	seq91	26.700	467	589	530	0.793	0.866	2.004E-38	147
seq169	seq92	26.700	467	589	530	0.793	0.866	2.004E-38	147
seq169	seq189	31.800	227	589	352	0.355	0.645	8.094E-20	87
seq85	seq85	100.000	382	382	382	1.000	1.000	2.129E-251	760
seq85	seq133	35.000	56	382	434	0.139	0.129	1.186E-07	47
seq187	seq187	100.000	456	456	456	1.000	1.000	8.029E-294	887
seq187	seq47	45.800	413	456	383	0.906	0.869	1.062E-98	323
seq187	seq188	43.700	413	456	356	0.906	0.924	3.517E-95	312
seq187	seq162	42.200	416	456	325	0.912	0.945	7.931E-94	308
seq187	seq163	42.200	416	456	325	0.912	0.945	7.931E-94	308
seq187	seq164	42.200	416	456	325	0.912	0.945	7.931E-94	308
seq187	seq165	42.200	416	456	325	0.912	0.945	7.931E-94	308
seq187	seq166	42.200	416	456	325	0.912	0.945	7.931E-94	308
seq187	seq37	47.300	167	456	255	0.366	0.655	5.146E-48	173
seq187	seq185	39.300	165	456	247	0.362	0.668	7.905E-34	130
seq187	seq112	25.700	484	456	514	0.901	0.942	2.437E-27	110
seq187	seq71	27.100	434	456	481	0.901	0.902	2.477E-26	107
seq187	seq14	37.500	167	456	246	0.366	0.671	4.419E-26	106
seq187	seq39	34.500	170	456	378	0.366	0.450	3.346E-24	100
seq187	seq78	24.800	430	456	485	0.890	0.887	4.461E-24	100
seq187	seq109	26.300	452	456	604	0.901	0.748	7.926E-24	99
seq187	seq61	22.300	406	456	455	0.890	0.789	1.048E-22	96
seq187	seq183	24.800	416	456	424	0.912	0.877	3.292E-22	94
seq187	seq16	33.700	158	456	212	0.346	0.745	4.382E-22	94
seq187	seq97	30.200	168	456	375	0.368	0.448	5.721E-21	90
seq187	seq127	32.300	167	456	414	0.333	0.403	1.011E-20	89
seq187	seq130	33.500	167	456	414	0.333	0.403	1.345E-20	89
seq187	seq137	33.700	152	456	476	0.333	0.307	4.197E-20	87
seq187	seq186	28.000	164	456	235	0.336	0.698	7.411E-20	87
seq187	seq191	30.600	161	456	235	0.353	0.685	9.847E-20	86
seq187	seq98	28.400	179	456	350	0.368	0.511	1.308E-19	86
seq187	seq131	32.500	166	456	414	0.331	0.401	2.308E-19	85
seq187	seq184	29.000	163	456	223	0.357	0.731	5.407E-19	84
seq187	seq90	30.800	158	456	338	0.344	0.467	1.265E-18	83
seq187	seq118	31.400	174	456	248	0.382	0.702	1.680E-18	82
seq187	seq144	31.000	167	456	356	0.338	0.469	9.178E-18	80
seq187	seq145	23.800	530	456	588	0.901	0.901	2.143E-17	79
seq187	seq67	31.800	160	456	262	0.338	0.611	2.843E-17	78
seq187	seq68	25.800	164	456	275	0.338	0.596	8.796E-17	77
seq187	seq89	32.300	170	456	476	0.351	0.357	2.718E-16	75
seq187	seq33	21.300	232	456	323	0.366	0.718	1.474E-15	73
seq187	seq126	30.500	175	456	307	0.384	0.560	1.953E-15	72
seq187	seq50	28.400	149	456	556	0.303	0.268	4.543E-15	71
seq187	seq129	26.700	160	456	378	0.314	0.423	1.853E-14	69
seq187	seq70	27.000	391	456	416	0.765	0.940	2.455E-14	69
seq187	seq1	45.400	66	456	98	0.145	0.673	1.752E-13	66
seq187	seq194	27.200	153	456	240	0.325	0.637	1.752E-13	66
seq187	seq36	25.400	185	456	270	0.368	0.685	1.752E-13	66
seq187	seq73	27.100	171	456	236	0.351	0.725	6.704E-12	61
seq187	seq160	40.200	77	456	271	0.169	0.284	2.718E-11	59
seq187	seq111	28.600	185	456	347	0.336	0.533	1.101E-10	57
seq187	seq52	34.100	82	456	375	0.180	0.219	3.368E-10	55
seq187	seq19	25.900	164	456	191	0.340	0.859	5.891E-10	55
seq187	seq20	25.900	164	456	191	0.340	0.859	5.891E-10	55
seq187	seq199	25.900	164	456	365	0.340	0.449	5.891E-10	55
seq187	seq69	23.700	118	456	260	0.257	0.454	1.030E-09	54
seq187	seq27	24.100	144	456	339	0.316	0.410	4.163E-09	52
seq187	seq23	30.400	82	456	372	0.180	0.220	9.618E-09	51
seq187	seq28	22.700	144	456	339	0.316	0.410	1.271E-08	50
seq187	seq34	23.500	151	456	340	0.331	0.432	1.271E-08	50
seq187	seq35	22.800	151	456	340	0.331	0.432	1.681E-08	50
seq187	seq13	35.600	73	456	171	0.158	0.427	2.937E-08	49
seq187	seq180	35.300	82	456	120	0.175	0.683	2.734E-07	46
seq187	seq122	30.500	72	456	145	0.158	0.497	3.614E-07	46
seq187	seq83	37.500	48	456	90	0.105	0.533	4.775E-07	45
seq187	seq120	31.500	111	456	131	0.243	0.809	4.775E-07	45
seq187	seq63	21.900	163	456	205	0.357	0.771	4.775E-07	45
seq187	seq119	36.500	63	456	131	0.138	0.481	8.339E-07	44
seq187	seq26	27.700	72	456	148	0.156	0.486	1.456E-06	44
seq187	seq9	32.500	120	456	169	0.259	0.710	1.456E-06	44
seq187	seq24	29.800	67	456	153	0.147	0.438	4.437E-06	42
seq187	seq161	33.800	71	456	246	0.156	0.285	4.437E-06	42
seq187	seq62	23.500	84	456	281	0.182	0.299	7.744E-06	41
seq187	seq60	42.800	42	456	377	0.092	0.111	1.786E-05	40
seq187	seq86	37.900	58	456	143	0.127	0.406	2.359E-05	40
seq187	seq79	32.000	76	456	247	0.167	0.296	6.651E-04	35
seq9	seq9	100.000	169	169	169	1.000	1.000	7.726E-109	337
seq9	seq6	88.000	92	169	169	0.544	0.544	4.186E-49	165
seq9	seq140	67.600	100	169	415	0.592	0.239	1.424E-38	134
seq9	seq190	65.400	84	169	404	0.497	0.208	1.177E-33	120
seq9	seq127	37.100	78	169	414	0.456	0.188	4.857E-13	60
seq9	seq130	37.100	78	169	414	0.456	0.188	6.609E-13	60
seq9	seq131	37.100	78	169	414	0.456	0.188	6.609E-13	60
seq9	seq183	35.000	77	169	424	0.450	0.182	1.052E-11	56
seq9	seq75	35.800	78	169	617	0.456	0.126	3.585E-11	55
seq9	seq188	32.200	115	169	356	0.680	0.309	4.870E-11	54
seq9	seq129	29.500	97	169	378	0.568	0.257	8.981E-11	53
seq9	seq141	35.400	79	169	210	0.456	0.376	1.655E-10	53
seq9	seq41	30.000	90	169	221	0.533	0.389	5.614E-10	51
seq9	seq180	34.700	72	169	120	0.414	0.600	7.615E-10	51
seq9	seq200	36.400	73	169	248	0.426	0.294	1.400E-09	50
seq9	seq171	38.800	72	169	92	0.414	0.783	1.899E-09	49
seq9	seq172	38.800	72	169	92	0.414	0.783	1.899E-09	49
seq9	seq173	38.800	72	169	92	0.414	0.783	1.899E-09	49
seq9	seq174	38.800	72	169	92	0.414	0.783	1.899E-09	49
seq9	seq97	29.800	114	169	375	0.663	0.304	1.899E-09	49
seq9	seq47	31.700	100	169	383	0.592	0.258	2.573E-09	49
seq9	seq99	27.400	91	169	218	0.503	0.417	3.488E-09	49
seq9	seq102	32.200	88	169	233	0.515	0.378	3.488E-09	49
seq9	seq98	30.300	99	169	350	0.574	0.283	3.488E-09	49
seq9	seq100	27.400	91	169	421	0.503	0.216	3.488E-09	49
seq9	seq80	39.300	61	169	408	0.355	0.150	4.726E-09	48
seq9	seq120	35.200	84	169	131	0.467	0.641	8.672E-09	48
seq9	seq78	33.300	72	169	485	0.414	0.148	8.672E-09	48
seq9	seq177	32.800	76	169	128	0.438	0.594	1.174E-08	47
seq9	seq19	33.300	72	169	191	0.391	0.377	1.174E-08	47
seq9	seq20	33.300	72	169	191	0.391	0.377	1.174E-08	47
seq9	seq115	36.600	71	169	245	0.420	0.282	1.174E-08	47
seq9	seq199	33.300	72	169	365	0.391	0.197	1.174E-08	47
seq9	seq70	31.900	72	169	416	0.414	0.173	1.174E-08	47
seq9	seq119	35.100	73	169	131	0.426	0.557	1.590E-08	47
seq9	seq194	28.700	79	169	240	0.462	0.329	1.590E-08	47
seq9	seq126	30.500	85	169	307	0.491	0.277	1.590E-08	47
seq9	seq39	23.000	100	169	378	0.562	0.265	1.590E-08	47
seq9	seq178	35.200	71	169	127	0.420	0.535	2.153E-08	46
seq9	seq160	33.800	71	169	271	0.414	0.262	2.153E-08	46
seq9	seq196	30.100	83	169	177	0.491	0.435	2.913E-08	46
seq9	seq197	30.100	83	169	177	0.491	0.435	2.913E-08	46
seq9	seq146	33.800	71	169	202	0.420	0.347	3.942E-08	46
seq9	seq147	33.800	71	169	202	0.420	0.347	3.942E-08	46
seq9	seq148	33.800	71	169	202	0.420	0.347	3.942E-08	46
seq9	seq149	33.800	71	169	202	0.420	0.347	3.942E-08	46
seq9	seq150	33.800	71	169	202	0.420	0.347	3.942E-08	46
seq9	seq151	33.800	71	169	248	0.420	0.282	3.942E-08	46
seq9	seq122	34.600	73	169	145	0.426	0.503	5.333E-08	45
seq9	seq185	33.800	67	169	247	0.385	0.271	5.333E-08	45
seq9	seq144	32.000	78	169	356	0.450	0.219	5.333E-08	45
seq9	seq157	32.900	82	169	226	0.450	0.363	9.754E-08	44
seq9	seq145	31.900	72	169	588	0.414	0.122	9.754E-08	44
seq9	seq105	24.500	104	169	230	0.592	0.452	1.319E-07	44
seq9	seq162	47.900	48	169	325	0.272	0.148	1.319E-07	44
seq9	seq163	47.900	48	169	325	0.272	0.148	1.319E-07	44
seq9	seq164	47.900	48	169	325	0.272	0.148	1.319E-07	44
seq9	seq165	47.900	48	169	325	0.272	0.148	1.319E-07	44
seq9	seq166	47.900	48	169	325	0.272	0.148	1.319E-07	44
seq9	seq106	24.500	104	169	362	0.592	0.287	1.319E-07	44
seq9	seq187	34.000	86	169	456	0.509	0.186	1.319E-07	44
seq9	seq1	30.500	72	169	98	0.414	0.735	1.783E-07	44
seq9	seq109	30.500	72	169	604	0.414	0.119	1.783E-07	44
seq9	seq29	25.200	99	169	267	0.568	0.371	2.409E-07	43
seq9	seq156	33.300	72	169	226	0.391	0.319	3.254E-07	43
seq9	seq7	28.000	80	169	258	0.467	0.310	5.936E-07	42
seq9	seq71	29.100	72	169	481	0.414	0.150	5.936E-07	42
seq9	seq12	28.500	76	169	100	0.444	0.760	8.014E-07	42
seq9	seq86	33.700	76	169	143	0.444	0.531	8.014E-07	42
seq9	seq112	29.100	72	169	514	0.414	0.140	8.014E-07	42
seq9	seq90	27.800	79	169	338	0.456	0.234	1.969E-06	40
seq9	seq21	31.400	70	169	339	0.414	0.189	1.969E-06	40
seq9	seq11	34.300	67	169	481	0.391	0.139	1.969E-06	40
seq9	seq24	30.300	79	169	153	0.456	0.516	3.581E-06	40
seq9	seq68	26.700	86	169	275	0.509	0.295	3.581E-06	40
seq9	seq14	25.300	67	169	246	0.391	0.272	6.505E-06	39
seq9	seq8	31.300	99	169	339	0.586	0.263	8.764E-06	38
seq9	seq63	28.100	71	169	205	0.385	0.346	1.180E-05	38
seq9	seq69	30.800	66	169	260	0.391	0.254	1.180E-05	38
seq9	seq27	31.400	70	169	339	0.414	0.189	1.589E-05	38
seq9	seq138	28.500	77	169	128	0.456	0.578	2.140E-05	37
seq9	seq139	28.500	77	169	128	0.456	0.578	2.140E-05	37
seq9	seq30	32.700	55	169	167	0.314	0.329	2.140E-05	37
seq9	seq74	29.000	62	169	409	0.355	0.152	2.140E-05	37
seq9	seq170	30.600	75	169	124	0.444	0.581	2.880E-05	37
seq9	seq155	30.400	69	169	289	0.402	0.239	3.874E-05	36
seq9	seq84	31.500	73	169	282	0.432	0.230	1.266E-04	35
seq9	seq35	25.000	60	169	340	0.349	0.176	4.116E-04	33
seq9	seq103	25.000	63	169	216	0.355	0.292	7.410E-04	33
seq9	seq137	29.500	61	169	476	0.349	0.128	7.410E-04	33
seq79	seq79	100.000	247	247	247	1.000	1.000	3.105E-157	481
seq79	seq84	32.300	279	247	282	0.988	0.989	1.206E-36	132
seq79	seq103	35.000	237	247	216	0.960	0.968	1.979E-35	129
seq79	seq182	31.600	231	247	228	0.935	0.895	4.196E-29	110
seq79	seq32	25.800	274	247	323	0.960	0.848	2.291E-21	87
seq79	seq96	29.500	211	247	193	0.854	0.824	7.396E-19	80
seq79	seq130	33.900	101	247	414	0.409	0.232	4.740E-10	53
seq79	seq131	33.900	101	247	414	0.409	0.232	8.502E-10	52
seq79	seq70	36.100	72	247	416	0.275	0.173	8.901E-07	43
seq79	seq178	33.300	90	247	127	0.364	0.661	1.187E-06	42
seq79	seq152	33.700	85	247	132	0.344	0.644	1.582E-06	42
seq79	seq78	35.900	64	247	485	0.247	0.132	2.808E-06	41
seq79	seq1	35.900	64	247	98	0.247	0.653	4.983E-06	40
seq79	seq109	35.900	64	247	604	0.247	0.106	4.983E-06	40
seq79	seq145	33.700	74	247	588	0.279	0.126	2.774E-05	38
seq79	seq71	34.800	65	247	481	0.255	0.135	6.533E-05	37
seq79	seq126	35.500	59	247	307	0.239	0.189	1.156E-04	36
seq79	seq17	27.500	79	247	407	0.316	0.194	1.537E-04	36
seq79	seq162	27.900	65	247	325	0.263	0.197	3.610E-04	34
seq79	seq163	27.900	65	247	325	0.263	0.197	3.610E-04	34
seq79	seq164	27.900	65	247	325	0.263	0.197	3.610E-04	34
seq79	seq165	27.900	65	247	325	0.263	0.197	3.610E-04	34
seq79	seq166	27.900	65	247	325	0.263	0.197	3.610E-04	34
seq79	seq11	29.700	74	247	481	0.279	0.154	4.798E-04	34
seq180	seq180	100.000	120	120	120	1.000	1.000	2.011E-79	249
seq180	seq171	46.500	88	120	92	0.733	0.902	2.552E-19	76
seq180	seq172	46.500	88	120	92	0.733	0.902	2.552E-19	76
seq180	seq173	46.500	88	120	92	0.733	0.902	2.552E-19	76
seq180	seq174	46.500	88	120	92	0.733	0.902	2.552E-19	76
seq180	seq177	40.000	75	120	128	0.625	0.586	5.023E-13	58
seq180	seq170	38.600	94	120	124	0.783	0.742	9.419E-13	57
seq180	seq178	40.100	106	120	127	0.883	0.772	1.766E-12	57
seq180	seq141	41.000	73	120	210	0.608	0.343	2.418E-12	56
seq180	seq37	34.700	92	120	255	0.750	0.361	8.493E-12	55
seq180	seq139	39.300	99	120	128	0.825	0.648	1.163E-11	54
seq180	seq200	36.100	83	120	248	0.692	0.331	2.178E-11	53
seq180	seq138	41.000	73	120	128	0.608	0.531	2.981E-11	53
seq180	seq152	35.000	77	120	132	0.642	0.583	2.981E-11	53
seq180	seq122	36.400	85	120	145	0.708	0.579	4.079E-11	53
seq180	seq157	34.100	85	120	226	0.675	0.376	4.079E-11	53
seq180	seq98	34.200	73	120	350	0.608	0.209	4.079E-11	53
seq180	seq97	34.200	73	120	375	0.608	0.195	4.079E-11	53
seq180	seq86	35.300	82	120	143	0.683	0.566	7.639E-11	52
seq180	seq47	34.600	78	120	383	0.650	0.204	1.045E-10	51
seq180	seq120	34.900	83	120	131	0.692	0.626	1.430E-10	51
seq180	seq119	34.900	83	120	131	0.692	0.626	1.957E-10	51
seq180	seq146	42.500	77	120	202	0.642	0.366	1.957E-10	51
seq180	seq147	42.500	77	120	202	0.642	0.366	1.957E-10	51
seq180	seq148	42.500	77	120	202	0.642	0.366	1.957E-10	51
seq180	seq149	42.500	77	120	202	0.642	0.366	1.957E-10	51
seq180	seq150	42.500	77	120	202	0.642	0.366	1.957E-10	51
seq180	seq156	32.900	85	120	226	0.675	0.376	1.957E-10	51
seq180	seq73	35.000	80	120	236	0.667	0.335	1.957E-10	51
seq180	seq151	42.500	77	120	248	0.642	0.298	1.957E-10	51
seq180	seq36	35.200	85	120	270	0.708	0.315	1.957E-10	51
seq180	seq19	34.600	75	120	191	0.592	0.393	3.661E-10	50
seq180	seq20	34.600	75	120	191	0.592	0.393	3.661E-10	50
seq180	seq199	34.600	75	120	365	0.592	0.205	3.661E-10	50
seq180	seq68	32.200	93	120	275	0.742	0.338	5.008E-10	49
seq180	seq9	34.600	75	120	169	0.625	0.432	9.368E-10	49
seq180	seq129	40.000	70	120	378	0.583	0.183	9.368E-10	49
seq180	seq102	33.300	75	120	233	0.592	0.322	1.281E-09	48
seq180	seq115	41.200	78	120	245	0.650	0.302	1.281E-09	48
seq180	seq89	40.000	60	120	476	0.500	0.126	1.752E-09	48
seq180	seq6	36.000	75	120	169	0.625	0.432	2.395E-09	48
seq180	seq7	32.900	91	120	258	0.667	0.353	3.275E-09	47
seq180	seq41	34.600	75	120	221	0.625	0.312	6.120E-09	46
seq180	seq153	37.500	99	120	221	0.825	0.443	6.120E-09	46
seq180	seq154	37.500	99	120	221	0.825	0.443	6.120E-09	46
seq180	seq145	34.900	82	120	588	0.683	0.139	6.120E-09	46
seq180	seq193	37.000	97	120	241	0.808	0.373	1.562E-08	45
seq180	seq75	36.000	75	120	617	0.625	0.120	1.562E-08	45
seq180	seq67	28.200	78	120	262	0.650	0.298	2.916E-08	44
seq180	seq10	30.800	81	120	170	0.675	0.471	5.442E-08	44
seq180	seq63	36.700	68	120	205	0.533	0.332	5.442E-08	44
seq180	seq130	33.300	75	120	414	0.625	0.181	5.442E-08	44
seq180	seq187	35.300	82	120	456	0.683	0.175	7.433E-08	43
seq180	seq105	39.500	48	120	230	0.400	0.209	1.015E-07	43
seq180	seq106	39.500	48	120	362	0.400	0.133	1.015E-07	43
seq180	seq13	35.300	65	120	171	0.542	0.380	6.567E-07	40
seq180	seq194	33.300	54	120	240	0.450	0.225	6.567E-07	40
seq180	seq131	36.500	63	120	414	0.525	0.150	8.960E-07	40
seq180	seq24	32.700	61	120	153	0.508	0.399	1.667E-06	39
seq180	seq99	42.500	40	120	218	0.333	0.183	7.851E-06	37
seq180	seq100	42.500	40	120	421	0.333	0.095	7.851E-06	37
seq180	seq69	35.800	53	120	260	0.442	0.204	1.070E-05	37
seq180	seq12	31.200	48	120	100	0.400	0.480	1.715E-04	33
seq180	seq83	29.500	71	120	90	0.592	0.778	2.331E-04	33
seq180	seq113	24.600	81	120	546	0.625	0.148	2.331E-04	33
seq180	seq1	28.500	84	120	98	0.700	0.827	5.847E-04	32
seq99	seq99	100.000	218	218	218	1.000	1.000	6.705E-153	467
seq99	seq100	100.000	218	218	421	1.000	0.518	6.705E-153	467
seq99	seq129	52.600	186	218	378	0.789	0.492	1.052E-65	215
seq99	seq105	45.800	168	218	230	0.771	0.730	5.252E-50	170
seq99	seq106	45.800	168	218	362	0.771	0.464	5.252E-50	170
seq99	seq7	42.300	169	218	258	0.775	0.651	1.340E-46	160
seq99	seq102	38.400	193	218	233	0.876	0.828	7.089E-44	152
seq99	seq63	37.600	194	218	205	0.890	0.922	1.815E-43	151
seq99	seq199	37.400	195	218	365	0.862	0.534	1.815E-43	151
seq99	seq19	39.200	176	218	191	0.789	0.921	1.066E-41	146
seq99	seq20	39.200	176	218	191	0.789	0.921	1.066E-41	146
seq99	seq156	38.400	175	218	226	0.794	0.774	3.729E-41	144
seq99	seq157	39.000	172	218	226	0.780	0.761	6.975E-41	143
seq99	seq73	33.400	209	218	236	0.922	0.886	4.982E-38	135
seq99	seq194	34.900	166	218	240	0.752	0.692	5.199E-33	121
seq99	seq69	35.600	189	218	260	0.867	0.696	2.334E-29	110
seq99	seq141	28.800	168	218	210	0.734	0.800	5.047E-21	85
seq99	seq86	39.100	92	218	143	0.422	0.622	3.720E-19	80
seq99	seq98	30.300	168	218	350	0.729	0.480	3.173E-18	77
seq99	seq97	30.300	168	218	375	0.729	0.448	3.173E-18	77
seq99	seq74	27.000	167	218	409	0.766	0.408	4.308E-18	77
seq99	seq12	35.800	92	218	100	0.422	0.870	1.463E-17	75
seq99	seq80	31.500	160	218	408	0.734	0.390	1.985E-17	75
seq99	seq177	41.400	92	218	128	0.422	0.711	2.694E-17	74
seq99	seq47	26.600	162	218	383	0.743	0.418	1.237E-16	72
seq99	seq130	28.000	171	218	414	0.771	0.413	4.745E-15	68
seq99	seq131	28.500	171	218	414	0.771	0.413	4.745E-15	68
seq99	seq122	38.300	86	218	145	0.362	0.593	6.424E-15	67
seq99	seq183	27.200	176	218	424	0.771	0.415	6.424E-15	67
seq99	seq120	42.600	68	218	131	0.312	0.519	8.697E-15	67
seq99	seq67	30.500	142	218	262	0.638	0.542	1.177E-14	66
seq99	seq68	22.200	161	218	275	0.725	0.585	1.177E-14	66
seq99	seq119	42.600	68	218	131	0.312	0.519	2.156E-14	66
seq99	seq191	27.400	160	218	235	0.725	0.681	2.156E-14	66
seq99	seq61	24.500	181	218	455	0.766	0.398	2.918E-14	65
seq99	seq28	26.900	166	218	339	0.761	0.481	1.320E-13	63
seq99	seq39	24.600	145	218	378	0.665	0.384	1.785E-13	63
seq99	seq145	25.600	151	218	588	0.693	0.252	1.785E-13	63
seq99	seq196	26.000	167	218	177	0.766	0.831	3.261E-13	62
seq99	seq197	26.000	167	218	177	0.766	0.831	3.261E-13	62
seq99	seq200	39.700	68	218	248	0.312	0.274	3.261E-13	62
seq99	seq127	28.800	163	218	414	0.748	0.389	3.261E-13	62
seq99	seq27	26.400	166	218	339	0.761	0.481	1.086E-12	61
seq99	seq8	29.800	138	218	339	0.633	0.389	4.868E-12	59
seq99	seq83	31.500	76	218	90	0.349	0.844	6.567E-12	58
seq99	seq134	25.400	171	218	207	0.784	0.763	8.859E-12	58
seq99	seq135	25.400	171	218	207	0.784	0.763	8.859E-12	58
seq99	seq37	24.000	145	218	255	0.665	0.557	8.859E-12	58
seq99	seq136	25.400	171	218	352	0.784	0.449	8.859E-12	58
seq99	seq16	22.800	170	218	212	0.780	0.802	2.172E-11	57
seq99	seq184	24.100	177	218	223	0.812	0.794	2.172E-11	57
seq99	seq21	24.500	166	218	339	0.761	0.481	3.947E-11	56
seq99	seq112	25.800	142	218	514	0.628	0.276	3.947E-11	56
seq99	seq109	27.400	137	218	604	0.628	0.222	9.650E-11	55
seq99	seq152	36.200	69	218	132	0.317	0.492	1.300E-10	54
seq99	seq78	26.900	137	218	485	0.628	0.280	1.300E-10	54
seq99	seq118	24.300	117	218	248	0.537	0.464	1.750E-10	54
seq99	seq71	25.300	144	218	481	0.661	0.295	1.750E-10	54
seq99	seq89	23.200	149	218	476	0.661	0.313	4.266E-10	53
seq99	seq53	22.600	145	218	600	0.665	0.242	7.721E-10	52
seq99	seq186	27.200	151	218	235	0.656	0.643	1.038E-09	51
seq99	seq9	24.800	129	218	169	0.592	0.728	1.396E-09	51
seq99	seq54	23.400	186	218	273	0.743	0.681	1.396E-09	51
seq99	seq195	22.800	167	218	191	0.766	0.775	1.877E-09	51
seq99	seq34	24.000	169	218	340	0.775	0.488	3.389E-09	50
seq99	seq24	29.200	82	218	153	0.376	0.510	4.553E-09	49
seq99	seq36	25.400	181	218	270	0.752	0.670	4.553E-09	49
seq99	seq26	25.900	81	218	148	0.372	0.520	6.115E-09	49
seq99	seq35	24.000	169	218	340	0.775	0.488	8.212E-09	49
seq99	seq29	22.500	149	218	267	0.651	0.558	2.664E-08	47
seq99	seq13	27.600	112	218	171	0.491	0.655	6.427E-08	46
seq99	seq160	21.900	221	218	271	0.757	0.815	6.427E-08	46
seq99	seq111	24.500	187	218	347	0.743	0.539	1.155E-07	45
seq99	seq171	36.200	69	218	92	0.317	0.707	1.547E-07	45
seq99	seq172	36.200	69	218	92	0.317	0.707	1.547E-07	45
seq99	seq173	36.200	69	218	92	0.317	0.707	1.547E-07	45
seq99	seq174	36.200	69	218	92	0.317	0.707	1.547E-07	45
seq99	seq1	26.800	82	218	98	0.372	0.837	1.547E-07	45
seq99	seq70	33.300	68	218	416	0.307	0.163	1.547E-07	45
seq99	seq6	24.000	78	218	169	0.358	0.456	3.717E-07	44
seq99	seq58	26.100	130	218	161	0.596	0.727	4.976E-07	43
seq99	seq17	25.800	110	218	407	0.505	0.243	1.192E-06	42
seq99	seq180	28.500	70	218	120	0.321	0.550	1.595E-06	42
seq99	seq33	22.500	222	218	323	0.743	0.687	1.595E-06	42
seq99	seq10	29.400	84	218	170	0.381	0.494	2.852E-06	41
seq99	seq113	26.200	80	218	546	0.353	0.147	5.147E-05	37
seq99	seq170	28.500	70	218	124	0.321	0.492	3.855E-04	34
seq99	seq96	22.600	139	218	193	0.537	0.720	9.113E-04	33
seq2	seq2	100.000	194	194	194	1.000	1.000	1.515E-126	389
seq2	seq192	69.600	181	194	341	0.918	0.531	7.722E-80	255
seq2	seq72	41.800	163	194	181	0.840	0.890	3.784E-35	126
seq2	seq25	40.800	162	194	183	0.835	0.858	6.955E-32	116
seq2	seq66	41.500	174	194	185	0.897	0.924	6.955E-32	116
seq2	seq51	37.400	153	194	168	0.789	0.887	8.216E-28	104
seq42	seq42	100.000	338	338	338	1.000	1.000	3.743E-226	685
seq42	seq43	100.000	338	338	338	1.000	1.000	3.743E-226	685
seq42	seq44	100.000	338	338	338	1.000	1.000	3.743E-226	685
seq42	seq45	100.000	338	338	338	1.000	1.000	3.743E-226	685
seq42	seq46	100.000	338	338	338	1.000	1.000	3.743E-226	685
seq42	seq3	99.700	338	338	391	1.000	0.864	1.320E-225	683
seq45	seq42	100.000	338	338	338	1.000	1.000	3.743E-226	685
seq45	seq43	100.000	338	338	338	1.000	1.000	3.743E-226	685
seq45	seq44	100.000	338	338	338	1.000	1.000	3.743E-226	685
seq45	seq45	100.000	338	338	338	1.000	1.000	3.743E-226	685
seq45	seq46	100.000	338	338	338	1.000	1.000	3.743E-226	685
seq45	seq3	99.700	338	338	391	1.000	0.864	1.320E-225	683
seq173	seq171	100.000	92	92	92	1.000	1.000	7.985E-64	203
seq173	seq172	100.000	92	92	92	1.000	1.000	7.985E-64	203
seq173	seq173	100.000	92	92	92	1.000	1.000	7.985E-64	203
seq173	seq174	100.000	92	92	92	1.000	1.000	7.985E-64	203
seq173	seq180	46.000	89	92	120	0.913	0.742	2.602E-22	83
seq173	seq170	41.500	88	92	124	0.957	0.677	2.782E-19	75
seq173	seq139	37.600	77	92	128	0.837	0.562	2.170E-16	66
seq173	seq138	37.600	77	92	128	0.837	0.562	4.091E-16	66
seq173	seq185	37.600	85	92	247	0.902	0.344	4.763E-14	60
seq173	seq127	36.500	82	92	414	0.891	0.198	4.763E-14	60
seq173	seq130	36.500	82	92	414	0.891	0.198	6.540E-14	59
seq173	seq178	32.900	79	92	127	0.859	0.583	3.193E-13	57
seq173	seq98	32.000	75	92	350	0.815	0.214	4.385E-13	57
seq173	seq97	32.000	75	92	375	0.815	0.200	4.385E-13	57
seq173	seq146	36.500	81	92	202	0.880	0.386	8.268E-13	56
seq173	seq147	36.500	81	92	202	0.880	0.386	8.268E-13	56
seq173	seq148	36.500	81	92	202	0.880	0.386	8.268E-13	56
seq173	seq149	36.500	81	92	202	0.880	0.386	8.268E-13	56
seq173	seq150	36.500	81	92	202	0.880	0.386	8.268E-13	56
seq173	seq151	36.500	81	92	248	0.880	0.315	8.268E-13	56
seq173	seq80	34.100	79	92	408	0.859	0.194	8.268E-13	56
seq173	seq152	31.300	86	92	132	0.935	0.652	1.559E-12	55
seq173	seq115	33.700	77	92	245	0.837	0.298	4.037E-12	54
seq173	seq108	32.100	84	92	238	0.913	0.349	5.543E-12	54
seq173	seq9	38.600	75	92	169	0.815	0.432	7.611E-12	53
seq173	seq74	35.300	82	92	409	0.891	0.198	7.611E-12	53
seq173	seq12	31.500	76	92	100	0.826	0.750	1.045E-11	53
seq173	seq191	29.800	87	92	235	0.946	0.370	1.045E-11	53
seq173	seq75	31.600	75	92	617	0.815	0.120	1.045E-11	53
seq173	seq6	38.600	75	92	169	0.815	0.432	2.706E-11	52
seq173	seq129	27.800	79	92	378	0.859	0.206	2.706E-11	52
seq173	seq193	31.100	77	92	241	0.837	0.286	3.715E-11	51
seq173	seq160	31.700	80	92	271	0.848	0.295	5.101E-11	51
seq173	seq126	31.000	74	92	307	0.804	0.235	7.004E-11	51
seq173	seq67	30.700	78	92	262	0.848	0.298	9.618E-11	50
seq173	seq19	32.000	75	92	191	0.815	0.387	1.813E-10	49
seq173	seq20	32.000	75	92	191	0.815	0.387	1.813E-10	49
seq173	seq199	32.000	75	92	365	0.815	0.203	1.813E-10	49
seq173	seq36	30.700	78	92	270	0.848	0.289	2.489E-10	49
seq173	seq186	28.300	81	92	235	0.880	0.345	3.418E-10	49
seq173	seq10	32.800	73	92	170	0.793	0.424	6.443E-10	48
seq173	seq183	32.900	79	92	424	0.859	0.186	6.443E-10	48
seq173	seq37	33.700	74	92	255	0.750	0.290	8.846E-10	48
seq173	seq73	33.300	69	92	236	0.707	0.292	1.532E-08	44
seq173	seq69	30.100	73	92	260	0.793	0.227	1.532E-08	44
seq173	seq153	31.100	74	92	221	0.804	0.321	2.103E-08	44
seq173	seq154	31.100	74	92	221	0.804	0.321	2.103E-08	44
seq173	seq162	26.500	83	92	325	0.859	0.255	3.961E-08	43
seq173	seq163	26.500	83	92	325	0.859	0.255	3.961E-08	43
seq173	seq164	26.500	83	92	325	0.859	0.255	3.961E-08	43
seq173	seq165	26.500	83	92	325	0.859	0.255	3.961E-08	43
seq173	seq166	26.500	83	92	325	0.859	0.255	3.961E-08	43
seq173	seq145	24.000	79	92	588	0.859	0.134	3.961E-08	43
seq173	seq141	30.200	76	92	210	0.826	0.357	1.929E-07	41
seq173	seq34	30.200	76	92	340	0.826	0.206	4.984E-07	40
seq173	seq113	27.500	87	92	546	0.880	0.159	6.838E-07	39
seq173	seq111	27.300	84	92	347	0.837	0.242	1.287E-06	38
seq173	seq35	29.400	76	92	340	0.826	0.206	2.422E-06	38
seq173	seq29	30.600	73	92	267	0.793	0.273	4.154E-05	34
seq173	seq52	25.000	68	92	375	0.717	0.181	1.069E-04	33
seq50	seq50	100.000	556	556	556	1.000	1.000	0.000E+00	1023
seq50	seq144	34.400	170	556	356	0.302	0.478	8.859E-24	100
seq50	seq131	29.000	172	556	414	0.309	0.401	7.120E-20	87
seq50	seq90	28.000	176	556	338	0.317	0.503	3.823E-19	85
seq50	seq98	30.600	170	556	350	0.302	0.486	1.549E-18	83
seq50	seq80	28.900	172	556	408	0.309	0.412	2.049E-18	83
seq50	seq184	30.200	174	556	223	0.313	0.713	4.742E-18	81
seq50	seq7	25.400	152	556	258	0.273	0.554	1.097E-17	80
seq50	seq191	27.600	173	556	235	0.311	0.672	5.866E-17	78
seq50	seq68	26.000	178	556	275	0.318	0.647	1.026E-16	77
seq50	seq114	26.200	175	556	382	0.315	0.429	7.238E-16	74
seq50	seq187	28.400	149	556	456	0.268	0.303	3.859E-15	72
seq50	seq52	24.600	186	556	375	0.311	0.496	3.590E-14	69
seq50	seq74	24.700	171	556	409	0.308	0.391	8.281E-14	68
seq50	seq105	23.300	169	556	230	0.304	0.696	1.094E-13	67
seq50	seq106	23.300	169	556	362	0.304	0.442	1.094E-13	67
seq50	seq89	29.200	149	556	476	0.268	0.309	1.446E-13	67
seq50	seq63	25.100	155	556	205	0.279	0.693	2.523E-13	66
seq50	seq11	26.500	159	556	481	0.286	0.331	4.082E-12	62
seq50	seq177	35.600	73	556	128	0.131	0.570	1.641E-11	60
seq50	seq61	23.200	161	556	455	0.286	0.354	1.641E-11	60
seq50	seq156	20.700	155	556	226	0.279	0.659	2.167E-11	60
seq50	seq157	20.700	155	556	226	0.279	0.659	2.167E-11	60
seq50	seq78	25.900	159	556	485	0.286	0.309	6.591E-11	58
seq50	seq196	20.900	172	556	177	0.309	0.808	2.004E-10	57
seq50	seq197	20.900	172	556	177	0.309	0.808	2.004E-10	57
seq50	seq39	24.600	137	556	378	0.246	0.341	2.004E-10	57
seq50	seq75	20.800	181	556	617	0.304	0.293	2.646E-10	56
seq50	seq194	20.600	155	556	240	0.279	0.621	3.494E-10	56
seq50	seq23	22.300	190	556	372	0.311	0.511	3.494E-10	56
seq50	seq102	18.800	155	556	233	0.279	0.639	4.614E-10	55
seq50	seq111	26.500	157	556	347	0.239	0.452	4.614E-10	55
seq50	seq67	23.200	154	556	262	0.277	0.569	6.092E-10	55
seq50	seq71	25.300	159	556	481	0.286	0.310	1.851E-09	53
seq50	seq8	27.100	170	556	339	0.306	0.472	9.802E-09	51
seq50	seq146	23.000	161	556	202	0.288	0.797	1.708E-08	50
seq50	seq147	23.000	161	556	202	0.288	0.797	1.708E-08	50
seq50	seq148	23.000	161	556	202	0.288	0.797	1.708E-08	50
seq50	seq149	23.000	161	556	202	0.288	0.797	1.708E-08	50
seq50	seq150	23.000	161	556	202	0.288	0.797	1.708E-08	50
seq50	seq151	23.000	161	556	248	0.288	0.649	1.708E-08	50
seq50	seq170	31.200	80	556	124	0.144	0.605	2.255E-08	50
seq50	seq14	20.400	147	556	246	0.264	0.516	2.977E-08	49
seq50	seq27	25.000	153	556	339	0.275	0.410	3.929E-08	49
seq50	seq18	36.100	72	556	153	0.129	0.471	5.187E-08	49
seq50	seq112	23.600	156	556	514	0.281	0.294	5.187E-08	49
seq50	seq28	23.700	153	556	339	0.275	0.410	6.847E-08	48
seq50	seq26	27.000	96	556	148	0.173	0.649	9.037E-08	48
seq50	seq21	25.700	153	556	339	0.275	0.410	1.575E-07	47
seq50	seq12	27.800	61	556	100	0.110	0.610	3.620E-07	46
seq50	seq34	24.800	171	556	340	0.308	0.479	4.778E-07	46
seq50	seq115	29.300	73	556	245	0.131	0.282	8.324E-07	45
seq50	seq35	24.500	171	556	340	0.308	0.479	1.099E-06	44
seq50	seq24	27.300	73	556	153	0.131	0.477	2.525E-06	43
seq50	seq13	26.600	75	556	171	0.135	0.439	2.525E-06	43
seq50	seq158	27.800	77	556	136	0.138	0.522	3.333E-06	43
seq50	seq82	23.500	83	556	131	0.149	0.588	1.760E-05	40
seq50	seq81	24.300	73	556	131	0.131	0.504	9.291E-05	38
seq183	seq183	100.000	424	424	424	1.000	1.000	8.702E-281	848
seq183	seq130	43.400	388	424	414	0.915	0.928	3.288E-91	299
seq183	seq127	42.300	384	424	414	0.906	0.928	3.987E-90	296
seq183	seq80	42.800	368	424	408	0.861	0.902	3.138E-88	291
seq183	seq131	40.800	388	424	414	0.915	0.928	3.841E-82	273
seq183	seq114	37.200	376	424	382	0.884	0.984	1.752E-71	242
seq183	seq74	37.600	363	424	409	0.856	0.888	8.030E-64	219
seq183	seq144	27.900	256	424	356	0.583	0.719	2.429E-24	100
seq183	seq187	24.500	404	424	456	0.835	0.886	3.297E-23	97
seq183	seq184	38.700	154	424	223	0.361	0.691	1.047E-22	95
seq183	seq162	23.500	355	424	325	0.837	0.917	1.866E-22	94
seq183	seq163	23.500	355	424	325	0.837	0.917	1.866E-22	94
seq183	seq164	23.500	355	424	325	0.837	0.917	1.866E-22	94
seq183	seq165	23.500	355	424	325	0.837	0.917	1.866E-22	94
seq183	seq166	23.500	355	424	325	0.837	0.917	1.866E-22	94
seq183	seq191	36.100	162	424	235	0.380	0.689	2.490E-22	94
seq183	seq47	23.900	355	424	383	0.837	0.849	5.912E-22	93
seq183	seq16	36.600	152	424	212	0.356	0.717	7.886E-22	93
seq183	seq14	31.800	154	424	246	0.363	0.589	1.052E-21	92
seq183	seq126	27.500	237	424	307	0.559	0.765	1.048E-20	89
seq183	seq141	31.800	176	424	210	0.410	0.838	2.400E-18	81
seq183	seq68	24.800	199	424	275	0.450	0.724	1.324E-17	79
seq183	seq97	24.600	258	424	375	0.583	0.688	2.338E-17	78
seq183	seq137	26.400	155	424	476	0.366	0.311	2.338E-17	78
seq183	seq98	24.300	269	424	350	0.583	0.769	1.706E-16	76
seq183	seq73	29.700	168	424	236	0.384	0.712	3.007E-16	75
seq183	seq19	30.600	163	424	191	0.373	0.853	3.993E-16	74
seq183	seq20	30.600	163	424	191	0.373	0.853	3.993E-16	74
seq183	seq156	31.500	168	424	226	0.384	0.743	3.993E-16	74
seq183	seq199	30.600	163	424	365	0.373	0.447	3.993E-16	74
seq183	seq37	30.400	163	424	255	0.384	0.620	7.035E-16	74
seq183	seq157	31.200	163	424	226	0.373	0.721	1.645E-15	72
seq183	seq78	23.600	449	424	485	0.882	0.926	2.182E-15	72
seq183	seq194	32.000	154	424	240	0.363	0.642	3.842E-15	71
seq183	seq34	27.400	268	424	340	0.632	0.718	5.096E-15	71
seq183	seq50	27.800	158	424	556	0.349	0.284	5.096E-15	71
seq183	seq63	28.500	196	424	205	0.462	0.849	8.967E-15	70
seq183	seq21	23.500	246	424	339	0.580	0.693	1.189E-14	70
seq183	seq35	26.100	268	424	340	0.632	0.718	1.189E-14	70
seq183	seq109	22.600	448	424	604	0.849	0.742	1.189E-14	70
seq183	seq28	22.700	256	424	339	0.604	0.723	3.678E-14	68
seq183	seq7	25.100	158	424	258	0.373	0.612	4.877E-14	68
seq183	seq71	23.600	446	424	481	0.887	0.927	4.877E-14	68
seq183	seq145	28.700	159	424	588	0.375	0.270	6.465E-14	67
seq183	seq27	23.300	256	424	339	0.604	0.723	8.571E-14	67
seq183	seq77	24.900	247	424	310	0.571	0.797	1.506E-13	66
seq183	seq102	27.900	157	424	233	0.358	0.674	1.996E-13	66
seq183	seq129	26.800	164	424	378	0.349	0.434	2.645E-13	65
seq183	seq61	22.400	369	424	455	0.870	0.811	4.646E-13	64
seq183	seq186	28.300	158	424	235	0.373	0.664	1.081E-12	63
seq183	seq8	24.000	272	424	339	0.642	0.732	1.081E-12	63
seq183	seq160	36.800	76	424	271	0.179	0.280	2.513E-12	62
seq183	seq134	26.400	149	424	207	0.351	0.643	3.329E-12	62
seq183	seq135	26.400	149	424	207	0.351	0.643	3.329E-12	62
seq183	seq136	26.400	149	424	352	0.351	0.378	3.329E-12	62
seq183	seq33	22.400	284	424	323	0.670	0.749	7.734E-12	61
seq183	seq105	25.000	157	424	230	0.366	0.683	1.024E-11	60
seq183	seq106	25.000	157	424	362	0.366	0.434	1.024E-11	60
seq183	seq1	37.800	82	424	98	0.191	0.837	2.378E-11	59
seq183	seq75	23.900	171	424	617	0.351	0.277	2.378E-11	59
seq183	seq36	25.700	163	424	270	0.351	0.604	4.169E-11	58
seq183	seq11	25.400	175	424	481	0.384	0.364	4.169E-11	58
seq183	seq26	34.500	81	424	148	0.184	0.547	9.674E-11	57
seq183	seq67	24.500	155	424	262	0.354	0.592	1.281E-10	57
seq183	seq99	27.700	176	424	218	0.415	0.771	1.695E-10	56
seq183	seq140	35.100	74	424	415	0.175	0.176	1.695E-10	56
seq183	seq100	27.700	176	424	421	0.415	0.399	1.695E-10	56
seq183	seq190	35.000	77	424	404	0.182	0.188	3.930E-10	55
seq183	seq9	35.100	74	424	169	0.175	0.432	5.202E-10	55
seq183	seq195	23.700	177	424	191	0.417	0.759	5.202E-10	55
seq183	seq70	36.500	82	424	416	0.191	0.197	6.884E-10	54
seq183	seq118	35.000	77	424	248	0.179	0.310	1.205E-09	53
seq183	seq89	31.800	146	424	476	0.325	0.307	1.205E-09	53
seq183	seq6	31.800	88	424	169	0.208	0.515	1.595E-09	53
seq183	seq13	36.300	66	424	171	0.156	0.386	1.497E-08	50
seq183	seq69	26.100	146	424	260	0.344	0.542	1.497E-08	50
seq183	seq108	35.200	68	424	238	0.156	0.286	2.619E-08	49
seq183	seq177	36.000	75	424	128	0.175	0.586	3.464E-08	49
seq183	seq48	23.100	151	424	386	0.349	0.391	3.464E-08	49
seq183	seq24	30.000	80	424	153	0.182	0.523	8.015E-08	48
seq183	seq86	44.600	56	424	143	0.130	0.392	1.402E-07	47
seq183	seq83	39.300	65	424	90	0.153	0.689	2.451E-07	46
seq183	seq111	25.000	180	424	347	0.351	0.519	2.451E-07	46
seq183	seq200	36.200	91	424	248	0.212	0.367	7.492E-07	44
seq183	seq171	32.900	79	424	92	0.186	0.859	9.905E-07	44
seq183	seq172	32.900	79	424	92	0.186	0.859	9.905E-07	44
seq183	seq173	32.900	79	424	92	0.186	0.859	9.905E-07	44
seq183	seq174	32.900	79	424	92	0.186	0.859	9.905E-07	44
seq183	seq79	33.300	79	424	247	0.182	0.320	1.309E-06	44
seq183	seq152	29.800	77	424	132	0.179	0.583	1.731E-06	43
seq183	seq178	39.300	66	424	127	0.156	0.504	3.999E-06	42
seq183	seq119	42.600	61	424	131	0.142	0.466	9.237E-06	41
seq183	seq120	42.600	61	424	131	0.142	0.466	9.237E-06	41
seq183	seq122	40.900	61	424	145	0.142	0.421	9.237E-06	41
seq183	seq30	35.000	57	424	167	0.132	0.341	2.133E-05	40
seq183	seq17	20.900	259	424	407	0.611	0.560	3.726E-05	39
seq183	seq32	20.800	264	424	323	0.583	0.817	4.924E-05	38
seq183	seq180	31.500	76	424	120	0.177	0.633	6.507E-05	38
seq183	seq12	29.300	58	424	100	0.134	0.580	1.502E-04	37
seq92	seq91	100.000	530	530	530	1.000	1.000	0.000E+00	1034
seq92	seq92	100.000	530	530	530	1.000	1.000	0.000E+00	1034
seq92	seq179	27.200	473	530	542	0.892	0.860	2.395E-43	161
seq92	seq198	27.100	467	530	558	0.866	0.837	7.646E-38	144
seq92	seq169	27.100	467	530	589	0.866	0.793	1.025E-37	144
seq92	seq189	30.900	367	530	352	0.692	0.909	6.301E-35	135
seq92	seq126	26.800	182	530	307	0.343	0.518	2.010E-04	37
seq94	seq94	100.000	318	318	318	1.000	1.000	1.982E-203	618
seq94	seq95	85.800	332	318	335	0.991	0.991	2.187E-178	546
seq94	seq104	77.200	338	318	339	0.997	0.997	3.354E-163	502
seq94	seq87	72.000	350	318	356	0.978	0.983	4.523E-150	464
seq94	seq88	72.000	350	318	356	0.978	0.983	4.523E-150	464
seq94	seq107	27.100	407	318	464	0.909	0.877	6.293E-35	130
seq94	seq125	25.100	322	318	599	0.975	0.538	1.130E-17	78
seq94	seq128	25.500	281	318	579	0.884	0.458	1.628E-15	71
seq64	seq64	100.000	217	217	217	1.000	1.000	5.780E-132	406
seq192	seq192	100.000	341	341	341	1.000	1.000	1.414E-221	672
seq192	seq2	69.600	181	341	194	0.531	0.918	8.433E-77	254
seq192	seq72	42.600	166	341	181	0.487	0.890	3.191E-33	126
seq192	seq25	38.700	184	341	183	0.540	0.962	1.973E-32	123
seq192	seq66	43.800	176	341	185	0.516	0.919	1.973E-32	123
seq192	seq51	37.300	156	341	168	0.457	0.887	3.087E-25	102
seq27	seq27	100.000	339	339	339	1.000	1.000	9.842E-229	692
seq27	seq28	91.400	339	339	339	1.000	1.000	7.387E-213	647
seq27	seq21	84.600	339	339	339	1.000	1.000	4.021E-197	601
seq27	seq8	64.200	301	339	339	0.888	0.885	2.634E-129	406
seq27	seq35	53.400	314	339	340	0.926	0.921	1.196E-106	340
seq27	seq34	53.400	314	339	340	0.926	0.921	5.751E-106	338
seq27	seq131	25.100	251	339	414	0.708	0.606	2.340E-20	87
seq27	seq78	30.200	187	339	485	0.534	0.386	2.340E-20	87
seq27	seq127	25.600	262	339	414	0.752	0.633	3.141E-20	86
seq27	seq130	24.800	251	339	414	0.708	0.606	7.920E-19	82
seq27	seq74	25.900	287	339	409	0.808	0.702	1.904E-18	81
seq27	seq144	24.100	302	339	356	0.823	0.848	6.123E-18	79
seq27	seq11	27.600	181	339	481	0.490	0.376	6.123E-18	79
seq27	seq80	24.100	263	339	408	0.749	0.645	1.097E-17	78
seq27	seq61	23.400	226	339	455	0.646	0.497	1.964E-17	78
seq27	seq71	29.800	148	339	481	0.425	0.308	3.585E-16	74
seq27	seq183	23.200	261	339	424	0.723	0.616	3.623E-15	70
seq27	seq114	22.600	252	339	382	0.708	0.660	2.723E-14	68
seq27	seq145	26.800	172	339	588	0.496	0.293	2.723E-14	68
seq27	seq97	22.700	266	339	375	0.720	0.709	4.838E-14	67
seq27	seq112	25.200	178	339	514	0.490	0.346	6.449E-14	66
seq27	seq98	22.100	277	339	350	0.720	0.791	4.801E-13	64
seq27	seq37	27.800	144	339	255	0.416	0.565	2.006E-12	62
seq27	seq7	27.300	152	339	258	0.437	0.589	8.360E-12	60
seq27	seq90	21.500	285	339	338	0.720	0.843	8.360E-12	60
seq27	seq16	25.700	163	339	212	0.472	0.769	1.478E-11	59
seq27	seq19	28.700	168	339	191	0.487	0.880	1.965E-11	59
seq27	seq20	28.700	168	339	191	0.487	0.880	1.965E-11	59
seq27	seq99	26.400	166	339	218	0.481	0.761	1.965E-11	59
seq27	seq199	28.700	168	339	365	0.487	0.460	1.965E-11	59
seq27	seq100	26.400	166	339	421	0.481	0.394	1.965E-11	59
seq27	seq102	27.800	142	339	233	0.395	0.609	3.473E-11	58
seq27	seq184	27.900	208	339	223	0.584	0.933	4.616E-11	57
seq27	seq156	26.000	142	339	226	0.395	0.628	4.616E-11	57
seq27	seq157	26.600	142	339	226	0.395	0.628	4.616E-11	57
seq27	seq191	25.700	162	339	235	0.469	0.689	1.439E-10	56
seq27	seq73	29.100	142	339	236	0.395	0.602	1.912E-10	55
seq27	seq67	27.300	155	339	262	0.431	0.592	1.912E-10	55
seq27	seq68	26.400	166	339	275	0.463	0.604	1.912E-10	55
seq27	seq195	26.800	207	339	191	0.611	0.953	4.479E-10	54
seq27	seq77	21.800	253	339	310	0.699	0.816	1.049E-09	53
seq27	seq129	25.600	188	339	378	0.510	0.497	1.049E-09	53
seq27	seq194	31.400	149	339	240	0.428	0.621	1.392E-09	53
seq27	seq41	30.500	129	339	221	0.381	0.489	1.009E-08	50
seq27	seq50	25.000	153	339	556	0.410	0.275	3.124E-08	48
seq27	seq122	31.500	92	339	145	0.271	0.579	4.143E-08	48
seq27	seq160	29.700	109	339	271	0.307	0.402	4.143E-08	48
seq27	seq120	30.700	91	339	131	0.268	0.634	9.660E-08	47
seq27	seq119	30.700	91	339	131	0.268	0.634	1.281E-07	46
seq27	seq36	29.600	157	339	270	0.419	0.581	2.251E-07	46
seq27	seq108	33.800	62	339	238	0.183	0.261	5.242E-07	44
seq27	seq86	36.200	58	339	143	0.171	0.406	1.220E-06	43
seq27	seq141	28.000	82	339	210	0.242	0.386	2.142E-06	42
seq27	seq69	35.400	93	339	260	0.274	0.319	2.838E-06	42
seq27	seq13	32.900	86	339	171	0.254	0.485	4.980E-06	41
seq27	seq14	24.500	106	339	246	0.310	0.431	4.980E-06	41
seq27	seq17	23.700	230	339	407	0.678	0.550	6.597E-06	41
seq27	seq177	33.700	74	339	128	0.218	0.570	8.738E-06	40
seq27	seq40	29.700	77	339	278	0.227	0.270	8.738E-06	40
seq27	seq65	29.700	77	339	273	0.227	0.275	1.157E-05	40
seq27	seq30	30.900	55	339	167	0.162	0.329	1.533E-05	40
seq27	seq193	31.300	112	339	241	0.330	0.386	2.030E-05	39
seq27	seq10	27.100	59	339	170	0.174	0.347	6.242E-05	38
seq27	seq60	27.000	99	339	377	0.236	0.263	8.265E-05	37
seq27	seq24	28.000	81	339	153	0.239	0.510	1.094E-04	37
seq27	seq9	29.800	87	339	169	0.233	0.515	3.360E-04	35
seq27	seq33	20.500	244	339	323	0.720	0.709	3.360E-04	35
seq140	seq140	100.000	415	415	415	1.000	1.000	1.038E-257	781
seq140	seq190	39.300	391	415	404	0.795	0.968	1.647E-49	177
seq140	seq6	62.900	108	415	169	0.260	0.639	7.361E-37	139
seq140	seq9	67.600	100	415	169	0.239	0.592	1.096E-35	135
seq140	seq130	38.400	78	415	414	0.186	0.188	7.022E-11	57
seq140	seq131	38.400	78	415	414	0.186	0.188	7.022E-11	57
seq140	seq127	35.800	78	415	414	0.186	0.188	2.035E-09	53
seq140	seq129	35.600	85	415	378	0.205	0.225	2.693E-09	52
seq140	seq134	29.600	81	415	207	0.195	0.362	3.563E-09	52
seq140	seq135	29.600	81	415	207	0.195	0.362	3.563E-09	52
seq140	seq136	29.600	81	415	352	0.195	0.213	3.563E-09	52
seq140	seq200	31.600	140	415	248	0.260	0.565	6.240E-09	51
seq140	seq141	34.100	79	415	210	0.186	0.376	8.256E-09	51
seq140	seq75	33.300	90	415	617	0.214	0.146	8.256E-09	51
seq140	seq39	35.200	71	415	378	0.169	0.188	1.445E-08	50
seq140	seq188	29.400	134	415	356	0.318	0.376	2.530E-08	49
seq140	seq112	25.200	264	415	514	0.595	0.514	3.347E-08	49
seq140	seq177	31.500	76	415	128	0.178	0.594	5.857E-08	48
seq140	seq196	31.200	80	415	177	0.193	0.418	7.748E-08	48
seq140	seq197	31.200	80	415	177	0.193	0.418	7.748E-08	48
seq140	seq41	37.300	75	415	221	0.181	0.321	7.748E-08	48
seq140	seq98	32.500	83	415	350	0.195	0.237	7.748E-08	48
seq140	seq97	32.500	83	415	375	0.195	0.221	7.748E-08	48
seq140	seq53	33.800	71	415	600	0.169	0.118	1.356E-07	47
seq140	seq68	39.100	68	415	275	0.161	0.247	1.268E-06	44
seq140	seq162	38.000	63	415	325	0.147	0.194	2.217E-06	43
seq140	seq163	38.000	63	415	325	0.147	0.194	2.217E-06	43
seq140	seq164	38.000	63	415	325	0.147	0.194	2.217E-06	43
seq140	seq165	38.000	63	415	325	0.147	0.194	2.217E-06	43
seq140	seq166	38.000	63	415	325	0.147	0.194	2.217E-06	43
seq140	seq145	31.700	84	415	588	0.200	0.143	2.932E-06	42
seq140	seq105	31.100	88	415	230	0.212	0.374	3.876E-06	42
seq140	seq106	31.100	88	415	362	0.212	0.238	3.876E-06	42
seq140	seq185	33.800	67	415	247	0.157	0.271	1.565E-05	40
seq140	seq61	27.100	117	415	455	0.277	0.257	8.349E-05	38
seq140	seq63	29.400	77	415	205	0.183	0.376	1.927E-04	36
seq140	seq11	26.200	174	415	481	0.419	0.358	1.927E-04	36
seq14	seq14	100.000	246	246	246	1.000	1.000	3.384E-165	504
seq14	seq39	58.300	207	246	378	0.833	0.548	1.164E-70	231
seq14	seq53	55.500	207	246	600	0.833	0.345	8.572E-65	214
seq14	seq137	60.300	177	246	476	0.720	0.370	3.331E-59	198
seq14	seq47	32.600	196	246	383	0.768	0.512	3.067E-27	105
seq14	seq162	34.900	178	246	325	0.724	0.532	5.681E-27	104
seq14	seq163	34.900	178	246	325	0.724	0.532	5.681E-27	104
seq14	seq164	34.900	178	246	325	0.724	0.532	5.681E-27	104
seq14	seq165	34.900	178	246	325	0.724	0.532	5.681E-27	104
seq14	seq166	34.900	178	246	325	0.724	0.532	5.681E-27	104
seq14	seq187	36.300	182	246	456	0.740	0.388	1.052E-26	103
seq14	seq188	32.500	200	246	356	0.732	0.562	4.922E-24	95
seq14	seq183	31.800	154	246	424	0.589	0.363	6.595E-22	89
seq14	seq37	31.200	170	246	255	0.683	0.667	6.377E-20	83
seq14	seq114	28.600	167	246	382	0.610	0.437	9.112E-17	74
seq14	seq118	28.100	166	246	248	0.667	0.669	4.102E-16	72
seq14	seq78	25.800	181	246	485	0.715	0.373	1.840E-15	70
seq14	seq145	29.000	192	246	588	0.780	0.327	1.109E-14	67
seq14	seq74	31.600	138	246	409	0.516	0.337	2.717E-14	66
seq14	seq67	30.700	175	246	262	0.671	0.668	1.206E-13	64
seq14	seq71	25.500	171	246	481	0.679	0.356	1.624E-13	64
seq14	seq16	28.600	157	246	212	0.598	0.741	3.961E-13	63
seq14	seq70	42.600	61	246	416	0.248	0.147	3.961E-13	63
seq14	seq11	25.800	181	246	481	0.679	0.376	3.961E-13	63
seq14	seq129	26.500	211	246	378	0.764	0.558	3.153E-12	60
seq14	seq1	44.200	61	246	98	0.248	0.622	4.238E-12	59
seq14	seq184	28.700	153	246	223	0.581	0.686	4.238E-12	59
seq14	seq144	25.400	154	246	356	0.581	0.433	4.238E-12	59
seq14	seq109	44.200	61	246	604	0.248	0.101	4.238E-12	59
seq14	seq194	26.300	148	246	240	0.549	0.617	1.028E-11	58
seq14	seq98	26.000	168	246	350	0.585	0.480	3.339E-11	57
seq14	seq97	26.000	168	246	375	0.585	0.448	3.339E-11	57
seq14	seq186	28.700	132	246	235	0.480	0.562	1.082E-10	55
seq14	seq33	22.300	229	246	323	0.659	0.709	1.082E-10	55
seq14	seq119	43.100	58	246	131	0.236	0.443	6.272E-10	53
seq14	seq120	41.300	58	246	131	0.236	0.443	2.016E-09	51
seq14	seq122	41.300	58	246	145	0.236	0.400	2.699E-09	51
seq14	seq200	37.900	58	246	248	0.236	0.234	8.643E-09	49
seq14	seq68	22.500	159	246	275	0.573	0.578	8.643E-09	49
seq14	seq86	37.300	67	246	143	0.272	0.469	1.156E-08	49
seq14	seq105	23.200	172	246	230	0.622	0.748	1.545E-08	48
seq14	seq106	23.200	172	246	362	0.622	0.475	1.545E-08	48
seq14	seq36	31.400	70	246	270	0.280	0.259	2.065E-08	48
seq14	seq160	36.000	61	246	271	0.248	0.221	1.173E-07	46
seq14	seq29	28.700	93	246	267	0.346	0.348	3.719E-07	44
seq14	seq83	38.100	55	246	90	0.224	0.611	4.961E-07	44
seq14	seq7	21.300	150	246	258	0.565	0.581	6.617E-07	43
seq14	seq108	21.800	183	246	238	0.703	0.769	8.823E-07	43
seq14	seq13	40.400	47	246	171	0.191	0.275	1.176E-06	42
seq14	seq189	36.100	47	246	352	0.191	0.122	1.176E-06	42
seq14	seq69	25.600	117	246	260	0.443	0.450	1.568E-06	42
seq14	seq62	25.800	62	246	281	0.244	0.221	2.069E-05	38
seq14	seq26	36.000	50	246	148	0.203	0.338	2.753E-05	38
seq14	seq28	25.400	106	246	339	0.431	0.310	3.664E-05	38
seq14	seq30	29.500	61	246	167	0.244	0.365	6.485E-05	37
seq14	seq27	24.500	106	246	339	0.431	0.310	6.485E-05	37
seq14	seq24	29.400	51	246	153	0.207	0.333	6.334E-04	34
seq110	seq110	100.000	230	230	230	1.000	1.000	6.269E-143	439
seq110	seq90	25.700	163	230	338	0.652	0.482	4.244E-07	44
seq15	seq15	100.000	183	183	183	1.000	1.000	2.046E-118	365
seq15	seq93	56.800	139	183	312	0.699	0.446	8.616E-44	150
seq111	seq111	100.000	347	347	347	1.000	1.000	3.594E-231	700
seq111	seq23	41.200	335	347	372	0.965	0.882	3.108E-80	264
seq111	seq52	40.100	340	347	375	0.980	0.893	2.694E-76	252
seq111	seq130	26.800	268	347	414	0.772	0.502	2.928E-15	71
seq111	seq191	23.500	200	347	235	0.576	0.689	1.233E-14	69
seq111	seq127	26.000	268	347	414	0.772	0.502	3.888E-14	67
seq111	seq131	25.700	268	347	414	0.772	0.502	6.899E-14	66
seq111	seq184	26.700	201	347	223	0.579	0.731	1.223E-13	66
seq111	seq47	26.200	195	347	383	0.562	0.441	2.168E-13	65
seq111	seq80	23.800	310	347	408	0.893	0.603	6.801E-13	63
seq111	seq16	23.400	201	347	212	0.579	0.769	9.049E-13	63
seq111	seq120	39.100	69	347	131	0.199	0.527	1.601E-12	62
seq111	seq119	39.100	69	347	131	0.199	0.527	2.129E-12	62
seq111	seq122	34.600	100	347	145	0.277	0.690	2.832E-12	61
seq111	seq162	25.100	187	347	325	0.539	0.477	3.765E-12	61
seq111	seq163	25.100	187	347	325	0.539	0.477	3.765E-12	61
seq111	seq164	25.100	187	347	325	0.539	0.477	3.765E-12	61
seq111	seq165	25.100	187	347	325	0.539	0.477	3.765E-12	61
seq111	seq166	25.100	187	347	325	0.539	0.477	3.765E-12	61
seq111	seq200	36.300	98	347	248	0.262	0.395	8.846E-12	60
seq111	seq187	28.400	193	347	456	0.556	0.353	2.759E-11	58
seq111	seq50	26.700	157	347	556	0.452	0.239	6.467E-11	57
seq111	seq141	21.600	202	347	210	0.582	0.843	1.141E-10	56
seq111	seq114	27.100	184	347	382	0.530	0.437	1.141E-10	56
seq111	seq137	25.600	183	347	476	0.527	0.305	1.100E-09	53
seq111	seq186	33.700	86	347	235	0.248	0.366	3.409E-09	51
seq111	seq188	24.300	186	347	356	0.536	0.483	3.409E-09	51
seq111	seq118	28.100	127	347	248	0.366	0.504	4.521E-09	51
seq111	seq86	36.200	58	347	143	0.167	0.406	5.997E-09	51
seq111	seq185	29.100	103	347	247	0.265	0.417	5.997E-09	51
seq111	seq98	21.800	268	347	350	0.772	0.663	5.731E-08	48
seq111	seq26	28.000	82	347	148	0.236	0.554	1.007E-07	47
seq111	seq83	33.300	63	347	90	0.182	0.700	1.335E-07	46
seq111	seq183	24.400	180	347	424	0.519	0.351	1.335E-07	46
seq111	seq24	28.800	90	347	153	0.254	0.588	1.769E-07	46
seq111	seq7	23.900	96	347	258	0.254	0.372	2.344E-07	46
seq111	seq13	28.200	85	347	171	0.239	0.497	7.225E-07	44
seq111	seq97	20.300	268	347	375	0.772	0.589	9.572E-07	44
seq111	seq145	31.100	105	347	588	0.288	0.179	1.268E-06	43
seq111	seq193	29.100	88	347	241	0.254	0.365	2.225E-06	42
seq111	seq34	26.700	196	347	340	0.565	0.476	5.169E-06	41
seq111	seq35	25.700	196	347	340	0.565	0.476	2.786E-05	39
seq111	seq69	30.600	49	347	260	0.141	0.188	3.688E-05	38
seq111	seq54	32.000	52	347	273	0.144	0.190	2.626E-04	36
seq111	seq40	32.000	52	347	278	0.144	0.187	3.475E-04	35
seq111	seq178	36.000	61	347	127	0.176	0.417	4.599E-04	35
seq81	seq81	100.000	131	131	131	1.000	1.000	1.679E-85	267
seq81	seq82	82.400	131	131	131	0.901	1.000	8.658E-65	208
seq81	seq158	62.300	129	131	136	0.985	0.941	2.004E-49	164
seq81	seq195	29.100	99	131	191	0.748	0.518	5.474E-08	44
seq81	seq178	36.100	82	131	127	0.595	0.646	1.887E-07	42
seq81	seq127	30.200	93	131	414	0.679	0.225	8.831E-07	40
seq81	seq146	36.000	60	131	202	0.427	0.297	1.202E-06	40
seq81	seq147	36.000	60	131	202	0.427	0.297	1.202E-06	40
seq81	seq148	36.000	60	131	202	0.427	0.297	1.202E-06	40
seq81	seq149	36.000	60	131	202	0.427	0.297	1.202E-06	40
seq81	seq150	36.000	60	131	202	0.427	0.297	1.202E-06	40
seq81	seq151	36.000	60	131	248	0.427	0.242	1.202E-06	40
seq81	seq67	32.600	52	131	262	0.397	0.195	1.615E-04	34
seq81	seq79	30.200	76	131	247	0.519	0.308	9.968E-04	31
seq114	seq114	100.000	382	382	382	1.000	1.000	5.615E-261	788
seq114	seq127	66.900	363	382	414	0.950	0.874	2.532E-160	497
seq114	seq130	65.500	363	382	414	0.950	0.874	6.585E-157	488
seq114	seq131	62.200	363	382	414	0.950	0.874	1.151E-146	458
seq114	seq80	57.500	362	382	408	0.942	0.887	1.190E-128	406
seq114	seq183	37.200	376	382	424	0.984	0.884	4.540E-75	250
seq114	seq74	36.600	356	382	409	0.932	0.868	2.904E-64	219
seq114	seq16	39.400	173	382	212	0.450	0.816	3.373E-29	115
seq114	seq126	29.400	271	382	307	0.709	0.873	3.373E-29	115
seq114	seq191	36.100	162	382	235	0.419	0.689	4.912E-28	111
seq114	seq144	28.000	258	382	356	0.654	0.725	4.912E-28	111
seq114	seq184	36.500	173	382	223	0.450	0.776	6.611E-28	111
seq114	seq90	27.800	279	382	338	0.654	0.825	1.197E-27	110
seq114	seq47	27.000	330	382	383	0.699	0.862	2.915E-27	109
seq114	seq97	25.700	259	382	375	0.678	0.680	1.832E-25	103
seq114	seq98	25.500	266	382	350	0.678	0.760	7.996E-25	101
seq114	seq141	32.000	175	382	210	0.458	0.833	2.218E-20	87
seq114	seq37	32.200	177	382	255	0.463	0.647	1.697E-18	81
seq114	seq8	25.500	293	382	339	0.767	0.826	4.027E-18	80
seq114	seq14	28.600	167	382	246	0.437	0.610	1.273E-17	79
seq114	seq28	26.400	252	382	339	0.660	0.708	5.346E-17	77
seq114	seq134	28.900	169	382	207	0.442	0.715	9.485E-17	76
seq114	seq135	28.900	169	382	207	0.442	0.715	9.485E-17	76
seq114	seq136	28.900	169	382	352	0.442	0.420	9.485E-17	76
seq114	seq50	26.200	175	382	556	0.429	0.315	9.485E-17	76
seq114	seq39	27.000	172	382	378	0.450	0.439	2.981E-16	74
seq114	seq61	22.800	358	382	455	0.702	0.787	1.656E-15	72
seq114	seq77	23.200	252	382	310	0.649	0.813	3.896E-15	71
seq114	seq21	24.200	264	382	339	0.691	0.755	5.181E-15	70
seq114	seq34	27.400	270	382	340	0.707	0.721	5.181E-15	70
seq114	seq186	30.800	135	382	235	0.353	0.532	9.160E-15	70
seq114	seq27	23.700	252	382	339	0.660	0.708	1.218E-14	69
seq114	seq102	26.900	160	382	233	0.419	0.661	2.151E-14	68
seq114	seq35	26.300	270	382	340	0.707	0.721	5.048E-14	67
seq114	seq41	30.000	159	382	221	0.416	0.593	2.088E-13	65
seq114	seq137	25.400	159	382	476	0.416	0.309	2.088E-13	65
seq114	seq67	30.600	154	382	262	0.403	0.588	3.681E-13	64
seq114	seq36	27.800	148	382	270	0.387	0.500	3.681E-13	64
seq114	seq75	27.200	181	382	617	0.429	0.293	1.143E-12	63
seq114	seq185	26.100	151	382	247	0.395	0.611	2.673E-12	62
seq114	seq118	29.400	175	382	248	0.458	0.653	2.673E-12	62
seq114	seq145	26.000	167	382	588	0.437	0.265	6.243E-12	61
seq114	seq11	25.700	159	382	481	0.403	0.331	2.563E-11	59
seq114	seq105	26.700	157	382	230	0.411	0.648	5.976E-11	57
seq114	seq160	23.000	252	382	271	0.660	0.790	5.976E-11	57
seq114	seq106	26.700	157	382	362	0.411	0.412	5.976E-11	57
seq114	seq7	22.300	172	382	258	0.450	0.647	1.050E-10	57
seq114	seq78	26.100	167	382	485	0.437	0.334	1.392E-10	56
seq114	seq24	37.500	80	382	153	0.204	0.523	1.846E-10	56
seq114	seq33	25.000	228	382	323	0.461	0.706	1.846E-10	56
seq114	seq108	29.200	159	382	238	0.416	0.647	4.298E-10	55
seq114	seq26	36.800	76	382	148	0.194	0.514	5.695E-10	54
seq114	seq111	27.100	184	382	347	0.437	0.530	7.547E-10	54
seq114	seq89	30.600	161	382	476	0.416	0.338	7.547E-10	54
seq114	seq70	35.800	80	382	416	0.207	0.192	5.406E-09	51
seq114	seq13	32.000	75	382	171	0.191	0.439	7.160E-09	51
seq114	seq63	25.000	169	382	205	0.442	0.741	9.483E-09	50
seq114	seq9	30.200	96	382	169	0.251	0.556	3.862E-08	48
seq114	seq69	27.200	142	382	260	0.372	0.462	6.769E-08	48
seq114	seq60	33.700	80	382	377	0.186	0.212	3.642E-07	45
seq114	seq200	31.000	99	382	248	0.249	0.399	8.443E-07	44
seq114	seq170	31.500	92	382	124	0.241	0.669	1.479E-06	43
seq114	seq30	32.700	58	382	167	0.149	0.347	3.425E-06	42
seq114	seq103	31.300	82	382	216	0.207	0.380	3.213E-05	39
seq114	seq96	23.500	84	382	193	0.212	0.435	5.621E-05	38
seq95	seq95	100.000	335	335	335	1.000	1.000	9.945E-218	661
seq95	seq94	85.800	332	335	318	0.991	0.991	7.931E-180	551
seq95	seq87	80.700	356	335	356	1.000	1.000	6.522E-178	546
seq95	seq88	80.700	356	335	356	1.000	1.000	6.522E-178	546
seq95	seq104	77.100	337	335	339	0.994	0.994	1.859E-162	501
seq95	seq107	26.900	407	335	464	0.913	0.877	5.385E-37	137
seq95	seq128	29.900	134	335	579	0.400	0.228	4.652E-15	70
seq13	seq13	100.000	171	171	171	1.000	1.000	4.521E-109	338
seq13	seq26	53.200	109	171	148	0.637	0.736	1.562E-35	126
seq13	seq24	47.600	105	171	153	0.614	0.686	1.417E-31	114
seq13	seq68	47.900	73	171	275	0.427	0.265	6.538E-17	72
seq13	seq90	34.600	124	171	338	0.725	0.340	1.216E-16	71
seq13	seq144	41.700	79	171	356	0.462	0.222	5.731E-16	69
seq13	seq97	36.700	106	171	375	0.608	0.283	1.451E-15	68
seq13	seq98	38.200	94	171	350	0.544	0.269	1.978E-15	67
seq13	seq141	32.500	80	171	210	0.468	0.376	2.040E-11	55
seq13	seq127	37.900	79	171	414	0.462	0.188	2.040E-11	55
seq13	seq120	32.500	89	171	131	0.456	0.679	1.735E-10	53
seq13	seq119	32.500	89	171	131	0.456	0.679	4.331E-10	51
seq13	seq86	45.400	55	171	143	0.322	0.385	5.873E-10	51
seq13	seq200	33.300	75	171	248	0.439	0.302	5.873E-10	51
seq13	seq130	34.700	72	171	414	0.421	0.169	1.463E-09	50
seq13	seq177	28.300	81	171	128	0.474	0.633	2.687E-09	49
seq13	seq122	36.700	68	171	145	0.398	0.469	2.687E-09	49
seq13	seq114	32.000	75	171	382	0.439	0.191	2.687E-09	49
seq13	seq183	34.700	72	171	424	0.421	0.167	2.687E-09	49
seq13	seq145	34.700	95	171	588	0.538	0.162	2.687E-09	49
seq13	seq105	31.700	102	171	230	0.573	0.443	4.931E-09	48
seq13	seq106	31.700	102	171	362	0.573	0.282	4.931E-09	48
seq13	seq47	32.800	67	171	383	0.392	0.175	4.931E-09	48
seq13	seq109	31.700	101	171	604	0.550	0.167	6.678E-09	48
seq13	seq19	32.800	73	171	191	0.421	0.382	9.042E-09	48
seq13	seq20	32.800	73	171	191	0.421	0.382	9.042E-09	48
seq13	seq7	36.300	55	171	258	0.322	0.213	9.042E-09	48
seq13	seq199	32.800	73	171	365	0.421	0.200	9.042E-09	48
seq13	seq83	42.800	70	171	90	0.386	0.778	1.657E-08	47
seq13	seq160	36.400	73	171	271	0.427	0.269	3.032E-08	46
seq13	seq102	26.900	126	171	233	0.737	0.494	4.102E-08	46
seq13	seq129	42.000	50	171	378	0.292	0.132	4.102E-08	46
seq13	seq156	38.700	49	171	226	0.287	0.217	5.547E-08	45
seq13	seq157	38.700	49	171	226	0.287	0.217	5.547E-08	45
seq13	seq73	33.300	66	171	236	0.386	0.254	5.547E-08	45
seq13	seq8	34.300	67	171	339	0.392	0.174	5.547E-08	45
seq13	seq67	30.300	79	171	262	0.462	0.302	1.370E-07	44
seq13	seq74	37.300	67	171	409	0.392	0.161	1.851E-07	44
seq13	seq111	28.200	85	171	347	0.497	0.239	3.376E-07	43
seq13	seq99	33.300	51	171	218	0.298	0.234	6.152E-07	42
seq13	seq100	33.300	51	171	421	0.298	0.121	6.152E-07	42
seq13	seq180	32.000	75	171	120	0.439	0.625	1.120E-06	41
seq13	seq14	38.100	55	171	246	0.316	0.224	1.511E-06	41
seq13	seq39	34.900	63	171	378	0.368	0.167	2.037E-06	40
seq13	seq137	40.400	47	171	476	0.275	0.099	2.746E-06	40
seq13	seq113	32.800	71	171	546	0.415	0.126	2.746E-06	40
seq13	seq41	28.900	76	171	221	0.444	0.276	2.967E-05	37
seq13	seq69	34.500	55	171	260	0.322	0.212	2.346E-04	34
seq13	seq33	22.200	81	171	323	0.474	0.251	5.667E-04	33
seq41	seq41	100.000	221	221	221	1.000	1.000	1.405E-145	446
seq41	seq114	29.900	163	221	382	0.624	0.427	3.737E-15	68
seq41	seq196	32.100	110	221	177	0.489	0.621	4.196E-14	65
seq41	seq197	32.100	110	221	177	0.489	0.621	4.196E-14	65
seq41	seq131	29.700	157	221	414	0.584	0.379	1.893E-13	63
seq41	seq191	31.300	150	221	235	0.611	0.638	4.666E-13	62
seq41	seq130	29.100	157	221	414	0.584	0.379	8.507E-13	61
seq41	seq127	27.200	157	221	414	0.584	0.379	2.092E-12	60
seq41	seq144	26.600	171	221	356	0.742	0.480	9.337E-12	58
seq41	seq97	28.500	147	221	375	0.597	0.392	2.286E-11	57
seq41	seq185	28.600	136	221	247	0.557	0.551	3.080E-11	56
seq41	seq61	25.300	196	221	455	0.697	0.431	4.149E-11	56
seq41	seq162	27.500	145	221	325	0.597	0.446	5.588E-11	55
seq41	seq163	27.500	145	221	325	0.597	0.446	5.588E-11	55
seq41	seq164	27.500	145	221	325	0.597	0.446	5.588E-11	55
seq41	seq165	27.500	145	221	325	0.597	0.446	5.588E-11	55
seq41	seq166	27.500	145	221	325	0.597	0.446	5.588E-11	55
seq41	seq9	30.300	102	221	169	0.434	0.604	7.524E-11	55
seq41	seq21	28.000	185	221	339	0.783	0.546	7.524E-11	55
seq41	seq16	26.500	192	221	212	0.796	0.906	1.013E-10	55
seq41	seq184	28.000	150	221	223	0.611	0.673	1.835E-10	54
seq41	seq27	29.000	146	221	339	0.597	0.431	1.835E-10	54
seq41	seq28	28.000	173	221	339	0.602	0.510	4.467E-10	53
seq41	seq90	26.700	146	221	338	0.593	0.432	6.007E-10	52
seq41	seq98	26.500	158	221	350	0.597	0.451	6.007E-10	52
seq41	seq75	27.500	167	221	617	0.593	0.271	1.960E-09	51
seq41	seq140	37.300	75	221	415	0.321	0.181	6.374E-09	49
seq41	seq180	33.700	77	221	120	0.321	0.642	8.555E-09	49
seq41	seq160	34.800	86	221	271	0.353	0.317	1.148E-08	48
seq41	seq34	27.300	147	221	340	0.624	0.432	1.148E-08	48
seq41	seq47	25.300	160	221	383	0.670	0.418	1.148E-08	48
seq41	seq146	35.600	73	221	202	0.317	0.361	3.714E-08	47
seq41	seq147	35.600	73	221	202	0.317	0.361	3.714E-08	47
seq41	seq148	35.600	73	221	202	0.317	0.361	3.714E-08	47
seq41	seq149	35.600	73	221	202	0.317	0.361	3.714E-08	47
seq41	seq150	35.600	73	221	202	0.317	0.361	3.714E-08	47
seq41	seq151	35.600	73	221	248	0.317	0.294	3.714E-08	47
seq41	seq115	36.100	72	221	245	0.317	0.294	4.978E-08	46
seq41	seq68	24.400	171	221	275	0.615	0.622	4.978E-08	46
seq41	seq35	26.500	170	221	340	0.724	0.500	4.978E-08	46
seq41	seq188	24.200	165	221	356	0.606	0.463	1.604E-07	45
seq41	seq30	38.400	72	221	167	0.326	0.407	2.875E-07	44
seq41	seq194	24.300	148	221	240	0.588	0.617	9.214E-07	42
seq41	seq52	26.200	161	221	375	0.570	0.429	9.214E-07	42
seq41	seq153	38.800	54	221	221	0.231	0.244	1.232E-06	42
seq41	seq154	38.800	54	221	221	0.231	0.244	1.232E-06	42
seq41	seq13	26.400	87	221	171	0.326	0.509	3.932E-06	40
seq41	seq112	26.000	142	221	514	0.548	0.276	3.932E-06	40
seq41	seq200	29.600	79	221	248	0.335	0.319	1.251E-05	39
seq41	seq152	28.000	75	221	132	0.312	0.568	1.670E-05	38
seq41	seq23	31.400	87	221	372	0.348	0.234	3.966E-05	37
seq41	seq161	31.000	74	221	246	0.312	0.301	7.054E-05	36
seq41	seq79	36.500	52	221	247	0.231	0.211	2.227E-04	35
seq41	seq40	33.300	69	221	278	0.267	0.248	3.953E-04	34
seq41	seq65	33.300	69	221	273	0.267	0.253	7.011E-04	33
seq120	seq120	100.000	131	131	131	1.000	1.000	8.580E-89	277
seq120	seq119	91.600	131	131	131	1.000	1.000	3.604E-83	261
seq120	seq122	78.700	127	131	145	0.969	0.876	2.143E-67	215
seq120	seq200	81.800	88	131	248	0.672	0.355	8.872E-48	159
seq120	seq86	64.300	87	131	143	0.664	0.601	6.322E-34	119
seq120	seq105	38.300	86	131	230	0.656	0.357	2.338E-17	71
seq120	seq102	43.500	78	131	233	0.595	0.335	2.338E-17	71
seq120	seq106	38.300	86	131	362	0.656	0.227	2.338E-17	71
seq120	seq19	47.000	68	131	191	0.519	0.356	8.220E-17	70
seq120	seq20	47.000	68	131	191	0.519	0.356	8.220E-17	70
seq120	seq199	47.000	68	131	365	0.519	0.186	8.220E-17	70
seq120	seq177	40.700	81	131	128	0.611	0.633	5.414E-16	67
seq120	seq156	45.500	68	131	226	0.519	0.301	5.414E-16	67
seq120	seq129	38.300	86	131	378	0.656	0.217	5.414E-16	67
seq120	seq7	34.100	82	131	258	0.626	0.318	7.412E-16	67
seq120	seq157	45.500	68	131	226	0.519	0.301	1.015E-15	66
seq120	seq99	42.600	68	131	218	0.519	0.312	1.389E-15	66
seq120	seq100	42.600	68	131	421	0.519	0.162	1.389E-15	66
seq120	seq12	38.600	75	131	100	0.573	0.750	4.875E-15	64
seq120	seq73	44.100	68	131	236	0.519	0.288	4.875E-15	64
seq120	seq111	39.100	69	131	347	0.527	0.199	9.132E-15	64
seq120	seq63	35.200	68	131	205	0.519	0.332	4.381E-14	62
seq120	seq194	36.000	75	131	240	0.573	0.312	5.995E-14	61
seq120	seq141	38.100	76	131	210	0.573	0.362	8.201E-14	61
seq120	seq83	38.800	72	131	90	0.550	0.800	1.122E-13	61
seq120	seq144	41.300	75	131	356	0.565	0.211	1.005E-12	58
seq120	seq180	34.900	83	131	120	0.626	0.692	2.569E-12	57
seq120	seq68	40.500	69	131	275	0.527	0.251	8.974E-12	55
seq120	seq67	36.500	93	131	262	0.664	0.355	1.227E-11	55
seq120	seq13	32.200	90	131	171	0.687	0.462	2.291E-11	54
seq120	seq14	41.300	58	131	246	0.443	0.236	3.131E-11	53
seq120	seq98	34.500	84	131	350	0.634	0.240	3.131E-11	53
seq120	seq109	44.200	69	131	604	0.511	0.114	3.131E-11	53
seq120	seq69	35.600	73	131	260	0.557	0.277	5.845E-11	53
seq120	seq23	33.300	81	131	372	0.611	0.218	5.845E-11	53
seq120	seq97	35.700	84	131	375	0.626	0.224	5.845E-11	53
seq120	seq52	32.000	81	131	375	0.611	0.216	7.986E-11	52
seq120	seq74	34.700	69	131	409	0.527	0.169	7.986E-11	52
seq120	seq24	34.500	81	131	153	0.618	0.458	2.035E-10	51
seq120	seq21	32.600	101	131	339	0.710	0.298	2.035E-10	51
seq120	seq145	45.000	60	131	588	0.458	0.100	2.035E-10	51
seq120	seq33	33.600	92	131	323	0.695	0.285	2.780E-10	51
seq120	seq162	31.600	98	131	325	0.649	0.302	2.780E-10	51
seq120	seq163	31.600	98	131	325	0.649	0.302	2.780E-10	51
seq120	seq164	31.600	98	131	325	0.649	0.302	2.780E-10	51
seq120	seq165	31.600	98	131	325	0.649	0.302	2.780E-10	51
seq120	seq166	31.600	98	131	325	0.649	0.302	2.780E-10	51
seq120	seq26	33.300	81	131	148	0.618	0.473	7.078E-10	49
seq120	seq9	35.500	75	131	169	0.573	0.438	7.078E-10	49
seq120	seq47	32.400	77	131	383	0.580	0.201	7.078E-10	49
seq120	seq62	26.600	75	131	281	0.557	0.267	3.353E-09	48
seq120	seq90	37.700	61	131	338	0.466	0.180	4.576E-09	47
seq120	seq27	30.700	91	131	339	0.634	0.268	6.243E-09	47
seq120	seq28	30.700	91	131	339	0.634	0.268	8.516E-09	46
seq120	seq187	32.900	82	131	456	0.626	0.173	8.516E-09	46
seq120	seq185	42.800	56	131	247	0.420	0.227	1.584E-08	46
seq120	seq196	33.300	60	131	177	0.458	0.294	2.160E-08	45
seq120	seq197	33.300	60	131	177	0.458	0.294	2.160E-08	45
seq120	seq8	32.400	77	131	339	0.573	0.227	2.946E-08	45
seq120	seq188	32.700	61	131	356	0.466	0.171	2.946E-08	45
seq120	seq160	33.700	73	131	271	0.557	0.269	4.016E-08	44
seq120	seq183	39.400	76	131	424	0.580	0.172	4.016E-08	44
seq120	seq39	30.300	79	131	378	0.603	0.198	7.460E-08	44
seq120	seq127	26.200	80	131	414	0.611	0.181	1.385E-07	43
seq120	seq130	28.700	80	131	414	0.611	0.181	1.887E-07	42
seq120	seq184	29.800	77	131	223	0.573	0.345	4.766E-07	41
seq120	seq118	30.800	68	131	248	0.519	0.258	8.831E-07	40
seq120	seq131	27.500	80	131	414	0.611	0.181	1.202E-06	40
seq120	seq35	35.100	73	131	340	0.550	0.215	2.224E-06	39
seq120	seq34	35.100	73	131	340	0.550	0.215	3.025E-06	39
seq120	seq60	25.700	97	131	377	0.664	0.257	8.782E-05	34
seq120	seq38	34.300	64	131	179	0.427	0.358	2.189E-04	33
seq122	seq122	100.000	145	145	145	1.000	1.000	5.829E-98	304
seq122	seq119	80.900	126	145	131	0.869	0.962	2.413E-68	219
seq122	seq120	78.700	127	145	131	0.876	0.969	8.531E-68	217
seq122	seq200	67.400	125	145	248	0.821	0.504	7.787E-50	166
seq122	seq86	64.400	90	145	143	0.621	0.622	5.386E-36	126
seq122	seq102	43.500	78	145	233	0.538	0.335	5.270E-17	71
seq122	seq19	38.500	96	145	191	0.662	0.503	1.348E-16	70
seq122	seq20	38.500	96	145	191	0.662	0.503	1.348E-16	70
seq122	seq199	38.500	96	145	365	0.662	0.263	1.348E-16	70
seq122	seq177	40.700	81	145	128	0.552	0.633	2.520E-16	69
seq122	seq105	36.800	76	145	230	0.524	0.330	2.520E-16	69
seq122	seq106	36.800	76	145	362	0.524	0.210	2.520E-16	69
seq122	seq7	35.300	82	145	258	0.566	0.318	4.710E-16	68
seq122	seq99	38.300	86	145	218	0.593	0.362	1.203E-15	67
seq122	seq100	38.300	86	145	421	0.593	0.188	1.203E-15	67
seq122	seq63	35.000	80	145	205	0.552	0.390	4.200E-15	65
seq122	seq156	42.600	68	145	226	0.469	0.301	1.072E-14	64
seq122	seq73	37.900	87	145	236	0.600	0.369	1.072E-14	64
seq122	seq129	38.600	75	145	378	0.517	0.198	1.072E-14	64
seq122	seq111	34.600	100	145	347	0.690	0.277	1.464E-14	64
seq122	seq157	42.600	68	145	226	0.469	0.301	2.001E-14	63
seq122	seq67	33.900	112	145	262	0.710	0.427	2.734E-14	63
seq122	seq97	36.100	106	145	375	0.724	0.283	2.734E-14	63
seq122	seq12	36.000	75	145	100	0.517	0.750	5.101E-14	62
seq122	seq98	34.200	104	145	350	0.717	0.294	6.968E-14	62
seq122	seq144	36.600	100	145	356	0.690	0.281	6.968E-14	62
seq122	seq83	40.200	72	145	90	0.497	0.800	1.300E-13	61
seq122	seq141	39.500	80	145	210	0.552	0.381	1.300E-13	61
seq122	seq180	36.400	85	145	120	0.579	0.708	4.519E-13	59
seq122	seq194	30.300	112	145	240	0.731	0.467	4.519E-13	59
seq122	seq33	32.400	108	145	323	0.703	0.334	2.923E-12	57
seq122	seq68	42.000	69	145	275	0.476	0.251	7.426E-12	56
seq122	seq52	28.300	119	145	375	0.821	0.304	1.885E-11	55
seq122	seq145	30.200	137	145	588	0.841	0.233	2.571E-11	54
seq122	seq162	31.600	101	145	325	0.697	0.302	3.506E-11	54
seq122	seq163	31.600	101	145	325	0.697	0.302	3.506E-11	54
seq122	seq164	31.600	101	145	325	0.697	0.302	3.506E-11	54
seq122	seq165	31.600	101	145	325	0.697	0.302	3.506E-11	54
seq122	seq166	31.600	101	145	325	0.697	0.302	3.506E-11	54
seq122	seq14	41.300	58	145	246	0.400	0.236	4.780E-11	53
seq122	seq69	33.300	84	145	260	0.579	0.319	4.780E-11	53
seq122	seq13	32.500	89	145	171	0.614	0.456	1.211E-10	52
seq122	seq62	29.300	75	145	281	0.503	0.267	1.211E-10	52
seq122	seq23	29.200	98	145	372	0.676	0.253	1.211E-10	52
seq122	seq21	33.600	98	145	339	0.621	0.289	2.250E-10	51
seq122	seq24	34.500	81	145	153	0.559	0.458	3.065E-10	51
seq122	seq28	30.400	104	145	339	0.669	0.307	3.065E-10	51
seq122	seq89	29.200	100	145	476	0.690	0.202	3.065E-10	51
seq122	seq90	34.700	92	145	338	0.621	0.272	4.177E-10	51
seq122	seq47	32.100	84	145	383	0.579	0.211	4.177E-10	51
seq122	seq74	31.800	69	145	409	0.476	0.169	4.177E-10	51
seq122	seq26	33.300	81	145	148	0.559	0.473	7.750E-10	50
seq122	seq39	29.100	96	145	378	0.662	0.243	7.750E-10	50
seq122	seq27	31.500	92	145	339	0.579	0.271	1.437E-09	49
seq122	seq190	28.000	118	145	404	0.807	0.292	1.957E-09	49
seq122	seq187	28.500	91	145	456	0.628	0.193	1.957E-09	49
seq122	seq9	35.000	75	145	169	0.517	0.438	3.627E-09	48
seq122	seq196	30.600	98	145	177	0.676	0.486	9.140E-09	47
seq122	seq197	30.600	98	145	177	0.676	0.486	9.140E-09	47
seq122	seq188	29.800	97	145	356	0.614	0.272	2.300E-08	46
seq122	seq186	34.600	77	145	235	0.524	0.328	3.128E-08	45
seq122	seq160	33.700	73	145	271	0.503	0.269	3.128E-08	45
seq122	seq8	29.600	91	145	339	0.572	0.268	3.128E-08	45
seq122	seq183	38.100	76	145	424	0.524	0.172	3.128E-08	45
seq122	seq130	30.000	80	145	414	0.552	0.181	5.780E-08	44
seq122	seq127	27.300	84	145	414	0.579	0.191	1.450E-07	43
seq122	seq185	36.200	58	145	247	0.400	0.235	1.970E-07	43
seq122	seq118	29.800	77	145	248	0.531	0.294	2.675E-07	42
seq122	seq131	28.700	80	145	414	0.552	0.181	3.632E-07	42
seq122	seq191	30.300	79	145	235	0.538	0.336	1.401E-05	37
seq122	seq126	31.300	66	145	307	0.455	0.199	1.401E-05	37
seq122	seq60	26.800	97	145	377	0.600	0.257	1.401E-05	37
seq122	seq38	31.500	76	145	179	0.469	0.425	1.160E-04	34
seq155	seq155	100.000	289	289	289	1.000	1.000	9.005E-187	569
seq61	seq61	100.000	455	455	455	1.000	1.000	2.786E-303	914
seq61	seq109	28.600	460	455	604	0.835	0.762	1.249E-47	172
seq61	seq71	28.200	452	455	481	0.835	0.940	7.165E-45	164
seq61	seq160	33.900	310	455	271	0.681	0.948	5.921E-44	161
seq61	seq78	28.100	433	455	485	0.796	0.893	4.878E-43	158
seq61	seq112	25.100	481	455	514	0.802	0.936	6.591E-43	158
seq61	seq11	27.400	425	455	481	0.796	0.884	1.916E-37	141
seq61	seq47	25.200	391	455	383	0.859	0.927	3.601E-32	125
seq61	seq145	23.500	540	455	588	0.818	0.918	1.222E-30	121
seq61	seq70	26.700	359	455	416	0.576	0.863	1.028E-26	108
seq61	seq188	25.000	359	455	356	0.789	0.904	3.275E-26	107
seq61	seq187	29.100	185	455	456	0.407	0.375	3.266E-22	94
seq61	seq1	48.700	82	455	98	0.180	0.837	7.362E-20	87
seq61	seq37	29.400	178	455	255	0.391	0.643	4.046E-19	84
seq61	seq16	30.400	183	455	212	0.402	0.797	1.606E-17	79
seq61	seq185	24.200	189	455	247	0.415	0.729	1.606E-17	79
seq61	seq89	29.500	176	455	476	0.387	0.342	3.750E-17	78
seq61	seq191	27.800	182	455	235	0.400	0.715	4.974E-17	78
seq61	seq127	22.500	372	455	414	0.818	0.679	8.748E-17	77
seq61	seq184	28.200	183	455	223	0.402	0.758	4.752E-16	74
seq61	seq68	29.000	162	455	275	0.356	0.578	4.752E-16	74
seq61	seq114	22.800	358	455	382	0.787	0.702	6.299E-16	74
seq61	seq21	24.400	193	455	339	0.424	0.519	1.466E-15	73
seq61	seq28	23.900	193	455	339	0.424	0.519	1.466E-15	73
seq61	seq27	24.400	193	455	339	0.424	0.519	1.943E-15	72
seq61	seq80	22.700	364	455	408	0.800	0.676	1.943E-15	72
seq61	seq131	22.300	393	455	414	0.864	0.717	1.943E-15	72
seq61	seq130	21.500	372	455	414	0.818	0.679	3.412E-15	72
seq61	seq98	25.800	169	455	350	0.367	0.483	7.936E-15	70
seq61	seq97	25.800	169	455	375	0.367	0.451	7.936E-15	70
seq61	seq8	26.300	187	455	339	0.411	0.501	1.051E-14	70
seq61	seq90	27.400	164	455	338	0.360	0.453	1.845E-14	69
seq61	seq102	27.200	147	455	233	0.323	0.597	4.286E-14	68
seq61	seq156	25.800	147	455	226	0.323	0.615	7.516E-14	67
seq61	seq35	28.400	187	455	340	0.411	0.497	7.516E-14	67
seq61	seq157	25.800	147	455	226	0.323	0.615	9.952E-14	67
seq61	seq195	31.700	162	455	191	0.356	0.681	1.318E-13	66
seq61	seq7	24.600	190	455	258	0.418	0.678	2.310E-13	66
seq61	seq19	27.900	185	455	191	0.407	0.906	4.049E-13	65
seq61	seq20	27.900	185	455	191	0.407	0.906	4.049E-13	65
seq61	seq199	27.900	185	455	365	0.407	0.474	4.049E-13	65
seq61	seq194	27.800	147	455	240	0.323	0.579	9.391E-13	64
seq61	seq183	21.800	369	455	424	0.811	0.870	1.243E-12	63
seq61	seq34	29.000	196	455	340	0.431	0.526	1.645E-12	63
seq61	seq99	24.500	181	455	218	0.398	0.766	2.177E-12	63
seq61	seq100	24.500	181	455	421	0.398	0.397	2.177E-12	63
seq61	seq67	34.700	92	455	262	0.202	0.340	6.677E-12	61
seq61	seq52	26.200	173	455	375	0.356	0.461	6.677E-12	61
seq61	seq50	24.200	161	455	556	0.354	0.286	6.677E-12	61
seq61	seq141	22.700	164	455	210	0.356	0.781	8.835E-12	61
seq61	seq73	28.000	147	455	236	0.323	0.589	8.835E-12	61
seq61	seq196	27.700	162	455	177	0.356	0.740	1.547E-11	60
seq61	seq197	27.700	162	455	177	0.356	0.740	1.547E-11	60
seq61	seq23	25.400	177	455	372	0.356	0.476	4.738E-11	58
seq61	seq118	26.600	178	455	248	0.391	0.661	1.097E-10	57
seq61	seq134	25.200	186	455	207	0.409	0.749	1.451E-10	57
seq61	seq135	25.200	186	455	207	0.409	0.749	1.451E-10	57
seq61	seq136	25.200	186	455	352	0.409	0.440	1.451E-10	57
seq61	seq74	23.600	188	455	409	0.404	0.460	2.537E-10	56
seq61	seq41	28.100	179	455	221	0.393	0.697	1.357E-09	53
seq61	seq69	24.400	187	455	260	0.411	0.635	3.137E-09	52
seq61	seq63	22.900	187	455	205	0.411	0.820	2.214E-08	49
seq61	seq36	25.300	134	455	270	0.295	0.474	2.214E-08	49
seq61	seq126	25.900	162	455	307	0.356	0.505	2.214E-08	49
seq61	seq122	28.200	85	455	145	0.187	0.572	6.759E-08	48
seq61	seq120	30.700	78	455	131	0.171	0.580	1.181E-07	47
seq61	seq13	32.800	64	455	171	0.141	0.374	1.181E-07	47
seq61	seq119	32.200	62	455	131	0.136	0.473	2.726E-07	46
seq61	seq86	37.500	56	455	143	0.123	0.392	8.312E-07	44
seq61	seq26	27.700	83	455	148	0.182	0.541	1.098E-06	44
seq61	seq200	27.800	102	455	248	0.207	0.411	1.451E-06	44
seq61	seq24	23.700	80	455	153	0.176	0.503	1.020E-05	41
seq61	seq198	23.800	194	455	558	0.426	0.323	1.348E-05	40
seq61	seq169	23.800	194	455	589	0.426	0.306	1.348E-05	40
seq61	seq12	27.500	87	455	100	0.191	0.830	1.780E-05	40
seq61	seq132	33.700	83	455	118	0.182	0.602	2.352E-05	40
seq61	seq83	30.700	65	455	90	0.143	0.689	7.161E-05	38
seq61	seq30	41.800	43	455	167	0.095	0.240	7.161E-05	38
seq61	seq10	29.000	55	455	170	0.121	0.324	5.021E-04	35
seq61	seq32	30.300	63	455	323	0.136	0.195	8.758E-04	34
seq127	seq127	100.000	414	414	414	1.000	1.000	1.099E-271	821
seq127	seq130	85.700	414	414	414	1.000	1.000	9.273E-238	723
seq127	seq131	79.400	414	414	414	1.000	0.986	3.749E-216	661
seq127	seq80	71.100	406	414	408	0.978	0.995	6.773E-184	567
seq127	seq114	66.900	363	414	382	0.874	0.950	1.393E-156	488
seq127	seq183	42.900	380	414	424	0.918	0.896	1.487E-90	297
seq127	seq74	40.700	370	414	409	0.894	0.905	3.492E-79	264
seq127	seq184	43.900	162	414	223	0.386	0.726	1.739E-33	128
seq127	seq16	43.200	162	414	212	0.386	0.764	5.735E-33	127
seq127	seq191	39.800	162	414	235	0.386	0.689	7.726E-33	126
seq127	seq144	31.600	259	414	356	0.626	0.713	1.041E-32	126
seq127	seq162	28.400	297	414	325	0.609	0.914	1.291E-29	117
seq127	seq163	28.400	297	414	325	0.609	0.914	1.291E-29	117
seq127	seq164	28.400	297	414	325	0.609	0.914	1.291E-29	117
seq127	seq165	28.400	297	414	325	0.609	0.914	1.291E-29	117
seq127	seq166	28.400	297	414	325	0.609	0.914	1.291E-29	117
seq127	seq97	29.700	261	414	375	0.604	0.696	1.076E-27	111
seq127	seq126	27.900	271	414	307	0.655	0.876	1.444E-27	110
seq127	seq98	25.900	266	414	350	0.623	0.760	2.717E-26	106
seq127	seq90	28.000	280	414	338	0.604	0.828	2.105E-25	104
seq127	seq188	24.500	326	414	356	0.657	0.916	3.883E-24	100
seq127	seq47	25.000	327	414	383	0.616	0.854	3.883E-24	100
seq127	seq141	36.600	176	414	210	0.425	0.838	6.947E-24	99
seq127	seq68	34.800	167	414	275	0.391	0.607	2.220E-23	97
seq127	seq187	32.300	167	414	456	0.403	0.333	2.259E-19	85
seq127	seq21	26.700	262	414	339	0.633	0.764	3.008E-19	84
seq127	seq28	26.300	262	414	339	0.633	0.752	7.100E-19	83
seq127	seq27	25.600	262	414	339	0.633	0.752	1.258E-18	82
seq127	seq37	28.700	151	414	255	0.365	0.592	1.674E-18	82
seq127	seq8	25.400	254	414	339	0.614	0.717	5.247E-18	80
seq127	seq67	28.700	153	414	262	0.355	0.584	1.642E-17	79
seq127	seq75	31.300	181	414	617	0.394	0.293	2.183E-17	78
seq127	seq77	25.700	252	414	310	0.597	0.813	1.204E-16	76
seq127	seq134	27.900	168	414	207	0.406	0.715	2.823E-16	75
seq127	seq135	27.900	168	414	207	0.406	0.715	2.823E-16	75
seq127	seq136	27.900	168	414	352	0.406	0.420	2.823E-16	75
seq127	seq14	27.500	172	414	246	0.415	0.606	3.749E-16	74
seq127	seq61	23.700	372	414	455	0.891	0.818	4.980E-16	74
seq127	seq39	27.900	159	414	378	0.384	0.415	8.783E-16	73
seq127	seq137	27.500	154	414	476	0.372	0.300	1.166E-15	73
seq127	seq194	29.200	153	414	240	0.357	0.637	2.729E-15	72
seq127	seq118	31.100	178	414	248	0.430	0.665	2.729E-15	72
seq127	seq186	33.800	135	414	235	0.326	0.532	3.623E-15	71
seq127	seq109	23.900	450	414	604	0.874	0.745	6.382E-15	70
seq127	seq105	28.300	180	414	230	0.435	0.726	1.491E-14	69
seq127	seq106	28.300	180	414	362	0.435	0.461	1.491E-14	69
seq127	seq102	28.400	216	414	233	0.522	0.815	1.429E-13	66
seq127	seq35	25.500	269	414	340	0.650	0.721	1.429E-13	66
seq127	seq34	25.500	269	414	340	0.650	0.721	1.895E-13	66
seq127	seq157	27.700	173	414	226	0.418	0.721	2.512E-13	65
seq127	seq156	28.200	162	414	226	0.391	0.699	3.331E-13	65
seq127	seq185	27.300	183	414	247	0.442	0.688	3.331E-13	65
seq127	seq1	41.100	85	414	98	0.200	0.867	7.759E-13	64
seq127	seq71	38.600	88	414	481	0.208	0.183	1.028E-12	63
seq127	seq145	44.100	77	414	588	0.181	0.131	1.028E-12	63
seq127	seq19	27.300	169	414	191	0.408	0.853	1.363E-12	63
seq127	seq20	27.300	169	414	191	0.408	0.853	1.363E-12	63
seq127	seq199	27.300	169	414	365	0.408	0.447	1.363E-12	63
seq127	seq70	40.200	87	414	416	0.205	0.209	1.363E-12	63
seq127	seq78	40.900	83	414	485	0.196	0.171	1.807E-12	63
seq127	seq36	28.200	163	414	270	0.357	0.604	2.394E-12	62
seq127	seq89	29.100	143	414	476	0.324	0.300	5.569E-12	61
seq127	seq111	25.800	268	414	347	0.502	0.772	9.775E-12	60
seq127	seq26	35.400	79	414	148	0.186	0.534	1.295E-11	60
seq127	seq63	25.300	144	414	205	0.348	0.693	1.295E-11	60
seq127	seq112	37.900	87	414	514	0.205	0.169	1.295E-11	60
seq127	seq24	40.000	70	414	153	0.164	0.458	1.715E-11	59
seq127	seq7	24.400	146	414	258	0.348	0.566	1.715E-11	59
seq127	seq160	37.000	81	414	271	0.193	0.299	2.272E-11	59
seq127	seq41	26.100	145	414	221	0.350	0.597	3.986E-11	58
seq127	seq73	26.400	151	414	236	0.353	0.640	3.986E-11	58
seq127	seq129	23.600	181	414	378	0.411	0.479	5.279E-11	58
seq127	seq52	21.600	309	414	375	0.601	0.824	9.257E-11	57
seq127	seq11	27.800	196	414	481	0.473	0.397	9.257E-11	57
seq127	seq171	36.500	82	414	92	0.198	0.891	2.149E-10	56
seq127	seq172	36.500	82	414	92	0.198	0.891	2.149E-10	56
seq127	seq173	36.500	82	414	92	0.198	0.891	2.149E-10	56
seq127	seq174	36.500	82	414	92	0.198	0.891	2.149E-10	56
seq127	seq9	37.100	78	414	169	0.188	0.456	2.149E-10	56
seq127	seq13	37.300	75	414	171	0.176	0.439	2.149E-10	56
seq127	seq17	22.900	258	414	407	0.623	0.558	2.845E-10	55
seq127	seq33	24.600	286	414	323	0.691	0.780	4.986E-10	55
seq127	seq177	34.700	72	414	128	0.174	0.562	1.157E-09	53
seq127	seq23	24.300	307	414	372	0.601	0.825	2.026E-09	53
seq127	seq99	23.900	143	414	218	0.338	0.656	3.549E-09	52
seq127	seq100	23.900	143	414	421	0.338	0.340	3.549E-09	52
seq127	seq6	34.000	91	414	169	0.220	0.527	8.223E-09	51
seq127	seq140	25.900	108	414	415	0.261	0.227	1.440E-08	50
seq127	seq180	31.600	101	414	120	0.217	0.842	3.334E-08	49
seq127	seq190	29.300	107	414	404	0.258	0.257	7.718E-08	48
seq127	seq86	32.000	81	414	143	0.184	0.566	1.021E-07	47
seq127	seq18	28.300	74	414	153	0.179	0.484	1.786E-07	46
seq127	seq69	25.000	143	414	260	0.345	0.477	1.264E-06	44
seq127	seq83	34.300	67	414	90	0.157	0.744	3.863E-06	42
seq127	seq200	27.700	90	414	248	0.205	0.363	3.863E-06	42
seq127	seq84	30.300	86	414	282	0.205	0.305	6.752E-06	41
seq127	seq103	29.700	93	414	216	0.217	0.431	8.927E-06	41
seq127	seq120	32.800	70	414	131	0.164	0.534	1.560E-05	40
seq127	seq122	32.800	70	414	145	0.164	0.483	2.062E-05	40
seq127	seq119	32.800	70	414	131	0.164	0.534	2.726E-05	39
seq127	seq30	32.700	61	414	167	0.140	0.365	1.454E-04	37
seq127	seq81	29.800	76	414	131	0.184	0.534	4.434E-04	35
seq159	seq159	100.000	912	912	912	1.000	1.000	0.000E+00	1816
seq159	seq194	35.800	67	912	240	0.068	0.279	3.214E-05	40
seq159	seq177	30.500	72	912	128	0.072	0.562	8.780E-04	36
seq4	seq4	100.000	75	75	75	1.000	1.000	3.160E-56	180
seq70	seq70	100.000	416	416	416	1.000	1.000	1.045E-276	835
seq70	seq71	54.100	388	416	481	0.933	0.761	1.168E-112	361
seq70	seq78	53.000	388	416	485	0.933	0.765	3.277E-110	354
seq70	seq11	52.800	388	416	481	0.933	0.755	4.011E-109	351
seq70	seq112	46.600	416	416	514	0.933	0.809	1.317E-91	300
seq70	seq109	44.300	388	416	604	0.933	0.636	1.350E-71	242
seq70	seq145	35.000	465	416	588	0.940	0.791	1.672E-59	206
seq70	seq1	76.800	95	416	98	0.228	0.959	1.444E-41	153
seq70	seq61	26.900	359	416	455	0.863	0.576	3.413E-28	112
seq70	seq160	47.800	91	416	271	0.214	0.336	9.601E-19	83
seq70	seq118	47.800	71	416	248	0.171	0.286	2.081E-15	72
seq70	seq47	25.500	361	416	383	0.868	0.862	4.671E-14	68
seq70	seq14	41.400	70	416	246	0.163	0.285	5.914E-13	64
seq70	seq187	25.800	391	416	456	0.940	0.765	5.914E-13	64
seq70	seq188	40.400	89	416	356	0.214	0.247	7.839E-13	64
seq70	seq162	44.800	87	416	325	0.209	0.258	1.039E-12	63
seq70	seq163	44.800	87	416	325	0.209	0.258	1.039E-12	63
seq70	seq164	44.800	87	416	325	0.209	0.258	1.039E-12	63
seq70	seq165	44.800	87	416	325	0.209	0.258	1.039E-12	63
seq70	seq166	44.800	87	416	325	0.209	0.258	1.039E-12	63
seq70	seq185	37.500	80	416	247	0.192	0.324	1.377E-12	63
seq70	seq39	39.600	63	416	378	0.151	0.167	5.327E-11	58
seq70	seq137	38.700	80	416	476	0.188	0.168	9.341E-11	57
seq70	seq67	33.600	104	416	262	0.250	0.393	1.637E-10	56
seq70	seq144	33.700	86	416	356	0.202	0.242	3.799E-10	55
seq70	seq130	37.300	83	416	414	0.200	0.196	3.799E-10	55
seq70	seq37	35.800	78	416	255	0.188	0.306	5.030E-10	55
seq70	seq131	36.400	85	416	414	0.204	0.200	5.030E-10	55
seq70	seq183	36.500	82	416	424	0.197	0.191	1.166E-09	53
seq70	seq90	43.500	62	416	338	0.147	0.183	4.734E-09	51
seq70	seq98	36.100	72	416	350	0.173	0.206	4.734E-09	51
seq70	seq97	36.100	72	416	375	0.173	0.192	4.734E-09	51
seq70	seq68	40.200	67	416	275	0.161	0.244	1.097E-08	50
seq70	seq33	30.300	66	416	323	0.159	0.204	1.451E-08	50
seq70	seq114	36.900	73	416	382	0.175	0.186	1.920E-08	49
seq70	seq74	34.900	63	416	409	0.151	0.154	5.880E-08	48
seq70	seq177	35.000	80	416	128	0.192	0.617	7.777E-08	48
seq70	seq34	31.300	82	416	340	0.197	0.241	1.361E-07	47
seq70	seq36	33.700	88	416	270	0.212	0.304	1.800E-07	46
seq70	seq196	36.000	61	416	177	0.147	0.305	2.380E-07	46
seq70	seq197	36.000	61	416	177	0.147	0.305	2.380E-07	46
seq70	seq105	40.300	57	416	230	0.135	0.248	2.380E-07	46
seq70	seq106	40.300	57	416	362	0.135	0.157	2.380E-07	46
seq70	seq89	34.600	77	416	476	0.171	0.162	2.380E-07	46
seq70	seq75	32.500	80	416	617	0.192	0.118	2.380E-07	46
seq70	seq9	31.900	72	416	169	0.173	0.414	3.148E-07	46
seq70	seq140	33.700	79	416	415	0.190	0.188	4.163E-07	45
seq70	seq83	42.800	49	416	90	0.118	0.544	5.505E-07	45
seq70	seq16	36.300	66	416	212	0.156	0.311	5.505E-07	45
seq70	seq35	31.300	82	416	340	0.197	0.241	7.280E-07	44
seq70	seq30	30.500	85	416	167	0.204	0.509	9.626E-07	44
seq70	seq134	32.200	62	416	207	0.149	0.266	1.683E-06	43
seq70	seq135	32.200	62	416	207	0.149	0.266	1.683E-06	43
seq70	seq136	32.200	62	416	352	0.149	0.156	1.683E-06	43
seq70	seq24	33.300	72	416	153	0.173	0.471	2.225E-06	43
seq70	seq99	33.300	68	416	218	0.163	0.307	2.942E-06	42
seq70	seq100	33.300	68	416	421	0.163	0.159	2.942E-06	42
seq70	seq194	36.800	57	416	240	0.137	0.237	3.890E-06	42
seq70	seq129	27.400	90	416	378	0.207	0.238	8.989E-06	41
seq70	seq7	39.500	48	416	258	0.113	0.186	1.188E-05	40
seq70	seq6	29.100	72	416	169	0.173	0.414	1.571E-05	40
seq70	seq79	37.100	70	416	247	0.168	0.267	2.076E-05	40
seq70	seq63	28.300	81	416	205	0.185	0.395	2.745E-05	39
seq70	seq86	33.900	56	416	143	0.135	0.392	3.628E-05	39
seq70	seq180	33.800	62	416	120	0.149	0.517	1.463E-04	37
seq70	seq12	30.500	59	416	100	0.139	0.590	4.463E-04	35
seq70	seq17	28.100	64	416	407	0.154	0.150	7.793E-04	34
seq10	seq10	100.000	170	170	170	1.000	1.000	1.220E-109	339
seq10	seq62	32.100	87	170	281	0.500	0.310	1.256E-12	59
seq10	seq180	32.200	96	170	120	0.553	0.800	2.630E-09	49
seq10	seq129	32.800	73	170	378	0.429	0.193	1.623E-08	47
seq10	seq171	32.800	73	170	92	0.424	0.793	9.944E-08	44
seq10	seq172	32.800	73	170	92	0.424	0.793	9.944E-08	44
seq10	seq173	32.800	73	170	92	0.424	0.793	9.944E-08	44
seq10	seq174	32.800	73	170	92	0.424	0.793	9.944E-08	44
seq10	seq19	28.500	77	170	191	0.453	0.393	1.816E-07	44
seq10	seq20	28.500	77	170	191	0.453	0.393	1.816E-07	44
seq10	seq199	28.500	77	170	365	0.453	0.205	1.816E-07	44
seq10	seq138	30.500	113	170	128	0.659	0.883	4.476E-07	42
seq10	seq73	27.200	77	170	236	0.453	0.318	6.044E-07	42
seq10	seq156	23.500	100	170	226	0.565	0.442	8.157E-07	42
seq10	seq37	28.800	59	170	255	0.347	0.231	8.157E-07	42
seq10	seq157	30.900	55	170	226	0.324	0.243	1.101E-06	41
seq10	seq170	33.300	86	170	124	0.506	0.653	2.003E-06	40
seq10	seq29	26.500	78	170	267	0.453	0.292	4.907E-06	39
seq10	seq139	30.600	74	170	128	0.435	0.547	1.614E-05	38
seq10	seq178	30.500	71	170	127	0.418	0.528	2.923E-05	37
seq10	seq61	29.000	55	170	455	0.324	0.121	5.288E-05	36
seq10	seq69	28.800	52	170	260	0.306	0.200	2.315E-04	34
seq10	seq126	32.700	58	170	307	0.341	0.176	2.315E-04	34
seq10	seq8	20.900	62	170	339	0.365	0.183	2.315E-04	34
seq138	seq138	100.000	128	128	128	1.000	1.000	1.727E-80	253
seq138	seq139	89.700	98	128	128	0.766	0.766	7.461E-58	188
seq138	seq170	66.600	84	128	124	0.656	0.677	4.436E-35	122
seq138	seq178	56.700	81	128	127	0.633	0.638	1.929E-26	97
seq138	seq146	48.300	91	128	202	0.688	0.450	4.335E-18	73
seq138	seq147	48.300	91	128	202	0.688	0.450	4.335E-18	73
seq138	seq148	48.300	91	128	202	0.688	0.450	4.335E-18	73
seq138	seq149	48.300	91	128	202	0.688	0.450	4.335E-18	73
seq138	seq150	48.300	91	128	202	0.688	0.450	4.335E-18	73
seq138	seq151	48.300	91	128	248	0.688	0.367	4.335E-18	73
seq138	seq115	46.600	75	128	245	0.578	0.306	1.707E-15	66
seq138	seq171	37.600	77	128	92	0.562	0.837	2.883E-14	62
seq138	seq172	37.600	77	128	92	0.562	0.837	2.883E-14	62
seq138	seq173	37.600	77	128	92	0.562	0.837	2.883E-14	62
seq138	seq174	37.600	77	128	92	0.562	0.837	2.883E-14	62
seq138	seq193	37.200	98	128	241	0.758	0.407	6.641E-13	58
seq138	seq180	41.600	72	128	120	0.523	0.600	4.350E-12	56
seq138	seq153	42.400	72	128	221	0.547	0.326	4.350E-12	56
seq138	seq154	42.400	72	128	221	0.547	0.326	4.350E-12	56
seq138	seq41	33.700	80	128	221	0.625	0.357	9.927E-11	52
seq138	seq195	35.100	74	128	191	0.578	0.372	4.728E-10	50
seq138	seq160	32.700	61	128	271	0.445	0.225	1.065E-08	46
seq138	seq130	32.300	71	128	414	0.523	0.171	1.277E-07	43
seq138	seq131	32.300	71	128	414	0.523	0.171	1.277E-07	43
seq138	seq10	32.000	74	128	170	0.547	0.435	3.232E-07	42
seq138	seq34	38.000	69	128	340	0.539	0.200	2.063E-06	39
seq138	seq18	28.500	98	128	153	0.766	0.621	2.808E-06	39
seq138	seq9	28.500	77	128	169	0.578	0.456	7.071E-06	38
seq138	seq35	36.600	69	128	340	0.539	0.200	9.617E-06	37
seq138	seq156	26.900	104	128	226	0.719	0.460	1.116E-04	34
seq138	seq157	25.700	97	128	226	0.734	0.429	1.116E-04	34
seq138	seq105	28.800	52	128	230	0.367	0.226	1.514E-04	34
seq138	seq106	28.800	52	128	362	0.367	0.144	1.514E-04	34
seq138	seq102	25.600	74	128	233	0.508	0.318	3.778E-04	33
seq138	seq111	27.100	79	128	347	0.547	0.228	5.120E-04	32
seq168	seq167	100.000	86	86	86	1.000	1.000	1.296E-54	176
seq168	seq168	100.000	86	86	86	1.000	1.000	1.296E-54	176
seq137	seq137	100.000	476	476	476	1.000	1.000	2.493E-308	930
seq137	seq14	60.300	177	476	246	0.370	0.720	2.165E-56	199
seq137	seq39	54.800	194	476	378	0.395	0.513	3.364E-55	196
seq137	seq53	51.700	194	476	600	0.395	0.323	1.579E-49	179
seq137	seq162	32.300	168	476	325	0.353	0.517	4.773E-20	87
seq137	seq163	32.300	168	476	325	0.353	0.517	4.773E-20	87
seq137	seq164	32.300	168	476	325	0.353	0.517	4.773E-20	87
seq137	seq165	32.300	168	476	325	0.353	0.517	4.773E-20	87
seq137	seq166	32.300	168	476	325	0.353	0.517	4.773E-20	87
seq137	seq47	28.600	189	476	383	0.380	0.493	3.460E-19	85
seq137	seq187	33.700	152	476	456	0.307	0.333	3.460E-19	85
seq137	seq80	28.700	169	476	408	0.338	0.414	1.024E-17	80
seq137	seq130	28.200	154	476	414	0.300	0.372	7.356E-17	77
seq137	seq188	28.700	174	476	356	0.315	0.489	2.026E-14	69
seq137	seq16	28.600	150	476	212	0.298	0.708	1.441E-13	66
seq137	seq184	26.200	158	476	223	0.328	0.709	1.353E-12	63
seq137	seq118	30.000	179	476	248	0.338	0.722	4.141E-12	62
seq137	seq68	25.100	158	476	275	0.298	0.575	7.245E-12	61
seq137	seq78	39.100	92	476	485	0.193	0.184	5.123E-11	58
seq137	seq33	41.400	70	476	323	0.147	0.217	6.774E-11	58
seq137	seq70	38.700	80	476	416	0.168	0.188	3.617E-10	55
seq137	seq129	23.500	171	476	378	0.317	0.452	4.782E-10	55
seq137	seq71	23.200	169	476	481	0.345	0.351	8.356E-10	54
seq137	seq109	29.300	164	476	604	0.332	0.272	8.356E-10	54
seq137	seq144	24.600	151	476	356	0.298	0.424	1.460E-09	53
seq137	seq11	23.400	177	476	481	0.340	0.368	2.550E-09	53
seq137	seq86	35.500	76	476	143	0.153	0.531	1.028E-08	51
seq137	seq111	27.300	183	476	347	0.305	0.527	1.359E-08	50
seq137	seq26	31.700	82	476	148	0.172	0.554	1.668E-07	47
seq137	seq1	33.700	74	476	98	0.155	0.755	6.713E-07	45
seq137	seq105	21.700	161	476	230	0.311	0.700	2.700E-06	43
seq137	seq106	21.700	161	476	362	0.311	0.445	2.700E-06	43
seq137	seq160	29.000	62	476	271	0.130	0.229	6.221E-06	42
seq137	seq13	40.400	47	476	171	0.099	0.275	8.217E-06	41
seq137	seq28	21.900	156	476	339	0.326	0.460	1.085E-05	41
seq137	seq27	20.100	156	476	339	0.326	0.460	1.751E-04	37
seq137	seq83	45.700	35	476	90	0.074	0.389	5.322E-04	35
seq137	seq9	23.200	85	476	169	0.179	0.503	5.322E-04	35
seq170	seq170	100.000	124	124	124	1.000	1.000	5.080E-87	271
seq170	seq139	66.600	90	124	128	0.726	0.703	4.462E-37	128
seq170	seq138	65.500	87	124	128	0.702	0.680	2.712E-35	123
seq170	seq178	56.200	80	124	127	0.645	0.630	3.496E-24	91
seq170	seq171	41.500	88	124	92	0.677	0.957	1.312E-17	72
seq170	seq172	41.500	88	124	92	0.677	0.957	1.312E-17	72
seq170	seq173	41.500	88	124	92	0.677	0.957	1.312E-17	72
seq170	seq174	41.500	88	124	92	0.677	0.957	1.312E-17	72
seq170	seq193	48.100	83	124	241	0.669	0.332	3.375E-17	70
seq170	seq146	48.600	74	124	202	0.581	0.366	1.629E-16	68
seq170	seq147	48.600	74	124	202	0.581	0.366	1.629E-16	68
seq170	seq148	48.600	74	124	202	0.581	0.366	1.629E-16	68
seq170	seq149	48.600	74	124	202	0.581	0.366	1.629E-16	68
seq170	seq150	48.600	74	124	202	0.581	0.366	1.629E-16	68
seq170	seq151	48.600	74	124	248	0.581	0.298	1.629E-16	68
seq170	seq152	33.000	112	124	132	0.887	0.848	1.475E-15	66
seq170	seq153	43.400	97	124	221	0.726	0.439	1.475E-15	66
seq170	seq154	43.400	97	124	221	0.726	0.439	1.475E-15	66
seq170	seq134	33.300	111	124	207	0.895	0.483	2.767E-15	65
seq170	seq135	33.300	111	124	207	0.895	0.483	2.767E-15	65
seq170	seq136	33.300	111	124	352	0.895	0.284	2.767E-15	65
seq170	seq180	40.800	98	124	120	0.726	0.817	4.688E-14	61
seq170	seq115	43.400	76	124	245	0.605	0.310	6.419E-14	61
seq170	seq50	31.200	80	124	556	0.605	0.144	2.230E-10	51
seq170	seq177	31.500	76	124	128	0.573	0.594	1.065E-09	49
seq170	seq114	31.500	92	124	382	0.669	0.241	3.711E-09	47
seq170	seq68	35.200	68	124	275	0.548	0.244	4.488E-08	44
seq170	seq98	31.000	74	124	350	0.573	0.211	6.126E-08	44
seq170	seq97	31.000	74	124	375	0.573	0.197	6.126E-08	44
seq170	seq26	28.900	76	124	148	0.573	0.514	2.123E-07	42
seq170	seq10	33.300	86	124	170	0.653	0.506	2.123E-07	42
seq170	seq185	35.700	70	124	247	0.524	0.283	7.341E-07	40
seq170	seq126	26.800	82	124	307	0.621	0.267	1.364E-06	40
seq170	seq74	30.300	79	124	409	0.605	0.193	2.194E-05	36
seq170	seq86	36.100	82	124	143	0.621	0.573	5.519E-05	35
seq170	seq99	28.000	82	124	218	0.645	0.376	1.881E-04	33
seq170	seq100	28.000	82	124	421	0.645	0.195	1.881E-04	33
seq107	seq107	100.000	464	464	464	1.000	1.000	5.979E-313	943
seq107	seq95	26.900	407	464	335	0.877	0.913	1.059E-35	136
seq107	seq87	27.900	407	464	356	0.877	0.921	1.059E-35	136
seq107	seq88	27.900	407	464	356	0.877	0.921	1.059E-35	136
seq107	seq104	27.600	407	464	339	0.877	0.914	1.424E-35	136
seq107	seq94	26.800	407	464	318	0.877	0.909	8.912E-34	130
seq107	seq128	26.000	187	464	579	0.345	0.323	6.920E-12	61
seq107	seq125	24.000	153	464	599	0.330	0.224	4.280E-09	52
seq107	seq57	31.200	77	464	232	0.153	0.332	7.350E-05	38
seq107	seq55	31.100	77	464	232	0.153	0.332	9.708E-05	38
seq107	seq59	33.800	70	464	248	0.149	0.282	8.981E-04	34
seq54	seq54	100.000	273	273	273	1.000	1.000	1.763E-191	581
seq54	seq65	88.300	232	273	273	0.850	0.850	1.273E-145	449
seq54	seq40	86.600	233	273	278	0.853	0.838	4.488E-145	447
seq54	seq99	23.400	186	273	218	0.681	0.743	1.998E-09	51
seq54	seq100	23.400	186	273	421	0.681	0.385	1.998E-09	51
seq54	seq129	37.500	63	273	378	0.231	0.161	4.742E-09	50
seq54	seq63	24.500	171	273	205	0.626	0.712	1.483E-07	46
seq54	seq160	28.100	64	273	271	0.234	0.225	1.974E-07	45
seq54	seq74	22.500	166	273	409	0.608	0.350	3.496E-07	44
seq54	seq27	31.700	77	273	339	0.282	0.206	1.936E-06	42
seq54	seq28	30.900	77	273	339	0.275	0.227	1.936E-06	42
seq54	seq35	24.500	170	273	340	0.623	0.412	6.043E-06	40
seq54	seq30	33.800	62	273	167	0.227	0.359	8.030E-06	40
seq54	seq184	31.600	78	273	223	0.286	0.327	1.067E-05	40
seq54	seq16	27.600	111	273	212	0.407	0.448	1.418E-05	39
seq54	seq34	24.500	170	273	340	0.623	0.412	1.418E-05	39
seq54	seq111	32.000	52	273	347	0.190	0.144	4.412E-05	38
seq54	seq191	30.300	78	273	235	0.286	0.311	5.858E-05	37
seq54	seq19	32.700	61	273	191	0.223	0.309	1.371E-04	36
seq54	seq20	32.700	61	273	191	0.223	0.309	1.371E-04	36
seq54	seq199	32.700	61	273	365	0.223	0.162	1.371E-04	36
seq54	seq115	34.400	57	273	245	0.209	0.208	2.415E-04	35
seq54	seq21	27.600	60	273	339	0.220	0.171	9.935E-04	33
seq54	seq98	36.300	60	273	350	0.212	0.171	9.935E-04	33
seq54	seq97	36.300	60	273	375	0.212	0.160	9.935E-04	33
seq189	seq189	100.000	352	352	352	1.000	1.000	1.896E-235	713
seq189	seq91	31.100	367	352	530	0.909	0.692	2.124E-38	141
seq189	seq92	31.100	367	352	530	0.909	0.692	2.124E-38	141
seq189	seq198	31.800	227	352	558	0.645	0.375	2.079E-20	87
seq189	seq169	31.800	227	352	589	0.645	0.355	2.079E-20	87
seq189	seq14	33.300	69	352	246	0.185	0.280	9.801E-07	44
seq189	seq126	27.200	169	352	307	0.480	0.537	1.227E-05	40
seq189	seq186	27.000	129	352	235	0.366	0.536	6.602E-05	38
seq189	seq29	34.900	63	352	267	0.168	0.236	6.602E-05	38
seq189	seq112	32.700	58	352	514	0.153	0.113	2.680E-04	36
seq160	seq160	100.000	271	271	271	1.000	1.000	7.049E-190	576
seq160	seq61	33.900	310	271	455	0.948	0.681	5.613E-47	164
seq160	seq71	50.500	85	271	481	0.310	0.177	4.408E-20	84
seq160	seq1	50.500	85	271	98	0.310	0.867	8.052E-20	83
seq160	seq109	50.500	85	271	604	0.310	0.141	8.052E-20	83
seq160	seq70	48.200	85	271	416	0.310	0.204	2.683E-19	82
seq160	seq78	47.000	85	271	485	0.310	0.175	2.683E-19	82
seq160	seq162	27.300	224	271	325	0.827	0.677	8.925E-19	80
seq160	seq163	27.300	224	271	325	0.827	0.677	8.925E-19	80
seq160	seq164	27.300	224	271	325	0.827	0.677	8.925E-19	80
seq160	seq165	27.300	224	271	325	0.827	0.677	8.925E-19	80
seq160	seq166	27.300	224	271	325	0.827	0.677	8.925E-19	80
seq160	seq112	47.500	82	271	514	0.299	0.160	5.393E-18	78
seq160	seq145	44.200	94	271	588	0.347	0.158	9.813E-18	77
seq160	seq130	23.300	223	271	414	0.823	0.440	9.190E-15	68
seq160	seq127	23.700	223	271	414	0.823	0.440	4.024E-14	66
seq160	seq47	25.000	242	271	383	0.808	0.632	5.403E-14	66
seq160	seq183	22.900	232	271	424	0.856	0.446	1.754E-13	64
seq160	seq131	23.500	221	271	414	0.815	0.435	2.354E-13	64
seq160	seq11	41.600	84	271	481	0.310	0.135	2.354E-13	64
seq160	seq114	22.200	218	271	382	0.804	0.463	3.395E-11	57
seq160	seq186	38.000	84	271	235	0.306	0.357	6.073E-11	56
seq160	seq97	22.700	218	271	375	0.804	0.475	4.624E-10	53
seq160	seq37	35.000	79	271	255	0.292	0.310	6.175E-10	53
seq160	seq33	36.600	71	271	323	0.258	0.220	1.101E-09	52
seq160	seq98	22.700	213	271	350	0.786	0.494	1.101E-09	52
seq160	seq35	34.600	78	271	340	0.277	0.229	1.961E-09	51
seq160	seq129	38.700	62	271	378	0.225	0.164	2.617E-09	51
seq160	seq68	21.400	213	271	275	0.786	0.607	4.657E-09	50
seq160	seq74	22.800	210	271	409	0.775	0.423	1.104E-08	49
seq160	seq41	35.700	84	271	221	0.310	0.344	1.472E-08	49
seq160	seq185	34.500	81	271	247	0.295	0.328	1.472E-08	49
seq160	seq8	29.200	111	271	339	0.410	0.307	1.472E-08	49
seq160	seq27	22.700	221	271	339	0.815	0.490	1.472E-08	49
seq160	seq34	33.300	72	271	340	0.266	0.212	2.615E-08	48
seq160	seq89	20.400	203	271	476	0.749	0.326	2.615E-08	48
seq160	seq83	42.600	72	271	90	0.266	0.800	4.641E-08	47
seq160	seq28	22.300	221	271	339	0.815	0.490	4.641E-08	47
seq160	seq86	34.900	118	271	143	0.410	0.825	6.183E-08	47
seq160	seq14	33.700	74	271	246	0.269	0.301	1.097E-07	46
seq160	seq138	32.700	61	271	128	0.225	0.445	1.944E-07	45
seq160	seq177	31.900	72	271	128	0.262	0.562	2.587E-07	45
seq160	seq24	35.600	73	271	153	0.266	0.477	2.587E-07	45
seq160	seq196	22.100	217	271	177	0.801	0.808	2.587E-07	45
seq160	seq197	22.100	217	271	177	0.801	0.808	2.587E-07	45
seq160	seq65	24.600	202	271	273	0.745	0.619	2.587E-07	45
seq160	seq26	32.800	73	271	148	0.266	0.493	3.443E-07	44
seq160	seq13	37.600	68	271	171	0.251	0.398	4.582E-07	44
seq160	seq21	21.400	221	271	339	0.815	0.490	4.582E-07	44
seq160	seq9	33.800	71	271	169	0.262	0.414	6.097E-07	44
seq160	seq54	28.100	64	271	273	0.225	0.234	6.097E-07	44
seq160	seq40	24.600	202	271	278	0.745	0.608	6.097E-07	44
seq160	seq139	29.500	61	271	128	0.225	0.445	1.435E-06	42
seq160	seq170	28.700	66	271	124	0.244	0.500	2.469E-05	38
seq160	seq102	23.700	190	271	233	0.701	0.597	2.469E-05	38
seq160	seq190	29.100	79	271	404	0.292	0.193	3.280E-05	38
seq160	seq137	29.000	62	271	476	0.229	0.130	3.280E-05	38
seq160	seq115	24.500	94	271	245	0.347	0.384	4.356E-05	38
seq160	seq153	31.500	57	271	221	0.210	0.249	3.168E-04	35
seq160	seq154	31.500	57	271	221	0.210	0.249	3.168E-04	35
seq76	seq76	100.000	341	341	341	1.000	1.000	2.999E-219	665
seq123	seq123	100.000	576	576	576	1.000	1.000	0.000E+00	1128
seq123	seq104	23.300	137	576	339	0.212	0.404	3.128E-08	49
seq123	seq94	21.800	137	576	318	0.212	0.431	1.252E-07	48
seq165	seq162	100.000	325	325	325	1.000	1.000	4.021E-220	667
seq165	seq163	100.000	325	325	325	1.000	1.000	4.021E-220	667
seq165	seq164	100.000	325	325	325	1.000	1.000	4.021E-220	667
seq165	seq165	100.000	325	325	325	1.000	1.000	4.021E-220	667
seq165	seq166	100.000	325	325	325	1.000	1.000	4.021E-220	667
seq165	seq188	59.100	336	325	356	0.963	0.944	3.787E-123	387
seq165	seq47	60.100	333	325	383	0.942	0.869	3.423E-122	384
seq165	seq187	42.200	416	325	456	0.945	0.912	2.912E-96	309
seq165	seq37	43.600	204	325	255	0.628	0.792	6.930E-54	186
seq165	seq185	41.800	165	325	247	0.508	0.668	1.414E-38	141
seq165	seq61	25.600	359	325	455	0.920	0.789	7.355E-33	124
seq165	seq130	27.700	306	325	414	0.942	0.664	1.835E-32	123
seq165	seq127	29.100	296	325	414	0.911	0.606	1.835E-32	123
seq165	seq80	28.100	303	325	408	0.932	0.637	1.298E-30	117
seq165	seq131	27.300	306	325	414	0.942	0.664	8.015E-30	115
seq165	seq114	28.800	296	325	382	0.911	0.660	1.470E-29	114
seq165	seq39	35.300	180	325	378	0.545	0.476	2.694E-29	113
seq165	seq14	35.600	168	325	246	0.517	0.675	6.202E-27	106
seq165	seq97	27.200	286	325	375	0.880	0.672	3.095E-25	101
seq165	seq183	23.500	354	325	424	0.914	0.835	3.404E-24	98
seq165	seq53	32.500	180	325	600	0.545	0.300	4.591E-24	98
seq165	seq98	26.200	286	325	350	0.880	0.751	8.350E-24	97
seq165	seq137	32.300	168	325	476	0.517	0.353	5.428E-22	91
seq165	seq78	23.500	439	325	485	0.948	0.905	1.781E-21	90
seq165	seq141	30.300	177	325	210	0.489	0.843	5.834E-21	88
seq165	seq144	23.900	298	325	356	0.917	0.736	3.445E-20	86
seq165	seq67	31.600	155	325	262	0.458	0.592	8.357E-20	85
seq165	seq90	32.000	150	325	338	0.455	0.444	1.123E-19	84
seq165	seq71	22.700	428	325	481	0.929	0.890	1.508E-19	84
seq165	seq160	27.300	224	325	271	0.677	0.827	2.719E-19	83
seq165	seq68	29.500	163	325	275	0.471	0.593	2.719E-19	83
seq165	seq191	32.400	148	325	235	0.449	0.630	3.650E-19	83
seq165	seq186	30.300	156	325	235	0.446	0.664	8.825E-19	81
seq165	seq109	23.500	447	325	604	0.929	0.740	1.184E-18	81
seq165	seq112	22.500	380	325	514	0.920	0.739	5.140E-18	79
seq165	seq145	29.800	189	325	588	0.582	0.321	3.989E-17	76
seq165	seq11	27.200	175	325	481	0.502	0.364	5.343E-17	76
seq165	seq105	28.200	144	325	230	0.434	0.626	1.717E-16	74
seq165	seq106	28.200	144	325	362	0.434	0.398	1.717E-16	74
seq165	seq70	25.300	360	325	416	0.929	0.865	4.114E-16	73
seq165	seq194	26.800	148	325	240	0.440	0.617	1.760E-15	71
seq165	seq21	20.100	300	325	339	0.923	0.720	1.338E-14	68
seq165	seq99	25.800	163	325	218	0.495	0.748	3.186E-14	67
seq165	seq33	22.300	231	325	323	0.511	0.715	3.186E-14	67
seq165	seq100	25.800	163	325	421	0.495	0.387	3.186E-14	67
seq165	seq126	21.800	284	325	307	0.874	0.772	4.252E-14	67
seq165	seq156	24.800	148	325	226	0.440	0.655	7.573E-14	66
seq165	seq157	24.500	158	325	226	0.458	0.699	7.573E-14	66
seq165	seq89	29.700	138	325	476	0.397	0.290	7.573E-14	66
seq165	seq129	27.500	164	325	378	0.458	0.434	1.010E-13	66
seq165	seq199	21.100	169	325	365	0.502	0.463	4.264E-13	64
seq165	seq73	24.800	148	325	236	0.440	0.627	1.010E-12	63
seq165	seq111	25.100	187	325	347	0.477	0.539	1.793E-12	62
seq165	seq19	20.800	148	325	191	0.440	0.775	5.643E-12	60
seq165	seq20	20.800	148	325	191	0.440	0.775	5.643E-12	60
seq165	seq1	41.000	78	325	98	0.240	0.796	7.514E-12	60
seq165	seq177	36.100	72	325	128	0.222	0.562	5.556E-11	57
seq165	seq34	22.800	297	325	340	0.914	0.712	1.307E-10	56
seq165	seq41	27.300	146	325	221	0.449	0.602	3.073E-10	55
seq165	seq69	24.200	135	325	260	0.415	0.504	4.084E-10	54
seq165	seq52	29.700	101	325	375	0.311	0.256	4.084E-10	54
seq165	seq35	22.200	297	325	340	0.914	0.712	7.215E-10	53
seq165	seq77	22.900	253	325	310	0.692	0.816	9.587E-10	53
seq165	seq63	24.400	192	325	205	0.591	0.659	1.274E-09	53
seq165	seq122	35.000	80	325	145	0.246	0.552	5.267E-09	51
seq165	seq23	25.000	104	325	372	0.298	0.280	6.994E-09	50
seq165	seq152	31.700	63	325	132	0.194	0.477	9.287E-09	50
seq165	seq120	31.300	102	325	131	0.314	0.679	1.233E-08	49
seq165	seq119	40.200	67	325	131	0.206	0.511	1.637E-08	49
seq165	seq24	30.200	76	325	153	0.234	0.497	5.079E-08	48
seq165	seq153	36.300	66	325	221	0.203	0.285	5.079E-08	48
seq165	seq154	36.300	66	325	221	0.203	0.285	5.079E-08	48
seq165	seq190	39.300	66	325	404	0.203	0.158	6.740E-08	47
seq165	seq9	40.300	62	325	169	0.191	0.355	6.459E-07	44
seq165	seq6	30.600	75	325	169	0.231	0.432	1.136E-06	43
seq165	seq200	32.700	61	325	248	0.188	0.246	1.506E-06	43
seq165	seq86	33.300	75	325	143	0.231	0.524	1.996E-06	42
seq165	seq115	25.700	66	325	245	0.203	0.253	2.646E-06	42
seq165	seq60	30.000	102	325	377	0.246	0.271	1.900E-05	39
seq165	seq171	25.600	74	325	92	0.228	0.804	4.419E-05	38
seq165	seq172	25.600	74	325	92	0.228	0.804	4.419E-05	38
seq165	seq173	25.600	74	325	92	0.228	0.804	4.419E-05	38
seq165	seq174	25.600	74	325	92	0.228	0.804	4.419E-05	38
seq165	seq32	33.800	65	325	323	0.200	0.192	5.854E-05	38
seq165	seq158	23.200	98	325	136	0.302	0.669	2.386E-04	36
seq165	seq79	27.900	65	325	247	0.197	0.263	7.336E-04	34
seq90	seq90	100.000	338	338	338	1.000	1.000	3.838E-223	676
seq90	seq97	50.500	294	338	375	0.870	0.733	6.745E-96	309
seq90	seq98	48.800	294	338	350	0.870	0.817	7.454E-94	303
seq90	seq144	47.200	289	338	356	0.855	0.753	1.523E-88	287
seq90	seq68	35.500	236	338	275	0.698	0.767	4.739E-48	169
seq90	seq184	37.100	171	338	223	0.506	0.767	2.638E-29	114
seq90	seq191	35.400	171	338	235	0.506	0.728	7.260E-28	109
seq90	seq114	28.200	279	338	382	0.825	0.654	1.790E-27	108
seq90	seq127	27.000	280	338	414	0.828	0.604	1.790E-27	108
seq90	seq16	36.800	167	338	212	0.494	0.788	4.408E-27	107
seq90	seq131	27.300	280	338	414	0.828	0.604	8.839E-26	103
seq90	seq130	27.300	280	338	414	0.828	0.604	1.192E-25	103
seq90	seq80	26.000	268	338	408	0.793	0.586	4.635E-23	95
seq90	seq183	27.200	280	338	424	0.828	0.590	4.635E-23	95
seq90	seq50	28.000	176	338	556	0.503	0.317	4.157E-20	86
seq90	seq162	32.000	150	338	325	0.444	0.455	1.347E-19	84
seq90	seq163	32.000	150	338	325	0.444	0.455	1.347E-19	84
seq90	seq164	32.000	150	338	325	0.444	0.455	1.347E-19	84
seq90	seq165	32.000	150	338	325	0.444	0.455	1.347E-19	84
seq90	seq166	32.000	150	338	325	0.444	0.455	1.347E-19	84
seq90	seq187	30.800	158	338	456	0.467	0.344	4.353E-19	83
seq90	seq126	23.200	285	338	307	0.843	0.831	3.374E-18	80
seq90	seq47	32.100	160	338	383	0.462	0.418	3.374E-18	80
seq90	seq67	26.200	185	338	262	0.547	0.595	1.112E-16	75
seq90	seq188	29.600	173	338	356	0.467	0.486	1.486E-16	75
seq90	seq13	31.700	146	338	171	0.411	0.854	8.457E-16	72
seq90	seq61	27.200	165	338	455	0.456	0.363	2.688E-15	71
seq90	seq75	27.500	188	338	617	0.494	0.305	2.688E-15	71
seq90	seq24	37.700	95	338	153	0.281	0.614	2.023E-14	68
seq90	seq105	23.600	193	338	230	0.571	0.696	2.023E-14	68
seq90	seq106	23.600	193	338	362	0.571	0.442	2.023E-14	68
seq90	seq26	35.600	87	338	148	0.249	0.588	8.520E-14	66
seq90	seq71	29.400	150	338	481	0.444	0.310	1.513E-13	65
seq90	seq78	30.100	150	338	485	0.444	0.309	1.513E-13	65
seq90	seq11	28.100	159	338	481	0.444	0.331	3.576E-13	64
seq90	seq145	30.400	156	338	588	0.456	0.265	1.496E-12	62
seq90	seq89	26.000	179	338	476	0.530	0.321	2.650E-12	61
seq90	seq63	26.100	146	338	205	0.432	0.693	6.239E-12	60
seq90	seq27	21.500	285	338	339	0.843	0.720	6.239E-12	60
seq90	seq177	34.600	78	338	128	0.231	0.609	8.299E-12	60
seq90	seq8	23.800	161	338	339	0.476	0.472	1.104E-11	59
seq90	seq129	27.700	183	338	378	0.541	0.439	1.104E-11	59
seq90	seq73	28.600	142	338	236	0.411	0.602	1.468E-11	59
seq90	seq21	21.500	285	338	339	0.843	0.720	1.076E-10	56
seq90	seq157	23.100	201	338	226	0.559	0.889	1.430E-10	56
seq90	seq102	33.300	75	338	233	0.222	0.322	1.430E-10	56
seq90	seq199	25.900	187	338	365	0.553	0.510	1.430E-10	56
seq90	seq28	21.800	285	338	339	0.843	0.720	2.523E-10	55
seq90	seq7	26.400	138	338	258	0.408	0.535	3.351E-10	55
seq90	seq146	28.100	185	338	202	0.547	0.802	4.451E-10	54
seq90	seq147	28.100	185	338	202	0.547	0.802	4.451E-10	54
seq90	seq148	28.100	185	338	202	0.547	0.802	4.451E-10	54
seq90	seq149	28.100	185	338	202	0.547	0.802	4.451E-10	54
seq90	seq150	28.100	185	338	202	0.547	0.802	4.451E-10	54
seq90	seq156	25.100	142	338	226	0.411	0.628	4.451E-10	54
seq90	seq151	28.100	185	338	248	0.547	0.653	4.451E-10	54
seq90	seq70	37.500	72	338	416	0.213	0.173	7.849E-10	53
seq90	seq19	26.100	140	338	191	0.405	0.733	1.042E-09	53
seq90	seq20	26.100	140	338	191	0.405	0.733	1.042E-09	53
seq90	seq86	37.100	97	338	143	0.287	0.650	1.384E-09	53
seq90	seq41	26.700	146	338	221	0.432	0.593	2.438E-09	52
seq90	seq110	26.200	160	338	230	0.473	0.639	4.294E-09	51
seq90	seq200	40.900	61	338	248	0.180	0.246	4.294E-09	51
seq90	seq112	25.900	156	338	514	0.444	0.304	5.699E-09	51
seq90	seq118	28.000	89	338	248	0.260	0.359	7.562E-09	50
seq90	seq119	37.800	66	338	131	0.195	0.504	2.342E-08	49
seq90	seq48	22.800	197	338	386	0.583	0.505	3.107E-08	48
seq90	seq122	39.300	61	338	145	0.180	0.421	4.120E-08	48
seq90	seq35	28.000	123	338	340	0.364	0.350	4.120E-08	48
seq90	seq125	22.000	162	338	599	0.479	0.250	7.246E-08	47
seq90	seq120	34.800	66	338	131	0.195	0.504	9.609E-08	47
seq90	seq83	43.100	51	338	90	0.151	0.567	5.215E-07	44
seq90	seq34	26.500	123	338	340	0.364	0.350	6.912E-07	44
seq90	seq9	27.000	94	338	169	0.275	0.556	9.160E-07	44
seq90	seq115	24.200	203	338	245	0.601	0.755	9.160E-07	44
seq90	seq6	27.300	84	338	169	0.249	0.485	1.152E-05	40
seq90	seq30	29.000	92	338	167	0.272	0.545	2.528E-04	36
seq125	seq125	100.000	599	599	599	1.000	1.000	0.000E+00	1185
seq125	seq128	65.500	586	599	579	0.978	0.976	3.221E-243	749
seq125	seq94	25.300	308	599	318	0.514	0.943	5.123E-17	78
seq125	seq196	29.000	141	599	177	0.235	0.734	1.742E-07	47
seq125	seq197	29.000	141	599	177	0.235	0.734	1.742E-07	47
seq125	seq144	25.600	151	599	356	0.230	0.424	1.742E-07	47
seq125	seq107	24.000	153	599	464	0.224	0.330	2.299E-07	47
seq125	seq37	28.700	107	599	255	0.172	0.420	2.784E-06	43
seq125	seq74	25.700	170	599	409	0.235	0.416	2.553E-05	40
seq125	seq47	26.000	111	599	383	0.174	0.290	7.731E-05	38
seq125	seq193	32.800	70	599	241	0.117	0.278	1.774E-04	37
seq125	seq97	20.000	154	599	375	0.237	0.411	1.774E-04	37
seq125	seq68	35.000	57	599	275	0.095	0.207	2.340E-04	37
seq125	seq130	25.400	151	599	414	0.235	0.365	4.072E-04	36
seq125	seq127	29.000	85	599	414	0.135	0.205	4.072E-04	36
seq125	seq141	21.900	176	599	210	0.252	0.838	5.370E-04	36
seq32	seq32	100.000	323	323	323	1.000	1.000	9.922E-214	648
seq32	seq182	28.900	278	323	228	0.861	0.934	2.709E-31	119
seq32	seq103	29.000	277	323	216	0.858	0.981	2.274E-30	117
seq32	seq84	29.000	281	323	282	0.870	0.989	4.723E-29	113
seq32	seq96	25.800	267	323	193	0.827	0.912	4.493E-20	85
seq32	seq79	25.800	274	323	247	0.848	0.960	1.090E-19	84
seq32	seq68	29.200	106	323	275	0.328	0.353	3.782E-08	48
seq32	seq162	33.800	65	323	325	0.192	0.200	5.798E-05	38
seq32	seq163	33.800	65	323	325	0.192	0.200	5.798E-05	38
seq32	seq164	33.800	65	323	325	0.192	0.200	5.798E-05	38
seq32	seq165	33.800	65	323	325	0.192	0.200	5.798E-05	38
seq32	seq166	33.800	65	323	325	0.192	0.200	5.798E-05	38
seq32	seq185	25.000	76	323	247	0.217	0.308	1.348E-04	36
seq32	seq47	29.200	65	323	383	0.192	0.170	1.348E-04	36
seq32	seq188	24.200	95	323	356	0.294	0.264	2.364E-04	36
seq32	seq80	30.200	84	323	408	0.260	0.201	5.491E-04	34
seq32	seq183	27.100	79	323	424	0.245	0.182	5.491E-04	34
seq141	seq141	100.000	210	210	210	1.000	1.000	2.358E-136	419
seq141	seq127	36.600	176	210	414	0.838	0.425	1.684E-26	101
seq141	seq130	34.600	176	210	414	0.838	0.425	1.086E-25	99
seq141	seq131	34.000	176	210	414	0.838	0.425	1.481E-25	98
seq141	seq80	34.400	178	210	408	0.838	0.436	2.879E-23	92
seq141	seq97	30.300	177	210	375	0.843	0.437	2.510E-22	89
seq141	seq102	29.700	170	210	233	0.810	0.704	3.418E-22	89
seq141	seq144	31.900	192	210	356	0.914	0.508	1.176E-21	87
seq141	seq157	31.600	170	210	226	0.810	0.726	1.602E-21	87
seq141	seq98	30.500	177	210	350	0.843	0.500	1.602E-21	87
seq141	seq114	32.000	175	210	382	0.833	0.458	2.970E-21	86
seq141	seq191	31.500	188	210	235	0.895	0.745	4.043E-21	85
seq141	seq19	30.700	170	210	191	0.810	0.869	1.020E-20	84
seq141	seq20	30.700	170	210	191	0.810	0.869	1.020E-20	84
seq141	seq199	30.700	170	210	365	0.810	0.455	1.020E-20	84
seq141	seq187	27.700	179	210	456	0.852	0.360	1.388E-20	84
seq141	seq156	31.700	161	210	226	0.767	0.668	2.571E-20	83
seq141	seq105	28.900	175	210	230	0.833	0.704	3.499E-20	83
seq141	seq68	29.400	172	210	275	0.819	0.607	3.499E-20	83
seq141	seq106	28.900	175	210	362	0.833	0.448	3.499E-20	83
seq141	seq183	31.800	176	210	424	0.838	0.410	3.499E-20	83
seq141	seq162	29.500	168	210	325	0.800	0.471	4.761E-20	82
seq141	seq163	29.500	168	210	325	0.800	0.471	4.761E-20	82
seq141	seq164	29.500	168	210	325	0.800	0.471	4.761E-20	82
seq141	seq165	29.500	168	210	325	0.800	0.471	4.761E-20	82
seq141	seq166	29.500	168	210	325	0.800	0.471	4.761E-20	82
seq141	seq99	29.100	172	210	218	0.819	0.757	2.218E-19	80
seq141	seq100	29.100	172	210	421	0.819	0.392	2.218E-19	80
seq141	seq129	28.900	178	210	378	0.843	0.471	3.017E-19	80
seq141	seq7	30.200	167	210	258	0.795	0.597	7.585E-19	79
seq141	seq47	29.500	163	210	383	0.776	0.399	1.031E-18	78
seq141	seq73	27.400	161	210	236	0.767	0.640	2.590E-18	77
seq141	seq184	27.700	182	210	223	0.867	0.758	1.200E-17	75
seq141	seq188	24.000	203	210	356	0.948	0.570	2.557E-16	71
seq141	seq74	30.000	167	210	409	0.776	0.408	3.469E-16	71
seq141	seq75	28.800	186	210	617	0.848	0.301	3.469E-16	71
seq141	seq37	28.900	168	210	255	0.800	0.600	1.594E-15	69
seq141	seq63	29.500	148	210	205	0.705	0.639	2.931E-15	68
seq141	seq194	28.000	161	210	240	0.767	0.637	5.386E-15	67
seq141	seq177	40.500	79	210	128	0.371	0.617	7.300E-15	67
seq141	seq14	24.200	164	210	246	0.781	0.573	2.052E-13	63
seq141	seq120	38.100	76	210	131	0.362	0.573	3.104E-12	59
seq141	seq39	23.000	176	210	378	0.838	0.437	3.104E-12	59
seq141	seq185	26.200	155	210	247	0.738	0.567	7.653E-12	58
seq141	seq61	22.800	263	210	455	0.852	0.578	7.653E-12	58
seq141	seq119	36.800	76	210	131	0.362	0.573	1.396E-11	57
seq141	seq24	35.900	89	210	153	0.419	0.582	1.396E-11	57
seq141	seq26	35.000	80	210	148	0.376	0.541	1.884E-11	57
seq141	seq200	35.500	76	210	248	0.362	0.302	1.884E-11	57
seq141	seq67	32.300	160	210	262	0.762	0.573	1.884E-11	57
seq141	seq122	40.700	75	210	145	0.357	0.517	2.543E-11	56
seq141	seq180	40.000	75	210	120	0.352	0.625	3.432E-11	56
seq141	seq190	37.100	78	210	404	0.371	0.188	6.248E-11	55
seq141	seq13	37.800	66	210	171	0.310	0.386	1.136E-10	54
seq141	seq9	32.100	84	210	169	0.400	0.485	2.065E-10	53
seq141	seq112	22.800	167	210	514	0.795	0.311	3.751E-10	53
seq141	seq52	21.800	187	210	375	0.848	0.499	5.054E-10	52
seq141	seq6	32.900	79	210	169	0.376	0.456	9.167E-10	51
seq141	seq34	32.900	81	210	340	0.386	0.238	1.234E-09	51
seq141	seq140	32.900	79	210	415	0.376	0.186	1.234E-09	51
seq141	seq83	48.000	50	210	90	0.233	0.556	2.236E-09	50
seq141	seq35	32.900	81	210	340	0.386	0.238	2.236E-09	50
seq141	seq86	37.200	59	210	143	0.276	0.413	4.048E-09	49
seq141	seq62	32.400	76	210	281	0.352	0.270	5.444E-09	49
seq141	seq36	29.000	160	210	270	0.762	0.593	7.321E-09	49
seq141	seq8	34.100	82	210	339	0.386	0.242	7.321E-09	49
seq141	seq111	21.600	202	210	347	0.843	0.582	7.321E-09	49
seq141	seq195	22.200	179	210	191	0.852	0.759	1.323E-08	48
seq141	seq23	22.300	191	210	372	0.848	0.513	1.778E-08	48
seq141	seq12	34.400	58	210	100	0.276	0.580	7.766E-08	46
seq141	seq21	30.400	82	210	339	0.386	0.242	8.119E-07	42
seq141	seq161	32.400	77	210	246	0.367	0.309	1.088E-06	42
seq141	seq160	36.100	71	210	271	0.338	0.262	3.494E-06	40
seq141	seq27	28.000	82	210	339	0.386	0.242	4.676E-06	40
seq141	seq170	30.400	127	210	124	0.605	0.815	6.255E-06	40
seq141	seq28	28.000	82	210	339	0.386	0.242	1.119E-05	39
seq141	seq171	30.200	76	210	92	0.357	0.826	2.696E-04	34
seq141	seq172	30.200	76	210	92	0.357	0.826	2.696E-04	34
seq141	seq173	30.200	76	210	92	0.357	0.826	2.696E-04	34
seq141	seq174	30.200	76	210	92	0.357	0.826	2.696E-04	34
seq98	seq98	100.000	350	350	350	1.000	1.000	4.652E-242	732
seq98	seq97	96.500	350	350	375	1.000	0.904	1.291E-232	704
seq98	seq90	48.800	294	350	338	0.817	0.870	1.321E-91	297
seq98	seq144	47.300	319	350	356	0.911	0.826	1.396E-83	274
seq98	seq68	43.500	190	350	275	0.543	0.680	7.602E-51	178
seq98	seq131	28.900	266	350	414	0.760	0.623	1.228E-30	118
seq98	seq130	27.000	266	350	414	0.760	0.623	7.494E-30	116
seq98	seq127	25.900	266	350	414	0.760	0.623	2.765E-28	111
seq98	seq114	24.800	266	350	382	0.760	0.678	1.598E-24	100
seq98	seq80	27.100	266	350	408	0.760	0.640	2.894E-24	99
seq98	seq188	25.900	324	350	356	0.794	0.910	5.604E-23	95
seq98	seq47	25.400	326	350	383	0.786	0.851	7.532E-23	94
seq98	seq184	32.900	178	350	223	0.509	0.749	2.455E-22	93
seq98	seq162	26.800	286	350	325	0.751	0.880	5.947E-22	92
seq98	seq163	26.800	286	350	325	0.751	0.880	5.947E-22	92
seq98	seq164	26.800	286	350	325	0.751	0.880	5.947E-22	92
seq98	seq165	26.800	286	350	325	0.751	0.880	5.947E-22	92
seq98	seq166	26.800	286	350	325	0.751	0.880	5.947E-22	92
seq98	seq141	30.600	177	350	210	0.500	0.843	2.025E-20	87
seq98	seq187	28.400	179	350	456	0.511	0.368	9.060E-19	82
seq98	seq50	28.400	173	350	556	0.494	0.302	3.884E-18	80
seq98	seq183	24.300	269	350	424	0.769	0.583	9.439E-17	76
seq98	seq99	30.300	168	350	218	0.480	0.729	7.128E-16	73
seq98	seq100	30.300	168	350	421	0.480	0.378	7.128E-16	73
seq98	seq74	27.100	172	350	409	0.491	0.381	1.692E-15	72
seq98	seq35	23.700	299	350	340	0.854	0.765	9.499E-15	69
seq98	seq13	38.200	94	350	171	0.269	0.544	2.247E-14	68
seq98	seq61	25.400	169	350	455	0.483	0.367	2.993E-14	68
seq98	seq26	38.000	84	350	148	0.231	0.568	7.069E-14	66
seq98	seq24	41.200	80	350	153	0.229	0.523	7.069E-14	66
seq98	seq73	23.800	191	350	236	0.546	0.720	7.069E-14	66
seq98	seq21	27.100	182	350	339	0.520	0.496	6.955E-13	63
seq98	seq145	28.000	159	350	588	0.454	0.248	6.955E-13	63
seq98	seq67	25.700	166	350	262	0.474	0.595	9.251E-13	63
seq98	seq27	28.100	196	350	339	0.560	0.549	9.251E-13	63
seq98	seq105	27.400	162	350	230	0.463	0.643	1.230E-12	63
seq98	seq7	25.000	174	350	258	0.497	0.616	1.230E-12	63
seq98	seq106	27.400	162	350	362	0.463	0.409	1.230E-12	63
seq98	seq69	29.700	173	350	260	0.494	0.592	1.636E-12	62
seq98	seq23	26.100	186	350	372	0.489	0.500	1.636E-12	62
seq98	seq39	23.800	172	350	378	0.491	0.431	2.176E-12	62
seq98	seq75	24.300	188	350	617	0.509	0.305	3.845E-12	61
seq98	seq63	25.600	238	350	205	0.680	0.941	9.029E-12	60
seq98	seq14	25.800	169	350	246	0.483	0.589	9.029E-12	60
seq98	seq48	25.200	198	350	386	0.566	0.477	9.029E-12	60
seq98	seq177	41.300	75	350	128	0.214	0.586	1.200E-11	59
seq98	seq19	24.100	168	350	191	0.480	0.843	1.200E-11	59
seq98	seq20	24.100	168	350	191	0.480	0.843	1.200E-11	59
seq98	seq199	24.100	168	350	365	0.480	0.441	1.200E-11	59
seq98	seq11	23.700	242	350	481	0.691	0.464	1.200E-11	59
seq98	seq8	24.400	186	350	339	0.531	0.507	1.594E-11	59
seq98	seq118	25.500	170	350	248	0.486	0.625	2.813E-11	58
seq98	seq122	35.700	94	350	145	0.266	0.648	8.753E-11	57
seq98	seq180	34.100	79	350	120	0.223	0.658	2.719E-10	55
seq98	seq71	28.000	172	350	481	0.491	0.326	3.609E-10	55
seq98	seq1	34.900	83	350	98	0.237	0.847	4.790E-10	54
seq98	seq18	35.800	92	350	153	0.260	0.601	4.790E-10	54
seq98	seq109	34.900	83	350	604	0.237	0.137	4.790E-10	54
seq98	seq52	25.100	182	350	375	0.489	0.485	6.357E-10	54
seq98	seq112	26.700	166	350	514	0.474	0.315	1.119E-09	53
seq98	seq119	35.700	84	350	131	0.240	0.634	1.485E-09	53
seq98	seq86	37.200	86	350	143	0.246	0.594	1.485E-09	53
seq98	seq160	23.800	240	350	271	0.569	0.886	1.485E-09	53
seq98	seq120	34.500	84	350	131	0.240	0.634	2.613E-09	52
seq98	seq70	36.100	72	350	416	0.206	0.173	2.613E-09	52
seq98	seq6	38.800	72	350	169	0.206	0.414	8.085E-09	50
seq98	seq140	32.100	137	350	415	0.377	0.330	1.885E-08	49
seq98	seq89	26.400	145	350	476	0.414	0.290	1.885E-08	49
seq98	seq83	46.800	47	350	90	0.134	0.522	3.313E-08	48
seq98	seq9	36.100	72	350	169	0.206	0.414	3.313E-08	48
seq98	seq62	32.800	72	350	281	0.203	0.256	1.795E-07	46
seq98	seq115	23.000	176	350	245	0.503	0.714	2.379E-07	46
seq98	seq200	34.600	75	350	248	0.214	0.298	5.533E-07	44
seq98	seq158	29.800	76	350	136	0.217	0.522	2.988E-06	42
seq98	seq170	31.000	74	350	124	0.211	0.573	3.957E-06	42
seq98	seq103	21.800	208	350	216	0.511	0.963	3.957E-06	42
seq98	seq146	22.600	183	350	202	0.523	0.901	9.187E-06	40
seq98	seq147	22.600	183	350	202	0.523	0.901	9.187E-06	40
seq98	seq148	22.600	183	350	202	0.523	0.901	9.187E-06	40
seq98	seq149	22.600	183	350	202	0.523	0.901	9.187E-06	40
seq98	seq150	22.600	183	350	202	0.523	0.901	9.187E-06	40
seq98	seq151	22.600	183	350	248	0.523	0.734	9.187E-06	40
seq98	seq110	25.800	149	350	230	0.426	0.530	1.147E-04	37
seq98	seq60	42.800	42	350	377	0.117	0.111	2.009E-04	36
seq98	seq84	26.700	86	350	282	0.226	0.305	2.658E-04	36
seq98	seq113	23.300	60	350	546	0.166	0.110	2.658E-04	36
seq58	seq58	100.000	161	161	161	1.000	1.000	3.842E-109	337
seq58	seq108	35.400	62	161	238	0.342	0.261	4.523E-08	45
seq58	seq126	30.700	78	161	307	0.466	0.254	8.302E-08	44
seq58	seq63	38.900	59	161	205	0.323	0.288	2.061E-07	43
seq58	seq99	28.400	95	161	218	0.503	0.436	1.262E-06	41
seq58	seq100	28.400	95	161	421	0.503	0.226	1.262E-06	41
seq58	seq62	43.700	32	161	281	0.199	0.114	5.677E-06	39
seq58	seq129	31.500	57	161	378	0.311	0.151	1.881E-05	37
seq58	seq184	33.300	60	161	223	0.373	0.269	1.125E-04	35
seq58	seq200	34.500	55	161	248	0.342	0.214	1.515E-04	34
seq58	seq21	34.600	52	161	339	0.323	0.150	2.038E-04	34
seq58	seq34	27.700	82	161	340	0.460	0.241	3.686E-04	33
seq103	seq103	100.000	216	216	216	1.000	1.000	8.867E-137	420
seq103	seq84	54.500	278	216	282	0.995	0.986	2.747E-82	263
seq103	seq182	46.700	211	216	228	0.977	0.925	5.955E-55	184
seq103	seq96	38.200	209	216	193	0.968	0.953	2.479E-38	136
seq103	seq79	33.800	240	216	247	0.981	0.972	1.238E-32	119
seq103	seq181	32.500	238	216	267	0.963	0.891	8.037E-32	117
seq103	seq32	29.000	277	216	323	0.981	0.858	1.173E-29	111
seq103	seq75	36.500	61	216	617	0.282	0.096	2.124E-05	38
seq103	seq186	25.000	81	216	235	0.375	0.340	5.052E-05	37
seq103	seq89	28.300	73	216	476	0.319	0.153	6.741E-05	36
seq103	seq29	20.800	196	216	267	0.907	0.607	3.790E-04	34
seq103	seq145	29.300	88	216	588	0.403	0.150	6.730E-04	33
seq51	seq51	100.000	168	168	168	1.000	1.000	8.881E-111	342
seq51	seq72	57.300	150	168	181	0.881	0.829	4.298E-53	176
seq51	seq25	56.000	148	168	183	0.881	0.803	4.862E-51	170
seq51	seq66	51.600	149	168	185	0.881	0.805	9.370E-48	161
seq51	seq2	37.400	153	168	194	0.887	0.789	1.403E-29	108
seq51	seq192	36.300	155	168	341	0.893	0.455	1.263E-28	106
seq117	seq116	100.000	209	209	209	1.000	1.000	8.199E-143	437
seq117	seq117	100.000	209	209	209	1.000	1.000	8.199E-143	437
seq117	seq143	39.000	100	209	364	0.478	0.269	3.387E-16	71
seq117	seq175	42.800	80	209	324	0.383	0.238	7.137E-15	67
seq117	seq176	42.800	80	209	324	0.383	0.238	7.137E-15	67
seq78	seq78	100.000	485	485	485	1.000	1.000	0.000E+00	989
seq78	seq11	67.800	447	485	481	0.922	0.913	1.266E-199	617
seq78	seq71	67.300	464	485	481	0.957	0.950	2.174E-192	596
seq78	seq112	50.100	492	485	514	0.922	0.957	2.752E-135	430
seq78	seq70	55.100	388	485	416	0.765	0.933	3.495E-115	372
seq78	seq109	44.500	458	485	604	0.918	0.758	2.736E-105	343
seq78	seq145	35.800	552	485	588	0.959	0.939	1.438E-85	286
seq78	seq61	28.100	433	485	455	0.893	0.796	1.780E-47	173
seq78	seq1	75.500	94	485	98	0.194	0.949	2.346E-41	154
seq78	seq187	25.300	430	485	456	0.887	0.890	7.751E-28	112
seq78	seq162	22.400	439	485	325	0.905	0.948	1.682E-21	92
seq78	seq163	22.400	439	485	325	0.905	0.948	1.682E-21	92
seq78	seq164	22.400	439	485	325	0.905	0.948	1.682E-21	92
seq78	seq165	22.400	439	485	325	0.905	0.948	1.682E-21	92
seq78	seq166	22.400	439	485	325	0.905	0.948	1.682E-21	92
seq78	seq28	30.200	190	485	339	0.392	0.543	2.155E-20	89
seq78	seq21	30.300	186	485	339	0.384	0.531	3.795E-20	88
seq78	seq188	22.100	446	485	356	0.920	0.949	3.795E-20	88
seq78	seq27	30.200	190	485	339	0.392	0.543	5.035E-20	87
seq78	seq160	48.700	82	485	271	0.169	0.299	2.069E-19	85
seq78	seq183	23.700	449	485	424	0.926	0.882	6.399E-19	84
seq78	seq8	27.500	194	485	339	0.400	0.563	1.977E-18	82
seq78	seq89	31.200	172	485	476	0.346	0.361	1.882E-17	79
seq78	seq19	32.600	142	485	191	0.287	0.743	1.017E-16	77
seq78	seq20	32.600	142	485	191	0.287	0.743	1.017E-16	77
seq78	seq199	32.600	142	485	365	0.287	0.389	1.017E-16	77
seq78	seq14	25.400	203	485	246	0.419	0.801	3.131E-16	75
seq78	seq186	27.900	161	485	235	0.313	0.685	4.146E-16	75
seq78	seq118	47.800	71	485	248	0.146	0.286	1.687E-15	73
seq78	seq127	26.900	220	485	414	0.425	0.531	5.180E-15	71
seq78	seq191	29.800	185	485	235	0.381	0.783	6.857E-15	71
seq78	seq7	25.600	216	485	258	0.445	0.795	6.857E-15	71
seq78	seq35	31.200	160	485	340	0.330	0.447	1.201E-14	70
seq78	seq185	36.400	96	485	247	0.198	0.368	2.104E-14	69
seq78	seq37	26.400	208	485	255	0.429	0.800	2.784E-14	69
seq78	seq39	23.300	361	485	378	0.707	0.955	3.684E-14	68
seq78	seq34	30.600	160	485	340	0.330	0.447	1.129E-13	67
seq78	seq36	27.600	196	485	270	0.375	0.726	1.976E-13	66
seq78	seq195	30.900	154	485	191	0.318	0.696	3.458E-13	65
seq78	seq90	30.100	150	485	338	0.309	0.444	4.574E-13	65
seq78	seq194	24.800	192	485	240	0.396	0.788	1.851E-12	63
seq78	seq137	39.100	92	485	476	0.184	0.193	1.851E-12	63
seq78	seq130	39.700	83	485	414	0.171	0.196	9.901E-12	61
seq78	seq50	25.000	327	485	556	0.674	0.525	1.731E-11	60
seq78	seq196	26.600	154	485	177	0.318	0.757	4.000E-11	59
seq78	seq197	26.600	154	485	177	0.318	0.757	4.000E-11	59
seq78	seq63	27.800	153	485	205	0.315	0.746	4.000E-11	59
seq78	seq131	38.800	85	485	414	0.175	0.200	4.000E-11	59
seq78	seq98	28.300	172	485	350	0.326	0.491	6.991E-11	58
seq78	seq144	27.200	151	485	356	0.309	0.424	6.991E-11	58
seq78	seq97	28.200	158	485	375	0.326	0.421	9.242E-11	57
seq78	seq68	31.500	95	485	275	0.196	0.335	2.135E-10	56
seq78	seq114	26.100	167	485	382	0.334	0.437	2.135E-10	56
seq78	seq67	36.700	87	485	262	0.173	0.332	3.730E-10	55
seq78	seq75	24.500	172	485	617	0.311	0.279	3.730E-10	55
seq78	seq99	25.100	151	485	218	0.309	0.693	8.611E-10	54
seq78	seq129	22.000	162	485	378	0.303	0.429	8.611E-10	54
seq78	seq100	25.100	151	485	421	0.309	0.359	8.611E-10	54
seq78	seq52	24.800	210	485	375	0.355	0.560	1.504E-09	53
seq78	seq120	39.000	64	485	131	0.132	0.489	1.988E-09	53
seq78	seq69	25.800	142	485	260	0.293	0.523	2.627E-09	53
seq78	seq33	29.100	79	485	323	0.163	0.245	2.627E-09	53
seq78	seq119	39.000	64	485	131	0.132	0.489	4.587E-09	52
seq78	seq122	37.300	67	485	145	0.138	0.462	1.058E-08	51
seq78	seq177	35.500	76	485	128	0.157	0.594	1.847E-08	50
seq78	seq74	36.500	63	485	409	0.130	0.154	1.847E-08	50
seq78	seq9	30.700	91	485	169	0.188	0.515	3.225E-08	49
seq78	seq24	34.200	73	485	153	0.151	0.477	4.260E-08	49
seq78	seq115	26.500	83	485	245	0.171	0.322	1.298E-07	47
seq78	seq30	29.600	81	485	167	0.167	0.485	1.714E-07	47
seq78	seq83	40.800	49	485	90	0.101	0.544	6.894E-07	45
seq78	seq86	35.400	62	485	143	0.128	0.434	1.203E-06	44
seq78	seq12	35.400	48	485	100	0.099	0.480	2.771E-06	43
seq78	seq6	30.500	72	485	169	0.148	0.414	3.660E-06	42
seq78	seq79	37.000	62	485	247	0.128	0.239	1.113E-05	41
seq78	seq132	40.300	62	485	118	0.128	0.458	7.793E-05	38
seq78	seq17	27.000	84	485	407	0.173	0.201	2.369E-04	36
seq78	seq38	25.800	89	485	179	0.167	0.497	7.197E-04	35
seq148	seq146	100.000	202	202	202	1.000	1.000	2.671E-138	424
seq148	seq147	100.000	202	202	202	1.000	1.000	2.671E-138	424
seq148	seq148	100.000	202	202	202	1.000	1.000	2.671E-138	424
seq148	seq149	100.000	202	202	202	1.000	1.000	2.671E-138	424
seq148	seq150	100.000	202	202	202	1.000	1.000	2.671E-138	424
seq148	seq151	100.000	202	202	248	1.000	0.815	2.671E-138	424
seq148	seq153	69.900	202	202	221	1.000	0.860	2.968E-86	274
seq148	seq154	69.900	202	202	221	1.000	0.860	2.968E-86	274
seq148	seq115	70.500	185	202	245	0.901	0.755	3.357E-84	268
seq148	seq193	46.700	176	202	241	0.807	0.730	2.431E-34	124
seq148	seq139	51.900	100	202	128	0.485	0.781	8.121E-21	84
seq148	seq138	49.300	73	202	128	0.361	0.555	3.295E-15	68
seq148	seq170	48.600	74	202	124	0.366	0.581	1.117E-14	66
seq148	seq178	41.900	79	202	127	0.381	0.622	2.422E-10	53
seq148	seq180	41.400	79	202	120	0.376	0.658	1.081E-09	51
seq148	seq161	32.900	87	202	246	0.426	0.354	1.458E-09	51
seq148	seq90	28.100	185	202	338	0.802	0.547	1.458E-09	51
seq148	seq185	42.300	76	202	247	0.351	0.308	2.648E-09	50
seq148	seq171	36.500	81	202	92	0.386	0.880	3.567E-09	49
seq148	seq172	36.500	81	202	92	0.386	0.880	3.567E-09	49
seq148	seq173	36.500	81	202	92	0.386	0.880	3.567E-09	49
seq148	seq174	36.500	81	202	92	0.386	0.880	3.567E-09	49
seq148	seq140	35.400	78	202	415	0.386	0.186	6.470E-09	49
seq148	seq50	23.000	161	202	556	0.797	0.288	2.123E-08	47
seq148	seq41	35.600	73	202	221	0.361	0.317	6.942E-08	46
seq148	seq97	22.600	182	202	375	0.901	0.459	9.330E-08	45
seq148	seq9	33.800	71	202	169	0.347	0.420	2.262E-07	44
seq148	seq63	23.900	176	202	205	0.871	0.771	4.077E-07	43
seq148	seq98	21.400	183	202	350	0.901	0.523	2.374E-06	41
seq148	seq74	24.800	159	202	409	0.787	0.359	2.374E-06	41
seq148	seq82	36.500	62	202	131	0.307	0.443	3.181E-06	40
seq148	seq81	34.900	62	202	131	0.307	0.443	5.709E-06	40
seq148	seq126	38.500	57	202	307	0.282	0.182	1.024E-05	39
seq148	seq158	29.300	74	202	136	0.366	0.515	1.370E-05	38
seq148	seq18	31.000	74	202	153	0.351	0.484	1.370E-05	38
seq148	seq30	31.100	58	202	167	0.287	0.347	2.453E-05	38
seq148	seq35	28.300	78	202	340	0.376	0.229	3.282E-05	37
seq148	seq191	30.800	65	202	235	0.302	0.277	5.868E-05	36
seq148	seq37	33.800	67	202	255	0.307	0.263	5.868E-05	36
seq148	seq162	30.400	66	202	325	0.312	0.203	5.868E-05	36
seq148	seq163	30.400	66	202	325	0.312	0.203	5.868E-05	36
seq148	seq164	30.400	66	202	325	0.312	0.203	5.868E-05	36
seq148	seq165	30.400	66	202	325	0.312	0.203	5.868E-05	36
seq148	seq166	30.400	66	202	325	0.312	0.203	5.868E-05	36
seq148	seq11	24.300	82	202	481	0.406	0.129	1.401E-04	35
seq148	seq34	28.300	71	202	340	0.342	0.209	5.945E-04	33
seq148	seq99	23.100	66	202	218	0.312	0.303	7.933E-04	33
seq148	seq100	23.100	66	202	421	0.312	0.157	7.933E-04	33
seq87	seq87	100.000	356	356	356	1.000	1.000	4.293E-235	712
seq87	seq88	100.000	356	356	356	1.000	1.000	4.293E-235	712
seq87	seq95	81.000	356	356	335	1.000	1.000	1.863E-178	548
seq87	seq94	72.000	350	356	318	0.983	0.978	4.503E-152	472
seq87	seq104	66.200	354	356	339	0.994	0.994	3.500E-137	429
seq87	seq107	28.600	407	356	464	0.921	0.877	4.325E-38	141
seq153	seq153	100.000	221	221	221	1.000	1.000	4.116E-153	467
seq153	seq154	100.000	221	221	221	1.000	1.000	4.116E-153	467
seq153	seq151	66.800	237	221	248	0.968	0.956	1.368E-92	293
seq153	seq146	69.900	202	221	202	0.860	1.000	5.575E-87	277
seq153	seq147	69.900	202	221	202	0.860	1.000	5.575E-87	277
seq153	seq148	69.900	202	221	202	0.860	1.000	5.575E-87	277
seq153	seq149	69.900	202	221	202	0.860	1.000	5.575E-87	277
seq153	seq150	69.900	202	221	202	0.860	1.000	5.575E-87	277
seq153	seq115	62.400	179	221	245	0.760	0.731	1.278E-72	235
seq153	seq193	43.000	175	221	241	0.697	0.726	1.365E-34	125
seq153	seq170	43.400	97	221	124	0.439	0.726	2.294E-14	66
seq153	seq178	38.600	125	221	127	0.566	0.937	3.103E-14	65
seq153	seq139	43.400	89	221	128	0.403	0.695	4.196E-14	65
seq153	seq138	42.400	72	221	128	0.326	0.547	1.259E-11	57
seq153	seq30	32.500	89	221	167	0.389	0.533	1.459E-09	51
seq153	seq185	46.100	63	221	247	0.271	0.255	1.459E-09	51
seq153	seq180	37.500	99	221	120	0.443	0.825	2.633E-09	50
seq153	seq161	40.600	64	221	246	0.262	0.260	6.374E-09	49
seq153	seq140	39.300	61	221	415	0.271	0.147	6.374E-09	49
seq153	seq162	36.300	66	221	325	0.285	0.203	1.148E-08	48
seq153	seq163	36.300	66	221	325	0.285	0.203	1.148E-08	48
seq153	seq164	36.300	66	221	325	0.285	0.203	1.148E-08	48
seq153	seq165	36.300	66	221	325	0.285	0.203	1.148E-08	48
seq153	seq166	36.300	66	221	325	0.285	0.203	1.148E-08	48
seq153	seq74	25.900	151	221	409	0.683	0.359	3.714E-08	47
seq153	seq158	36.000	60	221	136	0.271	0.412	6.672E-08	46
seq153	seq9	38.100	55	221	169	0.244	0.325	6.672E-08	46
seq153	seq129	23.800	130	221	378	0.561	0.344	2.147E-07	44
seq153	seq145	30.300	88	221	588	0.389	0.150	2.147E-07	44
seq153	seq41	34.700	72	221	221	0.326	0.312	2.875E-07	44
seq153	seq171	37.700	58	221	92	0.249	0.630	3.848E-07	44
seq153	seq172	37.700	58	221	92	0.249	0.630	3.848E-07	44
seq153	seq173	37.700	58	221	92	0.249	0.630	3.848E-07	44
seq153	seq174	37.700	58	221	92	0.249	0.630	3.848E-07	44
seq153	seq78	27.600	76	221	485	0.330	0.157	3.848E-07	44
seq153	seq6	38.100	55	221	169	0.244	0.325	5.149E-07	43
seq153	seq70	26.300	76	221	416	0.330	0.183	6.888E-07	43
seq153	seq1	28.300	74	221	98	0.321	0.755	9.214E-07	42
seq153	seq109	28.300	74	221	604	0.321	0.123	9.214E-07	42
seq153	seq80	39.600	57	221	408	0.244	0.140	1.647E-06	42
seq153	seq71	26.300	76	221	481	0.330	0.158	1.647E-06	42
seq153	seq11	27.300	73	221	481	0.330	0.116	1.647E-06	42
seq153	seq47	21.100	154	221	383	0.692	0.402	7.016E-06	40
seq153	seq28	35.500	59	221	339	0.267	0.159	2.973E-05	38
seq153	seq84	24.300	78	221	282	0.335	0.277	3.966E-05	37
seq153	seq39	26.000	134	221	378	0.606	0.315	7.054E-05	36
seq153	seq152	29.500	61	221	132	0.262	0.462	1.671E-04	35
seq153	seq191	33.300	63	221	235	0.267	0.268	1.671E-04	35
seq153	seq67	25.300	130	221	262	0.588	0.466	1.671E-04	35
seq153	seq16	31.800	63	221	212	0.267	0.297	9.335E-04	33
seq124	seq124	100.000	408	408	408	1.000	1.000	3.831E-277	836
seq124	seq49	29.800	353	408	391	0.865	0.762	1.920E-34	131
seq124	seq29	32.800	75	408	267	0.184	0.273	4.040E-07	45
seq128	seq128	100.000	579	579	579	1.000	1.000	0.000E+00	1142
seq128	seq125	65.300	586	579	599	0.976	0.978	3.500E-243	748
seq128	seq94	31.600	134	579	318	0.228	0.421	2.379E-15	73
seq128	seq107	23.400	187	579	464	0.323	0.345	1.809E-08	50
seq128	seq193	35.700	70	579	241	0.121	0.278	1.701E-04	37
seq193	seq193	100.000	241	241	241	1.000	1.000	2.626E-145	446
seq193	seq115	41.400	218	241	245	0.892	0.890	2.219E-35	128
seq193	seq146	45.100	177	241	202	0.734	0.812	3.028E-35	128
seq193	seq147	45.100	177	241	202	0.734	0.812	3.028E-35	128
seq193	seq148	45.100	177	241	202	0.734	0.812	3.028E-35	128
seq193	seq149	45.100	177	241	202	0.734	0.812	3.028E-35	128
seq193	seq150	45.100	177	241	202	0.734	0.812	3.028E-35	128
seq193	seq151	45.100	177	241	248	0.734	0.661	3.028E-35	128
seq193	seq153	42.900	178	241	221	0.739	0.710	5.970E-33	121
seq193	seq154	42.900	178	241	221	0.739	0.710	5.970E-33	121
seq193	seq170	48.100	83	241	124	0.332	0.669	3.054E-15	69
seq193	seq178	45.700	93	241	127	0.378	0.732	6.104E-14	65
seq193	seq139	38.300	96	241	128	0.398	0.719	6.624E-13	62
seq193	seq138	36.900	107	241	128	0.444	0.836	5.287E-12	59
seq193	seq161	35.500	76	241	246	0.299	0.309	1.901E-09	51
seq193	seq171	30.300	79	241	92	0.295	0.859	1.094E-08	49
seq193	seq172	30.300	79	241	92	0.295	0.859	1.094E-08	49
seq193	seq173	30.300	79	241	92	0.295	0.859	1.094E-08	49
seq193	seq174	30.300	79	241	92	0.295	0.859	1.094E-08	49
seq193	seq75	24.100	186	241	617	0.772	0.298	1.463E-08	48
seq193	seq47	38.500	70	241	383	0.237	0.183	1.957E-08	48
seq193	seq180	36.400	74	241	120	0.274	0.617	4.678E-08	47
seq193	seq28	35.900	64	241	339	0.266	0.189	1.116E-07	46
seq193	seq199	30.900	113	241	365	0.415	0.310	1.991E-07	45
seq193	seq132	34.200	70	241	118	0.290	0.585	3.548E-07	44
seq193	seq27	31.200	93	241	339	0.344	0.274	6.320E-07	43
seq193	seq111	29.700	73	241	347	0.274	0.210	6.320E-07	43
seq193	seq152	32.800	72	241	132	0.270	0.545	8.432E-07	43
seq193	seq195	28.300	74	241	191	0.307	0.387	8.432E-07	43
seq193	seq41	31.300	67	241	221	0.270	0.303	1.125E-06	42
seq193	seq21	32.800	64	241	339	0.266	0.189	1.125E-06	42
seq193	seq23	26.300	76	241	372	0.282	0.204	2.667E-06	41
seq193	seq19	33.300	69	241	191	0.237	0.361	4.739E-06	40
seq193	seq20	33.300	69	241	191	0.237	0.361	4.739E-06	40
seq193	seq191	27.200	77	241	235	0.282	0.328	6.316E-06	40
seq193	seq128	35.700	70	241	579	0.278	0.121	1.121E-05	39
seq193	seq67	27.700	83	241	262	0.311	0.317	1.989E-05	38
seq193	seq194	28.800	59	241	240	0.212	0.246	3.462E-04	34
seq197	seq196	100.000	177	177	177	1.000	1.000	7.196E-121	372
seq197	seq197	100.000	177	177	177	1.000	1.000	7.196E-121	372
seq197	seq195	54.500	176	177	191	0.994	0.885	5.475E-58	191
seq197	seq134	49.700	177	177	207	0.983	0.855	3.628E-57	188
seq197	seq135	49.700	177	177	207	0.983	0.855	3.628E-57	188
seq197	seq136	49.700	177	177	352	0.983	0.503	3.628E-57	188
seq197	seq68	30.100	177	177	275	0.853	0.644	4.206E-17	72
seq197	seq130	26.300	163	177	414	0.791	0.394	3.672E-16	70
seq197	seq8	31.700	164	177	339	0.819	0.484	6.815E-16	69
seq197	seq131	25.100	163	177	414	0.791	0.394	6.815E-16	69
seq197	seq145	22.900	190	177	588	0.904	0.323	2.031E-14	64
seq197	seq144	30.300	157	177	356	0.774	0.441	6.959E-14	63
seq197	seq132	38.000	91	177	118	0.486	0.771	9.466E-14	63
seq197	seq183	24.500	174	177	424	0.825	0.410	9.466E-14	63
seq197	seq41	32.100	110	177	221	0.621	0.489	2.380E-13	61
seq197	seq80	27.800	165	177	408	0.791	0.404	3.236E-13	61
seq197	seq28	29.500	163	177	339	0.814	0.481	5.980E-13	60
seq197	seq129	26.100	189	177	378	0.864	0.500	1.104E-12	59
seq197	seq109	26.700	146	177	604	0.723	0.242	1.500E-12	59
seq197	seq11	27.800	193	177	481	0.904	0.401	2.769E-12	58
seq197	seq126	27.500	166	177	307	0.853	0.541	3.761E-12	58
seq197	seq99	26.500	201	177	218	0.989	0.922	9.415E-12	57
seq197	seq100	26.500	201	177	421	0.989	0.477	9.415E-12	57
seq197	seq61	27.700	162	177	455	0.740	0.356	1.735E-11	56
seq197	seq112	30.600	160	177	514	0.757	0.311	3.194E-11	55
seq197	seq157	28.500	181	177	226	0.898	0.801	7.972E-11	54
seq197	seq74	25.200	169	177	409	0.842	0.413	7.972E-11	54
seq197	seq78	26.600	154	177	485	0.757	0.318	1.081E-10	53
seq197	seq34	27.300	165	177	340	0.814	0.485	1.466E-10	53
seq197	seq156	28.000	181	177	226	0.898	0.801	4.944E-10	51
seq197	seq50	20.900	172	177	556	0.808	0.309	4.944E-10	51
seq197	seq152	28.100	110	177	132	0.548	0.833	6.697E-10	51
seq197	seq35	24.200	165	177	340	0.814	0.485	2.251E-09	49
seq197	seq7	21.300	171	177	258	0.859	0.663	1.020E-08	48
seq197	seq140	31.200	80	177	415	0.418	0.193	1.379E-08	47
seq197	seq188	22.200	171	177	356	0.763	0.480	1.864E-08	47
seq197	seq9	30.700	90	177	169	0.480	0.533	3.405E-08	46
seq197	seq69	24.300	152	177	260	0.791	0.585	8.388E-08	45
seq197	seq122	37.200	59	177	145	0.288	0.407	1.132E-07	44
seq197	seq119	35.500	59	177	131	0.288	0.450	1.528E-07	44
seq197	seq120	33.800	59	177	131	0.288	0.450	2.062E-07	44
seq197	seq86	40.300	57	177	143	0.277	0.399	2.782E-07	43
seq197	seq48	24.200	157	177	386	0.763	0.407	5.059E-07	42
seq197	seq160	22.100	217	177	271	0.808	0.801	6.820E-07	42
seq197	seq137	22.900	145	177	476	0.751	0.305	4.071E-06	40
seq197	seq82	25.300	71	177	131	0.395	0.542	7.370E-06	39
seq197	seq81	23.900	71	177	131	0.395	0.542	2.407E-05	37
seq197	seq89	28.900	83	177	476	0.418	0.174	2.407E-05	37
seq197	seq58	31.200	79	177	161	0.446	0.453	1.890E-04	34
seq197	seq12	24.600	74	177	100	0.390	0.740	3.398E-04	34
seq197	seq67	23.300	124	177	262	0.627	0.473	4.554E-04	33
seq7	seq7	100.000	258	258	258	1.000	1.000	2.802E-167	511
seq7	seq105	58.600	174	258	230	0.671	0.757	1.543E-68	226
seq7	seq106	58.600	174	258	362	0.671	0.481	1.543E-68	226
seq7	seq12	100.000	100	258	100	0.388	1.000	3.927E-62	207
seq7	seq129	45.700	188	258	378	0.671	0.497	5.613E-51	175
seq7	seq63	49.700	167	258	205	0.647	0.795	1.390E-47	165
seq7	seq99	42.300	169	258	218	0.651	0.775	8.678E-44	154
seq7	seq100	42.300	169	258	421	0.651	0.401	8.678E-44	154
seq7	seq156	38.000	189	258	226	0.721	0.836	5.634E-43	151
seq7	seq157	37.000	189	258	226	0.721	0.836	3.236E-41	146
seq7	seq102	37.900	166	258	233	0.632	0.712	4.418E-41	146
seq7	seq73	39.400	170	258	236	0.647	0.720	5.331E-40	143
seq7	seq19	38.800	170	258	191	0.647	0.890	9.933E-40	142
seq7	seq20	38.800	170	258	191	0.647	0.890	9.933E-40	142
seq7	seq199	38.800	170	258	365	0.647	0.466	9.933E-40	142
seq7	seq194	39.700	166	258	240	0.632	0.692	3.361E-34	126
seq7	seq69	35.700	165	258	260	0.640	0.608	1.968E-24	97
seq7	seq141	30.600	158	258	210	0.562	0.752	5.102E-19	81
seq7	seq50	25.400	152	258	556	0.554	0.273	7.687E-18	77
seq7	seq177	45.400	77	258	128	0.295	0.602	3.795E-16	72
seq7	seq200	40.800	71	258	248	0.275	0.286	4.132E-15	69
seq7	seq86	35.200	71	258	143	0.275	0.497	5.565E-15	68
seq7	seq68	25.400	202	258	275	0.733	0.735	7.494E-15	68
seq7	seq74	30.900	152	258	409	0.589	0.367	1.358E-14	67
seq7	seq183	24.600	146	258	424	0.566	0.342	2.461E-14	66
seq7	seq145	29.400	158	258	588	0.593	0.269	8.058E-14	65
seq7	seq119	36.600	71	258	131	0.275	0.542	1.457E-13	64
seq7	seq120	44.000	59	258	131	0.229	0.450	1.958E-13	64
seq7	seq122	36.600	71	258	145	0.275	0.490	1.958E-13	64
seq7	seq191	29.800	145	258	235	0.562	0.617	1.958E-13	64
seq7	seq144	26.700	150	258	356	0.539	0.421	1.958E-13	64
seq7	seq61	25.000	155	258	455	0.558	0.341	1.958E-13	64
seq7	seq78	28.500	163	258	485	0.589	0.336	2.632E-13	63
seq7	seq67	27.500	149	258	262	0.562	0.569	6.382E-13	62
seq7	seq109	31.000	141	258	604	0.547	0.230	6.382E-13	62
seq7	seq97	25.300	144	258	375	0.558	0.384	8.572E-13	62
seq7	seq98	25.000	174	258	350	0.616	0.497	1.545E-12	61
seq7	seq47	26.600	158	258	383	0.597	0.413	1.545E-12	61
seq7	seq16	28.300	146	258	212	0.566	0.689	2.784E-12	60
seq7	seq127	26.000	180	258	414	0.643	0.435	2.784E-12	60
seq7	seq112	28.700	149	258	514	0.554	0.290	2.784E-12	60
seq7	seq184	26.600	146	258	223	0.566	0.655	6.723E-12	59
seq7	seq130	25.200	171	258	414	0.647	0.413	6.723E-12	59
seq7	seq131	25.800	171	258	414	0.647	0.413	1.209E-11	58
seq7	seq71	29.400	139	258	481	0.539	0.287	1.621E-11	58
seq7	seq21	28.500	145	258	339	0.562	0.416	3.901E-11	57
seq7	seq80	25.300	148	258	408	0.558	0.363	3.901E-11	57
seq7	seq27	27.100	146	258	339	0.566	0.419	5.226E-11	56
seq7	seq11	27.800	147	258	481	0.535	0.306	7.000E-11	56
seq7	seq28	27.000	146	258	339	0.566	0.419	2.249E-10	54
seq7	seq83	34.300	67	258	90	0.260	0.744	1.288E-09	52
seq7	seq90	21.900	182	258	338	0.581	0.538	1.288E-09	52
seq7	seq8	25.300	138	258	339	0.535	0.392	1.722E-09	51
seq7	seq13	29.900	113	258	171	0.426	0.661	7.327E-09	49
seq7	seq171	36.600	60	258	92	0.233	0.630	1.744E-08	48
seq7	seq172	36.600	60	258	92	0.233	0.630	1.744E-08	48
seq7	seq173	36.600	60	258	92	0.233	0.630	1.744E-08	48
seq7	seq174	36.600	60	258	92	0.233	0.630	1.744E-08	48
seq7	seq186	26.900	156	258	235	0.570	0.664	2.327E-08	48
seq7	seq180	35.700	70	258	120	0.271	0.550	4.142E-08	47
seq7	seq89	20.900	147	258	476	0.547	0.309	5.525E-08	47
seq7	seq188	19.400	168	258	356	0.589	0.472	9.826E-08	46
seq7	seq33	19.500	231	258	323	0.640	0.715	5.505E-07	44
seq7	seq111	27.100	59	258	347	0.229	0.170	5.505E-07	44
seq7	seq65	28.100	160	258	273	0.539	0.586	7.332E-07	43
seq7	seq24	28.500	70	258	153	0.271	0.431	9.765E-07	43
seq7	seq30	33.800	62	258	167	0.240	0.371	1.731E-06	42
seq7	seq6	27.000	94	258	169	0.364	0.550	2.304E-06	42
seq7	seq9	26.100	87	258	169	0.337	0.509	2.304E-06	42
seq7	seq190	26.200	116	258	404	0.407	0.287	7.226E-06	40
seq7	seq152	34.600	52	258	132	0.202	0.394	9.612E-06	40
seq7	seq70	39.500	48	258	416	0.186	0.113	1.278E-05	39
seq7	seq62	31.600	60	258	281	0.225	0.214	1.700E-05	39
seq7	seq185	33.300	48	258	247	0.186	0.194	2.261E-05	38
seq7	seq160	22.800	221	258	271	0.636	0.815	2.261E-05	38
seq7	seq1	31.300	51	258	98	0.198	0.520	7.060E-05	37
seq7	seq26	25.400	51	258	148	0.198	0.345	1.247E-04	36
seq7	seq60	28.000	57	258	377	0.217	0.151	3.882E-04	34
seq57	seq57	100.000	232	232	232	1.000	1.000	4.737E-149	456
seq57	seq55	74.600	232	232	232	1.000	1.000	5.618E-108	338
seq57	seq56	61.300	261	232	277	0.931	0.942	1.592E-95	302
seq57	seq59	59.300	208	232	248	0.897	0.823	4.680E-74	240
seq57	seq107	31.200	77	232	464	0.332	0.153	5.836E-06	40
seq35	seq35	100.000	340	340	340	1.000	1.000	1.889E-231	700
seq35	seq34	92.900	340	340	340	1.000	1.000	1.943E-215	654
seq35	seq27	53.400	314	340	339	0.921	0.926	4.860E-107	341
seq35	seq28	52.800	314	340	339	0.921	0.926	9.108E-107	340
seq35	seq8	55.900	287	340	339	0.844	0.844	1.123E-105	337
seq35	seq21	50.400	323	340	339	0.947	0.953	1.011E-104	334
seq35	seq183	26.000	273	340	424	0.732	0.644	4.754E-17	76
seq35	seq127	25.000	269	340	414	0.721	0.650	3.622E-16	74
seq35	seq144	24.500	282	340	356	0.812	0.792	4.839E-16	73
seq35	seq130	26.200	269	340	414	0.721	0.650	1.538E-15	72
seq35	seq131	25.800	269	340	414	0.721	0.650	3.658E-15	70
seq35	seq98	23.700	299	340	350	0.765	0.854	4.881E-15	70
seq35	seq97	24.300	288	340	375	0.765	0.768	4.881E-15	70
seq35	seq61	28.200	188	340	455	0.500	0.413	1.159E-14	69
seq35	seq114	25.600	270	340	382	0.721	0.707	2.747E-14	68
seq35	seq37	30.700	164	340	255	0.471	0.643	6.505E-14	66
seq35	seq78	30.000	167	340	485	0.482	0.344	6.505E-14	66
seq35	seq80	23.000	291	340	408	0.759	0.713	1.155E-13	66
seq35	seq11	28.100	181	340	481	0.485	0.376	2.022E-12	62
seq35	seq71	29.100	148	340	481	0.421	0.308	3.497E-11	58
seq35	seq145	26.300	179	340	588	0.512	0.304	8.207E-11	57
seq35	seq67	27.400	151	340	262	0.415	0.576	3.394E-10	55
seq35	seq160	35.600	73	340	271	0.215	0.258	7.946E-10	53
seq35	seq68	23.500	210	340	275	0.576	0.764	1.400E-09	53
seq35	seq199	29.700	184	340	365	0.541	0.496	1.400E-09	53
seq35	seq196	29.200	143	340	177	0.421	0.729	2.467E-09	52
seq35	seq197	29.200	143	340	177	0.421	0.729	2.467E-09	52
seq35	seq141	32.900	81	340	210	0.238	0.386	3.274E-09	51
seq35	seq187	23.500	151	340	456	0.432	0.331	7.649E-09	50
seq35	seq19	29.900	162	340	191	0.459	0.848	2.368E-08	49
seq35	seq20	29.900	162	340	191	0.459	0.848	2.368E-08	49
seq35	seq73	30.400	147	340	236	0.406	0.623	2.368E-08	49
seq35	seq14	25.100	128	340	246	0.376	0.512	2.368E-08	49
seq35	seq41	26.500	170	340	221	0.500	0.724	4.166E-08	48
seq35	seq102	28.700	142	340	233	0.391	0.609	5.524E-08	48
seq35	seq90	25.600	174	340	338	0.476	0.515	5.524E-08	48
seq35	seq75	24.200	187	340	617	0.476	0.303	5.524E-08	48
seq35	seq195	23.200	166	340	191	0.488	0.754	7.324E-08	47
seq35	seq134	28.400	165	340	207	0.485	0.710	7.324E-08	47
seq35	seq135	28.400	165	340	207	0.485	0.710	7.324E-08	47
seq35	seq136	28.400	165	340	352	0.485	0.418	7.324E-08	47
seq35	seq184	26.100	171	340	223	0.503	0.753	1.287E-07	46
seq35	seq156	25.100	147	340	226	0.406	0.650	1.707E-07	46
seq35	seq157	25.100	147	340	226	0.406	0.650	1.707E-07	46
seq35	seq180	36.300	83	340	120	0.235	0.692	5.268E-07	44
seq35	seq177	31.900	112	340	128	0.306	0.875	9.252E-07	44
seq35	seq70	30.100	73	340	416	0.212	0.175	9.252E-07	44
seq35	seq105	26.500	154	340	230	0.429	0.670	1.226E-06	43
seq35	seq161	28.200	78	340	246	0.229	0.313	1.226E-06	43
seq35	seq106	26.500	154	340	362	0.429	0.425	1.226E-06	43
seq35	seq50	24.500	171	340	556	0.479	0.308	2.152E-06	42
seq35	seq115	32.800	71	340	245	0.209	0.278	2.851E-06	42
seq35	seq126	21.900	247	340	307	0.703	0.805	2.851E-06	42
seq35	seq111	25.700	196	340	347	0.476	0.565	6.628E-06	41
seq35	seq54	24.500	170	340	273	0.412	0.623	2.039E-05	39
seq35	seq120	35.400	62	340	131	0.179	0.473	3.576E-05	38
seq35	seq119	35.400	62	340	131	0.179	0.473	4.735E-05	38
seq35	seq122	37.000	62	340	145	0.179	0.428	4.735E-05	38
seq35	seq146	28.300	78	340	202	0.229	0.376	4.735E-05	38
seq35	seq147	28.300	78	340	202	0.229	0.376	4.735E-05	38
seq35	seq148	28.300	78	340	202	0.229	0.376	4.735E-05	38
seq35	seq149	28.300	78	340	202	0.229	0.376	4.735E-05	38
seq35	seq150	28.300	78	340	202	0.229	0.376	4.735E-05	38
seq35	seq151	28.300	78	340	248	0.229	0.306	4.735E-05	38
seq35	seq178	28.300	74	340	127	0.218	0.551	1.099E-04	37
seq35	seq138	34.800	86	340	128	0.253	0.648	1.455E-04	36
seq35	seq139	32.900	88	340	128	0.259	0.656	3.375E-04	35
seq35	seq65	21.700	170	340	273	0.412	0.623	3.375E-04	35
seq35	seq40	21.700	170	340	278	0.412	0.612	3.375E-04	35
seq35	seq60	39.000	41	340	377	0.121	0.109	5.912E-04	34
seq35	seq30	25.800	58	340	167	0.168	0.347	7.825E-04	34
seq135	seq134	100.000	207	207	207	1.000	1.000	2.894E-143	438
seq135	seq135	100.000	207	207	207	1.000	1.000	2.894E-143	438
seq135	seq136	100.000	207	207	352	1.000	0.588	2.894E-143	438
seq135	seq196	49.700	177	207	177	0.855	0.983	2.974E-58	193
seq135	seq197	49.700	177	207	177	0.855	0.983	2.974E-58	193
seq135	seq195	39.500	177	207	191	0.855	0.874	4.078E-37	132
seq135	seq130	28.000	175	207	414	0.749	0.423	1.276E-20	84
seq135	seq127	27.400	175	207	414	0.749	0.423	5.965E-20	82
seq135	seq114	27.800	176	207	382	0.749	0.461	1.761E-18	78
seq135	seq131	27.100	175	207	414	0.749	0.423	2.395E-18	77
seq135	seq80	26.400	170	207	408	0.715	0.417	5.946E-16	70
seq135	seq132	39.700	87	207	118	0.396	0.737	8.069E-16	70
seq135	seq126	29.900	167	207	307	0.705	0.544	2.734E-15	68
seq135	seq37	26.900	177	207	255	0.773	0.694	9.246E-15	66
seq135	seq145	24.600	127	207	588	0.575	0.216	1.699E-14	66
seq135	seq157	28.800	192	207	226	0.903	0.850	5.727E-14	64
seq135	seq156	28.300	192	207	226	0.903	0.850	7.758E-14	64
seq135	seq47	25.800	178	207	383	0.754	0.465	7.758E-14	64
seq135	seq129	25.000	192	207	378	0.754	0.508	2.608E-13	62
seq135	seq140	27.300	116	207	415	0.536	0.280	4.778E-13	61
seq135	seq109	28.400	127	207	604	0.575	0.210	1.183E-12	60
seq135	seq61	25.200	186	207	455	0.749	0.409	2.926E-12	59
seq135	seq188	22.900	183	207	356	0.715	0.514	3.956E-12	59
seq135	seq99	25.400	171	207	218	0.763	0.784	1.319E-11	57
seq135	seq100	25.400	171	207	421	0.763	0.406	1.319E-11	57
seq135	seq6	29.600	107	207	169	0.493	0.633	2.406E-11	56
seq135	seq178	34.800	108	207	127	0.522	0.850	5.921E-11	55
seq135	seq74	25.100	167	207	409	0.643	0.408	1.961E-10	53
seq135	seq71	25.600	150	207	481	0.647	0.312	2.645E-10	53
seq135	seq35	28.700	181	207	340	0.763	0.532	8.729E-10	51
seq135	seq152	26.700	126	207	132	0.570	0.955	3.864E-09	49
seq135	seq67	29.400	119	207	262	0.527	0.454	1.702E-08	48
seq135	seq62	24.800	222	207	281	0.816	0.790	1.344E-07	45
seq135	seq70	32.200	62	207	416	0.266	0.149	3.246E-07	44
seq135	seq86	38.000	63	207	143	0.261	0.441	8.095E-06	39
seq135	seq41	24.300	117	207	221	0.565	0.525	8.095E-06	39
seq135	seq177	30.800	81	207	128	0.348	0.633	1.083E-05	39
seq196	seq196	100.000	177	177	177	1.000	1.000	7.196E-121	372
seq196	seq197	100.000	177	177	177	1.000	1.000	7.196E-121	372
seq196	seq195	54.500	176	177	191	0.994	0.885	5.475E-58	191
seq196	seq134	49.700	177	177	207	0.983	0.855	3.628E-57	188
seq196	seq135	49.700	177	177	207	0.983	0.855	3.628E-57	188
seq196	seq136	49.700	177	177	352	0.983	0.503	3.628E-57	188
seq196	seq68	30.100	177	177	275	0.853	0.644	4.206E-17	72
seq196	seq130	26.300	163	177	414	0.791	0.394	3.672E-16	70
seq196	seq8	31.700	164	177	339	0.819	0.484	6.815E-16	69
seq196	seq131	25.100	163	177	414	0.791	0.394	6.815E-16	69
seq196	seq145	22.900	190	177	588	0.904	0.323	2.031E-14	64
seq196	seq144	30.300	157	177	356	0.774	0.441	6.959E-14	63
seq196	seq132	38.000	91	177	118	0.486	0.771	9.466E-14	63
seq196	seq183	24.500	174	177	424	0.825	0.410	9.466E-14	63
seq196	seq41	32.100	110	177	221	0.621	0.489	2.380E-13	61
seq196	seq80	27.800	165	177	408	0.791	0.404	3.236E-13	61
seq196	seq28	29.500	163	177	339	0.814	0.481	5.980E-13	60
seq196	seq129	26.100	189	177	378	0.864	0.500	1.104E-12	59
seq196	seq109	26.700	146	177	604	0.723	0.242	1.500E-12	59
seq196	seq11	27.800	193	177	481	0.904	0.401	2.769E-12	58
seq196	seq126	27.500	166	177	307	0.853	0.541	3.761E-12	58
seq196	seq99	26.500	201	177	218	0.989	0.922	9.415E-12	57
seq196	seq100	26.500	201	177	421	0.989	0.477	9.415E-12	57
seq196	seq61	27.700	162	177	455	0.740	0.356	1.735E-11	56
seq196	seq112	30.600	160	177	514	0.757	0.311	3.194E-11	55
seq196	seq157	28.500	181	177	226	0.898	0.801	7.972E-11	54
seq196	seq74	25.200	169	177	409	0.842	0.413	7.972E-11	54
seq196	seq78	26.600	154	177	485	0.757	0.318	1.081E-10	53
seq196	seq34	27.300	165	177	340	0.814	0.485	1.466E-10	53
seq196	seq156	28.000	181	177	226	0.898	0.801	4.944E-10	51
seq196	seq50	20.900	172	177	556	0.808	0.309	4.944E-10	51
seq196	seq152	28.100	110	177	132	0.548	0.833	6.697E-10	51
seq196	seq35	24.200	165	177	340	0.814	0.485	2.251E-09	49
seq196	seq7	21.300	171	177	258	0.859	0.663	1.020E-08	48
seq196	seq140	31.200	80	177	415	0.418	0.193	1.379E-08	47
seq196	seq188	22.200	171	177	356	0.763	0.480	1.864E-08	47
seq196	seq9	30.700	90	177	169	0.480	0.533	3.405E-08	46
seq196	seq69	24.300	152	177	260	0.791	0.585	8.388E-08	45
seq196	seq122	37.200	59	177	145	0.288	0.407	1.132E-07	44
seq196	seq119	35.500	59	177	131	0.288	0.450	1.528E-07	44
seq196	seq120	33.800	59	177	131	0.288	0.450	2.062E-07	44
seq196	seq86	40.300	57	177	143	0.277	0.399	2.782E-07	43
seq196	seq48	24.200	157	177	386	0.763	0.407	5.059E-07	42
seq196	seq160	22.100	217	177	271	0.808	0.801	6.820E-07	42
seq196	seq137	22.900	145	177	476	0.751	0.305	4.071E-06	40
seq196	seq82	25.300	71	177	131	0.395	0.542	7.370E-06	39
seq196	seq81	23.900	71	177	131	0.395	0.542	2.407E-05	37
seq196	seq89	28.900	83	177	476	0.418	0.174	2.407E-05	37
seq196	seq58	31.200	79	177	161	0.446	0.453	1.890E-04	34
seq196	seq12	24.600	74	177	100	0.390	0.740	3.398E-04	34
seq196	seq67	23.300	124	177	262	0.627	0.473	4.554E-04	33
seq82	seq82	100.000	131	131	131	1.000	1.000	2.628E-83	261
seq82	seq81	82.400	131	131	131	1.000	0.901	5.761E-64	205
seq82	seq158	63.000	130	131	136	0.992	0.846	2.508E-48	160
seq82	seq178	30.300	97	131	127	0.733	0.764	7.460E-08	44
seq82	seq146	34.100	78	131	202	0.588	0.386	1.887E-07	42
seq82	seq147	34.100	78	131	202	0.588	0.386	1.887E-07	42
seq82	seq148	34.100	78	131	202	0.588	0.386	1.887E-07	42
seq82	seq149	34.100	78	131	202	0.588	0.386	1.887E-07	42
seq82	seq150	34.100	78	131	202	0.588	0.386	1.887E-07	42
seq82	seq151	34.100	78	131	248	0.588	0.315	1.887E-07	42
seq82	seq152	26.100	83	131	132	0.611	0.629	3.025E-06	39
seq82	seq185	35.900	64	131	247	0.427	0.259	4.114E-06	38
seq82	seq67	27.100	80	131	262	0.557	0.305	2.189E-04	33
seq147	seq146	100.000	202	202	202	1.000	1.000	2.671E-138	424
seq147	seq147	100.000	202	202	202	1.000	1.000	2.671E-138	424
seq147	seq148	100.000	202	202	202	1.000	1.000	2.671E-138	424
seq147	seq149	100.000	202	202	202	1.000	1.000	2.671E-138	424
seq147	seq150	100.000	202	202	202	1.000	1.000	2.671E-138	424
seq147	seq151	100.000	202	202	248	1.000	0.815	2.671E-138	424
seq147	seq153	69.900	202	202	221	1.000	0.860	2.968E-86	274
seq147	seq154	69.900	202	202	221	1.000	0.860	2.968E-86	274
seq147	seq115	70.500	185	202	245	0.901	0.755	3.357E-84	268
seq147	seq193	46.700	176	202	241	0.807	0.730	2.431E-34	124
seq147	seq139	51.900	100	202	128	0.485	0.781	8.121E-21	84
seq147	seq138	49.300	73	202	128	0.361	0.555	3.295E-15	68
seq147	seq170	48.600	74	202	124	0.366	0.581	1.117E-14	66
seq147	seq178	41.900	79	202	127	0.381	0.622	2.422E-10	53
seq147	seq180	41.400	79	202	120	0.376	0.658	1.081E-09	51
seq147	seq161	32.900	87	202	246	0.426	0.354	1.458E-09	51
seq147	seq90	28.100	185	202	338	0.802	0.547	1.458E-09	51
seq147	seq185	42.300	76	202	247	0.351	0.308	2.648E-09	50
seq147	seq171	36.500	81	202	92	0.386	0.880	3.567E-09	49
seq147	seq172	36.500	81	202	92	0.386	0.880	3.567E-09	49
seq147	seq173	36.500	81	202	92	0.386	0.880	3.567E-09	49
seq147	seq174	36.500	81	202	92	0.386	0.880	3.567E-09	49
seq147	seq140	35.400	78	202	415	0.386	0.186	6.470E-09	49
seq147	seq50	23.000	161	202	556	0.797	0.288	2.123E-08	47
seq147	seq41	35.600	73	202	221	0.361	0.317	6.942E-08	46
seq147	seq97	22.600	182	202	375	0.901	0.459	9.330E-08	45
seq147	seq9	33.800	71	202	169	0.347	0.420	2.262E-07	44
seq147	seq63	23.900	176	202	205	0.871	0.771	4.077E-07	43
seq147	seq98	21.400	183	202	350	0.901	0.523	2.374E-06	41
seq147	seq74	24.800	159	202	409	0.787	0.359	2.374E-06	41
seq147	seq82	36.500	62	202	131	0.307	0.443	3.181E-06	40
seq147	seq81	34.900	62	202	131	0.307	0.443	5.709E-06	40
seq147	seq126	38.500	57	202	307	0.282	0.182	1.024E-05	39
seq147	seq158	29.300	74	202	136	0.366	0.515	1.370E-05	38
seq147	seq18	31.000	74	202	153	0.351	0.484	1.370E-05	38
seq147	seq30	31.100	58	202	167	0.287	0.347	2.453E-05	38
seq147	seq35	28.300	78	202	340	0.376	0.229	3.282E-05	37
seq147	seq191	30.800	65	202	235	0.302	0.277	5.868E-05	36
seq147	seq37	33.800	67	202	255	0.307	0.263	5.868E-05	36
seq147	seq162	30.400	66	202	325	0.312	0.203	5.868E-05	36
seq147	seq163	30.400	66	202	325	0.312	0.203	5.868E-05	36
seq147	seq164	30.400	66	202	325	0.312	0.203	5.868E-05	36
seq147	seq165	30.400	66	202	325	0.312	0.203	5.868E-05	36
seq147	seq166	30.400	66	202	325	0.312	0.203	5.868E-05	36
seq147	seq11	24.300	82	202	481	0.406	0.129	1.401E-04	35
seq147	seq34	28.300	71	202	340	0.342	0.209	5.945E-04	33
seq147	seq99	23.100	66	202	218	0.312	0.303	7.933E-04	33
seq147	seq100	23.100	66	202	421	0.312	0.157	7.933E-04	33
seq182	seq182	100.000	228	228	228	1.000	1.000	1.041E-145	447
seq182	seq103	46.700	211	228	216	0.925	0.977	1.318E-57	192
seq182	seq84	37.500	274	228	282	0.925	0.972	5.130E-52	176
seq182	seq181	35.900	240	228	267	0.921	0.899	1.815E-37	134
seq182	seq96	33.800	213	228	193	0.934	0.974	1.270E-34	126
seq182	seq32	28.900	278	228	323	0.934	0.861	3.451E-32	119
seq182	seq79	31.800	226	228	247	0.873	0.915	2.065E-28	108
seq182	seq38	39.500	43	228	179	0.189	0.240	1.771E-04	35
seq100	seq100	100.000	421	421	421	1.000	1.000	1.814E-289	872
seq100	seq99	100.000	218	421	218	0.518	1.000	4.377E-149	467
seq100	seq129	44.100	274	421	378	0.651	0.685	8.422E-65	222
seq100	seq105	45.800	168	421	230	0.399	0.730	3.445E-47	170
seq100	seq106	45.800	168	421	362	0.399	0.464	3.445E-47	170
seq100	seq7	42.300	169	421	258	0.401	0.651	6.909E-44	160
seq100	seq102	38.400	193	421	233	0.454	0.828	2.955E-41	152
seq100	seq63	37.600	194	421	205	0.461	0.922	7.318E-41	151
seq100	seq199	37.400	195	421	365	0.447	0.534	7.318E-41	151
seq100	seq19	39.200	176	421	191	0.409	0.921	3.697E-39	146
seq100	seq20	39.200	176	421	191	0.409	0.921	3.697E-39	146
seq100	seq156	38.400	175	421	226	0.411	0.774	1.233E-38	144
seq100	seq157	39.000	172	421	226	0.404	0.761	2.251E-38	143
seq100	seq73	33.400	219	421	236	0.520	0.919	2.037E-36	138
seq100	seq194	34.900	166	421	240	0.390	0.692	7.472E-31	121
seq100	seq69	33.600	212	421	260	0.504	0.785	6.589E-28	111
seq100	seq141	28.800	168	421	210	0.380	0.800	1.349E-19	85
seq100	seq86	39.100	92	421	143	0.219	0.622	7.341E-18	80
seq100	seq98	30.300	168	421	350	0.378	0.480	5.376E-17	77
seq100	seq97	30.300	168	421	375	0.378	0.448	5.376E-17	77
seq100	seq74	27.000	167	421	409	0.397	0.408	7.142E-17	77
seq100	seq12	35.800	92	421	100	0.219	0.870	2.223E-16	75
seq100	seq80	31.500	160	421	408	0.380	0.390	2.952E-16	75
seq100	seq177	41.400	92	421	128	0.219	0.711	3.920E-16	74
seq100	seq47	26.600	162	421	383	0.385	0.418	1.616E-15	72
seq100	seq130	28.000	171	421	414	0.399	0.413	4.799E-14	68
seq100	seq131	28.500	171	421	414	0.399	0.413	4.799E-14	68
seq100	seq122	38.300	86	421	145	0.188	0.593	6.364E-14	67
seq100	seq183	27.200	176	421	424	0.399	0.415	6.364E-14	67
seq100	seq120	42.600	68	421	131	0.162	0.519	8.437E-14	67
seq100	seq67	30.500	142	421	262	0.330	0.542	1.119E-13	66
seq100	seq68	22.200	161	421	275	0.375	0.585	1.119E-13	66
seq100	seq119	42.600	68	421	131	0.162	0.519	1.966E-13	66
seq100	seq191	27.400	160	421	235	0.375	0.681	1.966E-13	66
seq100	seq61	24.500	181	421	455	0.397	0.398	2.606E-13	65
seq100	seq28	26.900	166	421	339	0.394	0.481	1.065E-12	63
seq100	seq39	24.600	145	421	378	0.344	0.384	1.411E-12	63
seq100	seq145	25.600	151	421	588	0.359	0.252	1.411E-12	63
seq100	seq196	26.000	167	421	177	0.397	0.831	2.477E-12	62
seq100	seq197	26.000	167	421	177	0.397	0.831	2.477E-12	62
seq100	seq200	39.700	68	421	248	0.162	0.274	2.477E-12	62
seq100	seq127	28.800	163	421	414	0.387	0.389	2.477E-12	62
seq100	seq27	26.400	166	421	339	0.394	0.481	7.627E-12	61
seq100	seq8	29.800	138	421	339	0.328	0.389	3.107E-11	59
seq100	seq83	31.500	76	421	90	0.181	0.844	4.114E-11	58
seq100	seq134	25.400	171	421	207	0.406	0.763	5.448E-11	58
seq100	seq135	25.400	171	421	207	0.406	0.763	5.448E-11	58
seq100	seq37	24.000	145	421	255	0.344	0.557	5.448E-11	58
seq100	seq136	25.400	171	421	352	0.406	0.449	5.448E-11	58
seq100	seq16	22.800	170	421	212	0.404	0.802	1.264E-10	57
seq100	seq184	24.100	177	421	223	0.420	0.794	1.264E-10	57
seq100	seq21	24.500	166	421	339	0.394	0.481	2.215E-10	56
seq100	seq112	25.800	142	421	514	0.325	0.276	2.215E-10	56
seq100	seq109	27.400	137	421	604	0.325	0.222	5.137E-10	55
seq100	seq152	36.200	69	421	132	0.164	0.492	6.799E-10	54
seq100	seq78	26.900	137	421	485	0.325	0.280	6.799E-10	54
seq100	seq118	24.300	117	421	248	0.278	0.464	8.998E-10	54
seq100	seq71	25.300	144	421	481	0.342	0.295	8.998E-10	54
seq100	seq89	23.200	149	421	476	0.342	0.313	2.085E-09	53
seq100	seq53	22.600	145	421	600	0.344	0.242	3.651E-09	52
seq100	seq186	27.200	151	421	235	0.340	0.643	4.831E-09	51
seq100	seq9	24.800	129	421	169	0.306	0.728	6.391E-09	51
seq100	seq54	23.400	186	421	273	0.385	0.681	6.391E-09	51
seq100	seq195	22.800	167	421	191	0.397	0.775	8.456E-09	51
seq100	seq34	24.000	169	421	340	0.401	0.488	1.480E-08	50
seq100	seq24	29.200	82	421	153	0.195	0.510	1.958E-08	49
seq100	seq36	25.400	181	421	270	0.390	0.670	1.958E-08	49
seq100	seq26	25.900	81	421	148	0.192	0.520	2.590E-08	49
seq100	seq35	24.000	169	421	340	0.401	0.488	3.425E-08	49
seq100	seq29	22.500	149	421	267	0.337	0.558	1.048E-07	47
seq100	seq13	27.600	112	421	171	0.254	0.655	2.424E-07	46
seq100	seq160	21.900	221	421	271	0.392	0.815	2.424E-07	46
seq100	seq111	24.500	187	421	347	0.385	0.539	4.239E-07	45
seq100	seq171	36.200	69	421	92	0.164	0.707	5.606E-07	45
seq100	seq172	36.200	69	421	92	0.164	0.707	5.606E-07	45
seq100	seq173	36.200	69	421	92	0.164	0.707	5.606E-07	45
seq100	seq174	36.200	69	421	92	0.164	0.707	5.606E-07	45
seq100	seq1	26.800	82	421	98	0.192	0.837	5.606E-07	45
seq100	seq70	33.300	68	421	416	0.159	0.163	5.606E-07	45
seq100	seq6	26.900	123	421	169	0.292	0.669	9.800E-07	44
seq100	seq58	26.100	130	421	161	0.309	0.727	1.713E-06	43
seq100	seq17	25.800	110	421	407	0.261	0.243	3.958E-06	42
seq100	seq180	28.500	70	421	120	0.166	0.550	5.233E-06	42
seq100	seq33	22.500	222	421	323	0.385	0.687	5.233E-06	42
seq100	seq10	29.400	84	421	170	0.197	0.494	9.144E-06	41
seq100	seq113	26.200	80	421	546	0.183	0.147	1.487E-04	37
seq149	seq146	100.000	202	202	202	1.000	1.000	2.671E-138	424
seq149	seq147	100.000	202	202	202	1.000	1.000	2.671E-138	424
seq149	seq148	100.000	202	202	202	1.000	1.000	2.671E-138	424
seq149	seq149	100.000	202	202	202	1.000	1.000	2.671E-138	424
seq149	seq150	100.000	202	202	202	1.000	1.000	2.671E-138	424
seq149	seq151	100.000	202	202	248	1.000	0.815	2.671E-138	424
seq149	seq153	69.900	202	202	221	1.000	0.860	2.968E-86	274
seq149	seq154	69.900	202	202	221	1.000	0.860	2.968E-86	274
seq149	seq115	70.500	185	202	245	0.901	0.755	3.357E-84	268
seq149	seq193	46.700	176	202	241	0.807	0.730	2.431E-34	124
seq149	seq139	51.900	100	202	128	0.485	0.781	8.121E-21	84
seq149	seq138	49.300	73	202	128	0.361	0.555	3.295E-15	68
seq149	seq170	48.600	74	202	124	0.366	0.581	1.117E-14	66
seq149	seq178	41.900	79	202	127	0.381	0.622	2.422E-10	53
seq149	seq180	41.400	79	202	120	0.376	0.658	1.081E-09	51
seq149	seq161	32.900	87	202	246	0.426	0.354	1.458E-09	51
seq149	seq90	28.100	185	202	338	0.802	0.547	1.458E-09	51
seq149	seq185	42.300	76	202	247	0.351	0.308	2.648E-09	50
seq149	seq171	36.500	81	202	92	0.386	0.880	3.567E-09	49
seq149	seq172	36.500	81	202	92	0.386	0.880	3.567E-09	49
seq149	seq173	36.500	81	202	92	0.386	0.880	3.567E-09	49
seq149	seq174	36.500	81	202	92	0.386	0.880	3.567E-09	49
seq149	seq140	35.400	78	202	415	0.386	0.186	6.470E-09	49
seq149	seq50	23.000	161	202	556	0.797	0.288	2.123E-08	47
seq149	seq41	35.600	73	202	221	0.361	0.317	6.942E-08	46
seq149	seq97	22.600	182	202	375	0.901	0.459	9.330E-08	45
seq149	seq9	33.800	71	202	169	0.347	0.420	2.262E-07	44
seq149	seq63	23.900	176	202	205	0.871	0.771	4.077E-07	43
seq149	seq98	21.400	183	202	350	0.901	0.523	2.374E-06	41
seq149	seq74	24.800	159	202	409	0.787	0.359	2.374E-06	41
seq149	seq82	36.500	62	202	131	0.307	0.443	3.181E-06	40
seq149	seq81	34.900	62	202	131	0.307	0.443	5.709E-06	40
seq149	seq126	38.500	57	202	307	0.282	0.182	1.024E-05	39
seq149	seq158	29.300	74	202	136	0.366	0.515	1.370E-05	38
seq149	seq18	31.000	74	202	153	0.351	0.484	1.370E-05	38
seq149	seq30	31.100	58	202	167	0.287	0.347	2.453E-05	38
seq149	seq35	28.300	78	202	340	0.376	0.229	3.282E-05	37
seq149	seq191	30.800	65	202	235	0.302	0.277	5.868E-05	36
seq149	seq37	33.800	67	202	255	0.307	0.263	5.868E-05	36
seq149	seq162	30.400	66	202	325	0.312	0.203	5.868E-05	36
seq149	seq163	30.400	66	202	325	0.312	0.203	5.868E-05	36
seq149	seq164	30.400	66	202	325	0.312	0.203	5.868E-05	36
seq149	seq165	30.400	66	202	325	0.312	0.203	5.868E-05	36
seq149	seq166	30.400	66	202	325	0.312	0.203	5.868E-05	36
seq149	seq11	24.300	82	202	481	0.406	0.129	1.401E-04	35
seq149	seq34	28.300	71	202	340	0.342	0.209	5.945E-04	33
seq149	seq99	23.100	66	202	218	0.312	0.303	7.933E-04	33
seq149	seq100	23.100	66	202	421	0.312	0.157	7.933E-04	33
seq56	seq56	100.000	277	277	277	1.000	1.000	1.301E-176	539
seq56	seq55	63.100	258	277	232	0.931	0.918	3.968E-94	301
seq56	seq57	61.300	261	277	232	0.942	0.931	1.728E-92	296
seq56	seq59	48.400	253	277	248	0.913	0.823	6.080E-65	216
seq186	seq186	100.000	235	235	235	1.000	1.000	2.489E-154	472
seq186	seq36	48.400	190	235	270	0.791	0.704	6.782E-55	185
seq186	seq67	41.600	180	235	262	0.766	0.668	3.161E-37	134
seq186	seq187	28.000	164	235	456	0.698	0.336	2.312E-21	87
seq186	seq47	31.000	162	235	383	0.689	0.407	4.264E-21	86
seq186	seq37	28.400	183	235	255	0.779	0.667	5.790E-21	86
seq186	seq162	30.300	156	235	325	0.664	0.446	9.057E-20	82
seq186	seq163	30.300	156	235	325	0.664	0.446	9.057E-20	82
seq186	seq164	30.300	156	235	325	0.664	0.446	9.057E-20	82
seq186	seq165	30.300	156	235	325	0.664	0.446	9.057E-20	82
seq186	seq166	30.300	156	235	325	0.664	0.446	9.057E-20	82
seq186	seq127	33.800	135	235	414	0.532	0.326	3.067E-19	81
seq186	seq78	28.200	160	235	485	0.681	0.311	2.163E-17	75
seq186	seq71	29.400	160	235	481	0.681	0.312	2.928E-17	75
seq186	seq114	30.800	135	235	382	0.532	0.353	3.965E-17	74
seq186	seq118	27.500	173	235	248	0.736	0.653	2.436E-16	72
seq186	seq11	27.300	160	235	481	0.681	0.333	2.436E-16	72
seq186	seq183	26.200	184	235	424	0.783	0.429	8.150E-16	70
seq186	seq188	26.100	165	235	356	0.672	0.463	1.490E-15	70
seq186	seq74	32.200	126	235	409	0.536	0.296	1.490E-15	70
seq186	seq80	27.500	159	235	408	0.677	0.377	6.711E-15	68
seq186	seq130	27.900	135	235	414	0.532	0.326	9.064E-15	67
seq186	seq131	27.400	134	235	414	0.528	0.324	2.231E-14	66
seq186	seq69	27.900	154	235	260	0.655	0.535	9.984E-14	64
seq186	seq185	26.400	125	235	247	0.532	0.478	8.080E-13	61
seq186	seq14	28.700	132	235	246	0.562	0.480	1.089E-12	61
seq186	seq8	30.300	130	235	339	0.545	0.383	2.123E-11	57
seq186	seq7	26.000	156	235	258	0.664	0.570	2.365E-09	51
seq186	seq99	26.700	151	235	218	0.643	0.656	4.248E-09	50
seq186	seq100	26.700	151	235	421	0.643	0.340	4.248E-09	50
seq186	seq73	25.400	155	235	236	0.660	0.631	1.049E-07	46
seq186	seq105	24.100	151	235	230	0.643	0.622	2.527E-06	41
seq186	seq106	24.100	151	235	362	0.643	0.395	2.527E-06	41
seq186	seq30	30.600	62	235	167	0.264	0.371	3.371E-06	41
seq186	seq83	31.500	73	235	90	0.311	0.800	4.408E-04	34
seq156	seq156	100.000	226	226	226	1.000	1.000	2.367E-148	454
seq156	seq157	96.900	226	226	226	1.000	1.000	1.338E-142	437
seq156	seq102	73.500	212	226	233	0.938	0.893	1.443E-100	316
seq156	seq199	56.500	205	226	365	0.907	0.559	1.583E-72	235
seq156	seq73	57.300	178	226	236	0.788	0.754	5.573E-72	234
seq156	seq19	59.600	176	226	191	0.779	0.921	7.633E-72	233
seq156	seq20	59.600	176	226	191	0.779	0.921	7.633E-72	233
seq156	seq194	49.100	173	226	240	0.765	0.721	2.535E-55	186
seq156	seq105	43.200	192	226	230	0.850	0.822	9.728E-47	161
seq156	seq106	43.200	192	226	362	0.850	0.522	9.728E-47	161
seq156	seq63	40.500	170	226	205	0.752	0.795	2.000E-44	154
seq156	seq7	39.400	175	226	258	0.774	0.667	7.000E-44	153
seq156	seq129	37.100	191	226	378	0.792	0.505	1.279E-40	143
seq156	seq99	38.400	175	226	218	0.774	0.794	3.268E-40	142
seq156	seq100	38.400	175	226	421	0.774	0.411	3.268E-40	142
seq156	seq141	31.700	161	226	210	0.668	0.767	1.346E-21	87
seq156	seq69	33.600	202	226	260	0.894	0.712	1.346E-21	87
seq156	seq144	30.300	158	226	356	0.664	0.444	9.853E-20	82
seq156	seq12	38.700	93	226	100	0.412	0.930	4.547E-19	80
seq156	seq145	27.400	172	226	588	0.761	0.286	7.087E-18	76
seq156	seq183	31.500	168	226	424	0.743	0.384	9.611E-18	76
seq156	seq130	29.400	162	226	414	0.699	0.391	1.095E-16	73
seq156	seq86	47.000	68	226	143	0.301	0.476	3.686E-16	71
seq156	seq127	27.500	171	226	414	0.712	0.413	3.686E-16	71
seq156	seq177	42.200	71	226	128	0.310	0.555	4.991E-16	71
seq156	seq191	28.800	147	226	235	0.650	0.613	1.676E-15	69
seq156	seq108	28.100	153	226	238	0.655	0.643	1.676E-15	69
seq156	seq131	28.900	162	226	414	0.699	0.391	1.676E-15	69
seq156	seq80	28.800	149	226	408	0.655	0.365	4.150E-15	68
seq156	seq47	25.700	168	226	383	0.743	0.439	5.614E-15	68
seq156	seq61	25.800	147	226	455	0.615	0.323	5.614E-15	68
seq156	seq120	45.500	68	226	131	0.301	0.519	1.027E-14	67
seq156	seq67	26.800	162	226	262	0.712	0.618	2.536E-14	66
seq156	seq109	31.100	146	226	604	0.646	0.235	2.536E-14	66
seq156	seq184	26.500	156	226	223	0.690	0.686	3.428E-14	65
seq156	seq200	41.100	68	226	248	0.301	0.274	3.428E-14	65
seq156	seq162	24.800	148	226	325	0.655	0.440	4.632E-14	65
seq156	seq163	24.800	148	226	325	0.655	0.440	4.632E-14	65
seq156	seq164	24.800	148	226	325	0.655	0.440	4.632E-14	65
seq156	seq165	24.800	148	226	325	0.655	0.440	4.632E-14	65
seq156	seq166	24.800	148	226	325	0.655	0.440	4.632E-14	65
seq156	seq114	25.700	160	226	382	0.681	0.419	4.632E-14	65
seq156	seq119	44.100	68	226	131	0.301	0.519	6.258E-14	64
seq156	seq16	26.600	148	226	212	0.655	0.684	8.453E-14	64
seq156	seq122	42.600	68	226	145	0.301	0.469	1.142E-13	64
seq156	seq89	30.500	147	226	476	0.642	0.309	5.119E-13	62
seq156	seq112	25.100	148	226	514	0.646	0.288	5.119E-13	62
seq156	seq134	29.000	140	226	207	0.619	0.580	9.319E-13	61
seq156	seq135	29.000	140	226	207	0.619	0.580	9.319E-13	61
seq156	seq136	29.000	140	226	352	0.619	0.341	9.319E-13	61
seq156	seq78	27.700	142	226	485	0.628	0.287	9.319E-13	61
seq156	seq21	27.200	149	226	339	0.659	0.416	1.257E-12	61
seq156	seq75	27.300	170	226	617	0.704	0.276	1.257E-12	61
seq156	seq28	26.300	144	226	339	0.637	0.401	7.543E-12	58
seq156	seq27	26.000	142	226	339	0.628	0.395	1.016E-11	58
seq156	seq90	24.500	192	226	338	0.743	0.568	1.843E-11	57
seq156	seq37	25.500	148	226	255	0.655	0.561	8.142E-11	55
seq156	seq196	32.000	125	226	177	0.553	0.621	1.095E-10	55
seq156	seq197	32.000	125	226	177	0.553	0.621	1.095E-10	55
seq156	seq8	29.400	144	226	339	0.637	0.413	1.095E-10	55
seq156	seq180	34.900	83	226	120	0.363	0.692	3.579E-10	53
seq156	seq71	24.800	149	226	481	0.659	0.301	6.463E-10	52
seq156	seq70	29.900	104	226	416	0.425	0.250	5.079E-09	49
seq156	seq195	27.000	143	226	191	0.633	0.623	1.642E-08	48
seq156	seq33	34.700	72	226	323	0.314	0.223	1.642E-08	48
seq156	seq13	38.700	49	226	171	0.217	0.287	2.201E-08	48
seq156	seq34	26.100	147	226	340	0.650	0.406	3.950E-08	47
seq156	seq171	32.300	71	226	92	0.310	0.772	7.085E-08	46
seq156	seq172	32.300	71	226	92	0.310	0.772	7.085E-08	46
seq156	seq173	32.300	71	226	92	0.310	0.772	7.085E-08	46
seq156	seq174	32.300	71	226	92	0.310	0.772	7.085E-08	46
seq156	seq35	25.400	147	226	340	0.650	0.406	9.486E-08	46
seq156	seq18	31.200	64	226	153	0.274	0.418	1.699E-07	45
seq156	seq9	30.000	89	226	169	0.394	0.521	1.699E-07	45
seq156	seq24	29.800	97	226	153	0.429	0.608	2.273E-07	44
seq156	seq161	25.600	110	226	246	0.487	0.427	5.439E-07	43
seq156	seq10	27.900	93	226	170	0.412	0.500	1.735E-06	42
seq156	seq160	32.300	64	226	271	0.283	0.232	5.517E-06	40
seq156	seq152	25.300	76	226	132	0.332	0.576	7.364E-06	40
seq156	seq77	21.300	145	226	310	0.611	0.468	9.818E-05	36
seq156	seq1	35.000	57	226	98	0.252	0.582	2.321E-04	35
seq52	seq52	100.000	375	375	375	1.000	1.000	9.008E-253	764
seq52	seq23	72.600	374	375	372	0.997	0.978	8.198E-178	548
seq52	seq111	40.100	340	375	347	0.893	0.980	1.018E-75	252
seq52	seq50	25.200	193	375	556	0.515	0.322	6.548E-15	70
seq52	seq47	35.400	93	375	383	0.240	0.243	1.931E-12	62
seq52	seq61	27.300	173	375	455	0.461	0.356	7.956E-12	60
seq52	seq98	25.100	182	375	350	0.485	0.489	1.056E-11	60
seq52	seq141	21.300	196	375	210	0.523	0.890	2.466E-11	59
seq52	seq73	25.600	177	375	236	0.472	0.678	1.780E-10	56
seq52	seq187	35.000	80	375	456	0.213	0.175	2.359E-10	55
seq52	seq16	22.700	185	375	212	0.493	0.769	7.286E-10	54
seq52	seq97	24.400	182	375	375	0.485	0.427	9.657E-10	53
seq52	seq162	33.300	75	375	325	0.200	0.231	1.280E-09	53
seq52	seq163	33.300	75	375	325	0.200	0.231	1.280E-09	53
seq52	seq164	33.300	75	375	325	0.200	0.231	1.280E-09	53
seq52	seq165	33.300	75	375	325	0.200	0.231	1.280E-09	53
seq52	seq166	33.300	75	375	325	0.200	0.231	1.280E-09	53
seq52	seq184	21.800	189	375	223	0.504	0.749	1.696E-09	53
seq52	seq71	24.500	221	375	481	0.589	0.378	1.696E-09	53
seq52	seq102	21.000	171	375	233	0.456	0.652	2.978E-09	52
seq52	seq157	19.000	196	375	226	0.523	0.801	3.947E-09	51
seq52	seq156	19.200	171	375	226	0.456	0.673	5.229E-09	51
seq52	seq78	25.300	210	375	485	0.560	0.355	5.229E-09	51
seq52	seq120	32.000	81	375	131	0.216	0.611	9.177E-09	50
seq52	seq122	28.700	100	375	145	0.256	0.690	9.177E-09	50
seq52	seq19	23.800	183	375	191	0.488	0.880	1.610E-08	49
seq52	seq20	23.800	183	375	191	0.488	0.880	1.610E-08	49
seq52	seq199	23.800	183	375	365	0.488	0.460	1.610E-08	49
seq52	seq194	36.000	61	375	240	0.163	0.254	2.133E-08	49
seq52	seq109	30.600	74	375	604	0.184	0.123	4.955E-08	48
seq52	seq26	25.500	86	375	148	0.229	0.581	8.689E-08	47
seq52	seq119	30.800	81	375	131	0.216	0.611	1.150E-07	47
seq52	seq67	27.700	108	375	262	0.288	0.401	1.150E-07	47
seq52	seq75	20.600	203	375	617	0.541	0.297	1.150E-07	47
seq52	seq185	21.800	125	375	247	0.333	0.429	2.017E-07	46
seq52	seq33	27.300	95	375	323	0.243	0.294	4.680E-07	45
seq52	seq83	28.800	59	375	90	0.157	0.656	1.436E-06	43
seq52	seq24	24.300	82	375	153	0.219	0.536	1.436E-06	43
seq52	seq74	21.000	184	375	409	0.491	0.391	1.436E-06	43
seq52	seq41	26.200	161	375	221	0.429	0.570	3.330E-06	42
seq52	seq21	26.700	71	375	339	0.189	0.209	7.715E-06	41
seq52	seq30	25.800	85	375	167	0.227	0.503	5.473E-05	38
seq52	seq62	21.100	189	375	281	0.491	0.673	1.267E-04	37
seq52	seq190	28.900	98	375	404	0.261	0.238	1.267E-04	37
seq52	seq69	32.600	49	375	260	0.131	0.188	3.876E-04	35
seq52	seq161	25.300	79	375	246	0.211	0.317	5.126E-04	35
seq24	seq24	100.000	153	153	153	1.000	1.000	8.562E-98	304
seq24	seq26	65.200	121	153	148	0.791	0.818	4.031E-56	184
seq24	seq13	49.400	99	153	171	0.647	0.579	1.310E-31	113
seq24	seq68	38.800	103	153	275	0.673	0.353	2.218E-18	75
seq24	seq144	39.700	73	153	356	0.477	0.205	2.133E-15	66
seq24	seq98	42.600	75	153	350	0.490	0.214	2.913E-15	66
seq24	seq90	41.500	77	153	338	0.503	0.228	7.415E-15	65
seq24	seq97	42.400	73	153	375	0.477	0.195	7.415E-15	65
seq24	seq127	39.400	71	153	414	0.464	0.167	4.219E-13	60
seq24	seq141	35.900	89	153	210	0.582	0.419	1.070E-12	59
seq24	seq114	40.000	70	153	382	0.458	0.178	9.355E-12	56
seq24	seq131	35.100	93	153	414	0.569	0.225	1.736E-11	55
seq24	seq130	35.100	93	153	414	0.569	0.225	2.365E-11	55
seq24	seq86	38.200	68	153	143	0.418	0.476	1.108E-10	53
seq24	seq80	33.800	71	153	408	0.464	0.172	2.052E-10	52
seq24	seq177	31.500	73	153	128	0.477	0.570	3.800E-10	51
seq24	seq200	34.500	81	153	248	0.458	0.327	3.800E-10	51
seq24	seq119	35.800	81	153	131	0.458	0.618	5.170E-10	51
seq24	seq16	34.700	72	153	212	0.464	0.340	5.170E-10	51
seq24	seq120	34.500	81	153	131	0.458	0.618	9.565E-10	50
seq24	seq47	31.900	72	153	383	0.471	0.188	9.565E-10	50
seq24	seq122	34.500	81	153	145	0.458	0.559	1.301E-09	49
seq24	seq89	39.400	75	153	476	0.477	0.158	1.301E-09	49
seq24	seq63	32.800	70	153	205	0.431	0.341	1.769E-09	49
seq24	seq184	34.700	72	153	223	0.464	0.323	1.769E-09	49
seq24	seq188	31.900	72	153	356	0.471	0.202	1.769E-09	49
seq24	seq191	33.300	72	153	235	0.464	0.306	6.037E-09	48
seq24	seq78	34.200	73	153	485	0.477	0.151	6.037E-09	48
seq24	seq1	38.300	73	153	98	0.477	0.745	8.202E-09	47
seq24	seq109	38.300	73	153	604	0.477	0.121	8.202E-09	47
seq24	seq160	35.600	73	153	271	0.477	0.266	1.114E-08	47
seq24	seq99	29.700	74	153	218	0.458	0.339	1.513E-08	46
seq24	seq100	29.700	74	153	421	0.458	0.176	1.513E-08	46
seq24	seq71	34.200	73	153	481	0.477	0.152	1.513E-08	46
seq24	seq83	50.000	48	153	90	0.314	0.533	2.790E-08	46
seq24	seq67	34.900	63	153	262	0.412	0.240	6.975E-08	44
seq24	seq111	30.000	80	153	347	0.523	0.231	9.463E-08	44
seq24	seq74	33.700	74	153	409	0.484	0.178	9.463E-08	44
seq24	seq70	32.800	73	153	416	0.477	0.175	9.463E-08	44
seq24	seq73	36.800	57	153	236	0.359	0.242	1.284E-07	44
seq24	seq7	28.500	70	153	258	0.431	0.271	1.284E-07	44
seq24	seq105	37.200	59	153	230	0.386	0.257	1.741E-07	43
seq24	seq106	37.200	59	153	362	0.386	0.163	1.741E-07	43
seq24	seq185	35.000	57	153	247	0.373	0.231	2.360E-07	43
seq24	seq21	24.200	91	153	339	0.575	0.268	2.360E-07	43
seq24	seq129	29.700	74	153	378	0.458	0.196	2.360E-07	43
seq24	seq50	27.300	73	153	556	0.477	0.131	3.199E-07	42
seq24	seq19	32.800	70	153	191	0.431	0.366	4.336E-07	42
seq24	seq20	32.800	70	153	191	0.431	0.366	4.336E-07	42
seq24	seq199	32.800	70	153	365	0.431	0.192	4.336E-07	42
seq24	seq187	29.800	67	153	456	0.438	0.147	4.336E-07	42
seq24	seq102	29.800	57	153	233	0.359	0.245	5.875E-07	42
seq24	seq37	32.800	67	153	255	0.438	0.263	5.875E-07	42
seq24	seq28	23.200	91	153	339	0.575	0.268	5.875E-07	42
seq24	seq52	24.300	82	153	375	0.536	0.219	5.875E-07	42
seq24	seq77	29.300	74	153	310	0.484	0.235	7.958E-07	41
seq24	seq23	26.300	76	153	372	0.497	0.204	7.958E-07	41
seq24	seq61	23.700	80	153	455	0.503	0.176	7.958E-07	41
seq24	seq180	33.300	60	153	120	0.392	0.500	1.078E-06	41
seq24	seq8	25.300	67	153	339	0.438	0.198	2.674E-06	40
seq24	seq9	30.300	79	153	169	0.516	0.456	3.618E-06	39
seq24	seq194	35.400	48	153	240	0.314	0.200	3.618E-06	39
seq24	seq27	26.900	81	153	339	0.510	0.239	3.618E-06	39
seq24	seq12	25.000	76	153	100	0.497	0.750	4.894E-06	39
seq24	seq69	34.400	58	153	260	0.359	0.223	6.618E-06	38
seq24	seq62	29.700	73	153	281	0.471	0.260	6.618E-06	38
seq24	seq39	27.300	73	153	378	0.477	0.193	6.618E-06	38
seq24	seq137	26.000	73	153	476	0.477	0.153	6.618E-06	38
seq24	seq170	24.600	77	153	124	0.503	0.581	1.634E-05	37
seq24	seq118	23.900	71	153	248	0.464	0.286	5.434E-05	36
seq24	seq33	28.300	74	153	323	0.451	0.229	7.332E-05	35
seq24	seq190	27.800	79	153	404	0.516	0.191	7.332E-05	35
seq24	seq36	28.500	84	153	270	0.549	0.300	9.891E-05	35
seq24	seq11	23.400	64	153	481	0.418	0.133	9.891E-05	35
seq24	seq14	26.200	61	153	246	0.399	0.248	1.798E-04	34
seq24	seq126	39.400	38	153	307	0.248	0.124	2.424E-04	34
seq24	seq41	27.200	77	153	221	0.503	0.321	4.398E-04	33
seq24	seq35	20.700	93	153	340	0.575	0.274	4.398E-04	33
seq24	seq30	31.600	60	153	167	0.379	0.359	7.971E-04	32
seq24	seq34	24.300	72	153	340	0.471	0.194	7.971E-04	32
seq129	seq129	100.000	378	378	378	1.000	1.000	2.540E-258	780
seq129	seq100	43.800	269	378	421	0.664	0.639	3.050E-63	216
seq129	seq99	52.600	186	378	218	0.492	0.789	1.963E-62	213
seq129	seq7	46.000	190	378	258	0.503	0.682	1.285E-50	179
seq129	seq105	42.500	202	378	230	0.534	0.800	3.794E-49	174
seq129	seq106	42.500	202	378	362	0.534	0.508	3.794E-49	174
seq129	seq63	37.200	220	378	205	0.582	0.941	7.931E-42	153
seq129	seq102	38.400	182	378	233	0.481	0.730	9.100E-41	149
seq129	seq199	35.700	203	378	365	0.537	0.534	6.456E-39	144
seq129	seq19	36.200	193	378	191	0.511	0.948	1.186E-38	143
seq129	seq20	36.200	193	378	191	0.511	0.948	1.186E-38	143
seq129	seq156	36.400	211	378	226	0.558	0.863	1.186E-38	143
seq129	seq157	36.500	201	378	226	0.532	0.854	3.997E-38	141
seq129	seq73	35.300	215	378	236	0.569	0.852	1.823E-37	139
seq129	seq194	38.400	182	378	240	0.481	0.708	2.596E-34	130
seq129	seq69	35.300	180	378	260	0.476	0.608	3.451E-23	96
seq129	seq12	48.300	89	378	100	0.235	0.880	2.001E-22	94
seq129	seq141	28.400	181	378	210	0.479	0.857	1.617E-19	85
seq129	seq86	36.500	119	378	143	0.296	0.832	9.169E-19	82
seq129	seq177	42.100	76	378	128	0.198	0.594	6.814E-16	73
seq129	seq74	29.800	181	378	409	0.479	0.408	3.784E-15	71
seq129	seq187	26.700	160	378	456	0.423	0.314	3.784E-15	71
seq129	seq47	26.700	170	378	383	0.450	0.413	8.902E-15	70
seq129	seq75	28.900	188	378	617	0.479	0.305	4.914E-14	67
seq129	seq39	24.500	173	378	378	0.458	0.426	6.530E-14	67
seq129	seq120	38.300	86	378	131	0.217	0.656	8.678E-14	66
seq129	seq200	41.300	75	378	248	0.198	0.302	1.153E-13	66
seq129	seq29	25.700	171	378	267	0.452	0.610	1.532E-13	66
seq129	seq162	27.500	164	378	325	0.434	0.458	1.532E-13	66
seq129	seq163	27.500	164	378	325	0.434	0.458	1.532E-13	66
seq129	seq164	27.500	164	378	325	0.434	0.458	1.532E-13	66
seq129	seq165	27.500	164	378	325	0.434	0.458	1.532E-13	66
seq129	seq166	27.500	164	378	325	0.434	0.458	1.532E-13	66
seq129	seq68	23.800	172	378	275	0.455	0.604	3.590E-13	64
seq129	seq119	38.300	86	378	131	0.217	0.656	4.767E-13	64
seq129	seq196	25.600	181	378	177	0.479	0.831	1.116E-12	63
seq129	seq197	25.600	181	378	177	0.479	0.831	1.116E-12	63
seq129	seq14	25.900	175	378	246	0.463	0.614	1.482E-12	63
seq129	seq122	36.600	71	378	145	0.188	0.490	1.967E-12	62
seq129	seq90	27.300	182	378	338	0.437	0.538	2.610E-12	62
seq129	seq145	26.900	169	378	588	0.447	0.260	4.598E-12	61
seq129	seq136	25.800	252	378	352	0.667	0.616	1.074E-11	60
seq129	seq83	32.800	73	378	90	0.193	0.811	1.425E-11	59
seq129	seq109	26.800	163	378	604	0.431	0.242	1.425E-11	59
seq129	seq111	24.500	203	378	347	0.474	0.585	1.890E-11	59
seq129	seq134	26.600	181	378	207	0.479	0.734	3.326E-11	58
seq129	seq135	26.600	181	378	207	0.479	0.734	3.326E-11	58
seq129	seq137	24.200	170	378	476	0.450	0.315	4.411E-11	58
seq129	seq112	25.200	162	378	514	0.429	0.298	4.411E-11	58
seq129	seq67	28.800	178	378	262	0.471	0.656	5.849E-11	57
seq129	seq33	24.800	196	378	323	0.392	0.607	5.849E-11	57
seq129	seq9	29.400	118	378	169	0.312	0.657	1.364E-10	56
seq129	seq16	24.600	188	378	212	0.497	0.821	1.808E-10	56
seq129	seq71	23.000	161	378	481	0.426	0.301	2.397E-10	55
seq129	seq28	25.000	160	378	339	0.423	0.413	3.177E-10	55
seq129	seq27	25.800	168	378	339	0.444	0.442	9.804E-10	53
seq129	seq118	21.300	163	378	248	0.431	0.593	1.299E-09	53
seq129	seq30	33.300	87	378	167	0.214	0.521	1.722E-09	53
seq129	seq195	24.200	214	378	191	0.566	0.990	1.722E-09	53
seq129	seq140	34.600	97	378	415	0.257	0.222	1.722E-09	53
seq129	seq78	21.900	162	378	485	0.429	0.303	1.722E-09	53
seq129	seq180	40.000	70	378	120	0.183	0.583	2.281E-09	52
seq129	seq160	40.000	60	378	271	0.159	0.218	5.305E-09	51
seq129	seq21	24.300	160	378	339	0.423	0.413	5.305E-09	51
seq129	seq6	28.100	108	378	169	0.286	0.639	7.027E-09	51
seq129	seq36	25.100	159	378	270	0.421	0.581	7.027E-09	51
seq129	seq185	24.500	151	378	247	0.399	0.543	1.233E-08	50
seq129	seq54	37.500	63	378	273	0.161	0.231	2.163E-08	49
seq129	seq62	29.500	71	378	281	0.183	0.253	2.163E-08	49
seq129	seq152	36.600	71	378	132	0.177	0.538	2.864E-08	49
seq129	seq13	30.700	127	378	171	0.336	0.678	2.864E-08	49
seq129	seq40	24.500	186	378	278	0.466	0.669	2.864E-08	49
seq129	seq26	32.000	81	378	148	0.214	0.520	3.793E-08	48
seq129	seq10	33.300	69	378	170	0.183	0.406	5.023E-08	48
seq129	seq65	24.500	186	378	273	0.466	0.681	6.651E-08	48
seq129	seq171	28.900	76	378	92	0.198	0.826	8.806E-08	47
seq129	seq172	28.900	76	378	92	0.198	0.826	8.806E-08	47
seq129	seq173	28.900	76	378	92	0.198	0.826	8.806E-08	47
seq129	seq174	28.900	76	378	92	0.198	0.826	8.806E-08	47
seq129	seq24	29.400	78	378	153	0.206	0.484	4.740E-07	45
seq129	seq190	31.600	78	378	404	0.206	0.191	1.099E-06	44
seq129	seq1	27.100	81	378	98	0.212	0.827	1.454E-06	43
seq129	seq70	27.500	80	378	416	0.209	0.192	1.925E-06	43
seq129	seq35	32.000	75	378	340	0.198	0.209	4.460E-06	42
seq129	seq34	35.500	59	378	340	0.151	0.174	1.367E-05	40
seq129	seq58	31.500	57	378	161	0.151	0.311	5.537E-05	38
seq8	seq8	100.000	339	339	339	1.000	1.000	7.001E-232	702
seq8	seq28	65.500	301	339	339	0.885	0.888	5.403E-133	416
seq8	seq21	62.300	311	339	339	0.912	0.917	8.282E-131	410
seq8	seq27	64.200	301	339	339	0.885	0.888	7.486E-130	407
seq8	seq34	56.200	287	339	340	0.844	0.844	3.407E-107	342
seq8	seq35	55.900	287	339	340	0.844	0.844	6.384E-107	341
seq8	seq131	25.500	256	339	414	0.723	0.618	1.018E-19	85
seq8	seq127	25.600	256	339	414	0.723	0.618	1.018E-19	85
seq8	seq78	27.000	201	339	485	0.584	0.414	4.410E-19	83
seq8	seq74	27.300	273	339	409	0.791	0.667	1.061E-18	81
seq8	seq11	28.900	190	339	481	0.516	0.395	3.416E-18	80
seq8	seq130	24.500	256	339	414	0.723	0.618	8.196E-18	79
seq8	seq144	23.800	299	339	356	0.808	0.840	1.097E-17	78
seq8	seq61	25.600	223	339	455	0.631	0.490	1.468E-17	78
seq8	seq114	25.500	255	339	382	0.717	0.668	1.964E-17	78
seq8	seq109	26.600	180	339	604	0.516	0.298	8.544E-16	72
seq8	seq183	24.800	268	339	424	0.717	0.632	6.451E-15	70
seq8	seq145	24.500	179	339	588	0.516	0.304	6.451E-15	70
seq8	seq195	27.200	165	339	191	0.487	0.759	1.508E-12	62
seq8	seq37	30.000	137	339	255	0.395	0.537	2.670E-12	61
seq8	seq73	29.800	142	339	236	0.395	0.602	3.552E-12	61
seq8	seq97	25.200	171	339	375	0.496	0.456	3.552E-12	61
seq8	seq98	24.400	182	339	350	0.496	0.520	8.360E-12	60
seq8	seq77	22.400	225	339	310	0.622	0.726	1.478E-11	59
seq8	seq29	27.700	162	339	267	0.440	0.607	1.965E-11	59
seq8	seq188	24.100	244	339	356	0.720	0.615	1.965E-11	59
seq8	seq162	19.700	292	339	325	0.696	0.898	2.613E-11	58
seq8	seq163	19.700	292	339	325	0.696	0.898	2.613E-11	58
seq8	seq164	19.700	292	339	325	0.696	0.898	2.613E-11	58
seq8	seq165	19.700	292	339	325	0.696	0.898	2.613E-11	58
seq8	seq166	19.700	292	339	325	0.696	0.898	2.613E-11	58
seq8	seq67	28.200	154	339	262	0.428	0.588	4.616E-11	57
seq8	seq99	24.800	168	339	218	0.487	0.771	6.135E-11	57
seq8	seq100	24.800	168	339	421	0.487	0.399	6.135E-11	57
seq8	seq47	20.700	332	339	383	0.735	0.867	8.152E-11	57
seq8	seq157	27.200	142	339	226	0.395	0.628	1.439E-10	56
seq8	seq90	23.600	158	339	338	0.463	0.467	1.912E-10	55
seq8	seq156	26.500	142	339	226	0.395	0.628	2.539E-10	55
seq8	seq187	28.200	149	339	456	0.437	0.327	2.539E-10	55
seq8	seq19	25.000	142	339	191	0.395	0.743	4.479E-10	54
seq8	seq20	25.000	142	339	191	0.395	0.743	4.479E-10	54
seq8	seq186	27.800	158	339	235	0.437	0.672	4.479E-10	54
seq8	seq108	25.700	157	339	238	0.425	0.660	4.479E-10	54
seq8	seq7	25.600	145	339	258	0.416	0.562	4.479E-10	54
seq8	seq199	25.000	142	339	365	0.395	0.389	4.479E-10	54
seq8	seq68	21.800	241	339	275	0.711	0.615	7.897E-10	53
seq8	seq41	32.800	129	339	221	0.381	0.489	1.392E-09	53
seq8	seq102	26.500	142	339	233	0.395	0.609	1.392E-09	53
seq8	seq160	29.200	111	339	271	0.307	0.410	4.319E-09	51
seq8	seq141	34.100	82	339	210	0.242	0.386	7.605E-09	50
seq8	seq191	23.900	144	339	235	0.410	0.613	7.605E-09	50
seq8	seq50	26.800	176	339	556	0.490	0.317	1.339E-08	49
seq8	seq16	24.800	144	339	212	0.410	0.679	2.355E-08	49
seq8	seq184	27.500	150	339	223	0.431	0.673	1.281E-07	46
seq8	seq69	27.600	182	339	260	0.537	0.688	1.281E-07	46
seq8	seq26	25.700	132	339	148	0.389	0.791	5.242E-07	44
seq8	seq120	32.400	77	339	131	0.227	0.573	9.206E-07	44
seq8	seq12	32.800	70	339	100	0.206	0.690	1.220E-06	43
seq8	seq122	29.600	91	339	145	0.268	0.572	1.220E-06	43
seq8	seq24	22.700	110	339	153	0.324	0.712	1.220E-06	43
seq8	seq119	32.400	77	339	131	0.227	0.573	1.616E-06	43
seq8	seq13	32.800	70	339	171	0.183	0.409	1.616E-06	43
seq8	seq33	20.700	244	339	323	0.720	0.709	1.616E-06	43
seq8	seq36	25.600	153	339	270	0.451	0.537	1.157E-05	40
seq8	seq9	32.200	90	339	169	0.242	0.533	1.533E-05	40
seq8	seq86	28.300	111	339	143	0.274	0.776	2.688E-05	39
seq8	seq14	25.300	127	339	246	0.375	0.496	2.688E-05	39
seq8	seq39	30.600	87	339	378	0.236	0.230	4.714E-05	38
seq8	seq83	28.200	76	339	90	0.224	0.822	6.242E-05	38
seq8	seq177	30.600	75	339	128	0.221	0.578	6.242E-05	38
seq8	seq60	39.000	41	339	377	0.121	0.106	5.887E-04	34
seq8	seq17	23.600	233	339	407	0.687	0.558	5.887E-04	34
seq171	seq171	100.000	92	92	92	1.000	1.000	7.985E-64	203
seq171	seq172	100.000	92	92	92	1.000	1.000	7.985E-64	203
seq171	seq173	100.000	92	92	92	1.000	1.000	7.985E-64	203
seq171	seq174	100.000	92	92	92	1.000	1.000	7.985E-64	203
seq171	seq180	46.000	89	92	120	0.913	0.742	2.602E-22	83
seq171	seq170	41.500	88	92	124	0.957	0.677	2.782E-19	75
seq171	seq139	37.600	77	92	128	0.837	0.562	2.170E-16	66
seq171	seq138	37.600	77	92	128	0.837	0.562	4.091E-16	66
seq171	seq185	37.600	85	92	247	0.902	0.344	4.763E-14	60
seq171	seq127	36.500	82	92	414	0.891	0.198	4.763E-14	60
seq171	seq130	36.500	82	92	414	0.891	0.198	6.540E-14	59
seq171	seq178	32.900	79	92	127	0.859	0.583	3.193E-13	57
seq171	seq98	32.000	75	92	350	0.815	0.214	4.385E-13	57
seq171	seq97	32.000	75	92	375	0.815	0.200	4.385E-13	57
seq171	seq146	36.500	81	92	202	0.880	0.386	8.268E-13	56
seq171	seq147	36.500	81	92	202	0.880	0.386	8.268E-13	56
seq171	seq148	36.500	81	92	202	0.880	0.386	8.268E-13	56
seq171	seq149	36.500	81	92	202	0.880	0.386	8.268E-13	56
seq171	seq150	36.500	81	92	202	0.880	0.386	8.268E-13	56
seq171	seq151	36.500	81	92	248	0.880	0.315	8.268E-13	56
seq171	seq80	34.100	79	92	408	0.859	0.194	8.268E-13	56
seq171	seq152	31.300	86	92	132	0.935	0.652	1.559E-12	55
seq171	seq115	33.700	77	92	245	0.837	0.298	4.037E-12	54
seq171	seq108	32.100	84	92	238	0.913	0.349	5.543E-12	54
seq171	seq9	38.600	75	92	169	0.815	0.432	7.611E-12	53
seq171	seq74	35.300	82	92	409	0.891	0.198	7.611E-12	53
seq171	seq12	31.500	76	92	100	0.826	0.750	1.045E-11	53
seq171	seq191	29.800	87	92	235	0.946	0.370	1.045E-11	53
seq171	seq75	31.600	75	92	617	0.815	0.120	1.045E-11	53
seq171	seq6	38.600	75	92	169	0.815	0.432	2.706E-11	52
seq171	seq129	27.800	79	92	378	0.859	0.206	2.706E-11	52
seq171	seq193	31.100	77	92	241	0.837	0.286	3.715E-11	51
seq171	seq160	31.700	80	92	271	0.848	0.295	5.101E-11	51
seq171	seq126	31.000	74	92	307	0.804	0.235	7.004E-11	51
seq171	seq67	30.700	78	92	262	0.848	0.298	9.618E-11	50
seq171	seq19	32.000	75	92	191	0.815	0.387	1.813E-10	49
seq171	seq20	32.000	75	92	191	0.815	0.387	1.813E-10	49
seq171	seq199	32.000	75	92	365	0.815	0.203	1.813E-10	49
seq171	seq36	30.700	78	92	270	0.848	0.289	2.489E-10	49
seq171	seq186	28.300	81	92	235	0.880	0.345	3.418E-10	49
seq171	seq10	32.800	73	92	170	0.793	0.424	6.443E-10	48
seq171	seq183	32.900	79	92	424	0.859	0.186	6.443E-10	48
seq171	seq37	33.700	74	92	255	0.750	0.290	8.846E-10	48
seq171	seq73	33.300	69	92	236	0.707	0.292	1.532E-08	44
seq171	seq69	30.100	73	92	260	0.793	0.227	1.532E-08	44
seq171	seq153	31.100	74	92	221	0.804	0.321	2.103E-08	44
seq171	seq154	31.100	74	92	221	0.804	0.321	2.103E-08	44
seq171	seq162	26.500	83	92	325	0.859	0.255	3.961E-08	43
seq171	seq163	26.500	83	92	325	0.859	0.255	3.961E-08	43
seq171	seq164	26.500	83	92	325	0.859	0.255	3.961E-08	43
seq171	seq165	26.500	83	92	325	0.859	0.255	3.961E-08	43
seq171	seq166	26.500	83	92	325	0.859	0.255	3.961E-08	43
seq171	seq145	24.000	79	92	588	0.859	0.134	3.961E-08	43
seq171	seq141	30.200	76	92	210	0.826	0.357	1.929E-07	41
seq171	seq34	30.200	76	92	340	0.826	0.206	4.984E-07	40
seq171	seq113	27.500	87	92	546	0.880	0.159	6.838E-07	39
seq171	seq111	27.300	84	92	347	0.837	0.242	1.287E-06	38
seq171	seq35	29.400	76	92	340	0.826	0.206	2.422E-06	38
seq171	seq29	30.600	73	92	267	0.793	0.273	4.154E-05	34
seq171	seq52	25.000	68	92	375	0.717	0.181	1.069E-04	33
seq1	seq1	100.000	98	98	98	1.000	1.000	4.160E-64	204
seq1	seq109	100.000	98	98	604	1.000	0.162	4.160E-64	204
seq1	seq70	76.800	95	98	416	0.959	0.228	8.392E-47	154
seq1	seq71	72.700	99	98	481	1.000	0.206	1.152E-46	154
seq1	seq78	75.500	94	98	485	0.949	0.194	2.975E-46	153
seq1	seq112	64.800	94	98	514	0.949	0.183	2.631E-41	138
seq1	seq145	71.000	83	98	588	0.847	0.141	4.159E-39	132
seq1	seq11	60.600	93	98	481	0.949	0.154	1.513E-31	110
seq1	seq61	47.000	85	98	455	0.867	0.187	7.610E-24	88
seq1	seq160	52.400	82	98	271	0.837	0.299	9.592E-23	85
seq1	seq118	43.600	71	98	248	0.724	0.286	1.181E-17	70
seq1	seq187	45.400	66	98	456	0.673	0.145	3.850E-16	66
seq1	seq188	43.000	86	98	356	0.878	0.239	5.284E-16	66
seq1	seq185	35.000	80	98	247	0.816	0.324	1.876E-15	64
seq1	seq127	39.500	91	98	414	0.929	0.215	3.535E-15	63
seq1	seq14	39.700	78	98	246	0.796	0.317	4.852E-15	63
seq1	seq47	37.100	78	98	383	0.796	0.204	1.722E-14	61
seq1	seq183	36.900	84	98	424	0.857	0.196	6.113E-14	60
seq1	seq162	38.200	89	98	325	0.888	0.274	8.390E-14	59
seq1	seq163	38.200	89	98	325	0.888	0.274	8.390E-14	59
seq1	seq164	38.200	89	98	325	0.888	0.274	8.390E-14	59
seq1	seq165	38.200	89	98	325	0.888	0.274	8.390E-14	59
seq1	seq166	38.200	89	98	325	0.888	0.274	8.390E-14	59
seq1	seq68	37.000	89	98	275	0.908	0.324	1.581E-13	59
seq1	seq37	37.100	78	98	255	0.796	0.306	2.977E-13	58
seq1	seq39	39.700	73	98	378	0.745	0.193	4.087E-13	57
seq1	seq144	34.400	90	98	356	0.898	0.253	3.748E-12	55
seq1	seq98	37.500	72	98	350	0.735	0.206	9.687E-12	53
seq1	seq97	37.500	72	98	375	0.735	0.192	9.687E-12	53
seq1	seq26	36.700	79	98	148	0.806	0.534	2.503E-11	52
seq1	seq74	36.500	63	98	409	0.643	0.154	2.503E-11	52
seq1	seq191	32.900	85	98	235	0.857	0.362	8.876E-11	51
seq1	seq177	33.700	80	98	128	0.816	0.617	1.671E-10	50
seq1	seq137	33.700	80	98	476	0.796	0.168	1.114E-09	48
seq1	seq152	30.300	79	98	132	0.806	0.598	1.529E-09	47
seq1	seq24	38.300	73	98	153	0.745	0.477	1.529E-09	47
seq1	seq83	39.000	64	98	90	0.653	0.711	2.097E-09	47
seq1	seq190	28.400	88	98	404	0.898	0.208	2.097E-09	47
seq1	seq194	40.300	57	98	240	0.582	0.237	1.018E-08	45
seq1	seq99	31.500	76	98	218	0.735	0.349	1.397E-08	44
seq1	seq100	31.500	76	98	421	0.735	0.181	1.397E-08	44
seq1	seq6	28.700	87	98	169	0.888	0.503	1.915E-08	44
seq1	seq30	30.900	84	98	167	0.857	0.503	2.627E-08	44
seq1	seq129	25.000	92	98	378	0.939	0.241	2.627E-08	44
seq1	seq9	30.500	72	98	169	0.735	0.414	4.940E-08	43
seq1	seq86	35.700	56	98	143	0.571	0.392	4.497E-07	40
seq1	seq153	30.000	79	98	221	0.806	0.348	6.163E-07	40
seq1	seq154	30.000	79	98	221	0.806	0.348	6.163E-07	40
seq1	seq79	38.300	60	98	247	0.612	0.231	1.158E-06	39
seq1	seq69	41.600	48	98	260	0.490	0.185	1.586E-06	38
seq1	seq63	27.100	81	98	205	0.786	0.395	2.978E-06	38
seq1	seq105	26.500	79	98	230	0.806	0.339	5.589E-06	37
seq1	seq106	26.500	79	98	362	0.806	0.215	5.589E-06	37
seq1	seq12	31.300	51	98	100	0.520	0.510	1.048E-05	36
seq1	seq161	31.700	63	98	246	0.643	0.252	1.048E-05	36
seq1	seq102	24.600	69	98	233	0.653	0.296	1.966E-05	35
seq1	seq180	28.500	84	98	120	0.827	0.700	6.902E-05	34
seq1	seq38	27.500	80	98	179	0.735	0.447	3.307E-04	32
seq1	seq84	27.700	72	98	282	0.735	0.238	4.522E-04	31
seq1	seq17	25.000	64	98	407	0.653	0.150	4.522E-04	31
seq67	seq67	100.000	262	262	262	1.000	1.000	1.366E-174	532
seq67	seq186	40.400	197	262	235	0.737	0.838	7.722E-37	134
seq67	seq36	33.800	237	262	270	0.885	0.878	6.772E-36	131
seq67	seq37	32.300	186	262	255	0.710	0.718	1.146E-22	92
seq67	seq47	30.700	193	262	383	0.737	0.483	7.103E-22	89
seq67	seq162	30.300	181	262	325	0.691	0.532	1.089E-20	86
seq67	seq163	30.300	181	262	325	0.691	0.532	1.089E-20	86
seq67	seq164	30.300	181	262	325	0.691	0.532	1.089E-20	86
seq67	seq165	30.300	181	262	325	0.691	0.532	1.089E-20	86
seq67	seq166	30.300	181	262	325	0.691	0.532	1.089E-20	86
seq67	seq187	30.400	187	262	456	0.714	0.393	1.847E-18	79
seq67	seq127	28.700	153	262	414	0.584	0.355	4.554E-18	78
seq67	seq130	28.700	153	262	414	0.584	0.355	1.514E-17	76
seq67	seq118	27.100	176	262	248	0.672	0.677	2.758E-17	76
seq67	seq126	35.800	129	262	307	0.458	0.420	3.721E-17	75
seq67	seq90	26.400	184	262	338	0.592	0.544	3.721E-17	75
seq67	seq188	26.900	196	262	356	0.710	0.551	5.021E-17	75
seq67	seq156	28.100	186	262	226	0.710	0.814	5.488E-16	72
seq67	seq157	27.400	180	262	226	0.687	0.792	9.964E-16	71
seq67	seq39	30.800	193	262	378	0.737	0.489	1.808E-15	70
seq67	seq105	30.900	154	262	230	0.588	0.648	2.435E-15	70
seq67	seq106	30.900	154	262	362	0.588	0.412	2.435E-15	70
seq67	seq144	27.900	158	262	356	0.576	0.444	4.414E-15	69
seq67	seq114	29.300	185	262	382	0.706	0.474	1.076E-14	68
seq67	seq185	29.300	143	262	247	0.546	0.555	1.948E-14	67
seq67	seq131	26.100	153	262	414	0.584	0.355	1.948E-14	67
seq67	seq61	31.200	112	262	455	0.416	0.246	1.948E-14	67
seq67	seq63	25.700	162	262	205	0.618	0.751	2.620E-14	66
seq67	seq184	35.200	105	262	223	0.389	0.471	2.620E-14	66
seq67	seq16	34.200	105	262	212	0.389	0.495	6.368E-14	65
seq67	seq80	25.800	147	262	408	0.561	0.348	6.368E-14	65
seq67	seq73	33.800	139	262	236	0.531	0.585	8.559E-14	65
seq67	seq98	24.800	184	262	350	0.664	0.526	8.559E-14	65
seq67	seq97	25.800	165	262	375	0.592	0.440	1.150E-13	64
seq67	seq89	29.300	162	262	476	0.611	0.340	1.150E-13	64
seq67	seq99	30.400	146	262	218	0.557	0.656	1.546E-13	64
seq67	seq7	28.200	145	262	258	0.553	0.547	1.546E-13	64
seq67	seq100	30.400	146	262	421	0.557	0.340	1.546E-13	64
seq67	seq145	26.200	178	262	588	0.679	0.287	1.546E-13	64
seq67	seq53	32.000	143	262	600	0.546	0.235	2.789E-13	63
seq67	seq68	26.600	155	262	275	0.576	0.564	3.746E-13	63
seq67	seq141	32.300	160	262	210	0.573	0.762	1.632E-12	61
seq67	seq129	27.700	193	262	378	0.714	0.511	2.190E-12	61
seq67	seq70	35.700	95	262	416	0.359	0.228	3.939E-12	60
seq67	seq21	29.100	156	262	339	0.595	0.434	5.281E-12	59
seq67	seq191	31.600	120	262	235	0.431	0.511	7.080E-12	59
seq67	seq194	29.600	148	262	240	0.565	0.608	9.491E-12	59
seq67	seq71	38.000	84	262	481	0.321	0.175	1.272E-11	58
seq67	seq19	28.900	139	262	191	0.531	0.723	1.704E-11	58
seq67	seq20	28.900	139	262	191	0.531	0.723	1.704E-11	58
seq67	seq199	28.900	139	262	365	0.531	0.378	1.704E-11	58
seq67	seq34	28.100	151	262	340	0.576	0.415	2.283E-11	57
seq67	seq8	28.200	154	262	339	0.588	0.428	4.095E-11	57
seq67	seq27	26.600	163	262	339	0.622	0.454	7.340E-11	56
seq67	seq112	35.700	84	262	514	0.321	0.163	7.340E-11	56
seq67	seq1	39.700	78	262	98	0.298	0.796	1.315E-10	55
seq67	seq152	30.800	81	262	132	0.309	0.614	1.315E-10	55
seq67	seq78	35.700	84	262	485	0.321	0.173	1.315E-10	55
seq67	seq50	23.200	154	262	556	0.569	0.277	1.315E-10	55
seq67	seq18	33.300	72	262	153	0.275	0.471	1.759E-10	55
seq67	seq35	27.400	151	262	340	0.576	0.415	1.759E-10	55
seq67	seq33	35.000	114	262	323	0.397	0.353	3.147E-10	54
seq67	seq28	26.100	155	262	339	0.592	0.431	4.208E-10	53
seq67	seq69	29.000	121	262	260	0.462	0.458	5.627E-10	53
seq67	seq74	35.700	84	262	409	0.321	0.205	5.627E-10	53
seq67	seq180	28.200	78	262	120	0.298	0.650	3.221E-08	48
seq67	seq134	29.400	119	262	207	0.454	0.527	3.221E-08	48
seq67	seq135	29.400	119	262	207	0.454	0.527	3.221E-08	48
seq67	seq136	29.400	119	262	352	0.454	0.310	3.221E-08	48
seq67	seq24	31.700	85	262	153	0.324	0.542	7.634E-08	46
seq67	seq26	34.200	73	262	148	0.279	0.493	1.008E-06	43
seq67	seq86	30.300	102	262	143	0.389	0.685	4.206E-06	41
seq67	seq132	32.100	84	262	118	0.321	0.619	1.316E-05	39
seq67	seq178	27.900	84	262	127	0.321	0.638	1.316E-05	39
seq67	seq38	28.100	103	262	179	0.359	0.575	1.316E-05	39
seq67	seq196	23.300	124	262	177	0.473	0.627	2.325E-05	38
seq67	seq197	23.300	124	262	177	0.473	0.627	2.325E-05	38
seq67	seq193	27.700	83	262	241	0.317	0.311	2.325E-05	38
seq67	seq158	28.000	88	262	136	0.336	0.596	3.090E-05	38
seq67	seq83	38.200	47	262	90	0.179	0.522	9.634E-05	36
seq67	seq195	33.900	53	262	191	0.176	0.277	9.317E-04	33
seq132	seq132	100.000	118	118	118	1.000	1.000	7.379E-77	242
seq132	seq134	43.200	81	118	207	0.644	0.391	1.614E-15	65
seq132	seq135	43.200	81	118	207	0.644	0.391	1.614E-15	65
seq132	seq136	43.200	81	118	352	0.644	0.230	1.614E-15	65
seq132	seq196	42.000	69	118	177	0.576	0.390	9.689E-14	60
seq132	seq197	42.000	69	118	177	0.576	0.390	9.689E-14	60
seq132	seq195	42.200	71	118	191	0.593	0.372	3.412E-13	59
seq132	seq183	37.200	59	118	424	0.441	0.139	2.742E-08	44
seq132	seq193	34.200	70	118	241	0.585	0.290	1.306E-07	42
seq132	seq67	35.700	70	118	262	0.508	0.267	1.383E-05	36
seq132	seq145	36.200	69	118	588	0.500	0.117	1.383E-05	36
seq132	seq126	30.400	69	118	307	0.551	0.225	6.484E-05	34
seq132	seq75	24.300	74	118	617	0.559	0.120	2.223E-04	33
seq101	seq101	100.000	736	736	736	1.000	1.000	0.000E+00	1475
seq101	seq4	37.300	65	736	75	0.084	0.867	2.737E-06	44
seq166	seq162	100.000	325	325	325	1.000	1.000	4.021E-220	667
seq166	seq163	100.000	325	325	325	1.000	1.000	4.021E-220	667
seq166	seq164	100.000	325	325	325	1.000	1.000	4.021E-220	667
seq166	seq165	100.000	325	325	325	1.000	1.000	4.021E-220	667
seq166	seq166	100.000	325	325	325	1.000	1.000	4.021E-220	667
seq166	seq188	59.100	336	325	356	0.963	0.944	3.787E-123	387
seq166	seq47	60.100	333	325	383	0.942	0.869	3.423E-122	384
seq166	seq187	42.200	416	325	456	0.945	0.912	2.912E-96	309
seq166	seq37	43.600	204	325	255	0.628	0.792	6.930E-54	186
seq166	seq185	41.800	165	325	247	0.508	0.668	1.414E-38	141
seq166	seq61	25.600	359	325	455	0.920	0.789	7.355E-33	124
seq166	seq130	27.700	306	325	414	0.942	0.664	1.835E-32	123
seq166	seq127	29.100	296	325	414	0.911	0.606	1.835E-32	123
seq166	seq80	28.100	303	325	408	0.932	0.637	1.298E-30	117
seq166	seq131	27.300	306	325	414	0.942	0.664	8.015E-30	115
seq166	seq114	28.800	296	325	382	0.911	0.660	1.470E-29	114
seq166	seq39	35.300	180	325	378	0.545	0.476	2.694E-29	113
seq166	seq14	35.600	168	325	246	0.517	0.675	6.202E-27	106
seq166	seq97	27.200	286	325	375	0.880	0.672	3.095E-25	101
seq166	seq183	23.500	354	325	424	0.914	0.835	3.404E-24	98
seq166	seq53	32.500	180	325	600	0.545	0.300	4.591E-24	98
seq166	seq98	26.200	286	325	350	0.880	0.751	8.350E-24	97
seq166	seq137	32.300	168	325	476	0.517	0.353	5.428E-22	91
seq166	seq78	23.500	439	325	485	0.948	0.905	1.781E-21	90
seq166	seq141	30.300	177	325	210	0.489	0.843	5.834E-21	88
seq166	seq144	23.900	298	325	356	0.917	0.736	3.445E-20	86
seq166	seq67	31.600	155	325	262	0.458	0.592	8.357E-20	85
seq166	seq90	32.000	150	325	338	0.455	0.444	1.123E-19	84
seq166	seq71	22.700	428	325	481	0.929	0.890	1.508E-19	84
seq166	seq160	27.300	224	325	271	0.677	0.827	2.719E-19	83
seq166	seq68	29.500	163	325	275	0.471	0.593	2.719E-19	83
seq166	seq191	32.400	148	325	235	0.449	0.630	3.650E-19	83
seq166	seq186	30.300	156	325	235	0.446	0.664	8.825E-19	81
seq166	seq109	23.500	447	325	604	0.929	0.740	1.184E-18	81
seq166	seq112	22.500	380	325	514	0.920	0.739	5.140E-18	79
seq166	seq145	29.800	189	325	588	0.582	0.321	3.989E-17	76
seq166	seq11	27.200	175	325	481	0.502	0.364	5.343E-17	76
seq166	seq105	28.200	144	325	230	0.434	0.626	1.717E-16	74
seq166	seq106	28.200	144	325	362	0.434	0.398	1.717E-16	74
seq166	seq70	25.300	360	325	416	0.929	0.865	4.114E-16	73
seq166	seq194	26.800	148	325	240	0.440	0.617	1.760E-15	71
seq166	seq21	20.100	300	325	339	0.923	0.720	1.338E-14	68
seq166	seq99	25.800	163	325	218	0.495	0.748	3.186E-14	67
seq166	seq33	22.300	231	325	323	0.511	0.715	3.186E-14	67
seq166	seq100	25.800	163	325	421	0.495	0.387	3.186E-14	67
seq166	seq126	21.800	284	325	307	0.874	0.772	4.252E-14	67
seq166	seq156	24.800	148	325	226	0.440	0.655	7.573E-14	66
seq166	seq157	24.500	158	325	226	0.458	0.699	7.573E-14	66
seq166	seq89	29.700	138	325	476	0.397	0.290	7.573E-14	66
seq166	seq129	27.500	164	325	378	0.458	0.434	1.010E-13	66
seq166	seq199	21.100	169	325	365	0.502	0.463	4.264E-13	64
seq166	seq73	24.800	148	325	236	0.440	0.627	1.010E-12	63
seq166	seq111	25.100	187	325	347	0.477	0.539	1.793E-12	62
seq166	seq19	20.800	148	325	191	0.440	0.775	5.643E-12	60
seq166	seq20	20.800	148	325	191	0.440	0.775	5.643E-12	60
seq166	seq1	41.000	78	325	98	0.240	0.796	7.514E-12	60
seq166	seq177	36.100	72	325	128	0.222	0.562	5.556E-11	57
seq166	seq34	22.800	297	325	340	0.914	0.712	1.307E-10	56
seq166	seq41	27.300	146	325	221	0.449	0.602	3.073E-10	55
seq166	seq69	24.200	135	325	260	0.415	0.504	4.084E-10	54
seq166	seq52	29.700	101	325	375	0.311	0.256	4.084E-10	54
seq166	seq35	22.200	297	325	340	0.914	0.712	7.215E-10	53
seq166	seq77	22.900	253	325	310	0.692	0.816	9.587E-10	53
seq166	seq63	24.400	192	325	205	0.591	0.659	1.274E-09	53
seq166	seq122	35.000	80	325	145	0.246	0.552	5.267E-09	51
seq166	seq23	25.000	104	325	372	0.298	0.280	6.994E-09	50
seq166	seq152	31.700	63	325	132	0.194	0.477	9.287E-09	50
seq166	seq120	31.300	102	325	131	0.314	0.679	1.233E-08	49
seq166	seq119	40.200	67	325	131	0.206	0.511	1.637E-08	49
seq166	seq24	30.200	76	325	153	0.234	0.497	5.079E-08	48
seq166	seq153	36.300	66	325	221	0.203	0.285	5.079E-08	48
seq166	seq154	36.300	66	325	221	0.203	0.285	5.079E-08	48
seq166	seq190	39.300	66	325	404	0.203	0.158	6.740E-08	47
seq166	seq9	40.300	62	325	169	0.191	0.355	6.459E-07	44
seq166	seq6	30.600	75	325	169	0.231	0.432	1.136E-06	43
seq166	seq200	32.700	61	325	248	0.188	0.246	1.506E-06	43
seq166	seq86	33.300	75	325	143	0.231	0.524	1.996E-06	42
seq166	seq115	25.700	66	325	245	0.203	0.253	2.646E-06	42
seq166	seq60	30.000	102	325	377	0.246	0.271	1.900E-05	39
seq166	seq171	25.600	74	325	92	0.228	0.804	4.419E-05	38
seq166	seq172	25.600	74	325	92	0.228	0.804	4.419E-05	38
seq166	seq173	25.600	74	325	92	0.228	0.804	4.419E-05	38
seq166	seq174	25.600	74	325	92	0.228	0.804	4.419E-05	38
seq166	seq32	33.800	65	325	323	0.200	0.192	5.854E-05	38
seq166	seq158	23.200	98	325	136	0.302	0.669	2.386E-04	36
seq166	seq79	27.900	65	325	247	0.197	0.263	7.336E-04	34
seq200	seq200	100.000	248	248	248	1.000	1.000	7.193E-162	494
seq200	seq119	68.200	125	248	131	0.504	0.908	2.023E-48	167
seq200	seq122	67.400	125	248	145	0.504	0.821	2.766E-48	166
seq200	seq120	81.800	88	248	131	0.355	0.672	1.612E-46	161
seq200	seq86	58.900	95	248	143	0.383	0.657	2.154E-33	123
seq200	seq7	39.000	82	248	258	0.331	0.318	9.479E-17	74
seq200	seq177	41.900	81	248	128	0.323	0.633	3.156E-16	72
seq200	seq63	44.100	68	248	205	0.274	0.332	3.156E-16	72
seq200	seq105	31.000	103	248	230	0.411	0.448	7.767E-16	71
seq200	seq106	31.000	103	248	362	0.411	0.285	7.767E-16	71
seq200	seq102	33.600	101	248	233	0.395	0.433	1.909E-15	70
seq200	seq129	39.000	82	248	378	0.331	0.217	3.474E-15	69
seq200	seq19	42.600	68	248	191	0.274	0.356	1.149E-14	67
seq200	seq20	42.600	68	248	191	0.274	0.356	1.149E-14	67
seq200	seq199	42.600	68	248	365	0.274	0.186	1.149E-14	67
seq200	seq156	41.100	68	248	226	0.274	0.301	1.548E-14	67
seq200	seq157	41.100	68	248	226	0.274	0.301	2.812E-14	66
seq200	seq190	27.500	247	248	404	0.956	0.611	3.788E-14	66
seq200	seq12	37.000	89	248	100	0.359	0.850	5.103E-14	65
seq200	seq144	45.500	68	248	356	0.274	0.191	9.255E-14	64
seq200	seq99	39.700	68	248	218	0.274	0.312	4.088E-13	63
seq200	seq100	39.700	68	248	421	0.274	0.162	4.088E-13	63
seq200	seq73	41.100	68	248	236	0.274	0.288	5.499E-13	62
seq200	seq111	36.300	98	248	347	0.395	0.262	5.499E-13	62
seq200	seq194	31.600	96	248	240	0.375	0.400	1.337E-12	61
seq200	seq180	36.100	83	248	120	0.331	0.692	1.798E-12	61
seq200	seq68	42.000	69	248	275	0.278	0.251	3.247E-12	60
seq200	seq141	35.500	76	248	210	0.302	0.362	4.363E-12	59
seq200	seq67	34.800	112	248	262	0.419	0.427	4.363E-12	59
seq200	seq83	36.100	72	248	90	0.290	0.800	1.057E-11	58
seq200	seq140	29.200	173	248	415	0.698	0.347	4.603E-11	56
seq200	seq13	30.100	93	248	171	0.375	0.480	1.488E-10	55
seq200	seq24	34.500	81	248	153	0.327	0.458	3.581E-10	53
seq200	seq9	36.400	84	248	169	0.339	0.479	3.581E-10	53
seq200	seq74	37.300	67	248	409	0.270	0.164	4.797E-10	53
seq200	seq14	37.900	58	248	246	0.234	0.236	8.604E-10	52
seq200	seq90	40.900	61	248	338	0.246	0.180	8.604E-10	52
seq200	seq33	34.500	81	248	323	0.323	0.251	1.152E-09	52
seq200	seq183	36.200	91	248	424	0.367	0.212	1.542E-09	51
seq200	seq39	32.500	86	248	378	0.347	0.217	2.063E-09	51
seq200	seq145	29.500	146	248	588	0.560	0.248	2.063E-09	51
seq200	seq47	27.400	110	248	383	0.444	0.285	1.181E-08	49
seq200	seq127	27.700	90	248	414	0.363	0.205	1.181E-08	49
seq200	seq26	32.000	81	248	148	0.327	0.473	1.578E-08	48
seq200	seq130	34.000	95	248	414	0.347	0.229	2.108E-08	48
seq200	seq152	25.300	75	248	132	0.298	0.568	2.817E-08	48
seq200	seq98	31.900	94	248	350	0.371	0.269	2.817E-08	48
seq200	seq69	32.800	73	248	260	0.294	0.277	3.762E-08	47
seq200	seq97	34.600	75	248	375	0.298	0.200	3.762E-08	47
seq200	seq162	27.700	90	248	325	0.363	0.277	6.709E-08	46
seq200	seq163	27.700	90	248	325	0.363	0.277	6.709E-08	46
seq200	seq164	27.700	90	248	325	0.363	0.277	6.709E-08	46
seq200	seq165	27.700	90	248	325	0.363	0.277	6.709E-08	46
seq200	seq166	27.700	90	248	325	0.363	0.277	6.709E-08	46
seq200	seq89	40.000	50	248	476	0.202	0.099	8.957E-08	46
seq200	seq188	31.700	82	248	356	0.331	0.228	1.595E-07	45
seq200	seq186	33.300	77	248	235	0.306	0.328	3.788E-07	44
seq200	seq195	29.300	108	248	191	0.435	0.503	6.736E-07	43
seq200	seq41	35.600	72	248	221	0.250	0.326	3.772E-06	41
seq200	seq18	23.100	82	248	153	0.327	0.536	2.795E-05	38
seq200	seq126	27.700	71	248	307	0.286	0.228	8.752E-05	36
seq200	seq58	52.000	25	248	161	0.101	0.155	4.831E-04	34
seq74	seq74	100.000	409	409	409	1.000	1.000	5.356E-267	807
seq74	seq130	39.700	400	409	414	0.971	0.966	6.602E-78	260
seq74	seq127	40.200	380	409	414	0.929	0.918	1.230E-77	259
seq74	seq80	41.400	370	409	408	0.897	0.907	1.784E-75	253
seq74	seq131	38.700	370	409	414	0.905	0.894	2.389E-70	238
seq74	seq183	35.900	396	409	424	0.968	0.922	2.068E-62	214
seq74	seq114	37.100	356	409	382	0.868	0.932	3.426E-59	205
seq74	seq47	24.500	364	409	383	0.890	0.872	3.796E-18	81
seq74	seq63	32.800	136	409	205	0.333	0.654	3.723E-17	78
seq74	seq191	28.700	197	409	235	0.474	0.838	6.582E-17	77
seq74	seq126	25.900	257	409	307	0.628	0.785	1.163E-16	76
seq74	seq144	23.800	253	409	356	0.587	0.711	1.546E-16	76
seq74	seq184	32.000	161	409	223	0.389	0.722	3.628E-16	74
seq74	seq97	23.700	253	409	375	0.582	0.675	6.404E-16	74
seq74	seq27	26.900	249	409	339	0.609	0.714	2.646E-15	72
seq74	seq28	27.000	248	409	339	0.606	0.723	6.194E-15	70
seq74	seq99	27.100	167	409	218	0.408	0.766	1.091E-14	70
seq74	seq98	27.100	172	409	350	0.381	0.491	1.091E-14	70
seq74	seq100	27.100	167	409	421	0.408	0.397	1.091E-14	70
seq74	seq14	31.400	139	409	246	0.340	0.520	1.922E-14	69
seq74	seq16	29.600	161	409	212	0.389	0.759	2.551E-14	68
seq74	seq68	26.300	166	409	275	0.381	0.604	5.958E-14	67
seq74	seq7	29.100	156	409	258	0.372	0.605	7.903E-14	67
seq74	seq129	29.800	181	409	378	0.408	0.479	7.903E-14	67
seq74	seq37	28.700	213	409	255	0.521	0.804	2.446E-13	65
seq74	seq39	28.200	199	409	378	0.487	0.481	3.244E-13	65
seq74	seq186	32.200	126	409	235	0.296	0.536	5.703E-13	64
seq74	seq141	28.500	167	409	210	0.408	0.776	7.561E-13	64
seq74	seq50	24.700	171	409	556	0.391	0.308	2.335E-12	62
seq74	seq105	28.500	140	409	230	0.335	0.609	3.094E-12	62
seq74	seq106	28.500	140	409	362	0.335	0.387	3.094E-12	62
seq74	seq17	24.200	203	409	407	0.496	0.467	3.094E-12	62
seq74	seq118	23.900	161	409	248	0.394	0.629	3.894E-11	58
seq74	seq177	37.500	72	409	128	0.174	0.562	3.685E-10	55
seq74	seq61	21.400	353	409	455	0.853	0.776	1.984E-09	53
seq74	seq145	27.100	158	409	588	0.367	0.269	2.626E-09	52
seq74	seq1	36.500	63	409	98	0.154	0.643	3.476E-09	52
seq74	seq109	36.500	63	409	604	0.154	0.104	3.476E-09	52
seq74	seq200	42.800	56	409	248	0.137	0.226	4.600E-09	51
seq74	seq120	34.700	69	409	131	0.169	0.527	8.057E-09	51
seq74	seq78	36.500	63	409	485	0.154	0.130	1.867E-08	49
seq74	seq119	34.700	69	409	131	0.169	0.527	2.470E-08	49
seq74	seq71	34.500	84	409	481	0.205	0.173	4.325E-08	48
seq74	seq122	31.800	69	409	145	0.169	0.476	5.722E-08	48
seq74	seq70	34.900	63	409	416	0.154	0.151	5.722E-08	48
seq74	seq86	37.200	59	409	143	0.144	0.413	7.570E-08	48
seq74	seq26	31.200	80	409	148	0.196	0.534	1.001E-07	47
seq74	seq13	37.300	67	409	171	0.161	0.392	3.066E-07	46
seq74	seq24	33.700	74	409	153	0.178	0.484	4.056E-07	45
seq74	seq112	33.300	63	409	514	0.154	0.123	4.056E-07	45
seq74	seq134	25.200	178	409	207	0.435	0.691	5.364E-07	45
seq74	seq135	25.200	178	409	207	0.435	0.691	5.364E-07	45
seq74	seq69	26.200	156	409	260	0.381	0.550	5.364E-07	45
seq74	seq136	25.200	178	409	352	0.435	0.406	5.364E-07	45
seq74	seq111	22.400	307	409	347	0.582	0.885	7.094E-07	44
seq74	seq153	25.400	151	409	221	0.359	0.683	3.794E-06	42
seq74	seq154	25.400	151	409	221	0.359	0.683	3.794E-06	42
seq74	seq146	24.800	159	409	202	0.359	0.787	6.634E-06	41
seq74	seq147	24.800	159	409	202	0.359	0.787	6.634E-06	41
seq74	seq148	24.800	159	409	202	0.359	0.787	6.634E-06	41
seq74	seq149	24.800	159	409	202	0.359	0.787	6.634E-06	41
seq74	seq150	24.800	159	409	202	0.359	0.787	6.634E-06	41
seq74	seq151	24.800	159	409	248	0.359	0.641	6.634E-06	41
seq74	seq52	28.900	76	409	375	0.186	0.200	8.771E-06	41
seq74	seq180	31.100	77	409	120	0.186	0.642	1.160E-05	40
seq74	seq54	22.500	166	409	273	0.350	0.608	1.533E-05	40
seq74	seq40	32.800	71	409	278	0.169	0.255	2.680E-05	39
seq74	seq65	31.500	71	409	273	0.169	0.260	6.190E-05	38
seq74	seq23	25.000	76	409	372	0.186	0.202	1.890E-04	36
seq74	seq125	25.700	170	409	599	0.416	0.235	1.890E-04	36
seq74	seq9	29.800	57	409	169	0.139	0.331	5.766E-04	35
seq44	seq42	100.000	338	338	338	1.000	1.000	3.743E-226	685
seq44	seq43	100.000	338	338	338	1.000	1.000	3.743E-226	685
seq44	seq44	100.000	338	338	338	1.000	1.000	3.743E-226	685
seq44	seq45	100.000	338	338	338	1.000	1.000	3.743E-226	685
seq44	seq46	100.000	338	338	338	1.000	1.000	3.743E-226	685
seq44	seq3	99.700	338	338	391	1.000	0.864	1.320E-225	683
seq77	seq77	100.000	310	310	310	1.000	1.000	8.571E-209	633
seq77	seq130	26.000	252	310	414	0.813	0.597	9.545E-19	81
seq77	seq131	25.400	254	310	414	0.819	0.601	4.179E-18	79
seq77	seq127	25.700	252	310	414	0.813	0.597	5.613E-18	79
seq77	seq80	25.000	251	310	408	0.810	0.605	1.359E-17	78
seq77	seq183	24.800	247	310	424	0.797	0.571	2.727E-14	67
seq77	seq114	22.500	252	310	382	0.813	0.649	6.514E-14	66
seq77	seq191	25.900	175	310	235	0.565	0.702	3.702E-13	64
seq77	seq184	25.000	151	310	223	0.477	0.677	3.723E-12	61
seq77	seq16	26.700	151	310	212	0.477	0.712	8.826E-12	59
seq77	seq68	29.200	139	310	275	0.448	0.505	3.663E-10	54
seq77	seq27	21.800	253	310	339	0.816	0.699	4.874E-10	54
seq77	seq162	22.900	253	310	325	0.816	0.692	1.148E-09	53
seq77	seq163	22.900	253	310	325	0.816	0.692	1.148E-09	53
seq77	seq164	22.900	253	310	325	0.816	0.692	1.148E-09	53
seq77	seq165	22.900	253	310	325	0.816	0.692	1.148E-09	53
seq77	seq166	22.900	253	310	325	0.816	0.692	1.148E-09	53
seq77	seq47	26.400	129	310	383	0.416	0.324	8.427E-09	50
seq77	seq102	25.100	169	310	233	0.545	0.700	1.488E-08	49
seq77	seq109	26.000	119	310	604	0.384	0.192	1.045E-06	43
seq77	seq160	32.000	74	310	271	0.239	0.273	3.238E-06	42
seq77	seq30	32.800	65	310	167	0.206	0.389	1.328E-05	40
seq77	seq157	21.400	162	310	226	0.523	0.690	5.438E-05	38
seq77	seq156	20.900	148	310	226	0.477	0.624	2.223E-04	36
seq77	seq62	27.400	61	310	281	0.197	0.217	3.902E-04	35
seq77	seq13	25.600	77	310	171	0.245	0.450	9.072E-04	34
seq77	seq161	31.400	66	310	246	0.213	0.268	9.072E-04	34
seq142	seq142	100.000	203	203	203	1.000	1.000	1.802E-130	401
